2025-09-22 23:28:32,928 - [INFO] - Settings loaded (env=default)
2025-09-29 22:58:24,733 - [INFO] - Settings loaded (env=default)
2025-09-29 23:03:06,436 - [INFO] - Settings loaded (env=default)
2025-09-29 23:04:49,578 - [INFO] - Settings loaded (env=default)
2025-09-29 23:05:02,631 - [INFO] - Starting analytics pipeline
2025-09-29 23:05:02,632 - [INFO] - Settings loaded (env=default)
2025-09-29 23:05:03,728 - [INFO] - Running Customer KPI Risk Predictions
2025-09-29 23:05:03,729 - [INFO] - Running Customer KPI Risk Pipeline...
2025-09-29 23:05:03,729 - [INFO] - Fetching KPI data from Supabase...
2025-09-29 23:05:06,249 - [INFO] - HTTP Request: GET https://ytuiqgrpbwdxrmbzssrb.supabase.co/rest/v1/fact_aggregate?select=%2A "HTTP/2 200 OK"
2025-09-29 23:05:06,458 - [INFO] - HTTP Request: GET https://ytuiqgrpbwdxrmbzssrb.supabase.co/rest/v1/dim_targets_order?select=%2A "HTTP/2 200 OK"
2025-09-29 23:05:06,492 - [INFO] - Fetched 1000 KPI rows
2025-09-29 23:05:06,493 - [INFO] - Preparing dataset for model...
2025-09-29 23:05:06,500 - [WARNING] - Target column 'target_cost' not found, using default 0.9.
2025-09-29 23:05:06,501 - [WARNING] - Target column 'target_quality' not found, using default 0.9.
2025-09-29 23:05:06,507 - [WARNING] - No 'label' column found. Created synthetic labels based on otif_pct < target_otif.
2025-09-29 23:05:06,508 - [INFO] - Prepared dataset with 1000 rows and features: ['otif_pct', 'target_otif', 'target_cost', 'target_quality']
2025-09-29 23:05:06,508 - [INFO] - Training LightGBM model...
2025-09-29 23:05:06,510 - [WARNING] - Only one class in dataset -> fallback to dummy predictions.
2025-09-29 23:05:06,512 - [INFO] - Storing predictions in Supabase...
2025-09-29 23:05:07,164 - [INFO] - HTTP Request: POST https://ytuiqgrpbwdxrmbzssrb.supabase.co/rest/v1/kpi_risk_predictions?columns=%22risk_score%22%2C%22prediction_date%22%2C%22risk_label%22%2C%22customer_id%22 "HTTP/2 201 Created"
2025-09-29 23:05:07,172 - [INFO] - Inserted 1000 predictions into Supabase.
2025-09-29 23:05:07,173 - [INFO] - Customer risk pipeline completed successfully
2025-09-29 23:05:07,174 - [INFO] - Running KPI analysis
2025-09-29 23:05:08,758 - [INFO] - HTTP Request: GET https://ytuiqgrpbwdxrmbzssrb.supabase.co/rest/v1/kpi_summary?select=%2A "HTTP/2 200 OK"
2025-09-29 23:05:08,762 - [INFO] - Fetched 35 KPI summary rows
2025-09-29 23:05:08,762 - [INFO] - KPI analysis complete (35 records)
2025-09-29 23:05:08,763 - [INFO] - Running demand forecasting
2025-09-29 23:05:08,763 - [INFO] - Running demand forecasting
2025-09-29 23:05:09,009 - [INFO] - HTTP Request: GET https://ytuiqgrpbwdxrmbzssrb.supabase.co/rest/v1/fact_order_line?select=order_placement_date%2Cproduct_id%2Corder_qty "HTTP/2 200 OK"
2025-09-29 23:05:09,076 - [DEBUG] - cmd: where.exe tbb.dll
cwd: None
2025-09-29 23:05:09,263 - [DEBUG] - Adding TBB (c:\Users\peral\AppData\Local\Programs\Python\Python313\Lib\site-packages\prophet\stan_model\cmdstan-2.33.1\stan\lib\stan_math\lib\tbb) to PATH
2025-09-29 23:05:09,316 - [DEBUG] - input tempfile: C:\Users\peral\AppData\Local\Temp\tmpb33d_27a\lswtstzv.json
2025-09-29 23:05:09,319 - [DEBUG] - input tempfile: C:\Users\peral\AppData\Local\Temp\tmpb33d_27a\vsa1rgvm.json
2025-09-29 23:05:09,323 - [DEBUG] - idx 0
2025-09-29 23:05:09,323 - [DEBUG] - running CmdStan, num_threads: None
2025-09-29 23:05:09,324 - [DEBUG] - CmdStan args: ['C:\\Users\\peral\\AppData\\Local\\Programs\\Python\\Python313\\Lib\\site-packages\\prophet\\stan_model\\prophet_model.bin', 'random', 'seed=45280', 'data', 'file=C:\\Users\\peral\\AppData\\Local\\Temp\\tmpb33d_27a\\lswtstzv.json', 'init=C:\\Users\\peral\\AppData\\Local\\Temp\\tmpb33d_27a\\vsa1rgvm.json', 'output', 'file=C:\\Users\\peral\\AppData\\Local\\Temp\\tmpb33d_27a\\prophet_modelndxuvbzn\\prophet_model-20250929230509.csv', 'method=optimize', 'algorithm=newton', 'iter=10000']
2025-09-29 23:05:09,324 - [INFO] - Chain [1] start processing
2025-09-29 23:05:13,983 - [INFO] - Chain [1] done processing
2025-09-29 23:05:14,368 - [INFO] - HTTP Request: POST https://ytuiqgrpbwdxrmbzssrb.supabase.co/rest/v1/policy_recommendations "HTTP/2 201 Created"
2025-09-29 23:05:14,370 - [INFO] - Forecast for product 25891101: 151 units (30-day avg, clamped 0-741.0)
2025-09-29 23:05:14,374 - [DEBUG] - cmd: where.exe tbb.dll
cwd: None
2025-09-29 23:05:14,572 - [DEBUG] - TBB already found in load path
2025-09-29 23:05:14,608 - [DEBUG] - input tempfile: C:\Users\peral\AppData\Local\Temp\tmpb33d_27a\mdmc4k8t.json
2025-09-29 23:05:14,615 - [DEBUG] - input tempfile: C:\Users\peral\AppData\Local\Temp\tmpb33d_27a\kkh_loj_.json
2025-09-29 23:05:14,618 - [DEBUG] - idx 0
2025-09-29 23:05:14,619 - [DEBUG] - running CmdStan, num_threads: None
2025-09-29 23:05:14,619 - [DEBUG] - CmdStan args: ['C:\\Users\\peral\\AppData\\Local\\Programs\\Python\\Python313\\Lib\\site-packages\\prophet\\stan_model\\prophet_model.bin', 'random', 'seed=53308', 'data', 'file=C:\\Users\\peral\\AppData\\Local\\Temp\\tmpb33d_27a\\mdmc4k8t.json', 'init=C:\\Users\\peral\\AppData\\Local\\Temp\\tmpb33d_27a\\kkh_loj_.json', 'output', 'file=C:\\Users\\peral\\AppData\\Local\\Temp\\tmpb33d_27a\\prophet_model0rbsikz3\\prophet_model-20250929230514.csv', 'method=optimize', 'algorithm=newton', 'iter=10000']
2025-09-29 23:05:14,620 - [INFO] - Chain [1] start processing
2025-09-29 23:05:14,744 - [INFO] - Chain [1] done processing
2025-09-29 23:05:15,057 - [INFO] - HTTP Request: POST https://ytuiqgrpbwdxrmbzssrb.supabase.co/rest/v1/policy_recommendations "HTTP/2 201 Created"
2025-09-29 23:05:15,058 - [INFO] - Forecast for product 25891102: 452 units (30-day avg, clamped 0-744.0)
2025-09-29 23:05:15,062 - [DEBUG] - cmd: where.exe tbb.dll
cwd: None
2025-09-29 23:05:15,250 - [DEBUG] - TBB already found in load path
2025-09-29 23:05:15,276 - [DEBUG] - input tempfile: C:\Users\peral\AppData\Local\Temp\tmpb33d_27a\n2rjgvfh.json
2025-09-29 23:05:15,281 - [DEBUG] - input tempfile: C:\Users\peral\AppData\Local\Temp\tmpb33d_27a\e6rvmei_.json
2025-09-29 23:05:15,284 - [DEBUG] - idx 0
2025-09-29 23:05:15,285 - [DEBUG] - running CmdStan, num_threads: None
2025-09-29 23:05:15,285 - [DEBUG] - CmdStan args: ['C:\\Users\\peral\\AppData\\Local\\Programs\\Python\\Python313\\Lib\\site-packages\\prophet\\stan_model\\prophet_model.bin', 'random', 'seed=476', 'data', 'file=C:\\Users\\peral\\AppData\\Local\\Temp\\tmpb33d_27a\\n2rjgvfh.json', 'init=C:\\Users\\peral\\AppData\\Local\\Temp\\tmpb33d_27a\\e6rvmei_.json', 'output', 'file=C:\\Users\\peral\\AppData\\Local\\Temp\\tmpb33d_27a\\prophet_modelzw474prq\\prophet_model-20250929230515.csv', 'method=optimize', 'algorithm=newton', 'iter=10000']
2025-09-29 23:05:15,285 - [INFO] - Chain [1] start processing
2025-09-29 23:05:15,474 - [INFO] - Chain [1] done processing
2025-09-29 23:05:15,767 - [INFO] - HTTP Request: POST https://ytuiqgrpbwdxrmbzssrb.supabase.co/rest/v1/policy_recommendations "HTTP/2 201 Created"
2025-09-29 23:05:15,769 - [INFO] - Forecast for product 25891103: 415 units (30-day avg, clamped 0-747.0)
2025-09-29 23:05:15,774 - [DEBUG] - cmd: where.exe tbb.dll
cwd: None
2025-09-29 23:05:15,975 - [DEBUG] - TBB already found in load path
2025-09-29 23:05:16,006 - [DEBUG] - input tempfile: C:\Users\peral\AppData\Local\Temp\tmpb33d_27a\tckwk1lc.json
2025-09-29 23:05:16,009 - [DEBUG] - input tempfile: C:\Users\peral\AppData\Local\Temp\tmpb33d_27a\r5zqf9om.json
2025-09-29 23:05:16,013 - [DEBUG] - idx 0
2025-09-29 23:05:16,014 - [DEBUG] - running CmdStan, num_threads: None
2025-09-29 23:05:16,014 - [DEBUG] - CmdStan args: ['C:\\Users\\peral\\AppData\\Local\\Programs\\Python\\Python313\\Lib\\site-packages\\prophet\\stan_model\\prophet_model.bin', 'random', 'seed=43071', 'data', 'file=C:\\Users\\peral\\AppData\\Local\\Temp\\tmpb33d_27a\\tckwk1lc.json', 'init=C:\\Users\\peral\\AppData\\Local\\Temp\\tmpb33d_27a\\r5zqf9om.json', 'output', 'file=C:\\Users\\peral\\AppData\\Local\\Temp\\tmpb33d_27a\\prophet_model9xehkjov\\prophet_model-20250929230516.csv', 'method=optimize', 'algorithm=newton', 'iter=10000']
2025-09-29 23:05:16,015 - [INFO] - Chain [1] start processing
2025-09-29 23:05:16,262 - [INFO] - Chain [1] done processing
2025-09-29 23:05:16,586 - [INFO] - HTTP Request: POST https://ytuiqgrpbwdxrmbzssrb.supabase.co/rest/v1/policy_recommendations "HTTP/2 201 Created"
2025-09-29 23:05:16,588 - [INFO] - Forecast for product 25891201: 63 units (30-day avg, clamped 0-750.0)
2025-09-29 23:05:16,592 - [DEBUG] - cmd: where.exe tbb.dll
cwd: None
2025-09-29 23:05:16,804 - [DEBUG] - TBB already found in load path
2025-09-29 23:05:16,834 - [DEBUG] - input tempfile: C:\Users\peral\AppData\Local\Temp\tmpb33d_27a\mavthjk6.json
2025-09-29 23:05:16,838 - [DEBUG] - input tempfile: C:\Users\peral\AppData\Local\Temp\tmpb33d_27a\jepis6_m.json
2025-09-29 23:05:16,840 - [DEBUG] - idx 0
2025-09-29 23:05:16,841 - [DEBUG] - running CmdStan, num_threads: None
2025-09-29 23:05:16,841 - [DEBUG] - CmdStan args: ['C:\\Users\\peral\\AppData\\Local\\Programs\\Python\\Python313\\Lib\\site-packages\\prophet\\stan_model\\prophet_model.bin', 'random', 'seed=40373', 'data', 'file=C:\\Users\\peral\\AppData\\Local\\Temp\\tmpb33d_27a\\mavthjk6.json', 'init=C:\\Users\\peral\\AppData\\Local\\Temp\\tmpb33d_27a\\jepis6_m.json', 'output', 'file=C:\\Users\\peral\\AppData\\Local\\Temp\\tmpb33d_27a\\prophet_model61r3ddtq\\prophet_model-20250929230516.csv', 'method=optimize', 'algorithm=newton', 'iter=10000']
2025-09-29 23:05:16,842 - [INFO] - Chain [1] start processing
2025-09-29 23:05:17,135 - [INFO] - Chain [1] done processing
2025-09-29 23:05:17,530 - [INFO] - HTTP Request: POST https://ytuiqgrpbwdxrmbzssrb.supabase.co/rest/v1/policy_recommendations "HTTP/2 201 Created"
2025-09-29 23:05:17,535 - [INFO] - Forecast for product 25891202: 254 units (30-day avg, clamped 0-733.5)
2025-09-29 23:05:17,538 - [DEBUG] - cmd: where.exe tbb.dll
cwd: None
2025-09-29 23:05:17,741 - [DEBUG] - TBB already found in load path
2025-09-29 23:05:17,783 - [DEBUG] - input tempfile: C:\Users\peral\AppData\Local\Temp\tmpb33d_27a\tt4zokoe.json
2025-09-29 23:05:17,786 - [DEBUG] - input tempfile: C:\Users\peral\AppData\Local\Temp\tmpb33d_27a\8r8zqg5m.json
2025-09-29 23:05:17,789 - [DEBUG] - idx 0
2025-09-29 23:05:17,789 - [DEBUG] - running CmdStan, num_threads: None
2025-09-29 23:05:17,790 - [DEBUG] - CmdStan args: ['C:\\Users\\peral\\AppData\\Local\\Programs\\Python\\Python313\\Lib\\site-packages\\prophet\\stan_model\\prophet_model.bin', 'random', 'seed=48196', 'data', 'file=C:\\Users\\peral\\AppData\\Local\\Temp\\tmpb33d_27a\\tt4zokoe.json', 'init=C:\\Users\\peral\\AppData\\Local\\Temp\\tmpb33d_27a\\8r8zqg5m.json', 'output', 'file=C:\\Users\\peral\\AppData\\Local\\Temp\\tmpb33d_27a\\prophet_model4kh9nngn\\prophet_model-20250929230517.csv', 'method=optimize', 'algorithm=newton', 'iter=10000']
2025-09-29 23:05:17,790 - [INFO] - Chain [1] start processing
2025-09-29 23:05:17,953 - [INFO] - Chain [1] done processing
2025-09-29 23:05:18,329 - [INFO] - HTTP Request: POST https://ytuiqgrpbwdxrmbzssrb.supabase.co/rest/v1/policy_recommendations "HTTP/2 201 Created"
2025-09-29 23:05:18,330 - [INFO] - Forecast for product 25891203: 299 units (30-day avg, clamped 0-750.0)
2025-09-29 23:05:18,334 - [DEBUG] - cmd: where.exe tbb.dll
cwd: None
2025-09-29 23:05:18,528 - [DEBUG] - TBB already found in load path
2025-09-29 23:05:18,556 - [DEBUG] - input tempfile: C:\Users\peral\AppData\Local\Temp\tmpb33d_27a\m6jwfq31.json
2025-09-29 23:05:18,560 - [DEBUG] - input tempfile: C:\Users\peral\AppData\Local\Temp\tmpb33d_27a\xnilmv5g.json
2025-09-29 23:05:18,563 - [DEBUG] - idx 0
2025-09-29 23:05:18,563 - [DEBUG] - running CmdStan, num_threads: None
2025-09-29 23:05:18,564 - [DEBUG] - CmdStan args: ['C:\\Users\\peral\\AppData\\Local\\Programs\\Python\\Python313\\Lib\\site-packages\\prophet\\stan_model\\prophet_model.bin', 'random', 'seed=34708', 'data', 'file=C:\\Users\\peral\\AppData\\Local\\Temp\\tmpb33d_27a\\m6jwfq31.json', 'init=C:\\Users\\peral\\AppData\\Local\\Temp\\tmpb33d_27a\\xnilmv5g.json', 'output', 'file=C:\\Users\\peral\\AppData\\Local\\Temp\\tmpb33d_27a\\prophet_model9urjpw27\\prophet_model-20250929230518.csv', 'method=optimize', 'algorithm=newton', 'iter=10000']
2025-09-29 23:05:18,565 - [INFO] - Chain [1] start processing
2025-09-29 23:05:18,947 - [INFO] - Chain [1] done processing
2025-09-29 23:05:19,250 - [INFO] - HTTP Request: POST https://ytuiqgrpbwdxrmbzssrb.supabase.co/rest/v1/policy_recommendations "HTTP/2 201 Created"
2025-09-29 23:05:19,252 - [INFO] - Forecast for product 25891301: 88 units (30-day avg, clamped 0-150.0)
2025-09-29 23:05:19,257 - [DEBUG] - cmd: where.exe tbb.dll
cwd: None
2025-09-29 23:05:19,507 - [DEBUG] - TBB already found in load path
2025-09-29 23:05:19,536 - [DEBUG] - input tempfile: C:\Users\peral\AppData\Local\Temp\tmpb33d_27a\4hc3kueu.json
2025-09-29 23:05:19,541 - [DEBUG] - input tempfile: C:\Users\peral\AppData\Local\Temp\tmpb33d_27a\wx0yklk6.json
2025-09-29 23:05:19,544 - [DEBUG] - idx 0
2025-09-29 23:05:19,545 - [DEBUG] - running CmdStan, num_threads: None
2025-09-29 23:05:19,545 - [DEBUG] - CmdStan args: ['C:\\Users\\peral\\AppData\\Local\\Programs\\Python\\Python313\\Lib\\site-packages\\prophet\\stan_model\\prophet_model.bin', 'random', 'seed=14485', 'data', 'file=C:\\Users\\peral\\AppData\\Local\\Temp\\tmpb33d_27a\\4hc3kueu.json', 'init=C:\\Users\\peral\\AppData\\Local\\Temp\\tmpb33d_27a\\wx0yklk6.json', 'output', 'file=C:\\Users\\peral\\AppData\\Local\\Temp\\tmpb33d_27a\\prophet_model7lnvjpi5\\prophet_model-20250929230519.csv', 'method=optimize', 'algorithm=newton', 'iter=10000']
2025-09-29 23:05:19,546 - [INFO] - Chain [1] start processing
2025-09-29 23:05:19,784 - [INFO] - Chain [1] done processing
2025-09-29 23:05:20,056 - [INFO] - HTTP Request: POST https://ytuiqgrpbwdxrmbzssrb.supabase.co/rest/v1/policy_recommendations "HTTP/2 201 Created"
2025-09-29 23:05:20,058 - [INFO] - Forecast for product 25891302: 135 units (30-day avg, clamped 0-148.5)
2025-09-29 23:05:20,064 - [DEBUG] - cmd: where.exe tbb.dll
cwd: None
2025-09-29 23:05:20,272 - [DEBUG] - TBB already found in load path
2025-09-29 23:05:20,302 - [DEBUG] - input tempfile: C:\Users\peral\AppData\Local\Temp\tmpb33d_27a\y98f6qrt.json
2025-09-29 23:05:20,306 - [DEBUG] - input tempfile: C:\Users\peral\AppData\Local\Temp\tmpb33d_27a\j2l1ofmv.json
2025-09-29 23:05:20,309 - [DEBUG] - idx 0
2025-09-29 23:05:20,310 - [DEBUG] - running CmdStan, num_threads: None
2025-09-29 23:05:20,310 - [DEBUG] - CmdStan args: ['C:\\Users\\peral\\AppData\\Local\\Programs\\Python\\Python313\\Lib\\site-packages\\prophet\\stan_model\\prophet_model.bin', 'random', 'seed=98664', 'data', 'file=C:\\Users\\peral\\AppData\\Local\\Temp\\tmpb33d_27a\\y98f6qrt.json', 'init=C:\\Users\\peral\\AppData\\Local\\Temp\\tmpb33d_27a\\j2l1ofmv.json', 'output', 'file=C:\\Users\\peral\\AppData\\Local\\Temp\\tmpb33d_27a\\prophet_modelhoeri7wq\\prophet_model-20250929230520.csv', 'method=optimize', 'algorithm=newton', 'iter=10000']
2025-09-29 23:05:20,311 - [INFO] - Chain [1] start processing
2025-09-29 23:05:20,476 - [INFO] - Chain [1] done processing
2025-09-29 23:05:20,786 - [INFO] - HTTP Request: POST https://ytuiqgrpbwdxrmbzssrb.supabase.co/rest/v1/policy_recommendations "HTTP/2 201 Created"
2025-09-29 23:05:20,788 - [INFO] - Forecast for product 25891303: 46 units (30-day avg, clamped 0-142.5)
2025-09-29 23:05:20,794 - [DEBUG] - cmd: where.exe tbb.dll
cwd: None
2025-09-29 23:05:20,995 - [DEBUG] - TBB already found in load path
2025-09-29 23:05:21,025 - [DEBUG] - input tempfile: C:\Users\peral\AppData\Local\Temp\tmpb33d_27a\yn58sbnh.json
2025-09-29 23:05:21,029 - [DEBUG] - input tempfile: C:\Users\peral\AppData\Local\Temp\tmpb33d_27a\co9rtv9t.json
2025-09-29 23:05:21,032 - [DEBUG] - idx 0
2025-09-29 23:05:21,032 - [DEBUG] - running CmdStan, num_threads: None
2025-09-29 23:05:21,033 - [DEBUG] - CmdStan args: ['C:\\Users\\peral\\AppData\\Local\\Programs\\Python\\Python313\\Lib\\site-packages\\prophet\\stan_model\\prophet_model.bin', 'random', 'seed=75666', 'data', 'file=C:\\Users\\peral\\AppData\\Local\\Temp\\tmpb33d_27a\\yn58sbnh.json', 'init=C:\\Users\\peral\\AppData\\Local\\Temp\\tmpb33d_27a\\co9rtv9t.json', 'output', 'file=C:\\Users\\peral\\AppData\\Local\\Temp\\tmpb33d_27a\\prophet_model02511zh2\\prophet_model-20250929230521.csv', 'method=optimize', 'algorithm=newton', 'iter=10000']
2025-09-29 23:05:21,033 - [INFO] - Chain [1] start processing
2025-09-29 23:05:21,243 - [INFO] - Chain [1] done processing
2025-09-29 23:05:21,502 - [INFO] - HTTP Request: POST https://ytuiqgrpbwdxrmbzssrb.supabase.co/rest/v1/policy_recommendations "HTTP/2 201 Created"
2025-09-29 23:05:21,504 - [INFO] - Forecast for product 25891401: 505 units (30-day avg, clamped 0-741.0)
2025-09-29 23:05:21,508 - [DEBUG] - cmd: where.exe tbb.dll
cwd: None
2025-09-29 23:05:21,741 - [DEBUG] - TBB already found in load path
2025-09-29 23:05:21,773 - [DEBUG] - input tempfile: C:\Users\peral\AppData\Local\Temp\tmpb33d_27a\0u2661np.json
2025-09-29 23:05:21,779 - [DEBUG] - input tempfile: C:\Users\peral\AppData\Local\Temp\tmpb33d_27a\0btwmy6b.json
2025-09-29 23:05:21,783 - [DEBUG] - idx 0
2025-09-29 23:05:21,784 - [DEBUG] - running CmdStan, num_threads: None
2025-09-29 23:05:21,785 - [DEBUG] - CmdStan args: ['C:\\Users\\peral\\AppData\\Local\\Programs\\Python\\Python313\\Lib\\site-packages\\prophet\\stan_model\\prophet_model.bin', 'random', 'seed=36363', 'data', 'file=C:\\Users\\peral\\AppData\\Local\\Temp\\tmpb33d_27a\\0u2661np.json', 'init=C:\\Users\\peral\\AppData\\Local\\Temp\\tmpb33d_27a\\0btwmy6b.json', 'output', 'file=C:\\Users\\peral\\AppData\\Local\\Temp\\tmpb33d_27a\\prophet_modelv5tz4ct1\\prophet_model-20250929230521.csv', 'method=optimize', 'algorithm=newton', 'iter=10000']
2025-09-29 23:05:21,785 - [INFO] - Chain [1] start processing
2025-09-29 23:05:21,998 - [INFO] - Chain [1] done processing
2025-09-29 23:05:22,426 - [INFO] - HTTP Request: POST https://ytuiqgrpbwdxrmbzssrb.supabase.co/rest/v1/policy_recommendations "HTTP/2 201 Created"
2025-09-29 23:05:22,428 - [INFO] - Forecast for product 25891402: 149 units (30-day avg, clamped 0-738.0)
2025-09-29 23:05:22,434 - [DEBUG] - cmd: where.exe tbb.dll
cwd: None
2025-09-29 23:05:22,650 - [DEBUG] - TBB already found in load path
2025-09-29 23:05:22,687 - [DEBUG] - input tempfile: C:\Users\peral\AppData\Local\Temp\tmpb33d_27a\ymitcb_9.json
2025-09-29 23:05:22,691 - [DEBUG] - input tempfile: C:\Users\peral\AppData\Local\Temp\tmpb33d_27a\5hg8xaub.json
2025-09-29 23:05:22,693 - [DEBUG] - idx 0
2025-09-29 23:05:22,694 - [DEBUG] - running CmdStan, num_threads: None
2025-09-29 23:05:22,695 - [DEBUG] - CmdStan args: ['C:\\Users\\peral\\AppData\\Local\\Programs\\Python\\Python313\\Lib\\site-packages\\prophet\\stan_model\\prophet_model.bin', 'random', 'seed=42181', 'data', 'file=C:\\Users\\peral\\AppData\\Local\\Temp\\tmpb33d_27a\\ymitcb_9.json', 'init=C:\\Users\\peral\\AppData\\Local\\Temp\\tmpb33d_27a\\5hg8xaub.json', 'output', 'file=C:\\Users\\peral\\AppData\\Local\\Temp\\tmpb33d_27a\\prophet_model1yvalwza\\prophet_model-20250929230522.csv', 'method=optimize', 'algorithm=newton', 'iter=10000']
2025-09-29 23:05:22,696 - [INFO] - Chain [1] start processing
2025-09-29 23:05:22,890 - [INFO] - Chain [1] done processing
2025-09-29 23:05:23,141 - [INFO] - HTTP Request: POST https://ytuiqgrpbwdxrmbzssrb.supabase.co/rest/v1/policy_recommendations "HTTP/2 201 Created"
2025-09-29 23:05:23,143 - [INFO] - Forecast for product 25891403: 134 units (30-day avg, clamped 0-742.5)
2025-09-29 23:05:23,147 - [DEBUG] - cmd: where.exe tbb.dll
cwd: None
2025-09-29 23:05:23,346 - [DEBUG] - TBB already found in load path
2025-09-29 23:05:23,372 - [DEBUG] - input tempfile: C:\Users\peral\AppData\Local\Temp\tmpb33d_27a\0d_m7l51.json
2025-09-29 23:05:23,375 - [DEBUG] - input tempfile: C:\Users\peral\AppData\Local\Temp\tmpb33d_27a\utgyu1cf.json
2025-09-29 23:05:23,378 - [DEBUG] - idx 0
2025-09-29 23:05:23,381 - [DEBUG] - running CmdStan, num_threads: None
2025-09-29 23:05:23,382 - [DEBUG] - CmdStan args: ['C:\\Users\\peral\\AppData\\Local\\Programs\\Python\\Python313\\Lib\\site-packages\\prophet\\stan_model\\prophet_model.bin', 'random', 'seed=95926', 'data', 'file=C:\\Users\\peral\\AppData\\Local\\Temp\\tmpb33d_27a\\0d_m7l51.json', 'init=C:\\Users\\peral\\AppData\\Local\\Temp\\tmpb33d_27a\\utgyu1cf.json', 'output', 'file=C:\\Users\\peral\\AppData\\Local\\Temp\\tmpb33d_27a\\prophet_model57t99es0\\prophet_model-20250929230523.csv', 'method=optimize', 'algorithm=newton', 'iter=10000']
2025-09-29 23:05:23,382 - [INFO] - Chain [1] start processing
2025-09-29 23:05:23,551 - [INFO] - Chain [1] done processing
2025-09-29 23:05:23,861 - [INFO] - HTTP Request: POST https://ytuiqgrpbwdxrmbzssrb.supabase.co/rest/v1/policy_recommendations "HTTP/2 201 Created"
2025-09-29 23:05:23,863 - [INFO] - Forecast for product 25891501: 232 units (30-day avg, clamped 0-375.0)
2025-09-29 23:05:23,869 - [DEBUG] - cmd: where.exe tbb.dll
cwd: None
2025-09-29 23:05:24,072 - [DEBUG] - TBB already found in load path
2025-09-29 23:05:24,103 - [DEBUG] - input tempfile: C:\Users\peral\AppData\Local\Temp\tmpb33d_27a\pdm0m2pm.json
2025-09-29 23:05:24,106 - [DEBUG] - input tempfile: C:\Users\peral\AppData\Local\Temp\tmpb33d_27a\lev0pc1a.json
2025-09-29 23:05:24,109 - [DEBUG] - idx 0
2025-09-29 23:05:24,109 - [DEBUG] - running CmdStan, num_threads: None
2025-09-29 23:05:24,110 - [DEBUG] - CmdStan args: ['C:\\Users\\peral\\AppData\\Local\\Programs\\Python\\Python313\\Lib\\site-packages\\prophet\\stan_model\\prophet_model.bin', 'random', 'seed=62971', 'data', 'file=C:\\Users\\peral\\AppData\\Local\\Temp\\tmpb33d_27a\\pdm0m2pm.json', 'init=C:\\Users\\peral\\AppData\\Local\\Temp\\tmpb33d_27a\\lev0pc1a.json', 'output', 'file=C:\\Users\\peral\\AppData\\Local\\Temp\\tmpb33d_27a\\prophet_model4s0y0iqw\\prophet_model-20250929230524.csv', 'method=optimize', 'algorithm=newton', 'iter=10000']
2025-09-29 23:05:24,110 - [INFO] - Chain [1] start processing
2025-09-29 23:05:24,304 - [INFO] - Chain [1] done processing
2025-09-29 23:05:24,488 - [INFO] - HTTP Request: POST https://ytuiqgrpbwdxrmbzssrb.supabase.co/rest/v1/policy_recommendations "HTTP/2 201 Created"
2025-09-29 23:05:24,490 - [INFO] - Forecast for product 25891502: 130 units (30-day avg, clamped 0-364.5)
2025-09-29 23:05:24,494 - [DEBUG] - cmd: where.exe tbb.dll
cwd: None
2025-09-29 23:05:24,688 - [DEBUG] - TBB already found in load path
2025-09-29 23:05:24,720 - [DEBUG] - input tempfile: C:\Users\peral\AppData\Local\Temp\tmpb33d_27a\8zt29r3v.json
2025-09-29 23:05:24,723 - [DEBUG] - input tempfile: C:\Users\peral\AppData\Local\Temp\tmpb33d_27a\1mlhc4g8.json
2025-09-29 23:05:24,725 - [DEBUG] - idx 0
2025-09-29 23:05:24,726 - [DEBUG] - running CmdStan, num_threads: None
2025-09-29 23:05:24,727 - [DEBUG] - CmdStan args: ['C:\\Users\\peral\\AppData\\Local\\Programs\\Python\\Python313\\Lib\\site-packages\\prophet\\stan_model\\prophet_model.bin', 'random', 'seed=26263', 'data', 'file=C:\\Users\\peral\\AppData\\Local\\Temp\\tmpb33d_27a\\8zt29r3v.json', 'init=C:\\Users\\peral\\AppData\\Local\\Temp\\tmpb33d_27a\\1mlhc4g8.json', 'output', 'file=C:\\Users\\peral\\AppData\\Local\\Temp\\tmpb33d_27a\\prophet_modela2y181hh\\prophet_model-20250929230524.csv', 'method=optimize', 'algorithm=newton', 'iter=10000']
2025-09-29 23:05:24,728 - [INFO] - Chain [1] start processing
2025-09-29 23:05:24,934 - [INFO] - Chain [1] done processing
2025-09-29 23:05:25,197 - [INFO] - HTTP Request: POST https://ytuiqgrpbwdxrmbzssrb.supabase.co/rest/v1/policy_recommendations "HTTP/2 201 Created"
2025-09-29 23:05:25,199 - [INFO] - Forecast for product 25891503: 132 units (30-day avg, clamped 0-372.0)
2025-09-29 23:05:25,203 - [DEBUG] - cmd: where.exe tbb.dll
cwd: None
2025-09-29 23:05:25,398 - [DEBUG] - TBB already found in load path
2025-09-29 23:05:25,424 - [DEBUG] - input tempfile: C:\Users\peral\AppData\Local\Temp\tmpb33d_27a\n7voetuw.json
2025-09-29 23:05:25,426 - [DEBUG] - input tempfile: C:\Users\peral\AppData\Local\Temp\tmpb33d_27a\xd_nk0u5.json
2025-09-29 23:05:25,438 - [DEBUG] - idx 0
2025-09-29 23:05:25,439 - [DEBUG] - running CmdStan, num_threads: None
2025-09-29 23:05:25,439 - [DEBUG] - CmdStan args: ['C:\\Users\\peral\\AppData\\Local\\Programs\\Python\\Python313\\Lib\\site-packages\\prophet\\stan_model\\prophet_model.bin', 'random', 'seed=76737', 'data', 'file=C:\\Users\\peral\\AppData\\Local\\Temp\\tmpb33d_27a\\n7voetuw.json', 'init=C:\\Users\\peral\\AppData\\Local\\Temp\\tmpb33d_27a\\xd_nk0u5.json', 'output', 'file=C:\\Users\\peral\\AppData\\Local\\Temp\\tmpb33d_27a\\prophet_modelqhjgj40g\\prophet_model-20250929230525.csv', 'method=optimize', 'algorithm=newton', 'iter=10000']
2025-09-29 23:05:25,440 - [INFO] - Chain [1] start processing
2025-09-29 23:05:25,515 - [INFO] - Chain [1] done processing
2025-09-29 23:05:25,804 - [INFO] - HTTP Request: POST https://ytuiqgrpbwdxrmbzssrb.supabase.co/rest/v1/policy_recommendations "HTTP/2 201 Created"
2025-09-29 23:05:25,805 - [INFO] - Forecast for product 25891601: 85 units (30-day avg, clamped 0-291.0)
2025-09-29 23:05:25,809 - [DEBUG] - cmd: where.exe tbb.dll
cwd: None
2025-09-29 23:05:26,004 - [DEBUG] - TBB already found in load path
2025-09-29 23:05:26,036 - [DEBUG] - input tempfile: C:\Users\peral\AppData\Local\Temp\tmpb33d_27a\1v5_z3pi.json
2025-09-29 23:05:26,040 - [DEBUG] - input tempfile: C:\Users\peral\AppData\Local\Temp\tmpb33d_27a\vmm7d7qn.json
2025-09-29 23:05:26,042 - [DEBUG] - idx 0
2025-09-29 23:05:26,043 - [DEBUG] - running CmdStan, num_threads: None
2025-09-29 23:05:26,043 - [DEBUG] - CmdStan args: ['C:\\Users\\peral\\AppData\\Local\\Programs\\Python\\Python313\\Lib\\site-packages\\prophet\\stan_model\\prophet_model.bin', 'random', 'seed=10925', 'data', 'file=C:\\Users\\peral\\AppData\\Local\\Temp\\tmpb33d_27a\\1v5_z3pi.json', 'init=C:\\Users\\peral\\AppData\\Local\\Temp\\tmpb33d_27a\\vmm7d7qn.json', 'output', 'file=C:\\Users\\peral\\AppData\\Local\\Temp\\tmpb33d_27a\\prophet_modelxl0ol2qi\\prophet_model-20250929230526.csv', 'method=optimize', 'algorithm=newton', 'iter=10000']
2025-09-29 23:05:26,044 - [INFO] - Chain [1] start processing
2025-09-29 23:05:26,265 - [INFO] - Chain [1] done processing
2025-09-29 23:05:26,465 - [INFO] - HTTP Request: POST https://ytuiqgrpbwdxrmbzssrb.supabase.co/rest/v1/policy_recommendations "HTTP/2 201 Created"
2025-09-29 23:05:26,467 - [INFO] - Forecast for product 25891602: 42 units (30-day avg, clamped 0-300.0)
2025-09-29 23:05:26,471 - [DEBUG] - cmd: where.exe tbb.dll
cwd: None
2025-09-29 23:05:26,659 - [DEBUG] - TBB already found in load path
2025-09-29 23:05:26,687 - [DEBUG] - input tempfile: C:\Users\peral\AppData\Local\Temp\tmpb33d_27a\lu0v9ca2.json
2025-09-29 23:05:26,691 - [DEBUG] - input tempfile: C:\Users\peral\AppData\Local\Temp\tmpb33d_27a\as71mxvq.json
2025-09-29 23:05:26,695 - [DEBUG] - idx 0
2025-09-29 23:05:26,695 - [DEBUG] - running CmdStan, num_threads: None
2025-09-29 23:05:26,696 - [DEBUG] - CmdStan args: ['C:\\Users\\peral\\AppData\\Local\\Programs\\Python\\Python313\\Lib\\site-packages\\prophet\\stan_model\\prophet_model.bin', 'random', 'seed=25302', 'data', 'file=C:\\Users\\peral\\AppData\\Local\\Temp\\tmpb33d_27a\\lu0v9ca2.json', 'init=C:\\Users\\peral\\AppData\\Local\\Temp\\tmpb33d_27a\\as71mxvq.json', 'output', 'file=C:\\Users\\peral\\AppData\\Local\\Temp\\tmpb33d_27a\\prophet_model717l219x\\prophet_model-20250929230526.csv', 'method=optimize', 'algorithm=newton', 'iter=10000']
2025-09-29 23:05:26,697 - [INFO] - Chain [1] start processing
2025-09-29 23:05:26,866 - [INFO] - Chain [1] done processing
2025-09-29 23:05:27,135 - [INFO] - HTTP Request: POST https://ytuiqgrpbwdxrmbzssrb.supabase.co/rest/v1/policy_recommendations "HTTP/2 201 Created"
2025-09-29 23:05:27,136 - [INFO] - Forecast for product 25891603: 26 units (30-day avg, clamped 0-300.0)
2025-09-29 23:05:27,137 - [INFO] - Forecasting complete (18 products)
2025-09-29 23:05:27,138 - [INFO] - Forecasting complete (18 products)
2025-09-29 23:05:27,139 - [INFO] - Generating policy recommendations
2025-09-29 23:05:27,139 - [INFO] - Pipeline completed successfully
2025-09-29 23:05:36,372 - [INFO] - Starting analytics pipeline
2025-09-29 23:05:36,374 - [INFO] - Settings loaded (env=default)
2025-09-29 23:05:37,415 - [INFO] - Running Customer KPI Risk Predictions
2025-09-29 23:05:37,415 - [INFO] - Running Customer KPI Risk Pipeline...
2025-09-29 23:05:37,416 - [INFO] - Fetching KPI data from Supabase...
2025-09-29 23:05:37,779 - [INFO] - HTTP Request: GET https://ytuiqgrpbwdxrmbzssrb.supabase.co/rest/v1/fact_aggregate?select=%2A "HTTP/2 200 OK"
2025-09-29 23:05:38,092 - [INFO] - HTTP Request: GET https://ytuiqgrpbwdxrmbzssrb.supabase.co/rest/v1/dim_targets_order?select=%2A "HTTP/2 200 OK"
2025-09-29 23:05:38,113 - [INFO] - Fetched 1000 KPI rows
2025-09-29 23:05:38,118 - [INFO] - Preparing dataset for model...
2025-09-29 23:05:38,124 - [WARNING] - Target column 'target_cost' not found, using default 0.9.
2025-09-29 23:05:38,126 - [WARNING] - Target column 'target_quality' not found, using default 0.9.
2025-09-29 23:05:38,131 - [WARNING] - No 'label' column found. Created synthetic labels based on otif_pct < target_otif.
2025-09-29 23:05:38,132 - [INFO] - Prepared dataset with 1000 rows and features: ['otif_pct', 'target_otif', 'target_cost', 'target_quality']
2025-09-29 23:05:38,132 - [INFO] - Training LightGBM model...
2025-09-29 23:05:38,134 - [WARNING] - Only one class in dataset -> fallback to dummy predictions.
2025-09-29 23:05:38,135 - [INFO] - Storing predictions in Supabase...
2025-09-29 23:05:38,604 - [INFO] - HTTP Request: POST https://ytuiqgrpbwdxrmbzssrb.supabase.co/rest/v1/kpi_risk_predictions?columns=%22risk_score%22%2C%22prediction_date%22%2C%22risk_label%22%2C%22customer_id%22 "HTTP/2 201 Created"
2025-09-29 23:05:38,610 - [INFO] - Inserted 1000 predictions into Supabase.
2025-09-29 23:05:38,611 - [INFO] - Customer risk pipeline completed successfully
2025-09-29 23:05:38,612 - [INFO] - Running KPI analysis
2025-09-29 23:05:39,898 - [INFO] - HTTP Request: GET https://ytuiqgrpbwdxrmbzssrb.supabase.co/rest/v1/kpi_summary?select=%2A "HTTP/2 200 OK"
2025-09-29 23:05:39,900 - [INFO] - Fetched 35 KPI summary rows
2025-09-29 23:05:39,901 - [INFO] - KPI analysis complete (35 records)
2025-09-29 23:05:39,901 - [INFO] - Running demand forecasting
2025-09-29 23:05:39,902 - [INFO] - Running demand forecasting
2025-09-29 23:05:40,127 - [INFO] - HTTP Request: GET https://ytuiqgrpbwdxrmbzssrb.supabase.co/rest/v1/fact_order_line?select=order_placement_date%2Cproduct_id%2Corder_qty "HTTP/2 200 OK"
2025-09-29 23:05:40,136 - [DEBUG] - cmd: where.exe tbb.dll
cwd: None
2025-09-29 23:05:40,315 - [DEBUG] - TBB already found in load path
2025-09-29 23:05:40,341 - [DEBUG] - input tempfile: C:\Users\peral\AppData\Local\Temp\tmpb33d_27a\fq0amzi0.json
2025-09-29 23:05:40,345 - [DEBUG] - input tempfile: C:\Users\peral\AppData\Local\Temp\tmpb33d_27a\db35g_sl.json
2025-09-29 23:05:40,349 - [DEBUG] - idx 0
2025-09-29 23:05:40,349 - [DEBUG] - running CmdStan, num_threads: None
2025-09-29 23:05:40,349 - [DEBUG] - CmdStan args: ['C:\\Users\\peral\\AppData\\Local\\Programs\\Python\\Python313\\Lib\\site-packages\\prophet\\stan_model\\prophet_model.bin', 'random', 'seed=97928', 'data', 'file=C:\\Users\\peral\\AppData\\Local\\Temp\\tmpb33d_27a\\fq0amzi0.json', 'init=C:\\Users\\peral\\AppData\\Local\\Temp\\tmpb33d_27a\\db35g_sl.json', 'output', 'file=C:\\Users\\peral\\AppData\\Local\\Temp\\tmpb33d_27a\\prophet_modeltx5zdwjd\\prophet_model-20250929230540.csv', 'method=optimize', 'algorithm=newton', 'iter=10000']
2025-09-29 23:05:40,350 - [INFO] - Chain [1] start processing
2025-09-29 23:05:40,583 - [INFO] - Chain [1] done processing
2025-09-29 23:05:41,266 - [INFO] - HTTP Request: POST https://ytuiqgrpbwdxrmbzssrb.supabase.co/rest/v1/policy_recommendations "HTTP/2 201 Created"
2025-09-29 23:05:41,267 - [INFO] - Forecast for product 25891101: 151 units (30-day avg, clamped 0-741.0)
2025-09-29 23:05:41,270 - [DEBUG] - cmd: where.exe tbb.dll
cwd: None
2025-09-29 23:05:41,460 - [DEBUG] - TBB already found in load path
2025-09-29 23:05:41,492 - [DEBUG] - input tempfile: C:\Users\peral\AppData\Local\Temp\tmpb33d_27a\era19jc3.json
2025-09-29 23:05:41,496 - [DEBUG] - input tempfile: C:\Users\peral\AppData\Local\Temp\tmpb33d_27a\38n73x6h.json
2025-09-29 23:05:41,499 - [DEBUG] - idx 0
2025-09-29 23:05:41,500 - [DEBUG] - running CmdStan, num_threads: None
2025-09-29 23:05:41,500 - [DEBUG] - CmdStan args: ['C:\\Users\\peral\\AppData\\Local\\Programs\\Python\\Python313\\Lib\\site-packages\\prophet\\stan_model\\prophet_model.bin', 'random', 'seed=16409', 'data', 'file=C:\\Users\\peral\\AppData\\Local\\Temp\\tmpb33d_27a\\era19jc3.json', 'init=C:\\Users\\peral\\AppData\\Local\\Temp\\tmpb33d_27a\\38n73x6h.json', 'output', 'file=C:\\Users\\peral\\AppData\\Local\\Temp\\tmpb33d_27a\\prophet_model5zdhenad\\prophet_model-20250929230541.csv', 'method=optimize', 'algorithm=newton', 'iter=10000']
2025-09-29 23:05:41,501 - [INFO] - Chain [1] start processing
2025-09-29 23:05:41,618 - [INFO] - Chain [1] done processing
2025-09-29 23:05:41,983 - [INFO] - HTTP Request: POST https://ytuiqgrpbwdxrmbzssrb.supabase.co/rest/v1/policy_recommendations "HTTP/2 201 Created"
2025-09-29 23:05:41,984 - [INFO] - Forecast for product 25891102: 452 units (30-day avg, clamped 0-744.0)
2025-09-29 23:05:41,987 - [DEBUG] - cmd: where.exe tbb.dll
cwd: None
2025-09-29 23:05:42,171 - [DEBUG] - TBB already found in load path
2025-09-29 23:05:42,201 - [DEBUG] - input tempfile: C:\Users\peral\AppData\Local\Temp\tmpb33d_27a\0jeiu256.json
2025-09-29 23:05:42,205 - [DEBUG] - input tempfile: C:\Users\peral\AppData\Local\Temp\tmpb33d_27a\8dfj814b.json
2025-09-29 23:05:42,207 - [DEBUG] - idx 0
2025-09-29 23:05:42,208 - [DEBUG] - running CmdStan, num_threads: None
2025-09-29 23:05:42,208 - [DEBUG] - CmdStan args: ['C:\\Users\\peral\\AppData\\Local\\Programs\\Python\\Python313\\Lib\\site-packages\\prophet\\stan_model\\prophet_model.bin', 'random', 'seed=69600', 'data', 'file=C:\\Users\\peral\\AppData\\Local\\Temp\\tmpb33d_27a\\0jeiu256.json', 'init=C:\\Users\\peral\\AppData\\Local\\Temp\\tmpb33d_27a\\8dfj814b.json', 'output', 'file=C:\\Users\\peral\\AppData\\Local\\Temp\\tmpb33d_27a\\prophet_modelar74knjk\\prophet_model-20250929230542.csv', 'method=optimize', 'algorithm=newton', 'iter=10000']
2025-09-29 23:05:42,209 - [INFO] - Chain [1] start processing
2025-09-29 23:05:42,424 - [INFO] - Chain [1] done processing
2025-09-29 23:05:42,699 - [INFO] - HTTP Request: POST https://ytuiqgrpbwdxrmbzssrb.supabase.co/rest/v1/policy_recommendations "HTTP/2 201 Created"
2025-09-29 23:05:42,701 - [INFO] - Forecast for product 25891103: 415 units (30-day avg, clamped 0-747.0)
2025-09-29 23:05:42,704 - [DEBUG] - cmd: where.exe tbb.dll
cwd: None
2025-09-29 23:05:42,891 - [DEBUG] - TBB already found in load path
2025-09-29 23:05:42,936 - [DEBUG] - input tempfile: C:\Users\peral\AppData\Local\Temp\tmpb33d_27a\ivabftxy.json
2025-09-29 23:05:42,941 - [DEBUG] - input tempfile: C:\Users\peral\AppData\Local\Temp\tmpb33d_27a\6ifiqqed.json
2025-09-29 23:05:42,948 - [DEBUG] - idx 0
2025-09-29 23:05:42,949 - [DEBUG] - running CmdStan, num_threads: None
2025-09-29 23:05:42,950 - [DEBUG] - CmdStan args: ['C:\\Users\\peral\\AppData\\Local\\Programs\\Python\\Python313\\Lib\\site-packages\\prophet\\stan_model\\prophet_model.bin', 'random', 'seed=77849', 'data', 'file=C:\\Users\\peral\\AppData\\Local\\Temp\\tmpb33d_27a\\ivabftxy.json', 'init=C:\\Users\\peral\\AppData\\Local\\Temp\\tmpb33d_27a\\6ifiqqed.json', 'output', 'file=C:\\Users\\peral\\AppData\\Local\\Temp\\tmpb33d_27a\\prophet_modelt4k2fnvn\\prophet_model-20250929230542.csv', 'method=optimize', 'algorithm=newton', 'iter=10000']
2025-09-29 23:05:42,952 - [INFO] - Chain [1] start processing
2025-09-29 23:05:43,173 - [INFO] - Chain [1] done processing
2025-09-29 23:05:43,416 - [INFO] - HTTP Request: POST https://ytuiqgrpbwdxrmbzssrb.supabase.co/rest/v1/policy_recommendations "HTTP/2 201 Created"
2025-09-29 23:05:43,418 - [INFO] - Forecast for product 25891201: 63 units (30-day avg, clamped 0-750.0)
2025-09-29 23:05:43,421 - [DEBUG] - cmd: where.exe tbb.dll
cwd: None
2025-09-29 23:05:43,598 - [DEBUG] - TBB already found in load path
2025-09-29 23:05:43,621 - [DEBUG] - input tempfile: C:\Users\peral\AppData\Local\Temp\tmpb33d_27a\ix1ctd0c.json
2025-09-29 23:05:43,624 - [DEBUG] - input tempfile: C:\Users\peral\AppData\Local\Temp\tmpb33d_27a\lv4e7hk7.json
2025-09-29 23:05:43,627 - [DEBUG] - idx 0
2025-09-29 23:05:43,627 - [DEBUG] - running CmdStan, num_threads: None
2025-09-29 23:05:43,628 - [DEBUG] - CmdStan args: ['C:\\Users\\peral\\AppData\\Local\\Programs\\Python\\Python313\\Lib\\site-packages\\prophet\\stan_model\\prophet_model.bin', 'random', 'seed=42622', 'data', 'file=C:\\Users\\peral\\AppData\\Local\\Temp\\tmpb33d_27a\\ix1ctd0c.json', 'init=C:\\Users\\peral\\AppData\\Local\\Temp\\tmpb33d_27a\\lv4e7hk7.json', 'output', 'file=C:\\Users\\peral\\AppData\\Local\\Temp\\tmpb33d_27a\\prophet_model9egrvq2y\\prophet_model-20250929230543.csv', 'method=optimize', 'algorithm=newton', 'iter=10000']
2025-09-29 23:05:43,628 - [INFO] - Chain [1] start processing
2025-09-29 23:05:43,912 - [INFO] - Chain [1] done processing
2025-09-29 23:05:44,237 - [INFO] - HTTP Request: POST https://ytuiqgrpbwdxrmbzssrb.supabase.co/rest/v1/policy_recommendations "HTTP/2 201 Created"
2025-09-29 23:05:44,238 - [INFO] - Forecast for product 25891202: 254 units (30-day avg, clamped 0-733.5)
2025-09-29 23:05:44,241 - [DEBUG] - cmd: where.exe tbb.dll
cwd: None
2025-09-29 23:05:44,424 - [DEBUG] - TBB already found in load path
2025-09-29 23:05:44,459 - [DEBUG] - input tempfile: C:\Users\peral\AppData\Local\Temp\tmpb33d_27a\zseqg6o_.json
2025-09-29 23:05:44,464 - [DEBUG] - input tempfile: C:\Users\peral\AppData\Local\Temp\tmpb33d_27a\mlkenq9u.json
2025-09-29 23:05:44,468 - [DEBUG] - idx 0
2025-09-29 23:05:44,468 - [DEBUG] - running CmdStan, num_threads: None
2025-09-29 23:05:44,469 - [DEBUG] - CmdStan args: ['C:\\Users\\peral\\AppData\\Local\\Programs\\Python\\Python313\\Lib\\site-packages\\prophet\\stan_model\\prophet_model.bin', 'random', 'seed=60317', 'data', 'file=C:\\Users\\peral\\AppData\\Local\\Temp\\tmpb33d_27a\\zseqg6o_.json', 'init=C:\\Users\\peral\\AppData\\Local\\Temp\\tmpb33d_27a\\mlkenq9u.json', 'output', 'file=C:\\Users\\peral\\AppData\\Local\\Temp\\tmpb33d_27a\\prophet_modeld3u7ux5q\\prophet_model-20250929230544.csv', 'method=optimize', 'algorithm=newton', 'iter=10000']
2025-09-29 23:05:44,469 - [INFO] - Chain [1] start processing
2025-09-29 23:05:44,633 - [INFO] - Chain [1] done processing
2025-09-29 23:05:44,888 - [INFO] - HTTP Request: POST https://ytuiqgrpbwdxrmbzssrb.supabase.co/rest/v1/policy_recommendations "HTTP/2 201 Created"
2025-09-29 23:05:44,890 - [INFO] - Forecast for product 25891203: 299 units (30-day avg, clamped 0-750.0)
2025-09-29 23:05:44,893 - [DEBUG] - cmd: where.exe tbb.dll
cwd: None
2025-09-29 23:05:45,083 - [DEBUG] - TBB already found in load path
2025-09-29 23:05:45,120 - [DEBUG] - input tempfile: C:\Users\peral\AppData\Local\Temp\tmpb33d_27a\dz6w1hdc.json
2025-09-29 23:05:45,125 - [DEBUG] - input tempfile: C:\Users\peral\AppData\Local\Temp\tmpb33d_27a\1k99x5ng.json
2025-09-29 23:05:45,128 - [DEBUG] - idx 0
2025-09-29 23:05:45,129 - [DEBUG] - running CmdStan, num_threads: None
2025-09-29 23:05:45,129 - [DEBUG] - CmdStan args: ['C:\\Users\\peral\\AppData\\Local\\Programs\\Python\\Python313\\Lib\\site-packages\\prophet\\stan_model\\prophet_model.bin', 'random', 'seed=64058', 'data', 'file=C:\\Users\\peral\\AppData\\Local\\Temp\\tmpb33d_27a\\dz6w1hdc.json', 'init=C:\\Users\\peral\\AppData\\Local\\Temp\\tmpb33d_27a\\1k99x5ng.json', 'output', 'file=C:\\Users\\peral\\AppData\\Local\\Temp\\tmpb33d_27a\\prophet_modelqbfw59rl\\prophet_model-20250929230545.csv', 'method=optimize', 'algorithm=newton', 'iter=10000']
2025-09-29 23:05:45,130 - [INFO] - Chain [1] start processing
2025-09-29 23:05:45,486 - [INFO] - Chain [1] done processing
2025-09-29 23:05:45,772 - [INFO] - HTTP Request: POST https://ytuiqgrpbwdxrmbzssrb.supabase.co/rest/v1/policy_recommendations "HTTP/2 201 Created"
2025-09-29 23:05:45,774 - [INFO] - Forecast for product 25891301: 88 units (30-day avg, clamped 0-150.0)
2025-09-29 23:05:45,777 - [DEBUG] - cmd: where.exe tbb.dll
cwd: None
2025-09-29 23:05:45,986 - [DEBUG] - TBB already found in load path
2025-09-29 23:05:46,019 - [DEBUG] - input tempfile: C:\Users\peral\AppData\Local\Temp\tmpb33d_27a\7nzroqla.json
2025-09-29 23:05:46,022 - [DEBUG] - input tempfile: C:\Users\peral\AppData\Local\Temp\tmpb33d_27a\kd4lv6nv.json
2025-09-29 23:05:46,025 - [DEBUG] - idx 0
2025-09-29 23:05:46,026 - [DEBUG] - running CmdStan, num_threads: None
2025-09-29 23:05:46,026 - [DEBUG] - CmdStan args: ['C:\\Users\\peral\\AppData\\Local\\Programs\\Python\\Python313\\Lib\\site-packages\\prophet\\stan_model\\prophet_model.bin', 'random', 'seed=21383', 'data', 'file=C:\\Users\\peral\\AppData\\Local\\Temp\\tmpb33d_27a\\7nzroqla.json', 'init=C:\\Users\\peral\\AppData\\Local\\Temp\\tmpb33d_27a\\kd4lv6nv.json', 'output', 'file=C:\\Users\\peral\\AppData\\Local\\Temp\\tmpb33d_27a\\prophet_modeljiksfhlx\\prophet_model-20250929230546.csv', 'method=optimize', 'algorithm=newton', 'iter=10000']
2025-09-29 23:05:46,028 - [INFO] - Chain [1] start processing
2025-09-29 23:05:46,267 - [INFO] - Chain [1] done processing
2025-09-29 23:05:46,489 - [INFO] - HTTP Request: POST https://ytuiqgrpbwdxrmbzssrb.supabase.co/rest/v1/policy_recommendations "HTTP/2 201 Created"
2025-09-29 23:05:46,491 - [INFO] - Forecast for product 25891302: 135 units (30-day avg, clamped 0-148.5)
2025-09-29 23:05:46,495 - [DEBUG] - cmd: where.exe tbb.dll
cwd: None
2025-09-29 23:05:46,687 - [DEBUG] - TBB already found in load path
2025-09-29 23:05:46,719 - [DEBUG] - input tempfile: C:\Users\peral\AppData\Local\Temp\tmpb33d_27a\db3h9cvk.json
2025-09-29 23:05:46,726 - [DEBUG] - input tempfile: C:\Users\peral\AppData\Local\Temp\tmpb33d_27a\70tnptl1.json
2025-09-29 23:05:46,730 - [DEBUG] - idx 0
2025-09-29 23:05:46,731 - [DEBUG] - running CmdStan, num_threads: None
2025-09-29 23:05:46,731 - [DEBUG] - CmdStan args: ['C:\\Users\\peral\\AppData\\Local\\Programs\\Python\\Python313\\Lib\\site-packages\\prophet\\stan_model\\prophet_model.bin', 'random', 'seed=75053', 'data', 'file=C:\\Users\\peral\\AppData\\Local\\Temp\\tmpb33d_27a\\db3h9cvk.json', 'init=C:\\Users\\peral\\AppData\\Local\\Temp\\tmpb33d_27a\\70tnptl1.json', 'output', 'file=C:\\Users\\peral\\AppData\\Local\\Temp\\tmpb33d_27a\\prophet_model2pd6zqs8\\prophet_model-20250929230546.csv', 'method=optimize', 'algorithm=newton', 'iter=10000']
2025-09-29 23:05:46,732 - [INFO] - Chain [1] start processing
2025-09-29 23:05:46,924 - [INFO] - Chain [1] done processing
2025-09-29 23:05:47,175 - [INFO] - HTTP Request: POST https://ytuiqgrpbwdxrmbzssrb.supabase.co/rest/v1/policy_recommendations "HTTP/2 201 Created"
2025-09-29 23:05:47,177 - [INFO] - Forecast for product 25891303: 46 units (30-day avg, clamped 0-142.5)
2025-09-29 23:05:47,186 - [DEBUG] - cmd: where.exe tbb.dll
cwd: None
2025-09-29 23:05:47,397 - [DEBUG] - TBB already found in load path
2025-09-29 23:05:47,436 - [DEBUG] - input tempfile: C:\Users\peral\AppData\Local\Temp\tmpb33d_27a\ldj4xd5a.json
2025-09-29 23:05:47,440 - [DEBUG] - input tempfile: C:\Users\peral\AppData\Local\Temp\tmpb33d_27a\v0gslmcs.json
2025-09-29 23:05:47,443 - [DEBUG] - idx 0
2025-09-29 23:05:47,444 - [DEBUG] - running CmdStan, num_threads: None
2025-09-29 23:05:47,444 - [DEBUG] - CmdStan args: ['C:\\Users\\peral\\AppData\\Local\\Programs\\Python\\Python313\\Lib\\site-packages\\prophet\\stan_model\\prophet_model.bin', 'random', 'seed=84724', 'data', 'file=C:\\Users\\peral\\AppData\\Local\\Temp\\tmpb33d_27a\\ldj4xd5a.json', 'init=C:\\Users\\peral\\AppData\\Local\\Temp\\tmpb33d_27a\\v0gslmcs.json', 'output', 'file=C:\\Users\\peral\\AppData\\Local\\Temp\\tmpb33d_27a\\prophet_modelxrrlz7h3\\prophet_model-20250929230547.csv', 'method=optimize', 'algorithm=newton', 'iter=10000']
2025-09-29 23:05:47,445 - [INFO] - Chain [1] start processing
2025-09-29 23:05:47,661 - [INFO] - Chain [1] done processing
2025-09-29 23:05:47,872 - [INFO] - HTTP Request: POST https://ytuiqgrpbwdxrmbzssrb.supabase.co/rest/v1/policy_recommendations "HTTP/2 201 Created"
2025-09-29 23:05:47,873 - [INFO] - Forecast for product 25891401: 505 units (30-day avg, clamped 0-741.0)
2025-09-29 23:05:47,877 - [DEBUG] - cmd: where.exe tbb.dll
cwd: None
2025-09-29 23:05:48,078 - [DEBUG] - TBB already found in load path
2025-09-29 23:05:48,122 - [DEBUG] - input tempfile: C:\Users\peral\AppData\Local\Temp\tmpb33d_27a\c60z__al.json
2025-09-29 23:05:48,126 - [DEBUG] - input tempfile: C:\Users\peral\AppData\Local\Temp\tmpb33d_27a\cwp9c48i.json
2025-09-29 23:05:48,131 - [DEBUG] - idx 0
2025-09-29 23:05:48,131 - [DEBUG] - running CmdStan, num_threads: None
2025-09-29 23:05:48,132 - [DEBUG] - CmdStan args: ['C:\\Users\\peral\\AppData\\Local\\Programs\\Python\\Python313\\Lib\\site-packages\\prophet\\stan_model\\prophet_model.bin', 'random', 'seed=45192', 'data', 'file=C:\\Users\\peral\\AppData\\Local\\Temp\\tmpb33d_27a\\c60z__al.json', 'init=C:\\Users\\peral\\AppData\\Local\\Temp\\tmpb33d_27a\\cwp9c48i.json', 'output', 'file=C:\\Users\\peral\\AppData\\Local\\Temp\\tmpb33d_27a\\prophet_modelfd2jko93\\prophet_model-20250929230548.csv', 'method=optimize', 'algorithm=newton', 'iter=10000']
2025-09-29 23:05:48,133 - [INFO] - Chain [1] start processing
2025-09-29 23:05:48,350 - [INFO] - Chain [1] done processing
2025-09-29 23:05:48,569 - [INFO] - HTTP Request: POST https://ytuiqgrpbwdxrmbzssrb.supabase.co/rest/v1/policy_recommendations "HTTP/2 201 Created"
2025-09-29 23:05:48,571 - [INFO] - Forecast for product 25891402: 149 units (30-day avg, clamped 0-738.0)
2025-09-29 23:05:48,575 - [DEBUG] - cmd: where.exe tbb.dll
cwd: None
2025-09-29 23:05:48,762 - [DEBUG] - TBB already found in load path
2025-09-29 23:05:48,800 - [DEBUG] - input tempfile: C:\Users\peral\AppData\Local\Temp\tmpb33d_27a\3knmnzu7.json
2025-09-29 23:05:48,804 - [DEBUG] - input tempfile: C:\Users\peral\AppData\Local\Temp\tmpb33d_27a\amin0jng.json
2025-09-29 23:05:48,808 - [DEBUG] - idx 0
2025-09-29 23:05:48,808 - [DEBUG] - running CmdStan, num_threads: None
2025-09-29 23:05:48,808 - [DEBUG] - CmdStan args: ['C:\\Users\\peral\\AppData\\Local\\Programs\\Python\\Python313\\Lib\\site-packages\\prophet\\stan_model\\prophet_model.bin', 'random', 'seed=5055', 'data', 'file=C:\\Users\\peral\\AppData\\Local\\Temp\\tmpb33d_27a\\3knmnzu7.json', 'init=C:\\Users\\peral\\AppData\\Local\\Temp\\tmpb33d_27a\\amin0jng.json', 'output', 'file=C:\\Users\\peral\\AppData\\Local\\Temp\\tmpb33d_27a\\prophet_modelz1xa8gze\\prophet_model-20250929230548.csv', 'method=optimize', 'algorithm=newton', 'iter=10000']
2025-09-29 23:05:48,809 - [INFO] - Chain [1] start processing
2025-09-29 23:05:49,004 - [INFO] - Chain [1] done processing
2025-09-29 23:05:49,256 - [INFO] - HTTP Request: POST https://ytuiqgrpbwdxrmbzssrb.supabase.co/rest/v1/policy_recommendations "HTTP/2 201 Created"
2025-09-29 23:05:49,258 - [INFO] - Forecast for product 25891403: 134 units (30-day avg, clamped 0-742.5)
2025-09-29 23:05:49,262 - [DEBUG] - cmd: where.exe tbb.dll
cwd: None
2025-09-29 23:05:49,449 - [DEBUG] - TBB already found in load path
2025-09-29 23:05:49,473 - [DEBUG] - input tempfile: C:\Users\peral\AppData\Local\Temp\tmpb33d_27a\rx1sief7.json
2025-09-29 23:05:49,477 - [DEBUG] - input tempfile: C:\Users\peral\AppData\Local\Temp\tmpb33d_27a\wm5_4nt7.json
2025-09-29 23:05:49,481 - [DEBUG] - idx 0
2025-09-29 23:05:49,481 - [DEBUG] - running CmdStan, num_threads: None
2025-09-29 23:05:49,482 - [DEBUG] - CmdStan args: ['C:\\Users\\peral\\AppData\\Local\\Programs\\Python\\Python313\\Lib\\site-packages\\prophet\\stan_model\\prophet_model.bin', 'random', 'seed=34188', 'data', 'file=C:\\Users\\peral\\AppData\\Local\\Temp\\tmpb33d_27a\\rx1sief7.json', 'init=C:\\Users\\peral\\AppData\\Local\\Temp\\tmpb33d_27a\\wm5_4nt7.json', 'output', 'file=C:\\Users\\peral\\AppData\\Local\\Temp\\tmpb33d_27a\\prophet_model2wu94j0f\\prophet_model-20250929230549.csv', 'method=optimize', 'algorithm=newton', 'iter=10000']
2025-09-29 23:05:49,482 - [INFO] - Chain [1] start processing
2025-09-29 23:05:49,662 - [INFO] - Chain [1] done processing
2025-09-29 23:05:49,972 - [INFO] - HTTP Request: POST https://ytuiqgrpbwdxrmbzssrb.supabase.co/rest/v1/policy_recommendations "HTTP/2 201 Created"
2025-09-29 23:05:49,974 - [INFO] - Forecast for product 25891501: 232 units (30-day avg, clamped 0-375.0)
2025-09-29 23:05:49,977 - [DEBUG] - cmd: where.exe tbb.dll
cwd: None
2025-09-29 23:05:50,157 - [DEBUG] - TBB already found in load path
2025-09-29 23:05:50,180 - [DEBUG] - input tempfile: C:\Users\peral\AppData\Local\Temp\tmpb33d_27a\9bml_mg5.json
2025-09-29 23:05:50,184 - [DEBUG] - input tempfile: C:\Users\peral\AppData\Local\Temp\tmpb33d_27a\7jlb71dc.json
2025-09-29 23:05:50,186 - [DEBUG] - idx 0
2025-09-29 23:05:50,187 - [DEBUG] - running CmdStan, num_threads: None
2025-09-29 23:05:50,187 - [DEBUG] - CmdStan args: ['C:\\Users\\peral\\AppData\\Local\\Programs\\Python\\Python313\\Lib\\site-packages\\prophet\\stan_model\\prophet_model.bin', 'random', 'seed=16264', 'data', 'file=C:\\Users\\peral\\AppData\\Local\\Temp\\tmpb33d_27a\\9bml_mg5.json', 'init=C:\\Users\\peral\\AppData\\Local\\Temp\\tmpb33d_27a\\7jlb71dc.json', 'output', 'file=C:\\Users\\peral\\AppData\\Local\\Temp\\tmpb33d_27a\\prophet_modelp67x32d7\\prophet_model-20250929230550.csv', 'method=optimize', 'algorithm=newton', 'iter=10000']
2025-09-29 23:05:50,187 - [INFO] - Chain [1] start processing
2025-09-29 23:05:50,357 - [INFO] - Chain [1] done processing
2025-09-29 23:05:50,573 - [INFO] - HTTP Request: POST https://ytuiqgrpbwdxrmbzssrb.supabase.co/rest/v1/policy_recommendations "HTTP/2 201 Created"
2025-09-29 23:05:50,575 - [INFO] - Forecast for product 25891502: 130 units (30-day avg, clamped 0-364.5)
2025-09-29 23:05:50,579 - [DEBUG] - cmd: where.exe tbb.dll
cwd: None
2025-09-29 23:05:50,777 - [DEBUG] - TBB already found in load path
2025-09-29 23:05:50,803 - [DEBUG] - input tempfile: C:\Users\peral\AppData\Local\Temp\tmpb33d_27a\ncdqcyds.json
2025-09-29 23:05:50,806 - [DEBUG] - input tempfile: C:\Users\peral\AppData\Local\Temp\tmpb33d_27a\s7aabhnl.json
2025-09-29 23:05:50,809 - [DEBUG] - idx 0
2025-09-29 23:05:50,809 - [DEBUG] - running CmdStan, num_threads: None
2025-09-29 23:05:50,810 - [DEBUG] - CmdStan args: ['C:\\Users\\peral\\AppData\\Local\\Programs\\Python\\Python313\\Lib\\site-packages\\prophet\\stan_model\\prophet_model.bin', 'random', 'seed=84984', 'data', 'file=C:\\Users\\peral\\AppData\\Local\\Temp\\tmpb33d_27a\\ncdqcyds.json', 'init=C:\\Users\\peral\\AppData\\Local\\Temp\\tmpb33d_27a\\s7aabhnl.json', 'output', 'file=C:\\Users\\peral\\AppData\\Local\\Temp\\tmpb33d_27a\\prophet_modelxhieaz0b\\prophet_model-20250929230550.csv', 'method=optimize', 'algorithm=newton', 'iter=10000']
2025-09-29 23:05:50,810 - [INFO] - Chain [1] start processing
2025-09-29 23:05:50,994 - [INFO] - Chain [1] done processing
2025-09-29 23:05:51,238 - [INFO] - HTTP Request: POST https://ytuiqgrpbwdxrmbzssrb.supabase.co/rest/v1/policy_recommendations "HTTP/2 201 Created"
2025-09-29 23:05:51,240 - [INFO] - Forecast for product 25891503: 132 units (30-day avg, clamped 0-372.0)
2025-09-29 23:05:51,244 - [DEBUG] - cmd: where.exe tbb.dll
cwd: None
2025-09-29 23:05:51,428 - [DEBUG] - TBB already found in load path
2025-09-29 23:05:51,454 - [DEBUG] - input tempfile: C:\Users\peral\AppData\Local\Temp\tmpb33d_27a\y9cdmtr7.json
2025-09-29 23:05:51,458 - [DEBUG] - input tempfile: C:\Users\peral\AppData\Local\Temp\tmpb33d_27a\9dcb_7_w.json
2025-09-29 23:05:51,461 - [DEBUG] - idx 0
2025-09-29 23:05:51,462 - [DEBUG] - running CmdStan, num_threads: None
2025-09-29 23:05:51,462 - [DEBUG] - CmdStan args: ['C:\\Users\\peral\\AppData\\Local\\Programs\\Python\\Python313\\Lib\\site-packages\\prophet\\stan_model\\prophet_model.bin', 'random', 'seed=80976', 'data', 'file=C:\\Users\\peral\\AppData\\Local\\Temp\\tmpb33d_27a\\y9cdmtr7.json', 'init=C:\\Users\\peral\\AppData\\Local\\Temp\\tmpb33d_27a\\9dcb_7_w.json', 'output', 'file=C:\\Users\\peral\\AppData\\Local\\Temp\\tmpb33d_27a\\prophet_model3y3cu3hk\\prophet_model-20250929230551.csv', 'method=optimize', 'algorithm=newton', 'iter=10000']
2025-09-29 23:05:51,463 - [INFO] - Chain [1] start processing
2025-09-29 23:05:51,556 - [INFO] - Chain [1] done processing
2025-09-29 23:05:51,917 - [INFO] - HTTP Request: POST https://ytuiqgrpbwdxrmbzssrb.supabase.co/rest/v1/policy_recommendations "HTTP/2 201 Created"
2025-09-29 23:05:51,918 - [INFO] - Forecast for product 25891601: 85 units (30-day avg, clamped 0-291.0)
2025-09-29 23:05:51,922 - [DEBUG] - cmd: where.exe tbb.dll
cwd: None
2025-09-29 23:05:52,118 - [DEBUG] - TBB already found in load path
2025-09-29 23:05:52,159 - [DEBUG] - input tempfile: C:\Users\peral\AppData\Local\Temp\tmpb33d_27a\7drxe1nn.json
2025-09-29 23:05:52,163 - [DEBUG] - input tempfile: C:\Users\peral\AppData\Local\Temp\tmpb33d_27a\549zq20w.json
2025-09-29 23:05:52,166 - [DEBUG] - idx 0
2025-09-29 23:05:52,167 - [DEBUG] - running CmdStan, num_threads: None
2025-09-29 23:05:52,168 - [DEBUG] - CmdStan args: ['C:\\Users\\peral\\AppData\\Local\\Programs\\Python\\Python313\\Lib\\site-packages\\prophet\\stan_model\\prophet_model.bin', 'random', 'seed=28841', 'data', 'file=C:\\Users\\peral\\AppData\\Local\\Temp\\tmpb33d_27a\\7drxe1nn.json', 'init=C:\\Users\\peral\\AppData\\Local\\Temp\\tmpb33d_27a\\549zq20w.json', 'output', 'file=C:\\Users\\peral\\AppData\\Local\\Temp\\tmpb33d_27a\\prophet_modeluag2yfsm\\prophet_model-20250929230552.csv', 'method=optimize', 'algorithm=newton', 'iter=10000']
2025-09-29 23:05:52,169 - [INFO] - Chain [1] start processing
2025-09-29 23:05:52,396 - [INFO] - Chain [1] done processing
2025-09-29 23:05:52,736 - [INFO] - HTTP Request: POST https://ytuiqgrpbwdxrmbzssrb.supabase.co/rest/v1/policy_recommendations "HTTP/2 201 Created"
2025-09-29 23:05:52,738 - [INFO] - Forecast for product 25891602: 42 units (30-day avg, clamped 0-300.0)
2025-09-29 23:05:52,741 - [DEBUG] - cmd: where.exe tbb.dll
cwd: None
2025-09-29 23:05:52,934 - [DEBUG] - TBB already found in load path
2025-09-29 23:05:52,964 - [DEBUG] - input tempfile: C:\Users\peral\AppData\Local\Temp\tmpb33d_27a\6ug6pi11.json
2025-09-29 23:05:52,968 - [DEBUG] - input tempfile: C:\Users\peral\AppData\Local\Temp\tmpb33d_27a\43mdg6e4.json
2025-09-29 23:05:52,971 - [DEBUG] - idx 0
2025-09-29 23:05:52,971 - [DEBUG] - running CmdStan, num_threads: None
2025-09-29 23:05:52,971 - [DEBUG] - CmdStan args: ['C:\\Users\\peral\\AppData\\Local\\Programs\\Python\\Python313\\Lib\\site-packages\\prophet\\stan_model\\prophet_model.bin', 'random', 'seed=73689', 'data', 'file=C:\\Users\\peral\\AppData\\Local\\Temp\\tmpb33d_27a\\6ug6pi11.json', 'init=C:\\Users\\peral\\AppData\\Local\\Temp\\tmpb33d_27a\\43mdg6e4.json', 'output', 'file=C:\\Users\\peral\\AppData\\Local\\Temp\\tmpb33d_27a\\prophet_modelurymr7qz\\prophet_model-20250929230552.csv', 'method=optimize', 'algorithm=newton', 'iter=10000']
2025-09-29 23:05:52,972 - [INFO] - Chain [1] start processing
2025-09-29 23:05:53,150 - [INFO] - Chain [1] done processing
2025-09-29 23:05:53,422 - [INFO] - HTTP Request: POST https://ytuiqgrpbwdxrmbzssrb.supabase.co/rest/v1/policy_recommendations "HTTP/2 201 Created"
2025-09-29 23:05:53,424 - [INFO] - Forecast for product 25891603: 26 units (30-day avg, clamped 0-300.0)
2025-09-29 23:05:53,424 - [INFO] - Forecasting complete (18 products)
2025-09-29 23:05:53,425 - [INFO] - Forecasting complete (18 products)
2025-09-29 23:05:53,426 - [INFO] - Generating policy recommendations
2025-09-29 23:05:53,426 - [INFO] - Pipeline completed successfully
2025-09-29 23:12:09,571 - [INFO] - Settings loaded (env=default)
2025-09-29 23:17:27,268 - [INFO] - Settings loaded (env=default)
2025-09-29 23:18:44,713 - [INFO] - Settings loaded (env=default)
2025-09-29 23:23:50,037 - [INFO] - Settings loaded (env=default)
2025-09-29 23:27:47,677 - [INFO] - Settings loaded (env=default)
2025-09-29 23:53:38,505 - [INFO] - Starting analytics pipeline
2025-09-29 23:53:38,506 - [INFO] - Settings loaded (env=default)
2025-09-29 23:53:38,873 - [INFO] - Running Customer KPI Risk Predictions
2025-09-29 23:53:38,873 - [INFO] - Running Customer KPI Risk Pipeline...
2025-09-29 23:53:38,873 - [INFO] - Fetching KPI data from Supabase...
2025-09-29 23:53:40,537 - [INFO] - HTTP Request: GET https://ytuiqgrpbwdxrmbzssrb.supabase.co/rest/v1/fact_aggregate?select=%2A "HTTP/2 200 OK"
2025-09-29 23:53:40,705 - [INFO] - HTTP Request: GET https://ytuiqgrpbwdxrmbzssrb.supabase.co/rest/v1/dim_targets_order?select=%2A "HTTP/2 200 OK"
2025-09-29 23:53:40,710 - [INFO] - Fetched 1000 KPI rows
2025-09-29 23:53:40,711 - [INFO] - Preparing dataset for model...
2025-09-29 23:53:40,714 - [WARNING] - Target column 'target_cost' not found, using default 0.9.
2025-09-29 23:53:40,715 - [WARNING] - Target column 'target_quality' not found, using default 0.9.
2025-09-29 23:53:40,717 - [WARNING] - No 'label' column found. Created synthetic labels based on otif_pct < target_otif.
2025-09-29 23:53:40,717 - [INFO] - Prepared dataset with 1000 rows and features: ['otif_pct', 'target_otif', 'target_cost', 'target_quality']
2025-09-29 23:53:40,717 - [INFO] - Training LightGBM model...
2025-09-29 23:53:40,718 - [WARNING] - Only one class in dataset -> fallback to dummy predictions.
2025-09-29 23:53:40,719 - [INFO] - Storing predictions in Supabase...
2025-09-29 23:53:41,259 - [INFO] - HTTP Request: POST https://ytuiqgrpbwdxrmbzssrb.supabase.co/rest/v1/kpi_risk_predictions?columns=%22prediction_date%22%2C%22risk_score%22%2C%22risk_label%22%2C%22customer_id%22 "HTTP/2 201 Created"
2025-09-29 23:53:41,263 - [INFO] - Inserted 1000 predictions into Supabase.
2025-09-29 23:53:41,263 - [INFO] - Customer risk pipeline completed successfully
2025-09-29 23:53:41,264 - [INFO] - Running KPI analysis
2025-09-29 23:53:42,048 - [INFO] - HTTP Request: GET https://ytuiqgrpbwdxrmbzssrb.supabase.co/rest/v1/kpi_summary?select=%2A "HTTP/2 200 OK"
2025-09-29 23:53:42,049 - [INFO] - Fetched 35 KPI summary rows
2025-09-29 23:53:42,050 - [INFO] - KPI analysis complete (35 records)
2025-09-29 23:53:42,050 - [INFO] - Running demand forecasting
2025-09-29 23:53:42,051 - [INFO] - Running demand forecasting
2025-09-29 23:53:42,237 - [INFO] - HTTP Request: GET https://ytuiqgrpbwdxrmbzssrb.supabase.co/rest/v1/fact_order_line?select=order_placement_date%2Cproduct_id%2Corder_qty "HTTP/2 200 OK"
2025-09-29 23:53:42,292 - [DEBUG] - cmd: where.exe tbb.dll
cwd: None
2025-09-29 23:53:42,382 - [DEBUG] - Adding TBB (c:\Users\peral\AppData\Local\Programs\Python\Python313\Lib\site-packages\prophet\stan_model\cmdstan-2.33.1\stan\lib\stan_math\lib\tbb) to PATH
2025-09-29 23:53:42,400 - [DEBUG] - input tempfile: C:\Users\peral\AppData\Local\Temp\tmpl8sq8qxn\b52r512p.json
2025-09-29 23:53:42,404 - [DEBUG] - input tempfile: C:\Users\peral\AppData\Local\Temp\tmpl8sq8qxn\onyflb32.json
2025-09-29 23:53:42,407 - [DEBUG] - idx 0
2025-09-29 23:53:42,407 - [DEBUG] - running CmdStan, num_threads: None
2025-09-29 23:53:42,407 - [DEBUG] - CmdStan args: ['C:\\Users\\peral\\AppData\\Local\\Programs\\Python\\Python313\\Lib\\site-packages\\prophet\\stan_model\\prophet_model.bin', 'random', 'seed=16274', 'data', 'file=C:\\Users\\peral\\AppData\\Local\\Temp\\tmpl8sq8qxn\\b52r512p.json', 'init=C:\\Users\\peral\\AppData\\Local\\Temp\\tmpl8sq8qxn\\onyflb32.json', 'output', 'file=C:\\Users\\peral\\AppData\\Local\\Temp\\tmpl8sq8qxn\\prophet_modelmebr8nef\\prophet_model-20250929235342.csv', 'method=optimize', 'algorithm=newton', 'iter=10000']
2025-09-29 23:53:42,408 - [INFO] - Chain [1] start processing
2025-09-29 23:53:42,524 - [INFO] - Chain [1] done processing
2025-09-29 23:53:42,697 - [INFO] - HTTP Request: POST https://ytuiqgrpbwdxrmbzssrb.supabase.co/rest/v1/policy_recommendations "HTTP/2 201 Created"
2025-09-29 23:53:42,699 - [INFO] - Forecast for product 25891101: 151 units (30-day avg, clamped 0-741.0)
2025-09-29 23:53:42,700 - [DEBUG] - cmd: where.exe tbb.dll
cwd: None
2025-09-29 23:53:42,791 - [DEBUG] - TBB already found in load path
2025-09-29 23:53:42,810 - [DEBUG] - input tempfile: C:\Users\peral\AppData\Local\Temp\tmpl8sq8qxn\53bd9gf7.json
2025-09-29 23:53:42,813 - [DEBUG] - input tempfile: C:\Users\peral\AppData\Local\Temp\tmpl8sq8qxn\ccyj8ulv.json
2025-09-29 23:53:42,815 - [DEBUG] - idx 0
2025-09-29 23:53:42,816 - [DEBUG] - running CmdStan, num_threads: None
2025-09-29 23:53:42,816 - [DEBUG] - CmdStan args: ['C:\\Users\\peral\\AppData\\Local\\Programs\\Python\\Python313\\Lib\\site-packages\\prophet\\stan_model\\prophet_model.bin', 'random', 'seed=21434', 'data', 'file=C:\\Users\\peral\\AppData\\Local\\Temp\\tmpl8sq8qxn\\53bd9gf7.json', 'init=C:\\Users\\peral\\AppData\\Local\\Temp\\tmpl8sq8qxn\\ccyj8ulv.json', 'output', 'file=C:\\Users\\peral\\AppData\\Local\\Temp\\tmpl8sq8qxn\\prophet_modele3tqwqce\\prophet_model-20250929235342.csv', 'method=optimize', 'algorithm=newton', 'iter=10000']
2025-09-29 23:53:42,817 - [INFO] - Chain [1] start processing
2025-09-29 23:53:42,885 - [INFO] - Chain [1] done processing
2025-09-29 23:53:43,085 - [INFO] - HTTP Request: POST https://ytuiqgrpbwdxrmbzssrb.supabase.co/rest/v1/policy_recommendations "HTTP/2 201 Created"
2025-09-29 23:53:43,087 - [INFO] - Forecast for product 25891102: 452 units (30-day avg, clamped 0-744.0)
2025-09-29 23:53:43,089 - [DEBUG] - cmd: where.exe tbb.dll
cwd: None
2025-09-29 23:53:43,177 - [DEBUG] - TBB already found in load path
2025-09-29 23:53:43,191 - [DEBUG] - input tempfile: C:\Users\peral\AppData\Local\Temp\tmpl8sq8qxn\1obr0rk0.json
2025-09-29 23:53:43,192 - [DEBUG] - input tempfile: C:\Users\peral\AppData\Local\Temp\tmpl8sq8qxn\cu97r4hh.json
2025-09-29 23:53:43,194 - [DEBUG] - idx 0
2025-09-29 23:53:43,195 - [DEBUG] - running CmdStan, num_threads: None
2025-09-29 23:53:43,195 - [DEBUG] - CmdStan args: ['C:\\Users\\peral\\AppData\\Local\\Programs\\Python\\Python313\\Lib\\site-packages\\prophet\\stan_model\\prophet_model.bin', 'random', 'seed=97358', 'data', 'file=C:\\Users\\peral\\AppData\\Local\\Temp\\tmpl8sq8qxn\\1obr0rk0.json', 'init=C:\\Users\\peral\\AppData\\Local\\Temp\\tmpl8sq8qxn\\cu97r4hh.json', 'output', 'file=C:\\Users\\peral\\AppData\\Local\\Temp\\tmpl8sq8qxn\\prophet_modeldcqiamc3\\prophet_model-20250929235343.csv', 'method=optimize', 'algorithm=newton', 'iter=10000']
2025-09-29 23:53:43,195 - [INFO] - Chain [1] start processing
2025-09-29 23:53:43,287 - [INFO] - Chain [1] done processing
2025-09-29 23:53:43,441 - [INFO] - HTTP Request: POST https://ytuiqgrpbwdxrmbzssrb.supabase.co/rest/v1/policy_recommendations "HTTP/2 201 Created"
2025-09-29 23:53:43,442 - [INFO] - Forecast for product 25891103: 415 units (30-day avg, clamped 0-747.0)
2025-09-29 23:53:43,444 - [DEBUG] - cmd: where.exe tbb.dll
cwd: None
2025-09-29 23:53:43,534 - [DEBUG] - TBB already found in load path
2025-09-29 23:53:43,546 - [DEBUG] - input tempfile: C:\Users\peral\AppData\Local\Temp\tmpl8sq8qxn\2e8ln3pi.json
2025-09-29 23:53:43,548 - [DEBUG] - input tempfile: C:\Users\peral\AppData\Local\Temp\tmpl8sq8qxn\vw7mnyrq.json
2025-09-29 23:53:43,551 - [DEBUG] - idx 0
2025-09-29 23:53:43,551 - [DEBUG] - running CmdStan, num_threads: None
2025-09-29 23:53:43,551 - [DEBUG] - CmdStan args: ['C:\\Users\\peral\\AppData\\Local\\Programs\\Python\\Python313\\Lib\\site-packages\\prophet\\stan_model\\prophet_model.bin', 'random', 'seed=75573', 'data', 'file=C:\\Users\\peral\\AppData\\Local\\Temp\\tmpl8sq8qxn\\2e8ln3pi.json', 'init=C:\\Users\\peral\\AppData\\Local\\Temp\\tmpl8sq8qxn\\vw7mnyrq.json', 'output', 'file=C:\\Users\\peral\\AppData\\Local\\Temp\\tmpl8sq8qxn\\prophet_modelkfck3jeb\\prophet_model-20250929235343.csv', 'method=optimize', 'algorithm=newton', 'iter=10000']
2025-09-29 23:53:43,552 - [INFO] - Chain [1] start processing
2025-09-29 23:53:43,653 - [INFO] - Chain [1] done processing
2025-09-29 23:53:43,900 - [INFO] - HTTP Request: POST https://ytuiqgrpbwdxrmbzssrb.supabase.co/rest/v1/policy_recommendations "HTTP/2 201 Created"
2025-09-29 23:53:43,901 - [INFO] - Forecast for product 25891201: 63 units (30-day avg, clamped 0-750.0)
2025-09-29 23:53:43,903 - [DEBUG] - cmd: where.exe tbb.dll
cwd: None
2025-09-29 23:53:43,989 - [DEBUG] - TBB already found in load path
2025-09-29 23:53:44,000 - [DEBUG] - input tempfile: C:\Users\peral\AppData\Local\Temp\tmpl8sq8qxn\gp7l5l0l.json
2025-09-29 23:53:44,003 - [DEBUG] - input tempfile: C:\Users\peral\AppData\Local\Temp\tmpl8sq8qxn\zphv6jmv.json
2025-09-29 23:53:44,004 - [DEBUG] - idx 0
2025-09-29 23:53:44,005 - [DEBUG] - running CmdStan, num_threads: None
2025-09-29 23:53:44,005 - [DEBUG] - CmdStan args: ['C:\\Users\\peral\\AppData\\Local\\Programs\\Python\\Python313\\Lib\\site-packages\\prophet\\stan_model\\prophet_model.bin', 'random', 'seed=82278', 'data', 'file=C:\\Users\\peral\\AppData\\Local\\Temp\\tmpl8sq8qxn\\gp7l5l0l.json', 'init=C:\\Users\\peral\\AppData\\Local\\Temp\\tmpl8sq8qxn\\zphv6jmv.json', 'output', 'file=C:\\Users\\peral\\AppData\\Local\\Temp\\tmpl8sq8qxn\\prophet_modelap3pr2xn\\prophet_model-20250929235344.csv', 'method=optimize', 'algorithm=newton', 'iter=10000']
2025-09-29 23:53:44,005 - [INFO] - Chain [1] start processing
2025-09-29 23:53:44,132 - [INFO] - Chain [1] done processing
2025-09-29 23:53:44,364 - [INFO] - HTTP Request: POST https://ytuiqgrpbwdxrmbzssrb.supabase.co/rest/v1/policy_recommendations "HTTP/2 201 Created"
2025-09-29 23:53:44,365 - [INFO] - Forecast for product 25891202: 254 units (30-day avg, clamped 0-733.5)
2025-09-29 23:53:44,367 - [DEBUG] - cmd: where.exe tbb.dll
cwd: None
2025-09-29 23:53:44,454 - [DEBUG] - TBB already found in load path
2025-09-29 23:53:44,465 - [DEBUG] - input tempfile: C:\Users\peral\AppData\Local\Temp\tmpl8sq8qxn\nwd4w_ey.json
2025-09-29 23:53:44,468 - [DEBUG] - input tempfile: C:\Users\peral\AppData\Local\Temp\tmpl8sq8qxn\sdk0tvhg.json
2025-09-29 23:53:44,470 - [DEBUG] - idx 0
2025-09-29 23:53:44,470 - [DEBUG] - running CmdStan, num_threads: None
2025-09-29 23:53:44,471 - [DEBUG] - CmdStan args: ['C:\\Users\\peral\\AppData\\Local\\Programs\\Python\\Python313\\Lib\\site-packages\\prophet\\stan_model\\prophet_model.bin', 'random', 'seed=56202', 'data', 'file=C:\\Users\\peral\\AppData\\Local\\Temp\\tmpl8sq8qxn\\nwd4w_ey.json', 'init=C:\\Users\\peral\\AppData\\Local\\Temp\\tmpl8sq8qxn\\sdk0tvhg.json', 'output', 'file=C:\\Users\\peral\\AppData\\Local\\Temp\\tmpl8sq8qxn\\prophet_model2klit5xr\\prophet_model-20250929235344.csv', 'method=optimize', 'algorithm=newton', 'iter=10000']
2025-09-29 23:53:44,471 - [INFO] - Chain [1] start processing
2025-09-29 23:53:44,547 - [INFO] - Chain [1] done processing
2025-09-29 23:53:44,713 - [INFO] - HTTP Request: POST https://ytuiqgrpbwdxrmbzssrb.supabase.co/rest/v1/policy_recommendations "HTTP/2 201 Created"
2025-09-29 23:53:44,714 - [INFO] - Forecast for product 25891203: 299 units (30-day avg, clamped 0-750.0)
2025-09-29 23:53:44,716 - [DEBUG] - cmd: where.exe tbb.dll
cwd: None
2025-09-29 23:53:44,801 - [DEBUG] - TBB already found in load path
2025-09-29 23:53:44,812 - [DEBUG] - input tempfile: C:\Users\peral\AppData\Local\Temp\tmpl8sq8qxn\2y8njlw9.json
2025-09-29 23:53:44,815 - [DEBUG] - input tempfile: C:\Users\peral\AppData\Local\Temp\tmpl8sq8qxn\ct9hevkf.json
2025-09-29 23:53:44,816 - [DEBUG] - idx 0
2025-09-29 23:53:44,817 - [DEBUG] - running CmdStan, num_threads: None
2025-09-29 23:53:44,817 - [DEBUG] - CmdStan args: ['C:\\Users\\peral\\AppData\\Local\\Programs\\Python\\Python313\\Lib\\site-packages\\prophet\\stan_model\\prophet_model.bin', 'random', 'seed=48042', 'data', 'file=C:\\Users\\peral\\AppData\\Local\\Temp\\tmpl8sq8qxn\\2y8njlw9.json', 'init=C:\\Users\\peral\\AppData\\Local\\Temp\\tmpl8sq8qxn\\ct9hevkf.json', 'output', 'file=C:\\Users\\peral\\AppData\\Local\\Temp\\tmpl8sq8qxn\\prophet_model_k46ze8l\\prophet_model-20250929235344.csv', 'method=optimize', 'algorithm=newton', 'iter=10000']
2025-09-29 23:53:44,817 - [INFO] - Chain [1] start processing
2025-09-29 23:53:44,975 - [INFO] - Chain [1] done processing
2025-09-29 23:53:45,169 - [INFO] - HTTP Request: POST https://ytuiqgrpbwdxrmbzssrb.supabase.co/rest/v1/policy_recommendations "HTTP/2 201 Created"
2025-09-29 23:53:45,171 - [INFO] - Forecast for product 25891301: 88 units (30-day avg, clamped 0-150.0)
2025-09-29 23:53:45,173 - [DEBUG] - cmd: where.exe tbb.dll
cwd: None
2025-09-29 23:53:45,256 - [DEBUG] - TBB already found in load path
2025-09-29 23:53:45,271 - [DEBUG] - input tempfile: C:\Users\peral\AppData\Local\Temp\tmpl8sq8qxn\b1b9kb7r.json
2025-09-29 23:53:45,274 - [DEBUG] - input tempfile: C:\Users\peral\AppData\Local\Temp\tmpl8sq8qxn\txsn7qar.json
2025-09-29 23:53:45,275 - [DEBUG] - idx 0
2025-09-29 23:53:45,276 - [DEBUG] - running CmdStan, num_threads: None
2025-09-29 23:53:45,276 - [DEBUG] - CmdStan args: ['C:\\Users\\peral\\AppData\\Local\\Programs\\Python\\Python313\\Lib\\site-packages\\prophet\\stan_model\\prophet_model.bin', 'random', 'seed=17959', 'data', 'file=C:\\Users\\peral\\AppData\\Local\\Temp\\tmpl8sq8qxn\\b1b9kb7r.json', 'init=C:\\Users\\peral\\AppData\\Local\\Temp\\tmpl8sq8qxn\\txsn7qar.json', 'output', 'file=C:\\Users\\peral\\AppData\\Local\\Temp\\tmpl8sq8qxn\\prophet_modelul2xd1oe\\prophet_model-20250929235345.csv', 'method=optimize', 'algorithm=newton', 'iter=10000']
2025-09-29 23:53:45,276 - [INFO] - Chain [1] start processing
2025-09-29 23:53:45,387 - [INFO] - Chain [1] done processing
2025-09-29 23:53:45,553 - [INFO] - HTTP Request: POST https://ytuiqgrpbwdxrmbzssrb.supabase.co/rest/v1/policy_recommendations "HTTP/2 201 Created"
2025-09-29 23:53:45,554 - [INFO] - Forecast for product 25891302: 135 units (30-day avg, clamped 0-148.5)
2025-09-29 23:53:45,556 - [DEBUG] - cmd: where.exe tbb.dll
cwd: None
2025-09-29 23:53:45,642 - [DEBUG] - TBB already found in load path
2025-09-29 23:53:45,658 - [DEBUG] - input tempfile: C:\Users\peral\AppData\Local\Temp\tmpl8sq8qxn\guirob2j.json
2025-09-29 23:53:45,660 - [DEBUG] - input tempfile: C:\Users\peral\AppData\Local\Temp\tmpl8sq8qxn\9kl7o0q3.json
2025-09-29 23:53:45,662 - [DEBUG] - idx 0
2025-09-29 23:53:45,662 - [DEBUG] - running CmdStan, num_threads: None
2025-09-29 23:53:45,663 - [DEBUG] - CmdStan args: ['C:\\Users\\peral\\AppData\\Local\\Programs\\Python\\Python313\\Lib\\site-packages\\prophet\\stan_model\\prophet_model.bin', 'random', 'seed=5911', 'data', 'file=C:\\Users\\peral\\AppData\\Local\\Temp\\tmpl8sq8qxn\\guirob2j.json', 'init=C:\\Users\\peral\\AppData\\Local\\Temp\\tmpl8sq8qxn\\9kl7o0q3.json', 'output', 'file=C:\\Users\\peral\\AppData\\Local\\Temp\\tmpl8sq8qxn\\prophet_model5bm5e8e0\\prophet_model-20250929235345.csv', 'method=optimize', 'algorithm=newton', 'iter=10000']
2025-09-29 23:53:45,663 - [INFO] - Chain [1] start processing
2025-09-29 23:53:45,742 - [INFO] - Chain [1] done processing
2025-09-29 23:53:45,913 - [INFO] - HTTP Request: POST https://ytuiqgrpbwdxrmbzssrb.supabase.co/rest/v1/policy_recommendations "HTTP/2 201 Created"
2025-09-29 23:53:45,914 - [INFO] - Forecast for product 25891303: 46 units (30-day avg, clamped 0-142.5)
2025-09-29 23:53:45,916 - [DEBUG] - cmd: where.exe tbb.dll
cwd: None
2025-09-29 23:53:46,000 - [DEBUG] - TBB already found in load path
2025-09-29 23:53:46,012 - [DEBUG] - input tempfile: C:\Users\peral\AppData\Local\Temp\tmpl8sq8qxn\ajjw0s7d.json
2025-09-29 23:53:46,014 - [DEBUG] - input tempfile: C:\Users\peral\AppData\Local\Temp\tmpl8sq8qxn\e886egpv.json
2025-09-29 23:53:46,015 - [DEBUG] - idx 0
2025-09-29 23:53:46,016 - [DEBUG] - running CmdStan, num_threads: None
2025-09-29 23:53:46,016 - [DEBUG] - CmdStan args: ['C:\\Users\\peral\\AppData\\Local\\Programs\\Python\\Python313\\Lib\\site-packages\\prophet\\stan_model\\prophet_model.bin', 'random', 'seed=39364', 'data', 'file=C:\\Users\\peral\\AppData\\Local\\Temp\\tmpl8sq8qxn\\ajjw0s7d.json', 'init=C:\\Users\\peral\\AppData\\Local\\Temp\\tmpl8sq8qxn\\e886egpv.json', 'output', 'file=C:\\Users\\peral\\AppData\\Local\\Temp\\tmpl8sq8qxn\\prophet_modelbwm5hdc6\\prophet_model-20250929235346.csv', 'method=optimize', 'algorithm=newton', 'iter=10000']
2025-09-29 23:53:46,016 - [INFO] - Chain [1] start processing
2025-09-29 23:53:46,107 - [INFO] - Chain [1] done processing
2025-09-29 23:53:46,288 - [INFO] - HTTP Request: POST https://ytuiqgrpbwdxrmbzssrb.supabase.co/rest/v1/policy_recommendations "HTTP/2 201 Created"
2025-09-29 23:53:46,289 - [INFO] - Forecast for product 25891401: 505 units (30-day avg, clamped 0-741.0)
2025-09-29 23:53:46,291 - [DEBUG] - cmd: where.exe tbb.dll
cwd: None
2025-09-29 23:53:46,378 - [DEBUG] - TBB already found in load path
2025-09-29 23:53:46,393 - [DEBUG] - input tempfile: C:\Users\peral\AppData\Local\Temp\tmpl8sq8qxn\5hpjp9u1.json
2025-09-29 23:53:46,395 - [DEBUG] - input tempfile: C:\Users\peral\AppData\Local\Temp\tmpl8sq8qxn\scm86fkx.json
2025-09-29 23:53:46,397 - [DEBUG] - idx 0
2025-09-29 23:53:46,398 - [DEBUG] - running CmdStan, num_threads: None
2025-09-29 23:53:46,398 - [DEBUG] - CmdStan args: ['C:\\Users\\peral\\AppData\\Local\\Programs\\Python\\Python313\\Lib\\site-packages\\prophet\\stan_model\\prophet_model.bin', 'random', 'seed=12378', 'data', 'file=C:\\Users\\peral\\AppData\\Local\\Temp\\tmpl8sq8qxn\\5hpjp9u1.json', 'init=C:\\Users\\peral\\AppData\\Local\\Temp\\tmpl8sq8qxn\\scm86fkx.json', 'output', 'file=C:\\Users\\peral\\AppData\\Local\\Temp\\tmpl8sq8qxn\\prophet_modelprj798kf\\prophet_model-20250929235346.csv', 'method=optimize', 'algorithm=newton', 'iter=10000']
2025-09-29 23:53:46,398 - [INFO] - Chain [1] start processing
2025-09-29 23:53:46,504 - [INFO] - Chain [1] done processing
2025-09-29 23:53:46,704 - [INFO] - HTTP Request: POST https://ytuiqgrpbwdxrmbzssrb.supabase.co/rest/v1/policy_recommendations "HTTP/2 201 Created"
2025-09-29 23:53:46,705 - [INFO] - Forecast for product 25891402: 149 units (30-day avg, clamped 0-738.0)
2025-09-29 23:53:46,707 - [DEBUG] - cmd: where.exe tbb.dll
cwd: None
2025-09-29 23:53:46,795 - [DEBUG] - TBB already found in load path
2025-09-29 23:53:46,808 - [DEBUG] - input tempfile: C:\Users\peral\AppData\Local\Temp\tmpl8sq8qxn\2kc52nie.json
2025-09-29 23:53:46,810 - [DEBUG] - input tempfile: C:\Users\peral\AppData\Local\Temp\tmpl8sq8qxn\81lusyyl.json
2025-09-29 23:53:46,812 - [DEBUG] - idx 0
2025-09-29 23:53:46,812 - [DEBUG] - running CmdStan, num_threads: None
2025-09-29 23:53:46,813 - [DEBUG] - CmdStan args: ['C:\\Users\\peral\\AppData\\Local\\Programs\\Python\\Python313\\Lib\\site-packages\\prophet\\stan_model\\prophet_model.bin', 'random', 'seed=23974', 'data', 'file=C:\\Users\\peral\\AppData\\Local\\Temp\\tmpl8sq8qxn\\2kc52nie.json', 'init=C:\\Users\\peral\\AppData\\Local\\Temp\\tmpl8sq8qxn\\81lusyyl.json', 'output', 'file=C:\\Users\\peral\\AppData\\Local\\Temp\\tmpl8sq8qxn\\prophet_model2nd2hv6m\\prophet_model-20250929235346.csv', 'method=optimize', 'algorithm=newton', 'iter=10000']
2025-09-29 23:53:46,813 - [INFO] - Chain [1] start processing
2025-09-29 23:53:46,898 - [INFO] - Chain [1] done processing
2025-09-29 23:53:47,080 - [INFO] - HTTP Request: POST https://ytuiqgrpbwdxrmbzssrb.supabase.co/rest/v1/policy_recommendations "HTTP/2 201 Created"
2025-09-29 23:53:47,082 - [INFO] - Forecast for product 25891403: 134 units (30-day avg, clamped 0-742.5)
2025-09-29 23:53:47,084 - [DEBUG] - cmd: where.exe tbb.dll
cwd: None
2025-09-29 23:53:47,169 - [DEBUG] - TBB already found in load path
2025-09-29 23:53:47,179 - [DEBUG] - input tempfile: C:\Users\peral\AppData\Local\Temp\tmpl8sq8qxn\agi6vcp4.json
2025-09-29 23:53:47,182 - [DEBUG] - input tempfile: C:\Users\peral\AppData\Local\Temp\tmpl8sq8qxn\n_0343s_.json
2025-09-29 23:53:47,183 - [DEBUG] - idx 0
2025-09-29 23:53:47,183 - [DEBUG] - running CmdStan, num_threads: None
2025-09-29 23:53:47,183 - [DEBUG] - CmdStan args: ['C:\\Users\\peral\\AppData\\Local\\Programs\\Python\\Python313\\Lib\\site-packages\\prophet\\stan_model\\prophet_model.bin', 'random', 'seed=69857', 'data', 'file=C:\\Users\\peral\\AppData\\Local\\Temp\\tmpl8sq8qxn\\agi6vcp4.json', 'init=C:\\Users\\peral\\AppData\\Local\\Temp\\tmpl8sq8qxn\\n_0343s_.json', 'output', 'file=C:\\Users\\peral\\AppData\\Local\\Temp\\tmpl8sq8qxn\\prophet_model170aorzc\\prophet_model-20250929235347.csv', 'method=optimize', 'algorithm=newton', 'iter=10000']
2025-09-29 23:53:47,184 - [INFO] - Chain [1] start processing
2025-09-29 23:53:47,263 - [INFO] - Chain [1] done processing
2025-09-29 23:53:47,428 - [INFO] - HTTP Request: POST https://ytuiqgrpbwdxrmbzssrb.supabase.co/rest/v1/policy_recommendations "HTTP/2 201 Created"
2025-09-29 23:53:47,429 - [INFO] - Forecast for product 25891501: 232 units (30-day avg, clamped 0-375.0)
2025-09-29 23:53:47,432 - [DEBUG] - cmd: where.exe tbb.dll
cwd: None
2025-09-29 23:53:47,518 - [DEBUG] - TBB already found in load path
2025-09-29 23:53:47,535 - [DEBUG] - input tempfile: C:\Users\peral\AppData\Local\Temp\tmpl8sq8qxn\qqwiesah.json
2025-09-29 23:53:47,538 - [DEBUG] - input tempfile: C:\Users\peral\AppData\Local\Temp\tmpl8sq8qxn\cwzbz0q7.json
2025-09-29 23:53:47,540 - [DEBUG] - idx 0
2025-09-29 23:53:47,541 - [DEBUG] - running CmdStan, num_threads: None
2025-09-29 23:53:47,541 - [DEBUG] - CmdStan args: ['C:\\Users\\peral\\AppData\\Local\\Programs\\Python\\Python313\\Lib\\site-packages\\prophet\\stan_model\\prophet_model.bin', 'random', 'seed=81238', 'data', 'file=C:\\Users\\peral\\AppData\\Local\\Temp\\tmpl8sq8qxn\\qqwiesah.json', 'init=C:\\Users\\peral\\AppData\\Local\\Temp\\tmpl8sq8qxn\\cwzbz0q7.json', 'output', 'file=C:\\Users\\peral\\AppData\\Local\\Temp\\tmpl8sq8qxn\\prophet_model2nub9f24\\prophet_model-20250929235347.csv', 'method=optimize', 'algorithm=newton', 'iter=10000']
2025-09-29 23:53:47,541 - [INFO] - Chain [1] start processing
2025-09-29 23:53:47,637 - [INFO] - Chain [1] done processing
2025-09-29 23:53:47,861 - [INFO] - HTTP Request: POST https://ytuiqgrpbwdxrmbzssrb.supabase.co/rest/v1/policy_recommendations "HTTP/2 201 Created"
2025-09-29 23:53:47,862 - [INFO] - Forecast for product 25891502: 130 units (30-day avg, clamped 0-364.5)
2025-09-29 23:53:47,864 - [DEBUG] - cmd: where.exe tbb.dll
cwd: None
2025-09-29 23:53:47,950 - [DEBUG] - TBB already found in load path
2025-09-29 23:53:47,961 - [DEBUG] - input tempfile: C:\Users\peral\AppData\Local\Temp\tmpl8sq8qxn\ocgqlwcr.json
2025-09-29 23:53:47,963 - [DEBUG] - input tempfile: C:\Users\peral\AppData\Local\Temp\tmpl8sq8qxn\rcjuu25d.json
2025-09-29 23:53:47,965 - [DEBUG] - idx 0
2025-09-29 23:53:47,965 - [DEBUG] - running CmdStan, num_threads: None
2025-09-29 23:53:47,966 - [DEBUG] - CmdStan args: ['C:\\Users\\peral\\AppData\\Local\\Programs\\Python\\Python313\\Lib\\site-packages\\prophet\\stan_model\\prophet_model.bin', 'random', 'seed=32254', 'data', 'file=C:\\Users\\peral\\AppData\\Local\\Temp\\tmpl8sq8qxn\\ocgqlwcr.json', 'init=C:\\Users\\peral\\AppData\\Local\\Temp\\tmpl8sq8qxn\\rcjuu25d.json', 'output', 'file=C:\\Users\\peral\\AppData\\Local\\Temp\\tmpl8sq8qxn\\prophet_modelwq1gqyoi\\prophet_model-20250929235347.csv', 'method=optimize', 'algorithm=newton', 'iter=10000']
2025-09-29 23:53:47,966 - [INFO] - Chain [1] start processing
2025-09-29 23:53:48,046 - [INFO] - Chain [1] done processing
2025-09-29 23:53:48,224 - [INFO] - HTTP Request: POST https://ytuiqgrpbwdxrmbzssrb.supabase.co/rest/v1/policy_recommendations "HTTP/2 201 Created"
2025-09-29 23:53:48,225 - [INFO] - Forecast for product 25891503: 132 units (30-day avg, clamped 0-372.0)
2025-09-29 23:53:48,227 - [DEBUG] - cmd: where.exe tbb.dll
cwd: None
2025-09-29 23:53:48,315 - [DEBUG] - TBB already found in load path
2025-09-29 23:53:48,326 - [DEBUG] - input tempfile: C:\Users\peral\AppData\Local\Temp\tmpl8sq8qxn\e9tsl73t.json
2025-09-29 23:53:48,330 - [DEBUG] - input tempfile: C:\Users\peral\AppData\Local\Temp\tmpl8sq8qxn\vzohi1px.json
2025-09-29 23:53:48,332 - [DEBUG] - idx 0
2025-09-29 23:53:48,332 - [DEBUG] - running CmdStan, num_threads: None
2025-09-29 23:53:48,332 - [DEBUG] - CmdStan args: ['C:\\Users\\peral\\AppData\\Local\\Programs\\Python\\Python313\\Lib\\site-packages\\prophet\\stan_model\\prophet_model.bin', 'random', 'seed=38555', 'data', 'file=C:\\Users\\peral\\AppData\\Local\\Temp\\tmpl8sq8qxn\\e9tsl73t.json', 'init=C:\\Users\\peral\\AppData\\Local\\Temp\\tmpl8sq8qxn\\vzohi1px.json', 'output', 'file=C:\\Users\\peral\\AppData\\Local\\Temp\\tmpl8sq8qxn\\prophet_modely4604pug\\prophet_model-20250929235348.csv', 'method=optimize', 'algorithm=newton', 'iter=10000']
2025-09-29 23:53:48,333 - [INFO] - Chain [1] start processing
2025-09-29 23:53:48,376 - [INFO] - Chain [1] done processing
2025-09-29 23:53:48,534 - [INFO] - HTTP Request: POST https://ytuiqgrpbwdxrmbzssrb.supabase.co/rest/v1/policy_recommendations "HTTP/2 201 Created"
2025-09-29 23:53:48,535 - [INFO] - Forecast for product 25891601: 85 units (30-day avg, clamped 0-291.0)
2025-09-29 23:53:48,537 - [DEBUG] - cmd: where.exe tbb.dll
cwd: None
2025-09-29 23:53:48,622 - [DEBUG] - TBB already found in load path
2025-09-29 23:53:48,633 - [DEBUG] - input tempfile: C:\Users\peral\AppData\Local\Temp\tmpl8sq8qxn\6bngjbip.json
2025-09-29 23:53:48,636 - [DEBUG] - input tempfile: C:\Users\peral\AppData\Local\Temp\tmpl8sq8qxn\7jy10l96.json
2025-09-29 23:53:48,638 - [DEBUG] - idx 0
2025-09-29 23:53:48,639 - [DEBUG] - running CmdStan, num_threads: None
2025-09-29 23:53:48,639 - [DEBUG] - CmdStan args: ['C:\\Users\\peral\\AppData\\Local\\Programs\\Python\\Python313\\Lib\\site-packages\\prophet\\stan_model\\prophet_model.bin', 'random', 'seed=92302', 'data', 'file=C:\\Users\\peral\\AppData\\Local\\Temp\\tmpl8sq8qxn\\6bngjbip.json', 'init=C:\\Users\\peral\\AppData\\Local\\Temp\\tmpl8sq8qxn\\7jy10l96.json', 'output', 'file=C:\\Users\\peral\\AppData\\Local\\Temp\\tmpl8sq8qxn\\prophet_modelphazq9uf\\prophet_model-20250929235348.csv', 'method=optimize', 'algorithm=newton', 'iter=10000']
2025-09-29 23:53:48,639 - [INFO] - Chain [1] start processing
2025-09-29 23:53:48,737 - [INFO] - Chain [1] done processing
2025-09-29 23:53:48,917 - [INFO] - HTTP Request: POST https://ytuiqgrpbwdxrmbzssrb.supabase.co/rest/v1/policy_recommendations "HTTP/2 201 Created"
2025-09-29 23:53:48,918 - [INFO] - Forecast for product 25891602: 42 units (30-day avg, clamped 0-300.0)
2025-09-29 23:53:48,921 - [DEBUG] - cmd: where.exe tbb.dll
cwd: None
2025-09-29 23:53:49,007 - [DEBUG] - TBB already found in load path
2025-09-29 23:53:49,019 - [DEBUG] - input tempfile: C:\Users\peral\AppData\Local\Temp\tmpl8sq8qxn\4d1b6jtm.json
2025-09-29 23:53:49,021 - [DEBUG] - input tempfile: C:\Users\peral\AppData\Local\Temp\tmpl8sq8qxn\sntp4wg9.json
2025-09-29 23:53:49,022 - [DEBUG] - idx 0
2025-09-29 23:53:49,023 - [DEBUG] - running CmdStan, num_threads: None
2025-09-29 23:53:49,023 - [DEBUG] - CmdStan args: ['C:\\Users\\peral\\AppData\\Local\\Programs\\Python\\Python313\\Lib\\site-packages\\prophet\\stan_model\\prophet_model.bin', 'random', 'seed=8385', 'data', 'file=C:\\Users\\peral\\AppData\\Local\\Temp\\tmpl8sq8qxn\\4d1b6jtm.json', 'init=C:\\Users\\peral\\AppData\\Local\\Temp\\tmpl8sq8qxn\\sntp4wg9.json', 'output', 'file=C:\\Users\\peral\\AppData\\Local\\Temp\\tmpl8sq8qxn\\prophet_modelmmztzh9w\\prophet_model-20250929235349.csv', 'method=optimize', 'algorithm=newton', 'iter=10000']
2025-09-29 23:53:49,023 - [INFO] - Chain [1] start processing
2025-09-29 23:53:49,104 - [INFO] - Chain [1] done processing
2025-09-29 23:53:49,277 - [INFO] - HTTP Request: POST https://ytuiqgrpbwdxrmbzssrb.supabase.co/rest/v1/policy_recommendations "HTTP/2 201 Created"
2025-09-29 23:53:49,278 - [INFO] - Forecast for product 25891603: 26 units (30-day avg, clamped 0-300.0)
2025-09-29 23:53:49,278 - [INFO] - Forecasting complete (18 products)
2025-09-29 23:53:49,279 - [INFO] - Forecasting complete (18 products)
2025-09-29 23:53:49,279 - [INFO] - Generating policy recommendations
2025-09-29 23:53:49,279 - [INFO] - Pipeline completed successfully
2025-10-03 22:41:37,477 - [INFO] - Settings loaded (env=default)
2025-10-03 22:42:59,022 - [INFO] - Starting analytics pipeline
2025-10-03 22:42:59,024 - [INFO] - Settings loaded (env=default)
2025-10-03 22:42:59,983 - [INFO] - Running Customer KPI Risk Predictions
2025-10-03 22:42:59,984 - [INFO] - Running Customer KPI Risk Pipeline...
2025-10-03 22:42:59,984 - [INFO] - Fetching KPI data from Supabase...
2025-10-03 22:43:02,233 - [INFO] - HTTP Request: GET https://ytuiqgrpbwdxrmbzssrb.supabase.co/rest/v1/fact_aggregate?select=%2A "HTTP/2 200 OK"
2025-10-03 22:43:02,439 - [INFO] - HTTP Request: GET https://ytuiqgrpbwdxrmbzssrb.supabase.co/rest/v1/dim_targets_order?select=%2A "HTTP/2 200 OK"
2025-10-03 22:43:02,468 - [INFO] - Fetched 1000 KPI rows
2025-10-03 22:43:02,469 - [INFO] - Preparing dataset for model...
2025-10-03 22:43:02,477 - [WARNING] - Target column 'target_cost' not found, using default 0.9.
2025-10-03 22:43:02,481 - [WARNING] - Target column 'target_quality' not found, using default 0.9.
2025-10-03 22:43:02,489 - [WARNING] - No 'label' column found. Created synthetic labels based on otif_pct < target_otif.
2025-10-03 22:43:02,490 - [INFO] - Prepared dataset with 1000 rows and features: ['otif_pct', 'target_otif', 'target_cost', 'target_quality']
2025-10-03 22:43:02,491 - [INFO] - Training LightGBM model...
2025-10-03 22:43:02,493 - [WARNING] - Only one class in dataset -> fallback to dummy predictions.
2025-10-03 22:43:02,496 - [INFO] - Storing predictions in Supabase...
2025-10-03 22:43:03,620 - [INFO] - HTTP Request: POST https://ytuiqgrpbwdxrmbzssrb.supabase.co/rest/v1/kpi_risk_predictions?columns=%22risk_label%22%2C%22customer_id%22%2C%22prediction_date%22%2C%22risk_score%22 "HTTP/2 201 Created"
2025-10-03 22:43:03,628 - [INFO] - Inserted 1000 predictions into Supabase.
2025-10-03 22:43:03,629 - [INFO] - Customer risk pipeline completed successfully
2025-10-03 22:43:03,632 - [INFO] - Running KPI analysis
2025-10-03 22:43:04,836 - [INFO] - HTTP Request: GET https://ytuiqgrpbwdxrmbzssrb.supabase.co/rest/v1/kpi_summary?select=%2A "HTTP/2 200 OK"
2025-10-03 22:43:04,840 - [INFO] - Fetched 35 KPI summary rows
2025-10-03 22:43:04,840 - [INFO] - KPI analysis complete (35 records)
2025-10-03 22:43:04,840 - [INFO] - Running demand forecasting
2025-10-03 22:43:04,841 - [INFO] - Running demand forecasting
2025-10-03 22:43:05,108 - [INFO] - HTTP Request: GET https://ytuiqgrpbwdxrmbzssrb.supabase.co/rest/v1/fact_order_line?select=order_placement_date%2Cproduct_id%2Corder_qty "HTTP/2 200 OK"
2025-10-03 22:43:05,226 - [DEBUG] - cmd: where.exe tbb.dll
cwd: None
2025-10-03 22:43:05,419 - [DEBUG] - Adding TBB (c:\Users\peral\AppData\Local\Programs\Python\Python313\Lib\site-packages\prophet\stan_model\cmdstan-2.33.1\stan\lib\stan_math\lib\tbb) to PATH
2025-10-03 22:43:05,478 - [DEBUG] - input tempfile: C:\Users\peral\AppData\Local\Temp\tmpxsvv926r\1t5hqh5b.json
2025-10-03 22:43:05,482 - [DEBUG] - input tempfile: C:\Users\peral\AppData\Local\Temp\tmpxsvv926r\efkrylsg.json
2025-10-03 22:43:05,485 - [DEBUG] - idx 0
2025-10-03 22:43:05,486 - [DEBUG] - running CmdStan, num_threads: None
2025-10-03 22:43:05,486 - [DEBUG] - CmdStan args: ['C:\\Users\\peral\\AppData\\Local\\Programs\\Python\\Python313\\Lib\\site-packages\\prophet\\stan_model\\prophet_model.bin', 'random', 'seed=51969', 'data', 'file=C:\\Users\\peral\\AppData\\Local\\Temp\\tmpxsvv926r\\1t5hqh5b.json', 'init=C:\\Users\\peral\\AppData\\Local\\Temp\\tmpxsvv926r\\efkrylsg.json', 'output', 'file=C:\\Users\\peral\\AppData\\Local\\Temp\\tmpxsvv926r\\prophet_model1per6238\\prophet_model-20251003224305.csv', 'method=optimize', 'algorithm=newton', 'iter=10000']
2025-10-03 22:43:05,487 - [INFO] - Chain [1] start processing
2025-10-03 22:43:05,774 - [INFO] - Chain [1] done processing
2025-10-03 22:43:06,023 - [INFO] - HTTP Request: POST https://ytuiqgrpbwdxrmbzssrb.supabase.co/rest/v1/policy_recommendations "HTTP/2 201 Created"
2025-10-03 22:43:06,024 - [INFO] - Forecast for product 25891101: 151 units (30-day avg, clamped 0-741.0)
2025-10-03 22:43:06,028 - [DEBUG] - cmd: where.exe tbb.dll
cwd: None
2025-10-03 22:43:06,269 - [DEBUG] - TBB already found in load path
2025-10-03 22:43:06,292 - [DEBUG] - input tempfile: C:\Users\peral\AppData\Local\Temp\tmpxsvv926r\fkvj1llp.json
2025-10-03 22:43:06,295 - [DEBUG] - input tempfile: C:\Users\peral\AppData\Local\Temp\tmpxsvv926r\hfzr53q1.json
2025-10-03 22:43:06,298 - [DEBUG] - idx 0
2025-10-03 22:43:06,298 - [DEBUG] - running CmdStan, num_threads: None
2025-10-03 22:43:06,299 - [DEBUG] - CmdStan args: ['C:\\Users\\peral\\AppData\\Local\\Programs\\Python\\Python313\\Lib\\site-packages\\prophet\\stan_model\\prophet_model.bin', 'random', 'seed=13520', 'data', 'file=C:\\Users\\peral\\AppData\\Local\\Temp\\tmpxsvv926r\\fkvj1llp.json', 'init=C:\\Users\\peral\\AppData\\Local\\Temp\\tmpxsvv926r\\hfzr53q1.json', 'output', 'file=C:\\Users\\peral\\AppData\\Local\\Temp\\tmpxsvv926r\\prophet_modelvg0fyggr\\prophet_model-20251003224306.csv', 'method=optimize', 'algorithm=newton', 'iter=10000']
2025-10-03 22:43:06,300 - [INFO] - Chain [1] start processing
2025-10-03 22:43:06,400 - [INFO] - Chain [1] done processing
2025-10-03 22:43:06,692 - [INFO] - HTTP Request: POST https://ytuiqgrpbwdxrmbzssrb.supabase.co/rest/v1/policy_recommendations "HTTP/2 201 Created"
2025-10-03 22:43:06,693 - [INFO] - Forecast for product 25891102: 452 units (30-day avg, clamped 0-744.0)
2025-10-03 22:43:06,696 - [DEBUG] - cmd: where.exe tbb.dll
cwd: None
2025-10-03 22:43:06,878 - [DEBUG] - TBB already found in load path
2025-10-03 22:43:06,905 - [DEBUG] - input tempfile: C:\Users\peral\AppData\Local\Temp\tmpxsvv926r\_gi430zc.json
2025-10-03 22:43:06,909 - [DEBUG] - input tempfile: C:\Users\peral\AppData\Local\Temp\tmpxsvv926r\3tkfj04z.json
2025-10-03 22:43:06,912 - [DEBUG] - idx 0
2025-10-03 22:43:06,912 - [DEBUG] - running CmdStan, num_threads: None
2025-10-03 22:43:06,912 - [DEBUG] - CmdStan args: ['C:\\Users\\peral\\AppData\\Local\\Programs\\Python\\Python313\\Lib\\site-packages\\prophet\\stan_model\\prophet_model.bin', 'random', 'seed=22448', 'data', 'file=C:\\Users\\peral\\AppData\\Local\\Temp\\tmpxsvv926r\\_gi430zc.json', 'init=C:\\Users\\peral\\AppData\\Local\\Temp\\tmpxsvv926r\\3tkfj04z.json', 'output', 'file=C:\\Users\\peral\\AppData\\Local\\Temp\\tmpxsvv926r\\prophet_modelgyxzqzq8\\prophet_model-20251003224306.csv', 'method=optimize', 'algorithm=newton', 'iter=10000']
2025-10-03 22:43:06,913 - [INFO] - Chain [1] start processing
2025-10-03 22:43:07,098 - [INFO] - Chain [1] done processing
2025-10-03 22:43:07,327 - [INFO] - HTTP Request: POST https://ytuiqgrpbwdxrmbzssrb.supabase.co/rest/v1/policy_recommendations "HTTP/2 201 Created"
2025-10-03 22:43:07,329 - [INFO] - Forecast for product 25891103: 415 units (30-day avg, clamped 0-747.0)
2025-10-03 22:43:07,333 - [DEBUG] - cmd: where.exe tbb.dll
cwd: None
2025-10-03 22:43:07,519 - [DEBUG] - TBB already found in load path
2025-10-03 22:43:07,545 - [DEBUG] - input tempfile: C:\Users\peral\AppData\Local\Temp\tmpxsvv926r\mp55wnku.json
2025-10-03 22:43:07,550 - [DEBUG] - input tempfile: C:\Users\peral\AppData\Local\Temp\tmpxsvv926r\1zymvr98.json
2025-10-03 22:43:07,552 - [DEBUG] - idx 0
2025-10-03 22:43:07,553 - [DEBUG] - running CmdStan, num_threads: None
2025-10-03 22:43:07,553 - [DEBUG] - CmdStan args: ['C:\\Users\\peral\\AppData\\Local\\Programs\\Python\\Python313\\Lib\\site-packages\\prophet\\stan_model\\prophet_model.bin', 'random', 'seed=69255', 'data', 'file=C:\\Users\\peral\\AppData\\Local\\Temp\\tmpxsvv926r\\mp55wnku.json', 'init=C:\\Users\\peral\\AppData\\Local\\Temp\\tmpxsvv926r\\1zymvr98.json', 'output', 'file=C:\\Users\\peral\\AppData\\Local\\Temp\\tmpxsvv926r\\prophet_modelb0l55fv7\\prophet_model-20251003224307.csv', 'method=optimize', 'algorithm=newton', 'iter=10000']
2025-10-03 22:43:07,554 - [INFO] - Chain [1] start processing
2025-10-03 22:43:07,772 - [INFO] - Chain [1] done processing
2025-10-03 22:43:08,125 - [INFO] - HTTP Request: POST https://ytuiqgrpbwdxrmbzssrb.supabase.co/rest/v1/policy_recommendations "HTTP/2 201 Created"
2025-10-03 22:43:08,127 - [INFO] - Forecast for product 25891201: 63 units (30-day avg, clamped 0-750.0)
2025-10-03 22:43:08,130 - [DEBUG] - cmd: where.exe tbb.dll
cwd: None
2025-10-03 22:43:08,319 - [DEBUG] - TBB already found in load path
2025-10-03 22:43:08,346 - [DEBUG] - input tempfile: C:\Users\peral\AppData\Local\Temp\tmpxsvv926r\ujo0v7vm.json
2025-10-03 22:43:08,353 - [DEBUG] - input tempfile: C:\Users\peral\AppData\Local\Temp\tmpxsvv926r\2t5pok_d.json
2025-10-03 22:43:08,356 - [DEBUG] - idx 0
2025-10-03 22:43:08,357 - [DEBUG] - running CmdStan, num_threads: None
2025-10-03 22:43:08,358 - [DEBUG] - CmdStan args: ['C:\\Users\\peral\\AppData\\Local\\Programs\\Python\\Python313\\Lib\\site-packages\\prophet\\stan_model\\prophet_model.bin', 'random', 'seed=32555', 'data', 'file=C:\\Users\\peral\\AppData\\Local\\Temp\\tmpxsvv926r\\ujo0v7vm.json', 'init=C:\\Users\\peral\\AppData\\Local\\Temp\\tmpxsvv926r\\2t5pok_d.json', 'output', 'file=C:\\Users\\peral\\AppData\\Local\\Temp\\tmpxsvv926r\\prophet_model6oe8ey74\\prophet_model-20251003224308.csv', 'method=optimize', 'algorithm=newton', 'iter=10000']
2025-10-03 22:43:08,360 - [INFO] - Chain [1] start processing
2025-10-03 22:43:08,641 - [INFO] - Chain [1] done processing
2025-10-03 22:43:08,882 - [INFO] - HTTP Request: POST https://ytuiqgrpbwdxrmbzssrb.supabase.co/rest/v1/policy_recommendations "HTTP/2 201 Created"
2025-10-03 22:43:08,883 - [INFO] - Forecast for product 25891202: 254 units (30-day avg, clamped 0-733.5)
2025-10-03 22:43:08,886 - [DEBUG] - cmd: where.exe tbb.dll
cwd: None
2025-10-03 22:43:09,094 - [DEBUG] - TBB already found in load path
2025-10-03 22:43:09,126 - [DEBUG] - input tempfile: C:\Users\peral\AppData\Local\Temp\tmpxsvv926r\jm46g2ys.json
2025-10-03 22:43:09,130 - [DEBUG] - input tempfile: C:\Users\peral\AppData\Local\Temp\tmpxsvv926r\t_c9hfm1.json
2025-10-03 22:43:09,133 - [DEBUG] - idx 0
2025-10-03 22:43:09,134 - [DEBUG] - running CmdStan, num_threads: None
2025-10-03 22:43:09,135 - [DEBUG] - CmdStan args: ['C:\\Users\\peral\\AppData\\Local\\Programs\\Python\\Python313\\Lib\\site-packages\\prophet\\stan_model\\prophet_model.bin', 'random', 'seed=76848', 'data', 'file=C:\\Users\\peral\\AppData\\Local\\Temp\\tmpxsvv926r\\jm46g2ys.json', 'init=C:\\Users\\peral\\AppData\\Local\\Temp\\tmpxsvv926r\\t_c9hfm1.json', 'output', 'file=C:\\Users\\peral\\AppData\\Local\\Temp\\tmpxsvv926r\\prophet_model1c54lqz9\\prophet_model-20251003224309.csv', 'method=optimize', 'algorithm=newton', 'iter=10000']
2025-10-03 22:43:09,135 - [INFO] - Chain [1] start processing
2025-10-03 22:43:09,285 - [INFO] - Chain [1] done processing
2025-10-03 22:43:09,531 - [INFO] - HTTP Request: POST https://ytuiqgrpbwdxrmbzssrb.supabase.co/rest/v1/policy_recommendations "HTTP/2 201 Created"
2025-10-03 22:43:09,534 - [INFO] - Forecast for product 25891203: 299 units (30-day avg, clamped 0-750.0)
2025-10-03 22:43:09,538 - [DEBUG] - cmd: where.exe tbb.dll
cwd: None
2025-10-03 22:43:09,735 - [DEBUG] - TBB already found in load path
2025-10-03 22:43:09,763 - [DEBUG] - input tempfile: C:\Users\peral\AppData\Local\Temp\tmpxsvv926r\gmb_vh85.json
2025-10-03 22:43:09,767 - [DEBUG] - input tempfile: C:\Users\peral\AppData\Local\Temp\tmpxsvv926r\t3coqq1m.json
2025-10-03 22:43:09,770 - [DEBUG] - idx 0
2025-10-03 22:43:09,771 - [DEBUG] - running CmdStan, num_threads: None
2025-10-03 22:43:09,771 - [DEBUG] - CmdStan args: ['C:\\Users\\peral\\AppData\\Local\\Programs\\Python\\Python313\\Lib\\site-packages\\prophet\\stan_model\\prophet_model.bin', 'random', 'seed=29736', 'data', 'file=C:\\Users\\peral\\AppData\\Local\\Temp\\tmpxsvv926r\\gmb_vh85.json', 'init=C:\\Users\\peral\\AppData\\Local\\Temp\\tmpxsvv926r\\t3coqq1m.json', 'output', 'file=C:\\Users\\peral\\AppData\\Local\\Temp\\tmpxsvv926r\\prophet_modelm1k8m5va\\prophet_model-20251003224309.csv', 'method=optimize', 'algorithm=newton', 'iter=10000']
2025-10-03 22:43:09,772 - [INFO] - Chain [1] start processing
2025-10-03 22:43:10,132 - [INFO] - Chain [1] done processing
2025-10-03 22:43:10,382 - [INFO] - HTTP Request: POST https://ytuiqgrpbwdxrmbzssrb.supabase.co/rest/v1/policy_recommendations "HTTP/2 201 Created"
2025-10-03 22:43:10,384 - [INFO] - Forecast for product 25891301: 88 units (30-day avg, clamped 0-150.0)
2025-10-03 22:43:10,387 - [DEBUG] - cmd: where.exe tbb.dll
cwd: None
2025-10-03 22:43:10,575 - [DEBUG] - TBB already found in load path
2025-10-03 22:43:10,603 - [DEBUG] - input tempfile: C:\Users\peral\AppData\Local\Temp\tmpxsvv926r\ftdw4e24.json
2025-10-03 22:43:10,607 - [DEBUG] - input tempfile: C:\Users\peral\AppData\Local\Temp\tmpxsvv926r\tj_55_u0.json
2025-10-03 22:43:10,609 - [DEBUG] - idx 0
2025-10-03 22:43:10,610 - [DEBUG] - running CmdStan, num_threads: None
2025-10-03 22:43:10,610 - [DEBUG] - CmdStan args: ['C:\\Users\\peral\\AppData\\Local\\Programs\\Python\\Python313\\Lib\\site-packages\\prophet\\stan_model\\prophet_model.bin', 'random', 'seed=21023', 'data', 'file=C:\\Users\\peral\\AppData\\Local\\Temp\\tmpxsvv926r\\ftdw4e24.json', 'init=C:\\Users\\peral\\AppData\\Local\\Temp\\tmpxsvv926r\\tj_55_u0.json', 'output', 'file=C:\\Users\\peral\\AppData\\Local\\Temp\\tmpxsvv926r\\prophet_modela59asp3x\\prophet_model-20251003224310.csv', 'method=optimize', 'algorithm=newton', 'iter=10000']
2025-10-03 22:43:10,610 - [INFO] - Chain [1] start processing
2025-10-03 22:43:10,848 - [INFO] - Chain [1] done processing
2025-10-03 22:43:11,107 - [INFO] - HTTP Request: POST https://ytuiqgrpbwdxrmbzssrb.supabase.co/rest/v1/policy_recommendations "HTTP/2 201 Created"
2025-10-03 22:43:11,108 - [INFO] - Forecast for product 25891302: 135 units (30-day avg, clamped 0-148.5)
2025-10-03 22:43:11,112 - [DEBUG] - cmd: where.exe tbb.dll
cwd: None
2025-10-03 22:43:11,289 - [DEBUG] - TBB already found in load path
2025-10-03 22:43:11,311 - [DEBUG] - input tempfile: C:\Users\peral\AppData\Local\Temp\tmpxsvv926r\heftbxdx.json
2025-10-03 22:43:11,314 - [DEBUG] - input tempfile: C:\Users\peral\AppData\Local\Temp\tmpxsvv926r\agk7ke_b.json
2025-10-03 22:43:11,317 - [DEBUG] - idx 0
2025-10-03 22:43:11,317 - [DEBUG] - running CmdStan, num_threads: None
2025-10-03 22:43:11,318 - [DEBUG] - CmdStan args: ['C:\\Users\\peral\\AppData\\Local\\Programs\\Python\\Python313\\Lib\\site-packages\\prophet\\stan_model\\prophet_model.bin', 'random', 'seed=12232', 'data', 'file=C:\\Users\\peral\\AppData\\Local\\Temp\\tmpxsvv926r\\heftbxdx.json', 'init=C:\\Users\\peral\\AppData\\Local\\Temp\\tmpxsvv926r\\agk7ke_b.json', 'output', 'file=C:\\Users\\peral\\AppData\\Local\\Temp\\tmpxsvv926r\\prophet_modelw6c3h8vx\\prophet_model-20251003224311.csv', 'method=optimize', 'algorithm=newton', 'iter=10000']
2025-10-03 22:43:11,318 - [INFO] - Chain [1] start processing
2025-10-03 22:43:11,462 - [INFO] - Chain [1] done processing
2025-10-03 22:43:12,222 - [INFO] - HTTP Request: POST https://ytuiqgrpbwdxrmbzssrb.supabase.co/rest/v1/policy_recommendations "HTTP/2 201 Created"
2025-10-03 22:43:12,223 - [INFO] - Forecast for product 25891303: 46 units (30-day avg, clamped 0-142.5)
2025-10-03 22:43:12,226 - [DEBUG] - cmd: where.exe tbb.dll
cwd: None
2025-10-03 22:43:12,399 - [DEBUG] - TBB already found in load path
2025-10-03 22:43:12,424 - [DEBUG] - input tempfile: C:\Users\peral\AppData\Local\Temp\tmpxsvv926r\yun870pb.json
2025-10-03 22:43:12,427 - [DEBUG] - input tempfile: C:\Users\peral\AppData\Local\Temp\tmpxsvv926r\0yco3qli.json
2025-10-03 22:43:12,429 - [DEBUG] - idx 0
2025-10-03 22:43:12,430 - [DEBUG] - running CmdStan, num_threads: None
2025-10-03 22:43:12,430 - [DEBUG] - CmdStan args: ['C:\\Users\\peral\\AppData\\Local\\Programs\\Python\\Python313\\Lib\\site-packages\\prophet\\stan_model\\prophet_model.bin', 'random', 'seed=54500', 'data', 'file=C:\\Users\\peral\\AppData\\Local\\Temp\\tmpxsvv926r\\yun870pb.json', 'init=C:\\Users\\peral\\AppData\\Local\\Temp\\tmpxsvv926r\\0yco3qli.json', 'output', 'file=C:\\Users\\peral\\AppData\\Local\\Temp\\tmpxsvv926r\\prophet_modelrjeyd369\\prophet_model-20251003224312.csv', 'method=optimize', 'algorithm=newton', 'iter=10000']
2025-10-03 22:43:12,431 - [INFO] - Chain [1] start processing
2025-10-03 22:43:12,612 - [INFO] - Chain [1] done processing
2025-10-03 22:43:12,827 - [INFO] - HTTP Request: POST https://ytuiqgrpbwdxrmbzssrb.supabase.co/rest/v1/policy_recommendations "HTTP/2 201 Created"
2025-10-03 22:43:12,829 - [INFO] - Forecast for product 25891401: 505 units (30-day avg, clamped 0-741.0)
2025-10-03 22:43:12,832 - [DEBUG] - cmd: where.exe tbb.dll
cwd: None
2025-10-03 22:43:13,039 - [DEBUG] - TBB already found in load path
2025-10-03 22:43:13,063 - [DEBUG] - input tempfile: C:\Users\peral\AppData\Local\Temp\tmpxsvv926r\6v0ye3nf.json
2025-10-03 22:43:13,068 - [DEBUG] - input tempfile: C:\Users\peral\AppData\Local\Temp\tmpxsvv926r\p9h3kult.json
2025-10-03 22:43:13,071 - [DEBUG] - idx 0
2025-10-03 22:43:13,071 - [DEBUG] - running CmdStan, num_threads: None
2025-10-03 22:43:13,072 - [DEBUG] - CmdStan args: ['C:\\Users\\peral\\AppData\\Local\\Programs\\Python\\Python313\\Lib\\site-packages\\prophet\\stan_model\\prophet_model.bin', 'random', 'seed=49171', 'data', 'file=C:\\Users\\peral\\AppData\\Local\\Temp\\tmpxsvv926r\\6v0ye3nf.json', 'init=C:\\Users\\peral\\AppData\\Local\\Temp\\tmpxsvv926r\\p9h3kult.json', 'output', 'file=C:\\Users\\peral\\AppData\\Local\\Temp\\tmpxsvv926r\\prophet_model8gw5cx_5\\prophet_model-20251003224313.csv', 'method=optimize', 'algorithm=newton', 'iter=10000']
2025-10-03 22:43:13,072 - [INFO] - Chain [1] start processing
2025-10-03 22:43:13,273 - [INFO] - Chain [1] done processing
2025-10-03 22:43:13,553 - [INFO] - HTTP Request: POST https://ytuiqgrpbwdxrmbzssrb.supabase.co/rest/v1/policy_recommendations "HTTP/2 201 Created"
2025-10-03 22:43:13,555 - [INFO] - Forecast for product 25891402: 149 units (30-day avg, clamped 0-738.0)
2025-10-03 22:43:13,558 - [DEBUG] - cmd: where.exe tbb.dll
cwd: None
2025-10-03 22:43:13,736 - [DEBUG] - TBB already found in load path
2025-10-03 22:43:13,761 - [DEBUG] - input tempfile: C:\Users\peral\AppData\Local\Temp\tmpxsvv926r\fthm6m8z.json
2025-10-03 22:43:13,765 - [DEBUG] - input tempfile: C:\Users\peral\AppData\Local\Temp\tmpxsvv926r\z55f6d08.json
2025-10-03 22:43:13,768 - [DEBUG] - idx 0
2025-10-03 22:43:13,769 - [DEBUG] - running CmdStan, num_threads: None
2025-10-03 22:43:13,769 - [DEBUG] - CmdStan args: ['C:\\Users\\peral\\AppData\\Local\\Programs\\Python\\Python313\\Lib\\site-packages\\prophet\\stan_model\\prophet_model.bin', 'random', 'seed=7484', 'data', 'file=C:\\Users\\peral\\AppData\\Local\\Temp\\tmpxsvv926r\\fthm6m8z.json', 'init=C:\\Users\\peral\\AppData\\Local\\Temp\\tmpxsvv926r\\z55f6d08.json', 'output', 'file=C:\\Users\\peral\\AppData\\Local\\Temp\\tmpxsvv926r\\prophet_modelufwtoqw3\\prophet_model-20251003224313.csv', 'method=optimize', 'algorithm=newton', 'iter=10000']
2025-10-03 22:43:13,770 - [INFO] - Chain [1] start processing
2025-10-03 22:43:13,943 - [INFO] - Chain [1] done processing
2025-10-03 22:43:14,167 - [INFO] - HTTP Request: POST https://ytuiqgrpbwdxrmbzssrb.supabase.co/rest/v1/policy_recommendations "HTTP/2 201 Created"
2025-10-03 22:43:14,168 - [INFO] - Forecast for product 25891403: 134 units (30-day avg, clamped 0-742.5)
2025-10-03 22:43:14,172 - [DEBUG] - cmd: where.exe tbb.dll
cwd: None
2025-10-03 22:43:14,344 - [DEBUG] - TBB already found in load path
2025-10-03 22:43:14,368 - [DEBUG] - input tempfile: C:\Users\peral\AppData\Local\Temp\tmpxsvv926r\60_n286g.json
2025-10-03 22:43:14,371 - [DEBUG] - input tempfile: C:\Users\peral\AppData\Local\Temp\tmpxsvv926r\t5t3s9vd.json
2025-10-03 22:43:14,374 - [DEBUG] - idx 0
2025-10-03 22:43:14,374 - [DEBUG] - running CmdStan, num_threads: None
2025-10-03 22:43:14,374 - [DEBUG] - CmdStan args: ['C:\\Users\\peral\\AppData\\Local\\Programs\\Python\\Python313\\Lib\\site-packages\\prophet\\stan_model\\prophet_model.bin', 'random', 'seed=86946', 'data', 'file=C:\\Users\\peral\\AppData\\Local\\Temp\\tmpxsvv926r\\60_n286g.json', 'init=C:\\Users\\peral\\AppData\\Local\\Temp\\tmpxsvv926r\\t5t3s9vd.json', 'output', 'file=C:\\Users\\peral\\AppData\\Local\\Temp\\tmpxsvv926r\\prophet_modelh8l17gh7\\prophet_model-20251003224314.csv', 'method=optimize', 'algorithm=newton', 'iter=10000']
2025-10-03 22:43:14,375 - [INFO] - Chain [1] start processing
2025-10-03 22:43:14,526 - [INFO] - Chain [1] done processing
2025-10-03 22:43:14,742 - [INFO] - HTTP Request: POST https://ytuiqgrpbwdxrmbzssrb.supabase.co/rest/v1/policy_recommendations "HTTP/2 201 Created"
2025-10-03 22:43:14,744 - [INFO] - Forecast for product 25891501: 232 units (30-day avg, clamped 0-375.0)
2025-10-03 22:43:14,746 - [DEBUG] - cmd: where.exe tbb.dll
cwd: None
2025-10-03 22:43:14,925 - [DEBUG] - TBB already found in load path
2025-10-03 22:43:14,952 - [DEBUG] - input tempfile: C:\Users\peral\AppData\Local\Temp\tmpxsvv926r\udm4rybc.json
2025-10-03 22:43:14,955 - [DEBUG] - input tempfile: C:\Users\peral\AppData\Local\Temp\tmpxsvv926r\x0z3ilmf.json
2025-10-03 22:43:14,957 - [DEBUG] - idx 0
2025-10-03 22:43:14,958 - [DEBUG] - running CmdStan, num_threads: None
2025-10-03 22:43:14,958 - [DEBUG] - CmdStan args: ['C:\\Users\\peral\\AppData\\Local\\Programs\\Python\\Python313\\Lib\\site-packages\\prophet\\stan_model\\prophet_model.bin', 'random', 'seed=53532', 'data', 'file=C:\\Users\\peral\\AppData\\Local\\Temp\\tmpxsvv926r\\udm4rybc.json', 'init=C:\\Users\\peral\\AppData\\Local\\Temp\\tmpxsvv926r\\x0z3ilmf.json', 'output', 'file=C:\\Users\\peral\\AppData\\Local\\Temp\\tmpxsvv926r\\prophet_modelvrwl5hh_\\prophet_model-20251003224314.csv', 'method=optimize', 'algorithm=newton', 'iter=10000']
2025-10-03 22:43:14,959 - [INFO] - Chain [1] start processing
2025-10-03 22:43:15,132 - [INFO] - Chain [1] done processing
2025-10-03 22:43:15,396 - [INFO] - HTTP Request: POST https://ytuiqgrpbwdxrmbzssrb.supabase.co/rest/v1/policy_recommendations "HTTP/2 201 Created"
2025-10-03 22:43:15,397 - [INFO] - Forecast for product 25891502: 130 units (30-day avg, clamped 0-364.5)
2025-10-03 22:43:15,402 - [DEBUG] - cmd: where.exe tbb.dll
cwd: None
2025-10-03 22:43:15,572 - [DEBUG] - TBB already found in load path
2025-10-03 22:43:15,598 - [DEBUG] - input tempfile: C:\Users\peral\AppData\Local\Temp\tmpxsvv926r\h94ci4h8.json
2025-10-03 22:43:15,601 - [DEBUG] - input tempfile: C:\Users\peral\AppData\Local\Temp\tmpxsvv926r\k5u1wpos.json
2025-10-03 22:43:15,604 - [DEBUG] - idx 0
2025-10-03 22:43:15,604 - [DEBUG] - running CmdStan, num_threads: None
2025-10-03 22:43:15,605 - [DEBUG] - CmdStan args: ['C:\\Users\\peral\\AppData\\Local\\Programs\\Python\\Python313\\Lib\\site-packages\\prophet\\stan_model\\prophet_model.bin', 'random', 'seed=29313', 'data', 'file=C:\\Users\\peral\\AppData\\Local\\Temp\\tmpxsvv926r\\h94ci4h8.json', 'init=C:\\Users\\peral\\AppData\\Local\\Temp\\tmpxsvv926r\\k5u1wpos.json', 'output', 'file=C:\\Users\\peral\\AppData\\Local\\Temp\\tmpxsvv926r\\prophet_modelvoj_unue\\prophet_model-20251003224315.csv', 'method=optimize', 'algorithm=newton', 'iter=10000']
2025-10-03 22:43:15,605 - [INFO] - Chain [1] start processing
2025-10-03 22:43:15,758 - [INFO] - Chain [1] done processing
2025-10-03 22:43:16,069 - [INFO] - HTTP Request: POST https://ytuiqgrpbwdxrmbzssrb.supabase.co/rest/v1/policy_recommendations "HTTP/2 201 Created"
2025-10-03 22:43:16,070 - [INFO] - Forecast for product 25891503: 132 units (30-day avg, clamped 0-372.0)
2025-10-03 22:43:16,073 - [DEBUG] - cmd: where.exe tbb.dll
cwd: None
2025-10-03 22:43:16,243 - [DEBUG] - TBB already found in load path
2025-10-03 22:43:16,270 - [DEBUG] - input tempfile: C:\Users\peral\AppData\Local\Temp\tmpxsvv926r\22ci3aot.json
2025-10-03 22:43:16,273 - [DEBUG] - input tempfile: C:\Users\peral\AppData\Local\Temp\tmpxsvv926r\kz2o2ud3.json
2025-10-03 22:43:16,276 - [DEBUG] - idx 0
2025-10-03 22:43:16,277 - [DEBUG] - running CmdStan, num_threads: None
2025-10-03 22:43:16,278 - [DEBUG] - CmdStan args: ['C:\\Users\\peral\\AppData\\Local\\Programs\\Python\\Python313\\Lib\\site-packages\\prophet\\stan_model\\prophet_model.bin', 'random', 'seed=3752', 'data', 'file=C:\\Users\\peral\\AppData\\Local\\Temp\\tmpxsvv926r\\22ci3aot.json', 'init=C:\\Users\\peral\\AppData\\Local\\Temp\\tmpxsvv926r\\kz2o2ud3.json', 'output', 'file=C:\\Users\\peral\\AppData\\Local\\Temp\\tmpxsvv926r\\prophet_modeln5o80vwi\\prophet_model-20251003224316.csv', 'method=optimize', 'algorithm=newton', 'iter=10000']
2025-10-03 22:43:16,278 - [INFO] - Chain [1] start processing
2025-10-03 22:43:16,342 - [INFO] - Chain [1] done processing
2025-10-03 22:43:16,674 - [INFO] - HTTP Request: POST https://ytuiqgrpbwdxrmbzssrb.supabase.co/rest/v1/policy_recommendations "HTTP/2 201 Created"
2025-10-03 22:43:16,676 - [INFO] - Forecast for product 25891601: 85 units (30-day avg, clamped 0-291.0)
2025-10-03 22:43:16,679 - [DEBUG] - cmd: where.exe tbb.dll
cwd: None
2025-10-03 22:43:16,871 - [DEBUG] - TBB already found in load path
2025-10-03 22:43:16,896 - [DEBUG] - input tempfile: C:\Users\peral\AppData\Local\Temp\tmpxsvv926r\xyghhhfp.json
2025-10-03 22:43:16,900 - [DEBUG] - input tempfile: C:\Users\peral\AppData\Local\Temp\tmpxsvv926r\n_6rj4cb.json
2025-10-03 22:43:16,903 - [DEBUG] - idx 0
2025-10-03 22:43:16,903 - [DEBUG] - running CmdStan, num_threads: None
2025-10-03 22:43:16,904 - [DEBUG] - CmdStan args: ['C:\\Users\\peral\\AppData\\Local\\Programs\\Python\\Python313\\Lib\\site-packages\\prophet\\stan_model\\prophet_model.bin', 'random', 'seed=36265', 'data', 'file=C:\\Users\\peral\\AppData\\Local\\Temp\\tmpxsvv926r\\xyghhhfp.json', 'init=C:\\Users\\peral\\AppData\\Local\\Temp\\tmpxsvv926r\\n_6rj4cb.json', 'output', 'file=C:\\Users\\peral\\AppData\\Local\\Temp\\tmpxsvv926r\\prophet_model7nmsetn3\\prophet_model-20251003224316.csv', 'method=optimize', 'algorithm=newton', 'iter=10000']
2025-10-03 22:43:16,904 - [INFO] - Chain [1] start processing
2025-10-03 22:43:17,097 - [INFO] - Chain [1] done processing
2025-10-03 22:43:17,369 - [INFO] - HTTP Request: POST https://ytuiqgrpbwdxrmbzssrb.supabase.co/rest/v1/policy_recommendations "HTTP/2 201 Created"
2025-10-03 22:43:17,370 - [INFO] - Forecast for product 25891602: 42 units (30-day avg, clamped 0-300.0)
2025-10-03 22:43:17,374 - [DEBUG] - cmd: where.exe tbb.dll
cwd: None
2025-10-03 22:43:17,553 - [DEBUG] - TBB already found in load path
2025-10-03 22:43:17,579 - [DEBUG] - input tempfile: C:\Users\peral\AppData\Local\Temp\tmpxsvv926r\j2lv_t60.json
2025-10-03 22:43:17,582 - [DEBUG] - input tempfile: C:\Users\peral\AppData\Local\Temp\tmpxsvv926r\ubp4p_bj.json
2025-10-03 22:43:17,585 - [DEBUG] - idx 0
2025-10-03 22:43:17,585 - [DEBUG] - running CmdStan, num_threads: None
2025-10-03 22:43:17,586 - [DEBUG] - CmdStan args: ['C:\\Users\\peral\\AppData\\Local\\Programs\\Python\\Python313\\Lib\\site-packages\\prophet\\stan_model\\prophet_model.bin', 'random', 'seed=25516', 'data', 'file=C:\\Users\\peral\\AppData\\Local\\Temp\\tmpxsvv926r\\j2lv_t60.json', 'init=C:\\Users\\peral\\AppData\\Local\\Temp\\tmpxsvv926r\\ubp4p_bj.json', 'output', 'file=C:\\Users\\peral\\AppData\\Local\\Temp\\tmpxsvv926r\\prophet_modelwmsw25c3\\prophet_model-20251003224317.csv', 'method=optimize', 'algorithm=newton', 'iter=10000']
2025-10-03 22:43:17,586 - [INFO] - Chain [1] start processing
2025-10-03 22:43:17,733 - [INFO] - Chain [1] done processing
2025-10-03 22:43:17,923 - [INFO] - HTTP Request: POST https://ytuiqgrpbwdxrmbzssrb.supabase.co/rest/v1/policy_recommendations "HTTP/2 201 Created"
2025-10-03 22:43:17,924 - [INFO] - Forecast for product 25891603: 26 units (30-day avg, clamped 0-300.0)
2025-10-03 22:43:17,925 - [INFO] - Forecasting complete (18 products)
2025-10-03 22:43:17,926 - [INFO] - Forecasting complete (18 products)
2025-10-03 22:43:17,926 - [INFO] - Generating policy recommendations
2025-10-03 22:43:17,927 - [INFO] - Pipeline completed successfully
2025-10-03 23:05:41,591 - [INFO] - Ingestion pipeline started
2025-10-03 23:05:41,592 - [INFO] - Settings loaded (env=dev)
2025-10-03 23:05:41,592 - [INFO] - Initializing Supabase client
2025-10-03 23:05:42,715 - [INFO] - Connecting to imap.gmail.com...
2025-10-03 23:05:44,356 - [INFO] - Fetching emails started...
2025-10-03 23:05:44,668 - [INFO] - Matched 0 emails with filters
2025-10-03 23:05:44,669 - [INFO] - Matched 0 emails with allowed subjects
2025-10-03 23:05:44,670 - [INFO] - Processed 0 attachments this run
2025-10-03 23:05:45,277 - [INFO] - Sleeping 300s before next cycle...
2025-10-03 23:06:29,734 - [INFO] - Ingestion pipeline started
2025-10-03 23:06:29,735 - [INFO] - Settings loaded (env=dev)
2025-10-03 23:06:29,736 - [INFO] - Initializing Supabase client
2025-10-03 23:06:30,687 - [INFO] - Connecting to imap.gmail.com...
2025-10-03 23:06:32,998 - [INFO] - Fetching emails started...
2025-10-03 23:06:33,900 - [INFO] - Matched 1 emails with filters
2025-10-03 23:06:33,901 - [INFO] - Matched 1 emails with allowed subjects
2025-10-03 23:06:34,322 - [ERROR] - Ingestion error: [Errno 2] No such file or directory: 'data\\downloads\\fact_order_line_usa_2025-05-17.csv'
Traceback (most recent call last):
  File "Z:\supplychain\supplychain\ingestion\main.py", line 62, in run_ingestion
    if process_email(mail, eid, settings.subject_allow, settings.expected_sender,
       ~~~~~~~~~~~~~^^^^^^^^^^^^^^^^^^^^^^^^^^^^^^^^^^^^^^^^^^^^^^^^^^^^^^^^^^^^^
                     lambda part, eid=eid, subject=settings.subject_allow, sender=settings.expected_sender:
                     ^^^^^^^^^^^^^^^^^^^^^^^^^^^^^^^^^^^^^^^^^^^^^^^^^^^^^^^^^^^^^^^^^^^^^^^^^^^^^^^^^^^^^^
                     process_file(part, eid, subject, sender, supabase)):
                     ^^^^^^^^^^^^^^^^^^^^^^^^^^^^^^^^^^^^^^^^^^^^^^^^^^^
  File "Z:\supplychain\supplychain\ingestion\mail_handler.py", line 64, in process_email
    path = process_file_fn(part, eid, subject, sender)
  File "Z:\supplychain\supplychain\ingestion\main.py", line 64, in <lambda>
    process_file(part, eid, subject, sender, supabase)):
    ~~~~~~~~~~~~^^^^^^^^^^^^^^^^^^^^^^^^^^^^^^^^^^^^^^
  File "Z:\supplychain\supplychain\ingestion\main.py", line 11, in process_file
    path = save_attachment(part, eid)
  File "Z:\supplychain\supplychain\ingestion\file_processor.py", line 18, in save_attachment
    with open(filepath, "wb") as f:
         ~~~~^^^^^^^^^^^^^^^^
FileNotFoundError: [Errno 2] No such file or directory: 'data\\downloads\\fact_order_line_usa_2025-05-17.csv'
2025-10-03 23:06:34,335 - [INFO] - Sleeping 300s before next cycle...
2025-10-03 23:09:39,008 - [INFO] - Ingestion pipeline started
2025-10-03 23:09:39,010 - [INFO] - Settings loaded (env=dev)
2025-10-03 23:09:39,011 - [INFO] - Initializing Supabase client
2025-10-03 23:09:39,973 - [INFO] - Connecting to imap.gmail.com...
2025-10-03 23:09:41,933 - [INFO] - Fetching emails started...
2025-10-03 23:09:42,341 - [INFO] - Matched 0 emails with filters
2025-10-03 23:09:42,342 - [INFO] - Matched 0 emails with allowed subjects
2025-10-03 23:09:42,342 - [INFO] - Processed 0 attachments this run
2025-10-03 23:09:42,957 - [INFO] - Sleeping 300s before next cycle...
2025-10-03 23:10:27,445 - [INFO] - Ingestion pipeline started
2025-10-03 23:10:27,446 - [INFO] - Settings loaded (env=dev)
2025-10-03 23:10:27,446 - [INFO] - Initializing Supabase client
2025-10-03 23:10:28,397 - [INFO] - Connecting to imap.gmail.com...
2025-10-03 23:10:30,164 - [INFO] - Fetching emails started...
2025-10-03 23:10:31,046 - [INFO] - Matched 1 emails with filters
2025-10-03 23:10:31,047 - [INFO] - Matched 1 emails with allowed subjects
2025-10-03 23:10:31,486 - [INFO] - Saved attachment fact_order_line_usa_2025-05-17.csv from email b'104' to data\downloads\fact_order_line_usa_2025-05-17.csv
2025-10-03 23:10:32,828 - [INFO] - HTTP Request: GET https://ytuiqgrpbwdxrmbzssrb.supabase.co/rest/v1/processed_files?select=id&file_hash=eq.c7d62f6224aa0ca0304a9fe15cefa1d450cc9a05a8856c85d805c6807f1bb52f "HTTP/2 200 OK"
2025-10-03 23:10:32,843 - [INFO] - Reading file data\downloads\fact_order_line_usa_2025-05-17.csv
2025-10-03 23:10:32,864 - [INFO] - Normalizing date columns
2025-10-03 23:10:33,237 - [INFO] - HTTP Request: POST https://ytuiqgrpbwdxrmbzssrb.supabase.co/rest/v1/fact_order_line?columns=%22delivery_qty%22%2C%22customer_id%22%2C%22On+Time%22%2C%22agreed_delivery_date%22%2C%22In+Full%22%2C%22order_id%22%2C%22product_id%22%2C%22actual_delivery_date%22%2C%22order_qty%22%2C%22order_placement_date%22%2C%22On+Time+In+Full%22 "HTTP/2 201 Created"
2025-10-03 23:10:33,440 - [INFO] - HTTP Request: POST https://ytuiqgrpbwdxrmbzssrb.supabase.co/rest/v1/processed_files "HTTP/2 201 Created"
2025-10-03 23:10:33,441 - [INFO] - Inserted 109 rows into fact_order_line and logged fact_order_line_usa_2025-05-17.csv in processed_files
2025-10-03 23:10:33,444 - [INFO] - Saved attachment fact_aggregate_usa_2025-05-17.csv from email b'104' to data\downloads\fact_aggregate_usa_2025-05-17.csv
2025-10-03 23:10:33,577 - [INFO] - HTTP Request: GET https://ytuiqgrpbwdxrmbzssrb.supabase.co/rest/v1/processed_files?select=id&file_hash=eq.416225fd117da31d7286433339e73a0ceff4d69bdd59e8a94a0137c6cae92820 "HTTP/2 200 OK"
2025-10-03 23:10:33,578 - [INFO] - Reading file data\downloads\fact_aggregate_usa_2025-05-17.csv
2025-10-03 23:10:33,582 - [INFO] - Normalizing date columns
2025-10-03 23:10:33,750 - [INFO] - HTTP Request: POST https://ytuiqgrpbwdxrmbzssrb.supabase.co/rest/v1/fact_aggregate?columns=%22on_time%22%2C%22customer_id%22%2C%22otif%22%2C%22order_id%22%2C%22in_full%22%2C%22order_placement_date%22 "HTTP/2 201 Created"
2025-10-03 23:10:34,056 - [INFO] - HTTP Request: POST https://ytuiqgrpbwdxrmbzssrb.supabase.co/rest/v1/processed_files "HTTP/2 201 Created"
2025-10-03 23:10:34,057 - [INFO] - Inserted 57 rows into fact_aggregate and logged fact_aggregate_usa_2025-05-17.csv in processed_files
2025-10-03 23:10:34,058 - [INFO] - Email b'104' processed, 2 attachments handled
2025-10-03 23:10:34,059 - [INFO] - Processed 1 attachments this run
2025-10-03 23:10:35,079 - [INFO] - Sleeping 300s before next cycle...
2025-10-04 00:21:43,225 - [INFO] - Settings loaded (env=default)
2025-10-04 00:24:30,079 - [INFO] - Starting analytics pipeline
2025-10-04 00:24:30,081 - [INFO] - Settings loaded (env=default)
2025-10-04 00:24:31,027 - [INFO] - Running Customer KPI Risk Predictions
2025-10-04 00:24:31,028 - [INFO] - Running Customer KPI Risk Pipeline...
2025-10-04 00:24:31,028 - [INFO] - Fetching KPI data from Supabase...
2025-10-04 00:24:33,249 - [INFO] - HTTP Request: GET https://ytuiqgrpbwdxrmbzssrb.supabase.co/rest/v1/fact_aggregate?select=%2A "HTTP/2 200 OK"
2025-10-04 00:24:33,451 - [INFO] - HTTP Request: GET https://ytuiqgrpbwdxrmbzssrb.supabase.co/rest/v1/dim_targets_order?select=%2A "HTTP/2 200 OK"
2025-10-04 00:24:33,476 - [INFO] - Fetched 1000 KPI rows
2025-10-04 00:24:33,477 - [INFO] - Preparing dataset for model...
2025-10-04 00:24:33,483 - [WARNING] - Target column 'target_cost' not found, using default 0.9.
2025-10-04 00:24:33,485 - [WARNING] - Target column 'target_quality' not found, using default 0.9.
2025-10-04 00:24:33,489 - [WARNING] - No 'label' column found. Created synthetic labels based on otif_pct < target_otif.
2025-10-04 00:24:33,489 - [INFO] - Prepared dataset with 1000 rows and features: ['otif_pct', 'target_otif', 'target_cost', 'target_quality']
2025-10-04 00:24:33,490 - [INFO] - Training LightGBM model...
2025-10-04 00:24:33,491 - [WARNING] - Only one class in dataset -> fallback to dummy predictions.
2025-10-04 00:24:33,492 - [INFO] - Storing predictions in Supabase...
2025-10-04 00:24:34,373 - [INFO] - HTTP Request: POST https://ytuiqgrpbwdxrmbzssrb.supabase.co/rest/v1/kpi_risk_predictions?columns=%22customer_id%22%2C%22risk_label%22%2C%22risk_score%22%2C%22prediction_date%22 "HTTP/2 201 Created"
2025-10-04 00:24:34,380 - [INFO] - Inserted 1000 predictions into Supabase.
2025-10-04 00:24:34,380 - [INFO] - Customer risk pipeline completed successfully
2025-10-04 00:24:34,381 - [INFO] - Running KPI analysis
2025-10-04 00:24:35,706 - [INFO] - HTTP Request: GET https://ytuiqgrpbwdxrmbzssrb.supabase.co/rest/v1/kpi_summary?select=%2A "HTTP/2 200 OK"
2025-10-04 00:24:35,709 - [INFO] - Fetched 35 KPI summary rows
2025-10-04 00:24:35,710 - [INFO] - KPI analysis complete (35 records)
2025-10-04 00:24:35,710 - [INFO] - Running demand forecasting
2025-10-04 00:24:35,710 - [INFO] - Running demand forecasting
2025-10-04 00:24:35,915 - [INFO] - HTTP Request: GET https://ytuiqgrpbwdxrmbzssrb.supabase.co/rest/v1/fact_order_line?select=order_placement_date%2Cproduct_id%2Corder_qty "HTTP/2 200 OK"
2025-10-04 00:24:36,001 - [DEBUG] - cmd: where.exe tbb.dll
cwd: None
2025-10-04 00:24:36,231 - [DEBUG] - Adding TBB (c:\Users\peral\AppData\Local\Programs\Python\Python313\Lib\site-packages\prophet\stan_model\cmdstan-2.33.1\stan\lib\stan_math\lib\tbb) to PATH
2025-10-04 00:24:36,277 - [DEBUG] - input tempfile: C:\Users\peral\AppData\Local\Temp\tmpn5jnj_x0\rhjb6pdj.json
2025-10-04 00:24:36,281 - [DEBUG] - input tempfile: C:\Users\peral\AppData\Local\Temp\tmpn5jnj_x0\jpupoi7b.json
2025-10-04 00:24:36,285 - [DEBUG] - idx 0
2025-10-04 00:24:36,285 - [DEBUG] - running CmdStan, num_threads: None
2025-10-04 00:24:36,286 - [DEBUG] - CmdStan args: ['C:\\Users\\peral\\AppData\\Local\\Programs\\Python\\Python313\\Lib\\site-packages\\prophet\\stan_model\\prophet_model.bin', 'random', 'seed=54398', 'data', 'file=C:\\Users\\peral\\AppData\\Local\\Temp\\tmpn5jnj_x0\\rhjb6pdj.json', 'init=C:\\Users\\peral\\AppData\\Local\\Temp\\tmpn5jnj_x0\\jpupoi7b.json', 'output', 'file=C:\\Users\\peral\\AppData\\Local\\Temp\\tmpn5jnj_x0\\prophet_modelnbijuxw8\\prophet_model-20251004002436.csv', 'method=optimize', 'algorithm=newton', 'iter=10000']
2025-10-04 00:24:36,286 - [INFO] - Chain [1] start processing
2025-10-04 00:24:36,440 - [INFO] - Chain [1] done processing
2025-10-04 00:24:36,831 - [INFO] - HTTP Request: POST https://ytuiqgrpbwdxrmbzssrb.supabase.co/rest/v1/policy_recommendations "HTTP/2 201 Created"
2025-10-04 00:24:36,833 - [INFO] - Forecast for product 25891101: 353 units (30-day avg, clamped 0-741.0)
2025-10-04 00:24:36,837 - [DEBUG] - cmd: where.exe tbb.dll
cwd: None
2025-10-04 00:24:37,033 - [DEBUG] - TBB already found in load path
2025-10-04 00:24:37,063 - [DEBUG] - input tempfile: C:\Users\peral\AppData\Local\Temp\tmpn5jnj_x0\8nknqxl_.json
2025-10-04 00:24:37,066 - [DEBUG] - input tempfile: C:\Users\peral\AppData\Local\Temp\tmpn5jnj_x0\9l4k68uk.json
2025-10-04 00:24:37,069 - [DEBUG] - idx 0
2025-10-04 00:24:37,070 - [DEBUG] - running CmdStan, num_threads: None
2025-10-04 00:24:37,070 - [DEBUG] - CmdStan args: ['C:\\Users\\peral\\AppData\\Local\\Programs\\Python\\Python313\\Lib\\site-packages\\prophet\\stan_model\\prophet_model.bin', 'random', 'seed=28654', 'data', 'file=C:\\Users\\peral\\AppData\\Local\\Temp\\tmpn5jnj_x0\\8nknqxl_.json', 'init=C:\\Users\\peral\\AppData\\Local\\Temp\\tmpn5jnj_x0\\9l4k68uk.json', 'output', 'file=C:\\Users\\peral\\AppData\\Local\\Temp\\tmpn5jnj_x0\\prophet_modelle5ttyex\\prophet_model-20251004002437.csv', 'method=optimize', 'algorithm=newton', 'iter=10000']
2025-10-04 00:24:37,071 - [INFO] - Chain [1] start processing
2025-10-04 00:24:37,245 - [INFO] - Chain [1] done processing
2025-10-04 00:24:37,548 - [INFO] - HTTP Request: POST https://ytuiqgrpbwdxrmbzssrb.supabase.co/rest/v1/policy_recommendations "HTTP/2 201 Created"
2025-10-04 00:24:37,550 - [INFO] - Forecast for product 25891102: 406 units (30-day avg, clamped 0-744.0)
2025-10-04 00:24:37,553 - [DEBUG] - cmd: where.exe tbb.dll
cwd: None
2025-10-04 00:24:37,740 - [DEBUG] - TBB already found in load path
2025-10-04 00:24:37,764 - [DEBUG] - input tempfile: C:\Users\peral\AppData\Local\Temp\tmpn5jnj_x0\_ds6gmin.json
2025-10-04 00:24:37,768 - [DEBUG] - input tempfile: C:\Users\peral\AppData\Local\Temp\tmpn5jnj_x0\gx_qyx2u.json
2025-10-04 00:24:37,771 - [DEBUG] - idx 0
2025-10-04 00:24:37,771 - [DEBUG] - running CmdStan, num_threads: None
2025-10-04 00:24:37,772 - [DEBUG] - CmdStan args: ['C:\\Users\\peral\\AppData\\Local\\Programs\\Python\\Python313\\Lib\\site-packages\\prophet\\stan_model\\prophet_model.bin', 'random', 'seed=19167', 'data', 'file=C:\\Users\\peral\\AppData\\Local\\Temp\\tmpn5jnj_x0\\_ds6gmin.json', 'init=C:\\Users\\peral\\AppData\\Local\\Temp\\tmpn5jnj_x0\\gx_qyx2u.json', 'output', 'file=C:\\Users\\peral\\AppData\\Local\\Temp\\tmpn5jnj_x0\\prophet_modelj3y_ibtm\\prophet_model-20251004002437.csv', 'method=optimize', 'algorithm=newton', 'iter=10000']
2025-10-04 00:24:37,773 - [INFO] - Chain [1] start processing
2025-10-04 00:24:37,995 - [INFO] - Chain [1] done processing
2025-10-04 00:24:38,232 - [INFO] - HTTP Request: POST https://ytuiqgrpbwdxrmbzssrb.supabase.co/rest/v1/policy_recommendations "HTTP/2 201 Created"
2025-10-04 00:24:38,234 - [INFO] - Forecast for product 25891103: 426 units (30-day avg, clamped 0-747.0)
2025-10-04 00:24:38,237 - [DEBUG] - cmd: where.exe tbb.dll
cwd: None
2025-10-04 00:24:38,415 - [DEBUG] - TBB already found in load path
2025-10-04 00:24:38,440 - [DEBUG] - input tempfile: C:\Users\peral\AppData\Local\Temp\tmpn5jnj_x0\74ay9imv.json
2025-10-04 00:24:38,443 - [DEBUG] - input tempfile: C:\Users\peral\AppData\Local\Temp\tmpn5jnj_x0\vtt9ijhv.json
2025-10-04 00:24:38,446 - [DEBUG] - idx 0
2025-10-04 00:24:38,446 - [DEBUG] - running CmdStan, num_threads: None
2025-10-04 00:24:38,446 - [DEBUG] - CmdStan args: ['C:\\Users\\peral\\AppData\\Local\\Programs\\Python\\Python313\\Lib\\site-packages\\prophet\\stan_model\\prophet_model.bin', 'random', 'seed=95487', 'data', 'file=C:\\Users\\peral\\AppData\\Local\\Temp\\tmpn5jnj_x0\\74ay9imv.json', 'init=C:\\Users\\peral\\AppData\\Local\\Temp\\tmpn5jnj_x0\\vtt9ijhv.json', 'output', 'file=C:\\Users\\peral\\AppData\\Local\\Temp\\tmpn5jnj_x0\\prophet_modelprv1xozs\\prophet_model-20251004002438.csv', 'method=optimize', 'algorithm=newton', 'iter=10000']
2025-10-04 00:24:38,447 - [INFO] - Chain [1] start processing
2025-10-04 00:24:38,591 - [INFO] - Chain [1] done processing
2025-10-04 00:24:38,881 - [INFO] - HTTP Request: POST https://ytuiqgrpbwdxrmbzssrb.supabase.co/rest/v1/policy_recommendations "HTTP/2 201 Created"
2025-10-04 00:24:38,882 - [INFO] - Forecast for product 25891201: 258 units (30-day avg, clamped 0-750.0)
2025-10-04 00:24:38,885 - [DEBUG] - cmd: where.exe tbb.dll
cwd: None
2025-10-04 00:24:39,071 - [DEBUG] - TBB already found in load path
2025-10-04 00:24:39,106 - [DEBUG] - input tempfile: C:\Users\peral\AppData\Local\Temp\tmpn5jnj_x0\7fh4eedq.json
2025-10-04 00:24:39,109 - [DEBUG] - input tempfile: C:\Users\peral\AppData\Local\Temp\tmpn5jnj_x0\rz36g8gr.json
2025-10-04 00:24:39,112 - [DEBUG] - idx 0
2025-10-04 00:24:39,112 - [DEBUG] - running CmdStan, num_threads: None
2025-10-04 00:24:39,112 - [DEBUG] - CmdStan args: ['C:\\Users\\peral\\AppData\\Local\\Programs\\Python\\Python313\\Lib\\site-packages\\prophet\\stan_model\\prophet_model.bin', 'random', 'seed=39102', 'data', 'file=C:\\Users\\peral\\AppData\\Local\\Temp\\tmpn5jnj_x0\\7fh4eedq.json', 'init=C:\\Users\\peral\\AppData\\Local\\Temp\\tmpn5jnj_x0\\rz36g8gr.json', 'output', 'file=C:\\Users\\peral\\AppData\\Local\\Temp\\tmpn5jnj_x0\\prophet_model0j8nxhqy\\prophet_model-20251004002439.csv', 'method=optimize', 'algorithm=newton', 'iter=10000']
2025-10-04 00:24:39,113 - [INFO] - Chain [1] start processing
2025-10-04 00:24:39,271 - [INFO] - Chain [1] done processing
2025-10-04 00:24:39,596 - [INFO] - HTTP Request: POST https://ytuiqgrpbwdxrmbzssrb.supabase.co/rest/v1/policy_recommendations "HTTP/2 201 Created"
2025-10-04 00:24:39,597 - [INFO] - Forecast for product 25891202: 318 units (30-day avg, clamped 0-733.5)
2025-10-04 00:24:39,601 - [DEBUG] - cmd: where.exe tbb.dll
cwd: None
2025-10-04 00:24:39,780 - [DEBUG] - TBB already found in load path
2025-10-04 00:24:39,808 - [DEBUG] - input tempfile: C:\Users\peral\AppData\Local\Temp\tmpn5jnj_x0\t65tahv7.json
2025-10-04 00:24:39,811 - [DEBUG] - input tempfile: C:\Users\peral\AppData\Local\Temp\tmpn5jnj_x0\ro17i26g.json
2025-10-04 00:24:39,814 - [DEBUG] - idx 0
2025-10-04 00:24:39,814 - [DEBUG] - running CmdStan, num_threads: None
2025-10-04 00:24:39,815 - [DEBUG] - CmdStan args: ['C:\\Users\\peral\\AppData\\Local\\Programs\\Python\\Python313\\Lib\\site-packages\\prophet\\stan_model\\prophet_model.bin', 'random', 'seed=20680', 'data', 'file=C:\\Users\\peral\\AppData\\Local\\Temp\\tmpn5jnj_x0\\t65tahv7.json', 'init=C:\\Users\\peral\\AppData\\Local\\Temp\\tmpn5jnj_x0\\ro17i26g.json', 'output', 'file=C:\\Users\\peral\\AppData\\Local\\Temp\\tmpn5jnj_x0\\prophet_model3iyg0wal\\prophet_model-20251004002439.csv', 'method=optimize', 'algorithm=newton', 'iter=10000']
2025-10-04 00:24:39,816 - [INFO] - Chain [1] start processing
2025-10-04 00:24:39,979 - [INFO] - Chain [1] done processing
2025-10-04 00:24:40,197 - [INFO] - HTTP Request: POST https://ytuiqgrpbwdxrmbzssrb.supabase.co/rest/v1/policy_recommendations "HTTP/2 201 Created"
2025-10-04 00:24:40,198 - [INFO] - Forecast for product 25891203: 343 units (30-day avg, clamped 0-750.0)
2025-10-04 00:24:40,202 - [DEBUG] - cmd: where.exe tbb.dll
cwd: None
2025-10-04 00:24:40,393 - [DEBUG] - TBB already found in load path
2025-10-04 00:24:40,422 - [DEBUG] - input tempfile: C:\Users\peral\AppData\Local\Temp\tmpn5jnj_x0\cqkcdmao.json
2025-10-04 00:24:40,425 - [DEBUG] - input tempfile: C:\Users\peral\AppData\Local\Temp\tmpn5jnj_x0\ktws3gki.json
2025-10-04 00:24:40,428 - [DEBUG] - idx 0
2025-10-04 00:24:40,428 - [DEBUG] - running CmdStan, num_threads: None
2025-10-04 00:24:40,428 - [DEBUG] - CmdStan args: ['C:\\Users\\peral\\AppData\\Local\\Programs\\Python\\Python313\\Lib\\site-packages\\prophet\\stan_model\\prophet_model.bin', 'random', 'seed=66863', 'data', 'file=C:\\Users\\peral\\AppData\\Local\\Temp\\tmpn5jnj_x0\\cqkcdmao.json', 'init=C:\\Users\\peral\\AppData\\Local\\Temp\\tmpn5jnj_x0\\ktws3gki.json', 'output', 'file=C:\\Users\\peral\\AppData\\Local\\Temp\\tmpn5jnj_x0\\prophet_modelzhyvxnak\\prophet_model-20251004002440.csv', 'method=optimize', 'algorithm=newton', 'iter=10000']
2025-10-04 00:24:40,429 - [INFO] - Chain [1] start processing
2025-10-04 00:24:40,564 - [INFO] - Chain [1] done processing
2025-10-04 00:24:40,804 - [INFO] - HTTP Request: POST https://ytuiqgrpbwdxrmbzssrb.supabase.co/rest/v1/policy_recommendations "HTTP/2 201 Created"
2025-10-04 00:24:40,805 - [INFO] - Forecast for product 25891301: 54 units (30-day avg, clamped 0-150.0)
2025-10-04 00:24:40,808 - [DEBUG] - cmd: where.exe tbb.dll
cwd: None
2025-10-04 00:24:41,000 - [DEBUG] - TBB already found in load path
2025-10-04 00:24:41,029 - [DEBUG] - input tempfile: C:\Users\peral\AppData\Local\Temp\tmpn5jnj_x0\w02lcrx9.json
2025-10-04 00:24:41,033 - [DEBUG] - input tempfile: C:\Users\peral\AppData\Local\Temp\tmpn5jnj_x0\gjg1mb9s.json
2025-10-04 00:24:41,036 - [DEBUG] - idx 0
2025-10-04 00:24:41,037 - [DEBUG] - running CmdStan, num_threads: None
2025-10-04 00:24:41,038 - [DEBUG] - CmdStan args: ['C:\\Users\\peral\\AppData\\Local\\Programs\\Python\\Python313\\Lib\\site-packages\\prophet\\stan_model\\prophet_model.bin', 'random', 'seed=6782', 'data', 'file=C:\\Users\\peral\\AppData\\Local\\Temp\\tmpn5jnj_x0\\w02lcrx9.json', 'init=C:\\Users\\peral\\AppData\\Local\\Temp\\tmpn5jnj_x0\\gjg1mb9s.json', 'output', 'file=C:\\Users\\peral\\AppData\\Local\\Temp\\tmpn5jnj_x0\\prophet_modeljre2l90k\\prophet_model-20251004002441.csv', 'method=optimize', 'algorithm=newton', 'iter=10000']
2025-10-04 00:24:41,038 - [INFO] - Chain [1] start processing
2025-10-04 00:24:41,208 - [INFO] - Chain [1] done processing
2025-10-04 00:24:41,541 - [INFO] - HTTP Request: POST https://ytuiqgrpbwdxrmbzssrb.supabase.co/rest/v1/policy_recommendations "HTTP/2 201 Created"
2025-10-04 00:24:41,543 - [INFO] - Forecast for product 25891302: 66 units (30-day avg, clamped 0-148.5)
2025-10-04 00:24:41,546 - [DEBUG] - cmd: where.exe tbb.dll
cwd: None
2025-10-04 00:24:41,731 - [DEBUG] - TBB already found in load path
2025-10-04 00:24:41,756 - [DEBUG] - input tempfile: C:\Users\peral\AppData\Local\Temp\tmpn5jnj_x0\nhhpey65.json
2025-10-04 00:24:41,759 - [DEBUG] - input tempfile: C:\Users\peral\AppData\Local\Temp\tmpn5jnj_x0\70p0vby8.json
2025-10-04 00:24:41,762 - [DEBUG] - idx 0
2025-10-04 00:24:41,762 - [DEBUG] - running CmdStan, num_threads: None
2025-10-04 00:24:41,763 - [DEBUG] - CmdStan args: ['C:\\Users\\peral\\AppData\\Local\\Programs\\Python\\Python313\\Lib\\site-packages\\prophet\\stan_model\\prophet_model.bin', 'random', 'seed=83245', 'data', 'file=C:\\Users\\peral\\AppData\\Local\\Temp\\tmpn5jnj_x0\\nhhpey65.json', 'init=C:\\Users\\peral\\AppData\\Local\\Temp\\tmpn5jnj_x0\\70p0vby8.json', 'output', 'file=C:\\Users\\peral\\AppData\\Local\\Temp\\tmpn5jnj_x0\\prophet_modelbbpb2ypn\\prophet_model-20251004002441.csv', 'method=optimize', 'algorithm=newton', 'iter=10000']
2025-10-04 00:24:41,763 - [INFO] - Chain [1] start processing
2025-10-04 00:24:41,887 - [INFO] - Chain [1] done processing
2025-10-04 00:24:42,258 - [INFO] - HTTP Request: POST https://ytuiqgrpbwdxrmbzssrb.supabase.co/rest/v1/policy_recommendations "HTTP/2 201 Created"
2025-10-04 00:24:42,260 - [INFO] - Forecast for product 25891303: 60 units (30-day avg, clamped 0-142.5)
2025-10-04 00:24:42,263 - [DEBUG] - cmd: where.exe tbb.dll
cwd: None
2025-10-04 00:24:42,446 - [DEBUG] - TBB already found in load path
2025-10-04 00:24:42,473 - [DEBUG] - input tempfile: C:\Users\peral\AppData\Local\Temp\tmpn5jnj_x0\lat7pkey.json
2025-10-04 00:24:42,477 - [DEBUG] - input tempfile: C:\Users\peral\AppData\Local\Temp\tmpn5jnj_x0\lmnfvd1l.json
2025-10-04 00:24:42,479 - [DEBUG] - idx 0
2025-10-04 00:24:42,479 - [DEBUG] - running CmdStan, num_threads: None
2025-10-04 00:24:42,480 - [DEBUG] - CmdStan args: ['C:\\Users\\peral\\AppData\\Local\\Programs\\Python\\Python313\\Lib\\site-packages\\prophet\\stan_model\\prophet_model.bin', 'random', 'seed=31626', 'data', 'file=C:\\Users\\peral\\AppData\\Local\\Temp\\tmpn5jnj_x0\\lat7pkey.json', 'init=C:\\Users\\peral\\AppData\\Local\\Temp\\tmpn5jnj_x0\\lmnfvd1l.json', 'output', 'file=C:\\Users\\peral\\AppData\\Local\\Temp\\tmpn5jnj_x0\\prophet_modelundavm_g\\prophet_model-20251004002442.csv', 'method=optimize', 'algorithm=newton', 'iter=10000']
2025-10-04 00:24:42,480 - [INFO] - Chain [1] start processing
2025-10-04 00:24:42,649 - [INFO] - Chain [1] done processing
2025-10-04 00:24:42,994 - [INFO] - HTTP Request: POST https://ytuiqgrpbwdxrmbzssrb.supabase.co/rest/v1/policy_recommendations "HTTP/2 201 Created"
2025-10-04 00:24:42,996 - [INFO] - Forecast for product 25891401: 368 units (30-day avg, clamped 0-741.0)
2025-10-04 00:24:42,999 - [DEBUG] - cmd: where.exe tbb.dll
cwd: None
2025-10-04 00:24:43,177 - [DEBUG] - TBB already found in load path
2025-10-04 00:24:43,208 - [DEBUG] - input tempfile: C:\Users\peral\AppData\Local\Temp\tmpn5jnj_x0\sotmxeni.json
2025-10-04 00:24:43,211 - [DEBUG] - input tempfile: C:\Users\peral\AppData\Local\Temp\tmpn5jnj_x0\jknlf_gl.json
2025-10-04 00:24:43,214 - [DEBUG] - idx 0
2025-10-04 00:24:43,214 - [DEBUG] - running CmdStan, num_threads: None
2025-10-04 00:24:43,215 - [DEBUG] - CmdStan args: ['C:\\Users\\peral\\AppData\\Local\\Programs\\Python\\Python313\\Lib\\site-packages\\prophet\\stan_model\\prophet_model.bin', 'random', 'seed=71732', 'data', 'file=C:\\Users\\peral\\AppData\\Local\\Temp\\tmpn5jnj_x0\\sotmxeni.json', 'init=C:\\Users\\peral\\AppData\\Local\\Temp\\tmpn5jnj_x0\\jknlf_gl.json', 'output', 'file=C:\\Users\\peral\\AppData\\Local\\Temp\\tmpn5jnj_x0\\prophet_modelzkfh3vjh\\prophet_model-20251004002443.csv', 'method=optimize', 'algorithm=newton', 'iter=10000']
2025-10-04 00:24:43,215 - [INFO] - Chain [1] start processing
2025-10-04 00:24:43,456 - [INFO] - Chain [1] done processing
2025-10-04 00:24:43,795 - [INFO] - HTTP Request: POST https://ytuiqgrpbwdxrmbzssrb.supabase.co/rest/v1/policy_recommendations "HTTP/2 201 Created"
2025-10-04 00:24:43,797 - [INFO] - Forecast for product 25891402: 355 units (30-day avg, clamped 0-738.0)
2025-10-04 00:24:43,800 - [DEBUG] - cmd: where.exe tbb.dll
cwd: None
2025-10-04 00:24:43,996 - [DEBUG] - TBB already found in load path
2025-10-04 00:24:44,025 - [DEBUG] - input tempfile: C:\Users\peral\AppData\Local\Temp\tmpn5jnj_x0\zy2r2f3j.json
2025-10-04 00:24:44,029 - [DEBUG] - input tempfile: C:\Users\peral\AppData\Local\Temp\tmpn5jnj_x0\qyky3d54.json
2025-10-04 00:24:44,031 - [DEBUG] - idx 0
2025-10-04 00:24:44,032 - [DEBUG] - running CmdStan, num_threads: None
2025-10-04 00:24:44,032 - [DEBUG] - CmdStan args: ['C:\\Users\\peral\\AppData\\Local\\Programs\\Python\\Python313\\Lib\\site-packages\\prophet\\stan_model\\prophet_model.bin', 'random', 'seed=82931', 'data', 'file=C:\\Users\\peral\\AppData\\Local\\Temp\\tmpn5jnj_x0\\zy2r2f3j.json', 'init=C:\\Users\\peral\\AppData\\Local\\Temp\\tmpn5jnj_x0\\qyky3d54.json', 'output', 'file=C:\\Users\\peral\\AppData\\Local\\Temp\\tmpn5jnj_x0\\prophet_model8cjpohpz\\prophet_model-20251004002444.csv', 'method=optimize', 'algorithm=newton', 'iter=10000']
2025-10-04 00:24:44,033 - [INFO] - Chain [1] start processing
2025-10-04 00:24:44,172 - [INFO] - Chain [1] done processing
2025-10-04 00:24:44,519 - [INFO] - HTTP Request: POST https://ytuiqgrpbwdxrmbzssrb.supabase.co/rest/v1/policy_recommendations "HTTP/2 201 Created"
2025-10-04 00:24:44,521 - [INFO] - Forecast for product 25891403: 299 units (30-day avg, clamped 0-742.5)
2025-10-04 00:24:44,524 - [DEBUG] - cmd: where.exe tbb.dll
cwd: None
2025-10-04 00:24:44,709 - [DEBUG] - TBB already found in load path
2025-10-04 00:24:44,739 - [DEBUG] - input tempfile: C:\Users\peral\AppData\Local\Temp\tmpn5jnj_x0\neo1iwv3.json
2025-10-04 00:24:44,743 - [DEBUG] - input tempfile: C:\Users\peral\AppData\Local\Temp\tmpn5jnj_x0\fk9s2b0l.json
2025-10-04 00:24:44,745 - [DEBUG] - idx 0
2025-10-04 00:24:44,746 - [DEBUG] - running CmdStan, num_threads: None
2025-10-04 00:24:44,746 - [DEBUG] - CmdStan args: ['C:\\Users\\peral\\AppData\\Local\\Programs\\Python\\Python313\\Lib\\site-packages\\prophet\\stan_model\\prophet_model.bin', 'random', 'seed=95808', 'data', 'file=C:\\Users\\peral\\AppData\\Local\\Temp\\tmpn5jnj_x0\\neo1iwv3.json', 'init=C:\\Users\\peral\\AppData\\Local\\Temp\\tmpn5jnj_x0\\fk9s2b0l.json', 'output', 'file=C:\\Users\\peral\\AppData\\Local\\Temp\\tmpn5jnj_x0\\prophet_modelpqa281_g\\prophet_model-20251004002444.csv', 'method=optimize', 'algorithm=newton', 'iter=10000']
2025-10-04 00:24:44,747 - [INFO] - Chain [1] start processing
2025-10-04 00:24:44,927 - [INFO] - Chain [1] done processing
2025-10-04 00:24:45,229 - [INFO] - HTTP Request: POST https://ytuiqgrpbwdxrmbzssrb.supabase.co/rest/v1/policy_recommendations "HTTP/2 201 Created"
2025-10-04 00:24:45,230 - [INFO] - Forecast for product 25891501: 162 units (30-day avg, clamped 0-375.0)
2025-10-04 00:24:45,234 - [DEBUG] - cmd: where.exe tbb.dll
cwd: None
2025-10-04 00:24:45,414 - [DEBUG] - TBB already found in load path
2025-10-04 00:24:45,439 - [DEBUG] - input tempfile: C:\Users\peral\AppData\Local\Temp\tmpn5jnj_x0\4b65u5s6.json
2025-10-04 00:24:45,443 - [DEBUG] - input tempfile: C:\Users\peral\AppData\Local\Temp\tmpn5jnj_x0\9q42yha7.json
2025-10-04 00:24:45,446 - [DEBUG] - idx 0
2025-10-04 00:24:45,446 - [DEBUG] - running CmdStan, num_threads: None
2025-10-04 00:24:45,447 - [DEBUG] - CmdStan args: ['C:\\Users\\peral\\AppData\\Local\\Programs\\Python\\Python313\\Lib\\site-packages\\prophet\\stan_model\\prophet_model.bin', 'random', 'seed=6045', 'data', 'file=C:\\Users\\peral\\AppData\\Local\\Temp\\tmpn5jnj_x0\\4b65u5s6.json', 'init=C:\\Users\\peral\\AppData\\Local\\Temp\\tmpn5jnj_x0\\9q42yha7.json', 'output', 'file=C:\\Users\\peral\\AppData\\Local\\Temp\\tmpn5jnj_x0\\prophet_modelwxccw_24\\prophet_model-20251004002445.csv', 'method=optimize', 'algorithm=newton', 'iter=10000']
2025-10-04 00:24:45,447 - [INFO] - Chain [1] start processing
2025-10-04 00:24:45,599 - [INFO] - Chain [1] done processing
2025-10-04 00:24:45,846 - [INFO] - HTTP Request: POST https://ytuiqgrpbwdxrmbzssrb.supabase.co/rest/v1/policy_recommendations "HTTP/2 201 Created"
2025-10-04 00:24:45,847 - [INFO] - Forecast for product 25891502: 140 units (30-day avg, clamped 0-364.5)
2025-10-04 00:24:45,852 - [DEBUG] - cmd: where.exe tbb.dll
cwd: None
2025-10-04 00:24:46,053 - [DEBUG] - TBB already found in load path
2025-10-04 00:24:46,081 - [DEBUG] - input tempfile: C:\Users\peral\AppData\Local\Temp\tmpn5jnj_x0\zk1j3cen.json
2025-10-04 00:24:46,084 - [DEBUG] - input tempfile: C:\Users\peral\AppData\Local\Temp\tmpn5jnj_x0\sesj2xsm.json
2025-10-04 00:24:46,089 - [DEBUG] - idx 0
2025-10-04 00:24:46,089 - [DEBUG] - running CmdStan, num_threads: None
2025-10-04 00:24:46,089 - [DEBUG] - CmdStan args: ['C:\\Users\\peral\\AppData\\Local\\Programs\\Python\\Python313\\Lib\\site-packages\\prophet\\stan_model\\prophet_model.bin', 'random', 'seed=5983', 'data', 'file=C:\\Users\\peral\\AppData\\Local\\Temp\\tmpn5jnj_x0\\zk1j3cen.json', 'init=C:\\Users\\peral\\AppData\\Local\\Temp\\tmpn5jnj_x0\\sesj2xsm.json', 'output', 'file=C:\\Users\\peral\\AppData\\Local\\Temp\\tmpn5jnj_x0\\prophet_modelxc0w_4k9\\prophet_model-20251004002446.csv', 'method=optimize', 'algorithm=newton', 'iter=10000']
2025-10-04 00:24:46,090 - [INFO] - Chain [1] start processing
2025-10-04 00:24:46,257 - [INFO] - Chain [1] done processing
2025-10-04 00:24:46,561 - [INFO] - HTTP Request: POST https://ytuiqgrpbwdxrmbzssrb.supabase.co/rest/v1/policy_recommendations "HTTP/2 201 Created"
2025-10-04 00:24:46,562 - [INFO] - Forecast for product 25891503: 181 units (30-day avg, clamped 0-372.0)
2025-10-04 00:24:46,566 - [DEBUG] - cmd: where.exe tbb.dll
cwd: None
2025-10-04 00:24:46,747 - [DEBUG] - TBB already found in load path
2025-10-04 00:24:46,776 - [DEBUG] - input tempfile: C:\Users\peral\AppData\Local\Temp\tmpn5jnj_x0\dwc8mtdl.json
2025-10-04 00:24:46,780 - [DEBUG] - input tempfile: C:\Users\peral\AppData\Local\Temp\tmpn5jnj_x0\gysk6uph.json
2025-10-04 00:24:46,784 - [DEBUG] - idx 0
2025-10-04 00:24:46,784 - [DEBUG] - running CmdStan, num_threads: None
2025-10-04 00:24:46,785 - [DEBUG] - CmdStan args: ['C:\\Users\\peral\\AppData\\Local\\Programs\\Python\\Python313\\Lib\\site-packages\\prophet\\stan_model\\prophet_model.bin', 'random', 'seed=35912', 'data', 'file=C:\\Users\\peral\\AppData\\Local\\Temp\\tmpn5jnj_x0\\dwc8mtdl.json', 'init=C:\\Users\\peral\\AppData\\Local\\Temp\\tmpn5jnj_x0\\gysk6uph.json', 'output', 'file=C:\\Users\\peral\\AppData\\Local\\Temp\\tmpn5jnj_x0\\prophet_model1r07pxld\\prophet_model-20251004002446.csv', 'method=optimize', 'algorithm=newton', 'iter=10000']
2025-10-04 00:24:46,786 - [INFO] - Chain [1] start processing
2025-10-04 00:24:46,975 - [INFO] - Chain [1] done processing
2025-10-04 00:24:47,178 - [INFO] - HTTP Request: POST https://ytuiqgrpbwdxrmbzssrb.supabase.co/rest/v1/policy_recommendations "HTTP/2 201 Created"
2025-10-04 00:24:47,179 - [INFO] - Forecast for product 25891601: 137 units (30-day avg, clamped 0-298.5)
2025-10-04 00:24:47,182 - [DEBUG] - cmd: where.exe tbb.dll
cwd: None
2025-10-04 00:24:47,359 - [DEBUG] - TBB already found in load path
2025-10-04 00:24:47,384 - [DEBUG] - input tempfile: C:\Users\peral\AppData\Local\Temp\tmpn5jnj_x0\qwlcunaw.json
2025-10-04 00:24:47,390 - [DEBUG] - input tempfile: C:\Users\peral\AppData\Local\Temp\tmpn5jnj_x0\ig4536h9.json
2025-10-04 00:24:47,393 - [DEBUG] - idx 0
2025-10-04 00:24:47,394 - [DEBUG] - running CmdStan, num_threads: None
2025-10-04 00:24:47,394 - [DEBUG] - CmdStan args: ['C:\\Users\\peral\\AppData\\Local\\Programs\\Python\\Python313\\Lib\\site-packages\\prophet\\stan_model\\prophet_model.bin', 'random', 'seed=62238', 'data', 'file=C:\\Users\\peral\\AppData\\Local\\Temp\\tmpn5jnj_x0\\qwlcunaw.json', 'init=C:\\Users\\peral\\AppData\\Local\\Temp\\tmpn5jnj_x0\\ig4536h9.json', 'output', 'file=C:\\Users\\peral\\AppData\\Local\\Temp\\tmpn5jnj_x0\\prophet_modelp2cen9ol\\prophet_model-20251004002447.csv', 'method=optimize', 'algorithm=newton', 'iter=10000']
2025-10-04 00:24:47,395 - [INFO] - Chain [1] start processing
2025-10-04 00:24:47,555 - [INFO] - Chain [1] done processing
2025-10-04 00:24:47,892 - [INFO] - HTTP Request: POST https://ytuiqgrpbwdxrmbzssrb.supabase.co/rest/v1/policy_recommendations "HTTP/2 201 Created"
2025-10-04 00:24:47,894 - [INFO] - Forecast for product 25891602: 116 units (30-day avg, clamped 0-300.0)
2025-10-04 00:24:47,897 - [DEBUG] - cmd: where.exe tbb.dll
cwd: None
2025-10-04 00:24:48,101 - [DEBUG] - TBB already found in load path
2025-10-04 00:24:48,128 - [DEBUG] - input tempfile: C:\Users\peral\AppData\Local\Temp\tmpn5jnj_x0\yd6cayt0.json
2025-10-04 00:24:48,131 - [DEBUG] - input tempfile: C:\Users\peral\AppData\Local\Temp\tmpn5jnj_x0\n2b9752x.json
2025-10-04 00:24:48,134 - [DEBUG] - idx 0
2025-10-04 00:24:48,134 - [DEBUG] - running CmdStan, num_threads: None
2025-10-04 00:24:48,135 - [DEBUG] - CmdStan args: ['C:\\Users\\peral\\AppData\\Local\\Programs\\Python\\Python313\\Lib\\site-packages\\prophet\\stan_model\\prophet_model.bin', 'random', 'seed=4423', 'data', 'file=C:\\Users\\peral\\AppData\\Local\\Temp\\tmpn5jnj_x0\\yd6cayt0.json', 'init=C:\\Users\\peral\\AppData\\Local\\Temp\\tmpn5jnj_x0\\n2b9752x.json', 'output', 'file=C:\\Users\\peral\\AppData\\Local\\Temp\\tmpn5jnj_x0\\prophet_modeltye3xg03\\prophet_model-20251004002448.csv', 'method=optimize', 'algorithm=newton', 'iter=10000']
2025-10-04 00:24:48,135 - [INFO] - Chain [1] start processing
2025-10-04 00:24:48,377 - [INFO] - Chain [1] done processing
2025-10-04 00:24:48,607 - [INFO] - HTTP Request: POST https://ytuiqgrpbwdxrmbzssrb.supabase.co/rest/v1/policy_recommendations "HTTP/2 201 Created"
2025-10-04 00:24:48,608 - [INFO] - Forecast for product 25891603: 126 units (30-day avg, clamped 0-300.0)
2025-10-04 00:24:48,609 - [INFO] - Forecasting complete (18 products)
2025-10-04 00:24:48,610 - [INFO] - Forecasting complete (18 products)
2025-10-04 00:24:48,610 - [INFO] - Generating policy recommendations
2025-10-04 00:24:48,610 - [INFO] - Pipeline completed successfully
2025-10-04 00:35:08,841 - [INFO] - Settings loaded (env=default)
2025-10-04 00:40:50,698 - [INFO] - Starting analytics pipeline
2025-10-04 00:40:50,699 - [INFO] - Settings loaded (env=default)
2025-10-04 00:40:51,049 - [INFO] - Running Customer KPI Risk Predictions
2025-10-04 00:40:51,050 - [INFO] - Running Customer KPI Risk Pipeline...
2025-10-04 00:40:51,050 - [INFO] - Fetching KPI data from Supabase...
2025-10-04 00:40:52,430 - [INFO] - HTTP Request: GET https://ytuiqgrpbwdxrmbzssrb.supabase.co/rest/v1/fact_aggregate?select=%2A "HTTP/2 200 OK"
2025-10-04 00:40:52,654 - [INFO] - HTTP Request: GET https://ytuiqgrpbwdxrmbzssrb.supabase.co/rest/v1/dim_targets_order?select=%2A "HTTP/2 200 OK"
2025-10-04 00:40:52,659 - [INFO] - Fetched 1000 KPI rows
2025-10-04 00:40:52,660 - [INFO] - Preparing dataset for model...
2025-10-04 00:40:52,663 - [WARNING] - Target column 'target_cost' not found, using default 0.9.
2025-10-04 00:40:52,664 - [WARNING] - Target column 'target_quality' not found, using default 0.9.
2025-10-04 00:40:52,666 - [WARNING] - No 'label' column found. Created synthetic labels based on otif_pct < target_otif.
2025-10-04 00:40:52,666 - [INFO] - Prepared dataset with 1000 rows and features: ['otif_pct', 'target_otif', 'target_cost', 'target_quality']
2025-10-04 00:40:52,666 - [INFO] - Training LightGBM model...
2025-10-04 00:40:52,667 - [WARNING] - Only one class in dataset -> fallback to dummy predictions.
2025-10-04 00:40:52,668 - [INFO] - Storing predictions in Supabase...
2025-10-04 00:40:53,107 - [INFO] - HTTP Request: POST https://ytuiqgrpbwdxrmbzssrb.supabase.co/rest/v1/kpi_risk_predictions?columns=%22prediction_date%22%2C%22risk_label%22%2C%22risk_score%22%2C%22customer_id%22 "HTTP/2 201 Created"
2025-10-04 00:40:53,111 - [INFO] - Inserted 1000 predictions into Supabase.
2025-10-04 00:40:53,112 - [INFO] - Customer risk pipeline completed successfully
2025-10-04 00:40:53,113 - [INFO] - Running KPI analysis
2025-10-04 00:40:53,751 - [INFO] - HTTP Request: GET https://ytuiqgrpbwdxrmbzssrb.supabase.co/rest/v1/kpi_summary?select=%2A "HTTP/2 200 OK"
2025-10-04 00:40:53,754 - [INFO] - Fetched 35 KPI summary rows
2025-10-04 00:40:53,754 - [INFO] - KPI analysis complete (35 records)
2025-10-04 00:40:53,755 - [INFO] - Running demand forecasting
2025-10-04 00:40:53,755 - [INFO] - Running demand forecasting
2025-10-04 00:40:53,913 - [INFO] - HTTP Request: GET https://ytuiqgrpbwdxrmbzssrb.supabase.co/rest/v1/fact_order_line?select=order_placement_date%2Cproduct_id%2Corder_qty "HTTP/2 200 OK"
2025-10-04 00:40:53,963 - [DEBUG] - cmd: where.exe tbb.dll
cwd: None
2025-10-04 00:40:54,078 - [DEBUG] - Adding TBB (c:\Users\peral\AppData\Local\Programs\Python\Python313\Lib\site-packages\prophet\stan_model\cmdstan-2.33.1\stan\lib\stan_math\lib\tbb) to PATH
2025-10-04 00:40:54,098 - [DEBUG] - input tempfile: C:\Users\peral\AppData\Local\Temp\tmpvj7k4702\st5gqri7.json
2025-10-04 00:40:54,101 - [DEBUG] - input tempfile: C:\Users\peral\AppData\Local\Temp\tmpvj7k4702\xqz9o_x5.json
2025-10-04 00:40:54,103 - [DEBUG] - idx 0
2025-10-04 00:40:54,104 - [DEBUG] - running CmdStan, num_threads: None
2025-10-04 00:40:54,104 - [DEBUG] - CmdStan args: ['C:\\Users\\peral\\AppData\\Local\\Programs\\Python\\Python313\\Lib\\site-packages\\prophet\\stan_model\\prophet_model.bin', 'random', 'seed=90054', 'data', 'file=C:\\Users\\peral\\AppData\\Local\\Temp\\tmpvj7k4702\\st5gqri7.json', 'init=C:\\Users\\peral\\AppData\\Local\\Temp\\tmpvj7k4702\\xqz9o_x5.json', 'output', 'file=C:\\Users\\peral\\AppData\\Local\\Temp\\tmpvj7k4702\\prophet_modelw8t_nr05\\prophet_model-20251004004054.csv', 'method=optimize', 'algorithm=newton', 'iter=10000']
2025-10-04 00:40:54,104 - [INFO] - Chain [1] start processing
2025-10-04 00:40:54,194 - [INFO] - Chain [1] done processing
2025-10-04 00:40:54,375 - [INFO] - HTTP Request: POST https://ytuiqgrpbwdxrmbzssrb.supabase.co/rest/v1/policy_recommendations "HTTP/2 201 Created"
2025-10-04 00:40:54,377 - [INFO] - Forecast for product 25891101: 353 units (30-day avg, clamped 0-741.0)
2025-10-04 00:40:54,379 - [DEBUG] - cmd: where.exe tbb.dll
cwd: None
2025-10-04 00:40:54,468 - [DEBUG] - TBB already found in load path
2025-10-04 00:40:54,480 - [DEBUG] - input tempfile: C:\Users\peral\AppData\Local\Temp\tmpvj7k4702\kodijme4.json
2025-10-04 00:40:54,482 - [DEBUG] - input tempfile: C:\Users\peral\AppData\Local\Temp\tmpvj7k4702\lq61a10q.json
2025-10-04 00:40:54,484 - [DEBUG] - idx 0
2025-10-04 00:40:54,485 - [DEBUG] - running CmdStan, num_threads: None
2025-10-04 00:40:54,485 - [DEBUG] - CmdStan args: ['C:\\Users\\peral\\AppData\\Local\\Programs\\Python\\Python313\\Lib\\site-packages\\prophet\\stan_model\\prophet_model.bin', 'random', 'seed=72927', 'data', 'file=C:\\Users\\peral\\AppData\\Local\\Temp\\tmpvj7k4702\\kodijme4.json', 'init=C:\\Users\\peral\\AppData\\Local\\Temp\\tmpvj7k4702\\lq61a10q.json', 'output', 'file=C:\\Users\\peral\\AppData\\Local\\Temp\\tmpvj7k4702\\prophet_modelx2xkghrp\\prophet_model-20251004004054.csv', 'method=optimize', 'algorithm=newton', 'iter=10000']
2025-10-04 00:40:54,485 - [INFO] - Chain [1] start processing
2025-10-04 00:40:54,561 - [INFO] - Chain [1] done processing
2025-10-04 00:40:54,800 - [INFO] - HTTP Request: POST https://ytuiqgrpbwdxrmbzssrb.supabase.co/rest/v1/policy_recommendations "HTTP/2 201 Created"
2025-10-04 00:40:54,801 - [INFO] - Forecast for product 25891102: 406 units (30-day avg, clamped 0-744.0)
2025-10-04 00:40:54,803 - [DEBUG] - cmd: where.exe tbb.dll
cwd: None
2025-10-04 00:40:54,887 - [DEBUG] - TBB already found in load path
2025-10-04 00:40:54,899 - [DEBUG] - input tempfile: C:\Users\peral\AppData\Local\Temp\tmpvj7k4702\po9rzkkq.json
2025-10-04 00:40:54,902 - [DEBUG] - input tempfile: C:\Users\peral\AppData\Local\Temp\tmpvj7k4702\z_415zqs.json
2025-10-04 00:40:54,904 - [DEBUG] - idx 0
2025-10-04 00:40:54,904 - [DEBUG] - running CmdStan, num_threads: None
2025-10-04 00:40:54,904 - [DEBUG] - CmdStan args: ['C:\\Users\\peral\\AppData\\Local\\Programs\\Python\\Python313\\Lib\\site-packages\\prophet\\stan_model\\prophet_model.bin', 'random', 'seed=41651', 'data', 'file=C:\\Users\\peral\\AppData\\Local\\Temp\\tmpvj7k4702\\po9rzkkq.json', 'init=C:\\Users\\peral\\AppData\\Local\\Temp\\tmpvj7k4702\\z_415zqs.json', 'output', 'file=C:\\Users\\peral\\AppData\\Local\\Temp\\tmpvj7k4702\\prophet_modelsuz529s5\\prophet_model-20251004004054.csv', 'method=optimize', 'algorithm=newton', 'iter=10000']
2025-10-04 00:40:54,904 - [INFO] - Chain [1] start processing
2025-10-04 00:40:55,000 - [INFO] - Chain [1] done processing
2025-10-04 00:40:55,259 - [INFO] - HTTP Request: POST https://ytuiqgrpbwdxrmbzssrb.supabase.co/rest/v1/policy_recommendations "HTTP/2 201 Created"
2025-10-04 00:40:55,260 - [INFO] - Forecast for product 25891103: 426 units (30-day avg, clamped 0-747.0)
2025-10-04 00:40:55,262 - [DEBUG] - cmd: where.exe tbb.dll
cwd: None
2025-10-04 00:40:55,342 - [DEBUG] - TBB already found in load path
2025-10-04 00:40:55,354 - [DEBUG] - input tempfile: C:\Users\peral\AppData\Local\Temp\tmpvj7k4702\hqy2stjk.json
2025-10-04 00:40:55,356 - [DEBUG] - input tempfile: C:\Users\peral\AppData\Local\Temp\tmpvj7k4702\nj6dwdmo.json
2025-10-04 00:40:55,358 - [DEBUG] - idx 0
2025-10-04 00:40:55,358 - [DEBUG] - running CmdStan, num_threads: None
2025-10-04 00:40:55,358 - [DEBUG] - CmdStan args: ['C:\\Users\\peral\\AppData\\Local\\Programs\\Python\\Python313\\Lib\\site-packages\\prophet\\stan_model\\prophet_model.bin', 'random', 'seed=54899', 'data', 'file=C:\\Users\\peral\\AppData\\Local\\Temp\\tmpvj7k4702\\hqy2stjk.json', 'init=C:\\Users\\peral\\AppData\\Local\\Temp\\tmpvj7k4702\\nj6dwdmo.json', 'output', 'file=C:\\Users\\peral\\AppData\\Local\\Temp\\tmpvj7k4702\\prophet_modela1m40qri\\prophet_model-20251004004055.csv', 'method=optimize', 'algorithm=newton', 'iter=10000']
2025-10-04 00:40:55,359 - [INFO] - Chain [1] start processing
2025-10-04 00:40:55,430 - [INFO] - Chain [1] done processing
2025-10-04 00:40:55,617 - [INFO] - HTTP Request: POST https://ytuiqgrpbwdxrmbzssrb.supabase.co/rest/v1/policy_recommendations "HTTP/2 201 Created"
2025-10-04 00:40:55,618 - [INFO] - Forecast for product 25891201: 258 units (30-day avg, clamped 0-750.0)
2025-10-04 00:40:55,620 - [DEBUG] - cmd: where.exe tbb.dll
cwd: None
2025-10-04 00:40:55,702 - [DEBUG] - TBB already found in load path
2025-10-04 00:40:55,720 - [DEBUG] - input tempfile: C:\Users\peral\AppData\Local\Temp\tmpvj7k4702\synn3kma.json
2025-10-04 00:40:55,722 - [DEBUG] - input tempfile: C:\Users\peral\AppData\Local\Temp\tmpvj7k4702\13evun2n.json
2025-10-04 00:40:55,724 - [DEBUG] - idx 0
2025-10-04 00:40:55,724 - [DEBUG] - running CmdStan, num_threads: None
2025-10-04 00:40:55,724 - [DEBUG] - CmdStan args: ['C:\\Users\\peral\\AppData\\Local\\Programs\\Python\\Python313\\Lib\\site-packages\\prophet\\stan_model\\prophet_model.bin', 'random', 'seed=72162', 'data', 'file=C:\\Users\\peral\\AppData\\Local\\Temp\\tmpvj7k4702\\synn3kma.json', 'init=C:\\Users\\peral\\AppData\\Local\\Temp\\tmpvj7k4702\\13evun2n.json', 'output', 'file=C:\\Users\\peral\\AppData\\Local\\Temp\\tmpvj7k4702\\prophet_model38867lhx\\prophet_model-20251004004055.csv', 'method=optimize', 'algorithm=newton', 'iter=10000']
2025-10-04 00:40:55,725 - [INFO] - Chain [1] start processing
2025-10-04 00:40:55,800 - [INFO] - Chain [1] done processing
2025-10-04 00:40:55,994 - [INFO] - HTTP Request: POST https://ytuiqgrpbwdxrmbzssrb.supabase.co/rest/v1/policy_recommendations "HTTP/2 201 Created"
2025-10-04 00:40:55,995 - [INFO] - Forecast for product 25891202: 318 units (30-day avg, clamped 0-733.5)
2025-10-04 00:40:55,998 - [DEBUG] - cmd: where.exe tbb.dll
cwd: None
2025-10-04 00:40:56,081 - [DEBUG] - TBB already found in load path
2025-10-04 00:40:56,092 - [DEBUG] - input tempfile: C:\Users\peral\AppData\Local\Temp\tmpvj7k4702\2c_yn3fs.json
2025-10-04 00:40:56,095 - [DEBUG] - input tempfile: C:\Users\peral\AppData\Local\Temp\tmpvj7k4702\raozo79c.json
2025-10-04 00:40:56,097 - [DEBUG] - idx 0
2025-10-04 00:40:56,098 - [DEBUG] - running CmdStan, num_threads: None
2025-10-04 00:40:56,098 - [DEBUG] - CmdStan args: ['C:\\Users\\peral\\AppData\\Local\\Programs\\Python\\Python313\\Lib\\site-packages\\prophet\\stan_model\\prophet_model.bin', 'random', 'seed=72020', 'data', 'file=C:\\Users\\peral\\AppData\\Local\\Temp\\tmpvj7k4702\\2c_yn3fs.json', 'init=C:\\Users\\peral\\AppData\\Local\\Temp\\tmpvj7k4702\\raozo79c.json', 'output', 'file=C:\\Users\\peral\\AppData\\Local\\Temp\\tmpvj7k4702\\prophet_modelfqh32e8h\\prophet_model-20251004004056.csv', 'method=optimize', 'algorithm=newton', 'iter=10000']
2025-10-04 00:40:56,098 - [INFO] - Chain [1] start processing
2025-10-04 00:40:56,172 - [INFO] - Chain [1] done processing
2025-10-04 00:40:56,325 - [INFO] - HTTP Request: POST https://ytuiqgrpbwdxrmbzssrb.supabase.co/rest/v1/policy_recommendations "HTTP/2 201 Created"
2025-10-04 00:40:56,326 - [INFO] - Forecast for product 25891203: 343 units (30-day avg, clamped 0-750.0)
2025-10-04 00:40:56,328 - [DEBUG] - cmd: where.exe tbb.dll
cwd: None
2025-10-04 00:40:56,412 - [DEBUG] - TBB already found in load path
2025-10-04 00:40:56,422 - [DEBUG] - input tempfile: C:\Users\peral\AppData\Local\Temp\tmpvj7k4702\pqkf1uob.json
2025-10-04 00:40:56,425 - [DEBUG] - input tempfile: C:\Users\peral\AppData\Local\Temp\tmpvj7k4702\4z0p7i27.json
2025-10-04 00:40:56,427 - [DEBUG] - idx 0
2025-10-04 00:40:56,427 - [DEBUG] - running CmdStan, num_threads: None
2025-10-04 00:40:56,427 - [DEBUG] - CmdStan args: ['C:\\Users\\peral\\AppData\\Local\\Programs\\Python\\Python313\\Lib\\site-packages\\prophet\\stan_model\\prophet_model.bin', 'random', 'seed=7219', 'data', 'file=C:\\Users\\peral\\AppData\\Local\\Temp\\tmpvj7k4702\\pqkf1uob.json', 'init=C:\\Users\\peral\\AppData\\Local\\Temp\\tmpvj7k4702\\4z0p7i27.json', 'output', 'file=C:\\Users\\peral\\AppData\\Local\\Temp\\tmpvj7k4702\\prophet_modeluk_rfzrd\\prophet_model-20251004004056.csv', 'method=optimize', 'algorithm=newton', 'iter=10000']
2025-10-04 00:40:56,428 - [INFO] - Chain [1] start processing
2025-10-04 00:40:56,494 - [INFO] - Chain [1] done processing
2025-10-04 00:40:56,698 - [INFO] - HTTP Request: POST https://ytuiqgrpbwdxrmbzssrb.supabase.co/rest/v1/policy_recommendations "HTTP/2 201 Created"
2025-10-04 00:40:56,699 - [INFO] - Forecast for product 25891301: 54 units (30-day avg, clamped 0-150.0)
2025-10-04 00:40:56,701 - [DEBUG] - cmd: where.exe tbb.dll
cwd: None
2025-10-04 00:40:56,784 - [DEBUG] - TBB already found in load path
2025-10-04 00:40:56,797 - [DEBUG] - input tempfile: C:\Users\peral\AppData\Local\Temp\tmpvj7k4702\5rxjby00.json
2025-10-04 00:40:56,798 - [DEBUG] - input tempfile: C:\Users\peral\AppData\Local\Temp\tmpvj7k4702\v8d9u8j9.json
2025-10-04 00:40:56,801 - [DEBUG] - idx 0
2025-10-04 00:40:56,801 - [DEBUG] - running CmdStan, num_threads: None
2025-10-04 00:40:56,801 - [DEBUG] - CmdStan args: ['C:\\Users\\peral\\AppData\\Local\\Programs\\Python\\Python313\\Lib\\site-packages\\prophet\\stan_model\\prophet_model.bin', 'random', 'seed=71251', 'data', 'file=C:\\Users\\peral\\AppData\\Local\\Temp\\tmpvj7k4702\\5rxjby00.json', 'init=C:\\Users\\peral\\AppData\\Local\\Temp\\tmpvj7k4702\\v8d9u8j9.json', 'output', 'file=C:\\Users\\peral\\AppData\\Local\\Temp\\tmpvj7k4702\\prophet_modelh44x_8t1\\prophet_model-20251004004056.csv', 'method=optimize', 'algorithm=newton', 'iter=10000']
2025-10-04 00:40:56,801 - [INFO] - Chain [1] start processing
2025-10-04 00:40:56,877 - [INFO] - Chain [1] done processing
2025-10-04 00:40:57,035 - [INFO] - HTTP Request: POST https://ytuiqgrpbwdxrmbzssrb.supabase.co/rest/v1/policy_recommendations "HTTP/2 201 Created"
2025-10-04 00:40:57,035 - [INFO] - Forecast for product 25891302: 66 units (30-day avg, clamped 0-148.5)
2025-10-04 00:40:57,037 - [DEBUG] - cmd: where.exe tbb.dll
cwd: None
2025-10-04 00:40:57,119 - [DEBUG] - TBB already found in load path
2025-10-04 00:40:57,131 - [DEBUG] - input tempfile: C:\Users\peral\AppData\Local\Temp\tmpvj7k4702\carvercr.json
2025-10-04 00:40:57,134 - [DEBUG] - input tempfile: C:\Users\peral\AppData\Local\Temp\tmpvj7k4702\f42v9sn1.json
2025-10-04 00:40:57,136 - [DEBUG] - idx 0
2025-10-04 00:40:57,136 - [DEBUG] - running CmdStan, num_threads: None
2025-10-04 00:40:57,136 - [DEBUG] - CmdStan args: ['C:\\Users\\peral\\AppData\\Local\\Programs\\Python\\Python313\\Lib\\site-packages\\prophet\\stan_model\\prophet_model.bin', 'random', 'seed=21412', 'data', 'file=C:\\Users\\peral\\AppData\\Local\\Temp\\tmpvj7k4702\\carvercr.json', 'init=C:\\Users\\peral\\AppData\\Local\\Temp\\tmpvj7k4702\\f42v9sn1.json', 'output', 'file=C:\\Users\\peral\\AppData\\Local\\Temp\\tmpvj7k4702\\prophet_model1mei8dck\\prophet_model-20251004004057.csv', 'method=optimize', 'algorithm=newton', 'iter=10000']
2025-10-04 00:40:57,137 - [INFO] - Chain [1] start processing
2025-10-04 00:40:57,200 - [INFO] - Chain [1] done processing
2025-10-04 00:40:57,461 - [INFO] - HTTP Request: POST https://ytuiqgrpbwdxrmbzssrb.supabase.co/rest/v1/policy_recommendations "HTTP/2 201 Created"
2025-10-04 00:40:57,462 - [INFO] - Forecast for product 25891303: 60 units (30-day avg, clamped 0-142.5)
2025-10-04 00:40:57,464 - [DEBUG] - cmd: where.exe tbb.dll
cwd: None
2025-10-04 00:40:57,543 - [DEBUG] - TBB already found in load path
2025-10-04 00:40:57,554 - [DEBUG] - input tempfile: C:\Users\peral\AppData\Local\Temp\tmpvj7k4702\297he29l.json
2025-10-04 00:40:57,557 - [DEBUG] - input tempfile: C:\Users\peral\AppData\Local\Temp\tmpvj7k4702\1gxzw23a.json
2025-10-04 00:40:57,559 - [DEBUG] - idx 0
2025-10-04 00:40:57,559 - [DEBUG] - running CmdStan, num_threads: None
2025-10-04 00:40:57,560 - [DEBUG] - CmdStan args: ['C:\\Users\\peral\\AppData\\Local\\Programs\\Python\\Python313\\Lib\\site-packages\\prophet\\stan_model\\prophet_model.bin', 'random', 'seed=13094', 'data', 'file=C:\\Users\\peral\\AppData\\Local\\Temp\\tmpvj7k4702\\297he29l.json', 'init=C:\\Users\\peral\\AppData\\Local\\Temp\\tmpvj7k4702\\1gxzw23a.json', 'output', 'file=C:\\Users\\peral\\AppData\\Local\\Temp\\tmpvj7k4702\\prophet_modelfbvidvna\\prophet_model-20251004004057.csv', 'method=optimize', 'algorithm=newton', 'iter=10000']
2025-10-04 00:40:57,560 - [INFO] - Chain [1] start processing
2025-10-04 00:40:57,641 - [INFO] - Chain [1] done processing
2025-10-04 00:40:57,798 - [INFO] - HTTP Request: POST https://ytuiqgrpbwdxrmbzssrb.supabase.co/rest/v1/policy_recommendations "HTTP/2 201 Created"
2025-10-04 00:40:57,801 - [INFO] - Forecast for product 25891401: 368 units (30-day avg, clamped 0-741.0)
2025-10-04 00:40:57,803 - [DEBUG] - cmd: where.exe tbb.dll
cwd: None
2025-10-04 00:40:57,886 - [DEBUG] - TBB already found in load path
2025-10-04 00:40:57,900 - [DEBUG] - input tempfile: C:\Users\peral\AppData\Local\Temp\tmpvj7k4702\2t1tuap4.json
2025-10-04 00:40:57,902 - [DEBUG] - input tempfile: C:\Users\peral\AppData\Local\Temp\tmpvj7k4702\lsurn1sg.json
2025-10-04 00:40:57,904 - [DEBUG] - idx 0
2025-10-04 00:40:57,905 - [DEBUG] - running CmdStan, num_threads: None
2025-10-04 00:40:57,905 - [DEBUG] - CmdStan args: ['C:\\Users\\peral\\AppData\\Local\\Programs\\Python\\Python313\\Lib\\site-packages\\prophet\\stan_model\\prophet_model.bin', 'random', 'seed=69688', 'data', 'file=C:\\Users\\peral\\AppData\\Local\\Temp\\tmpvj7k4702\\2t1tuap4.json', 'init=C:\\Users\\peral\\AppData\\Local\\Temp\\tmpvj7k4702\\lsurn1sg.json', 'output', 'file=C:\\Users\\peral\\AppData\\Local\\Temp\\tmpvj7k4702\\prophet_modelsat4y6a5\\prophet_model-20251004004057.csv', 'method=optimize', 'algorithm=newton', 'iter=10000']
2025-10-04 00:40:57,905 - [INFO] - Chain [1] start processing
2025-10-04 00:40:58,014 - [INFO] - Chain [1] done processing
2025-10-04 00:40:58,182 - [INFO] - HTTP Request: POST https://ytuiqgrpbwdxrmbzssrb.supabase.co/rest/v1/policy_recommendations "HTTP/2 201 Created"
2025-10-04 00:40:58,184 - [INFO] - Forecast for product 25891402: 355 units (30-day avg, clamped 0-738.0)
2025-10-04 00:40:58,186 - [DEBUG] - cmd: where.exe tbb.dll
cwd: None
2025-10-04 00:40:58,270 - [DEBUG] - TBB already found in load path
2025-10-04 00:40:58,283 - [DEBUG] - input tempfile: C:\Users\peral\AppData\Local\Temp\tmpvj7k4702\jg194po8.json
2025-10-04 00:40:58,285 - [DEBUG] - input tempfile: C:\Users\peral\AppData\Local\Temp\tmpvj7k4702\takqvp02.json
2025-10-04 00:40:58,287 - [DEBUG] - idx 0
2025-10-04 00:40:58,287 - [DEBUG] - running CmdStan, num_threads: None
2025-10-04 00:40:58,288 - [DEBUG] - CmdStan args: ['C:\\Users\\peral\\AppData\\Local\\Programs\\Python\\Python313\\Lib\\site-packages\\prophet\\stan_model\\prophet_model.bin', 'random', 'seed=63514', 'data', 'file=C:\\Users\\peral\\AppData\\Local\\Temp\\tmpvj7k4702\\jg194po8.json', 'init=C:\\Users\\peral\\AppData\\Local\\Temp\\tmpvj7k4702\\takqvp02.json', 'output', 'file=C:\\Users\\peral\\AppData\\Local\\Temp\\tmpvj7k4702\\prophet_model6w0cn59b\\prophet_model-20251004004058.csv', 'method=optimize', 'algorithm=newton', 'iter=10000']
2025-10-04 00:40:58,288 - [INFO] - Chain [1] start processing
2025-10-04 00:40:58,356 - [INFO] - Chain [1] done processing
2025-10-04 00:40:58,646 - [INFO] - HTTP Request: POST https://ytuiqgrpbwdxrmbzssrb.supabase.co/rest/v1/policy_recommendations "HTTP/2 201 Created"
2025-10-04 00:40:58,648 - [INFO] - Forecast for product 25891403: 299 units (30-day avg, clamped 0-742.5)
2025-10-04 00:40:58,650 - [DEBUG] - cmd: where.exe tbb.dll
cwd: None
2025-10-04 00:40:58,730 - [DEBUG] - TBB already found in load path
2025-10-04 00:40:58,741 - [DEBUG] - input tempfile: C:\Users\peral\AppData\Local\Temp\tmpvj7k4702\z3n_vbw8.json
2025-10-04 00:40:58,744 - [DEBUG] - input tempfile: C:\Users\peral\AppData\Local\Temp\tmpvj7k4702\_nqesnw4.json
2025-10-04 00:40:58,746 - [DEBUG] - idx 0
2025-10-04 00:40:58,747 - [DEBUG] - running CmdStan, num_threads: None
2025-10-04 00:40:58,747 - [DEBUG] - CmdStan args: ['C:\\Users\\peral\\AppData\\Local\\Programs\\Python\\Python313\\Lib\\site-packages\\prophet\\stan_model\\prophet_model.bin', 'random', 'seed=87637', 'data', 'file=C:\\Users\\peral\\AppData\\Local\\Temp\\tmpvj7k4702\\z3n_vbw8.json', 'init=C:\\Users\\peral\\AppData\\Local\\Temp\\tmpvj7k4702\\_nqesnw4.json', 'output', 'file=C:\\Users\\peral\\AppData\\Local\\Temp\\tmpvj7k4702\\prophet_modela4lgbzdk\\prophet_model-20251004004058.csv', 'method=optimize', 'algorithm=newton', 'iter=10000']
2025-10-04 00:40:58,747 - [INFO] - Chain [1] start processing
2025-10-04 00:40:58,834 - [INFO] - Chain [1] done processing
2025-10-04 00:40:59,027 - [INFO] - HTTP Request: POST https://ytuiqgrpbwdxrmbzssrb.supabase.co/rest/v1/policy_recommendations "HTTP/2 201 Created"
2025-10-04 00:40:59,027 - [INFO] - Forecast for product 25891501: 162 units (30-day avg, clamped 0-375.0)
2025-10-04 00:40:59,029 - [DEBUG] - cmd: where.exe tbb.dll
cwd: None
2025-10-04 00:40:59,111 - [DEBUG] - TBB already found in load path
2025-10-04 00:40:59,122 - [DEBUG] - input tempfile: C:\Users\peral\AppData\Local\Temp\tmpvj7k4702\ew2f93d4.json
2025-10-04 00:40:59,125 - [DEBUG] - input tempfile: C:\Users\peral\AppData\Local\Temp\tmpvj7k4702\yo9vfc47.json
2025-10-04 00:40:59,126 - [DEBUG] - idx 0
2025-10-04 00:40:59,126 - [DEBUG] - running CmdStan, num_threads: None
2025-10-04 00:40:59,126 - [DEBUG] - CmdStan args: ['C:\\Users\\peral\\AppData\\Local\\Programs\\Python\\Python313\\Lib\\site-packages\\prophet\\stan_model\\prophet_model.bin', 'random', 'seed=15641', 'data', 'file=C:\\Users\\peral\\AppData\\Local\\Temp\\tmpvj7k4702\\ew2f93d4.json', 'init=C:\\Users\\peral\\AppData\\Local\\Temp\\tmpvj7k4702\\yo9vfc47.json', 'output', 'file=C:\\Users\\peral\\AppData\\Local\\Temp\\tmpvj7k4702\\prophet_modelhi7k6nlt\\prophet_model-20251004004059.csv', 'method=optimize', 'algorithm=newton', 'iter=10000']
2025-10-04 00:40:59,127 - [INFO] - Chain [1] start processing
2025-10-04 00:40:59,210 - [INFO] - Chain [1] done processing
2025-10-04 00:40:59,364 - [INFO] - HTTP Request: POST https://ytuiqgrpbwdxrmbzssrb.supabase.co/rest/v1/policy_recommendations "HTTP/2 201 Created"
2025-10-04 00:40:59,365 - [INFO] - Forecast for product 25891502: 140 units (30-day avg, clamped 0-364.5)
2025-10-04 00:40:59,367 - [DEBUG] - cmd: where.exe tbb.dll
cwd: None
2025-10-04 00:40:59,449 - [DEBUG] - TBB already found in load path
2025-10-04 00:40:59,461 - [DEBUG] - input tempfile: C:\Users\peral\AppData\Local\Temp\tmpvj7k4702\qo3cm7m3.json
2025-10-04 00:40:59,463 - [DEBUG] - input tempfile: C:\Users\peral\AppData\Local\Temp\tmpvj7k4702\87a00qix.json
2025-10-04 00:40:59,465 - [DEBUG] - idx 0
2025-10-04 00:40:59,465 - [DEBUG] - running CmdStan, num_threads: None
2025-10-04 00:40:59,466 - [DEBUG] - CmdStan args: ['C:\\Users\\peral\\AppData\\Local\\Programs\\Python\\Python313\\Lib\\site-packages\\prophet\\stan_model\\prophet_model.bin', 'random', 'seed=87897', 'data', 'file=C:\\Users\\peral\\AppData\\Local\\Temp\\tmpvj7k4702\\qo3cm7m3.json', 'init=C:\\Users\\peral\\AppData\\Local\\Temp\\tmpvj7k4702\\87a00qix.json', 'output', 'file=C:\\Users\\peral\\AppData\\Local\\Temp\\tmpvj7k4702\\prophet_modelpwrwusp9\\prophet_model-20251004004059.csv', 'method=optimize', 'algorithm=newton', 'iter=10000']
2025-10-04 00:40:59,466 - [INFO] - Chain [1] start processing
2025-10-04 00:40:59,539 - [INFO] - Chain [1] done processing
2025-10-04 00:40:59,711 - [INFO] - HTTP Request: POST https://ytuiqgrpbwdxrmbzssrb.supabase.co/rest/v1/policy_recommendations "HTTP/2 201 Created"
2025-10-04 00:40:59,714 - [INFO] - Forecast for product 25891503: 181 units (30-day avg, clamped 0-372.0)
2025-10-04 00:40:59,717 - [DEBUG] - cmd: where.exe tbb.dll
cwd: None
2025-10-04 00:40:59,802 - [DEBUG] - TBB already found in load path
2025-10-04 00:40:59,814 - [DEBUG] - input tempfile: C:\Users\peral\AppData\Local\Temp\tmpvj7k4702\8f5evsw8.json
2025-10-04 00:40:59,816 - [DEBUG] - input tempfile: C:\Users\peral\AppData\Local\Temp\tmpvj7k4702\t82xa49b.json
2025-10-04 00:40:59,818 - [DEBUG] - idx 0
2025-10-04 00:40:59,818 - [DEBUG] - running CmdStan, num_threads: None
2025-10-04 00:40:59,818 - [DEBUG] - CmdStan args: ['C:\\Users\\peral\\AppData\\Local\\Programs\\Python\\Python313\\Lib\\site-packages\\prophet\\stan_model\\prophet_model.bin', 'random', 'seed=22576', 'data', 'file=C:\\Users\\peral\\AppData\\Local\\Temp\\tmpvj7k4702\\8f5evsw8.json', 'init=C:\\Users\\peral\\AppData\\Local\\Temp\\tmpvj7k4702\\t82xa49b.json', 'output', 'file=C:\\Users\\peral\\AppData\\Local\\Temp\\tmpvj7k4702\\prophet_model12jrbtpt\\prophet_model-20251004004059.csv', 'method=optimize', 'algorithm=newton', 'iter=10000']
2025-10-04 00:40:59,818 - [INFO] - Chain [1] start processing
2025-10-04 00:40:59,900 - [INFO] - Chain [1] done processing
2025-10-04 00:41:00,129 - [INFO] - HTTP Request: POST https://ytuiqgrpbwdxrmbzssrb.supabase.co/rest/v1/policy_recommendations "HTTP/2 201 Created"
2025-10-04 00:41:00,130 - [INFO] - Forecast for product 25891601: 137 units (30-day avg, clamped 0-298.5)
2025-10-04 00:41:00,132 - [DEBUG] - cmd: where.exe tbb.dll
cwd: None
2025-10-04 00:41:00,215 - [DEBUG] - TBB already found in load path
2025-10-04 00:41:00,227 - [DEBUG] - input tempfile: C:\Users\peral\AppData\Local\Temp\tmpvj7k4702\x_kh9dks.json
2025-10-04 00:41:00,229 - [DEBUG] - input tempfile: C:\Users\peral\AppData\Local\Temp\tmpvj7k4702\dblfhiaq.json
2025-10-04 00:41:00,232 - [DEBUG] - idx 0
2025-10-04 00:41:00,232 - [DEBUG] - running CmdStan, num_threads: None
2025-10-04 00:41:00,232 - [DEBUG] - CmdStan args: ['C:\\Users\\peral\\AppData\\Local\\Programs\\Python\\Python313\\Lib\\site-packages\\prophet\\stan_model\\prophet_model.bin', 'random', 'seed=89117', 'data', 'file=C:\\Users\\peral\\AppData\\Local\\Temp\\tmpvj7k4702\\x_kh9dks.json', 'init=C:\\Users\\peral\\AppData\\Local\\Temp\\tmpvj7k4702\\dblfhiaq.json', 'output', 'file=C:\\Users\\peral\\AppData\\Local\\Temp\\tmpvj7k4702\\prophet_model5p7oxo5i\\prophet_model-20251004004100.csv', 'method=optimize', 'algorithm=newton', 'iter=10000']
2025-10-04 00:41:00,233 - [INFO] - Chain [1] start processing
2025-10-04 00:41:00,313 - [INFO] - Chain [1] done processing
2025-10-04 00:41:00,479 - [INFO] - HTTP Request: POST https://ytuiqgrpbwdxrmbzssrb.supabase.co/rest/v1/policy_recommendations "HTTP/2 201 Created"
2025-10-04 00:41:00,480 - [INFO] - Forecast for product 25891602: 116 units (30-day avg, clamped 0-300.0)
2025-10-04 00:41:00,483 - [DEBUG] - cmd: where.exe tbb.dll
cwd: None
2025-10-04 00:41:00,564 - [DEBUG] - TBB already found in load path
2025-10-04 00:41:00,574 - [DEBUG] - input tempfile: C:\Users\peral\AppData\Local\Temp\tmpvj7k4702\egk6qn51.json
2025-10-04 00:41:00,577 - [DEBUG] - input tempfile: C:\Users\peral\AppData\Local\Temp\tmpvj7k4702\jf3h0g4i.json
2025-10-04 00:41:00,580 - [DEBUG] - idx 0
2025-10-04 00:41:00,580 - [DEBUG] - running CmdStan, num_threads: None
2025-10-04 00:41:00,581 - [DEBUG] - CmdStan args: ['C:\\Users\\peral\\AppData\\Local\\Programs\\Python\\Python313\\Lib\\site-packages\\prophet\\stan_model\\prophet_model.bin', 'random', 'seed=58713', 'data', 'file=C:\\Users\\peral\\AppData\\Local\\Temp\\tmpvj7k4702\\egk6qn51.json', 'init=C:\\Users\\peral\\AppData\\Local\\Temp\\tmpvj7k4702\\jf3h0g4i.json', 'output', 'file=C:\\Users\\peral\\AppData\\Local\\Temp\\tmpvj7k4702\\prophet_modelf78wcvt2\\prophet_model-20251004004100.csv', 'method=optimize', 'algorithm=newton', 'iter=10000']
2025-10-04 00:41:00,581 - [INFO] - Chain [1] start processing
2025-10-04 00:41:00,685 - [INFO] - Chain [1] done processing
2025-10-04 00:41:00,846 - [INFO] - HTTP Request: POST https://ytuiqgrpbwdxrmbzssrb.supabase.co/rest/v1/policy_recommendations "HTTP/2 201 Created"
2025-10-04 00:41:00,846 - [INFO] - Forecast for product 25891603: 126 units (30-day avg, clamped 0-300.0)
2025-10-04 00:41:00,847 - [INFO] - Forecasting complete (18 products)
2025-10-04 00:41:00,847 - [INFO] - Forecasting complete (18 products)
2025-10-04 00:41:00,848 - [INFO] - Generating policy recommendations
2025-10-04 00:41:00,848 - [INFO] - Pipeline completed successfully
2025-10-04 00:54:07,619 - [INFO] - Starting analytics pipeline
2025-10-04 00:54:07,620 - [INFO] - Settings loaded (env=default)
2025-10-04 00:54:07,970 - [INFO] - Running Customer KPI Risk Predictions
2025-10-04 00:54:07,970 - [INFO] - Running Customer KPI Risk Pipeline...
2025-10-04 00:54:07,971 - [INFO] - Fetching KPI data from Supabase...
2025-10-04 00:54:08,941 - [INFO] - HTTP Request: GET https://ytuiqgrpbwdxrmbzssrb.supabase.co/rest/v1/fact_aggregate?select=%2A "HTTP/2 200 OK"
2025-10-04 00:54:09,080 - [INFO] - HTTP Request: GET https://ytuiqgrpbwdxrmbzssrb.supabase.co/rest/v1/dim_targets_order?select=%2A "HTTP/2 200 OK"
2025-10-04 00:54:09,085 - [INFO] - Fetched 1000 KPI rows
2025-10-04 00:54:09,086 - [INFO] - Preparing dataset for model...
2025-10-04 00:54:09,090 - [WARNING] - Target column 'target_cost' not found, using default 0.9.
2025-10-04 00:54:09,090 - [WARNING] - Target column 'target_quality' not found, using default 0.9.
2025-10-04 00:54:09,092 - [WARNING] - No 'label' column found. Created synthetic labels based on otif_pct < target_otif.
2025-10-04 00:54:09,093 - [INFO] - Prepared dataset with 1000 rows and features: ['otif_pct', 'target_otif', 'target_cost', 'target_quality']
2025-10-04 00:54:09,093 - [INFO] - Training LightGBM model...
2025-10-04 00:54:09,094 - [WARNING] - Only one class in dataset -> fallback to dummy predictions.
2025-10-04 00:54:09,095 - [INFO] - Storing predictions in Supabase...
2025-10-04 00:54:09,520 - [INFO] - HTTP Request: POST https://ytuiqgrpbwdxrmbzssrb.supabase.co/rest/v1/kpi_risk_predictions?columns=%22prediction_date%22%2C%22risk_label%22%2C%22risk_score%22%2C%22customer_id%22 "HTTP/2 201 Created"
2025-10-04 00:54:09,525 - [INFO] - Inserted 1000 predictions into Supabase.
2025-10-04 00:54:09,526 - [INFO] - Customer risk pipeline completed successfully
2025-10-04 00:54:09,527 - [INFO] - Running KPI analysis
2025-10-04 00:54:10,096 - [INFO] - HTTP Request: GET https://ytuiqgrpbwdxrmbzssrb.supabase.co/rest/v1/kpi_summary?select=%2A "HTTP/2 200 OK"
2025-10-04 00:54:10,098 - [INFO] - Fetched 35 KPI summary rows
2025-10-04 00:54:10,098 - [INFO] - KPI analysis complete (35 records)
2025-10-04 00:54:10,099 - [INFO] - Running demand forecasting
2025-10-04 00:54:10,099 - [INFO] - Running demand forecasting
2025-10-04 00:54:10,272 - [INFO] - HTTP Request: GET https://ytuiqgrpbwdxrmbzssrb.supabase.co/rest/v1/fact_order_line?select=order_placement_date%2Cproduct_id%2Corder_qty "HTTP/2 200 OK"
2025-10-04 00:54:10,277 - [DEBUG] - cmd: where.exe tbb.dll
cwd: None
2025-10-04 00:54:10,361 - [DEBUG] - TBB already found in load path
2025-10-04 00:54:10,373 - [DEBUG] - input tempfile: C:\Users\peral\AppData\Local\Temp\tmpvj7k4702\n5fhl1_d.json
2025-10-04 00:54:10,376 - [DEBUG] - input tempfile: C:\Users\peral\AppData\Local\Temp\tmpvj7k4702\cya8rvhk.json
2025-10-04 00:54:10,378 - [DEBUG] - idx 0
2025-10-04 00:54:10,378 - [DEBUG] - running CmdStan, num_threads: None
2025-10-04 00:54:10,378 - [DEBUG] - CmdStan args: ['C:\\Users\\peral\\AppData\\Local\\Programs\\Python\\Python313\\Lib\\site-packages\\prophet\\stan_model\\prophet_model.bin', 'random', 'seed=40210', 'data', 'file=C:\\Users\\peral\\AppData\\Local\\Temp\\tmpvj7k4702\\n5fhl1_d.json', 'init=C:\\Users\\peral\\AppData\\Local\\Temp\\tmpvj7k4702\\cya8rvhk.json', 'output', 'file=C:\\Users\\peral\\AppData\\Local\\Temp\\tmpvj7k4702\\prophet_modelsg9k0u2i\\prophet_model-20251004005410.csv', 'method=optimize', 'algorithm=newton', 'iter=10000']
2025-10-04 00:54:10,379 - [INFO] - Chain [1] start processing
2025-10-04 00:54:10,452 - [INFO] - Chain [1] done processing
2025-10-04 00:54:10,613 - [INFO] - HTTP Request: POST https://ytuiqgrpbwdxrmbzssrb.supabase.co/rest/v1/policy_recommendations "HTTP/2 201 Created"
2025-10-04 00:54:10,614 - [INFO] - Forecast for product 25891101: 353 units (30-day avg, clamped 0-741.0)
2025-10-04 00:54:10,617 - [DEBUG] - cmd: where.exe tbb.dll
cwd: None
2025-10-04 00:54:10,699 - [DEBUG] - TBB already found in load path
2025-10-04 00:54:10,711 - [DEBUG] - input tempfile: C:\Users\peral\AppData\Local\Temp\tmpvj7k4702\mhvn___3.json
2025-10-04 00:54:10,714 - [DEBUG] - input tempfile: C:\Users\peral\AppData\Local\Temp\tmpvj7k4702\b59w6knf.json
2025-10-04 00:54:10,715 - [DEBUG] - idx 0
2025-10-04 00:54:10,716 - [DEBUG] - running CmdStan, num_threads: None
2025-10-04 00:54:10,716 - [DEBUG] - CmdStan args: ['C:\\Users\\peral\\AppData\\Local\\Programs\\Python\\Python313\\Lib\\site-packages\\prophet\\stan_model\\prophet_model.bin', 'random', 'seed=38243', 'data', 'file=C:\\Users\\peral\\AppData\\Local\\Temp\\tmpvj7k4702\\mhvn___3.json', 'init=C:\\Users\\peral\\AppData\\Local\\Temp\\tmpvj7k4702\\b59w6knf.json', 'output', 'file=C:\\Users\\peral\\AppData\\Local\\Temp\\tmpvj7k4702\\prophet_modelv10cnhak\\prophet_model-20251004005410.csv', 'method=optimize', 'algorithm=newton', 'iter=10000']
2025-10-04 00:54:10,717 - [INFO] - Chain [1] start processing
2025-10-04 00:54:10,791 - [INFO] - Chain [1] done processing
2025-10-04 00:54:11,010 - [INFO] - HTTP Request: POST https://ytuiqgrpbwdxrmbzssrb.supabase.co/rest/v1/policy_recommendations "HTTP/2 201 Created"
2025-10-04 00:54:11,011 - [INFO] - Forecast for product 25891102: 406 units (30-day avg, clamped 0-744.0)
2025-10-04 00:54:11,013 - [DEBUG] - cmd: where.exe tbb.dll
cwd: None
2025-10-04 00:54:11,102 - [DEBUG] - TBB already found in load path
2025-10-04 00:54:11,115 - [DEBUG] - input tempfile: C:\Users\peral\AppData\Local\Temp\tmpvj7k4702\8vlcsqo7.json
2025-10-04 00:54:11,116 - [DEBUG] - input tempfile: C:\Users\peral\AppData\Local\Temp\tmpvj7k4702\wfimg5lt.json
2025-10-04 00:54:11,119 - [DEBUG] - idx 0
2025-10-04 00:54:11,119 - [DEBUG] - running CmdStan, num_threads: None
2025-10-04 00:54:11,120 - [DEBUG] - CmdStan args: ['C:\\Users\\peral\\AppData\\Local\\Programs\\Python\\Python313\\Lib\\site-packages\\prophet\\stan_model\\prophet_model.bin', 'random', 'seed=53776', 'data', 'file=C:\\Users\\peral\\AppData\\Local\\Temp\\tmpvj7k4702\\8vlcsqo7.json', 'init=C:\\Users\\peral\\AppData\\Local\\Temp\\tmpvj7k4702\\wfimg5lt.json', 'output', 'file=C:\\Users\\peral\\AppData\\Local\\Temp\\tmpvj7k4702\\prophet_modelr46r7uwd\\prophet_model-20251004005411.csv', 'method=optimize', 'algorithm=newton', 'iter=10000']
2025-10-04 00:54:11,120 - [INFO] - Chain [1] start processing
2025-10-04 00:54:11,233 - [INFO] - Chain [1] done processing
2025-10-04 00:54:11,418 - [INFO] - HTTP Request: POST https://ytuiqgrpbwdxrmbzssrb.supabase.co/rest/v1/policy_recommendations "HTTP/2 201 Created"
2025-10-04 00:54:11,419 - [INFO] - Forecast for product 25891103: 426 units (30-day avg, clamped 0-747.0)
2025-10-04 00:54:11,422 - [DEBUG] - cmd: where.exe tbb.dll
cwd: None
2025-10-04 00:54:11,506 - [DEBUG] - TBB already found in load path
2025-10-04 00:54:11,519 - [DEBUG] - input tempfile: C:\Users\peral\AppData\Local\Temp\tmpvj7k4702\ow5ffaok.json
2025-10-04 00:54:11,523 - [DEBUG] - input tempfile: C:\Users\peral\AppData\Local\Temp\tmpvj7k4702\t40pqwhw.json
2025-10-04 00:54:11,525 - [DEBUG] - idx 0
2025-10-04 00:54:11,525 - [DEBUG] - running CmdStan, num_threads: None
2025-10-04 00:54:11,525 - [DEBUG] - CmdStan args: ['C:\\Users\\peral\\AppData\\Local\\Programs\\Python\\Python313\\Lib\\site-packages\\prophet\\stan_model\\prophet_model.bin', 'random', 'seed=25657', 'data', 'file=C:\\Users\\peral\\AppData\\Local\\Temp\\tmpvj7k4702\\ow5ffaok.json', 'init=C:\\Users\\peral\\AppData\\Local\\Temp\\tmpvj7k4702\\t40pqwhw.json', 'output', 'file=C:\\Users\\peral\\AppData\\Local\\Temp\\tmpvj7k4702\\prophet_modeltq2dcl7r\\prophet_model-20251004005411.csv', 'method=optimize', 'algorithm=newton', 'iter=10000']
2025-10-04 00:54:11,526 - [INFO] - Chain [1] start processing
2025-10-04 00:54:11,599 - [INFO] - Chain [1] done processing
2025-10-04 00:54:11,753 - [INFO] - HTTP Request: POST https://ytuiqgrpbwdxrmbzssrb.supabase.co/rest/v1/policy_recommendations "HTTP/2 201 Created"
2025-10-04 00:54:11,754 - [INFO] - Forecast for product 25891201: 258 units (30-day avg, clamped 0-750.0)
2025-10-04 00:54:11,756 - [DEBUG] - cmd: where.exe tbb.dll
cwd: None
2025-10-04 00:54:11,838 - [DEBUG] - TBB already found in load path
2025-10-04 00:54:11,851 - [DEBUG] - input tempfile: C:\Users\peral\AppData\Local\Temp\tmpvj7k4702\kwgukjql.json
2025-10-04 00:54:11,853 - [DEBUG] - input tempfile: C:\Users\peral\AppData\Local\Temp\tmpvj7k4702\m4053wey.json
2025-10-04 00:54:11,854 - [DEBUG] - idx 0
2025-10-04 00:54:11,855 - [DEBUG] - running CmdStan, num_threads: None
2025-10-04 00:54:11,855 - [DEBUG] - CmdStan args: ['C:\\Users\\peral\\AppData\\Local\\Programs\\Python\\Python313\\Lib\\site-packages\\prophet\\stan_model\\prophet_model.bin', 'random', 'seed=36665', 'data', 'file=C:\\Users\\peral\\AppData\\Local\\Temp\\tmpvj7k4702\\kwgukjql.json', 'init=C:\\Users\\peral\\AppData\\Local\\Temp\\tmpvj7k4702\\m4053wey.json', 'output', 'file=C:\\Users\\peral\\AppData\\Local\\Temp\\tmpvj7k4702\\prophet_modeln4h6218p\\prophet_model-20251004005411.csv', 'method=optimize', 'algorithm=newton', 'iter=10000']
2025-10-04 00:54:11,855 - [INFO] - Chain [1] start processing
2025-10-04 00:54:11,931 - [INFO] - Chain [1] done processing
2025-10-04 00:54:12,099 - [INFO] - HTTP Request: POST https://ytuiqgrpbwdxrmbzssrb.supabase.co/rest/v1/policy_recommendations "HTTP/2 201 Created"
2025-10-04 00:54:12,100 - [INFO] - Forecast for product 25891202: 318 units (30-day avg, clamped 0-733.5)
2025-10-04 00:54:12,102 - [DEBUG] - cmd: where.exe tbb.dll
cwd: None
2025-10-04 00:54:12,186 - [DEBUG] - TBB already found in load path
2025-10-04 00:54:12,197 - [DEBUG] - input tempfile: C:\Users\peral\AppData\Local\Temp\tmpvj7k4702\ko3sqtid.json
2025-10-04 00:54:12,199 - [DEBUG] - input tempfile: C:\Users\peral\AppData\Local\Temp\tmpvj7k4702\89u12x0r.json
2025-10-04 00:54:12,202 - [DEBUG] - idx 0
2025-10-04 00:54:12,202 - [DEBUG] - running CmdStan, num_threads: None
2025-10-04 00:54:12,202 - [DEBUG] - CmdStan args: ['C:\\Users\\peral\\AppData\\Local\\Programs\\Python\\Python313\\Lib\\site-packages\\prophet\\stan_model\\prophet_model.bin', 'random', 'seed=21556', 'data', 'file=C:\\Users\\peral\\AppData\\Local\\Temp\\tmpvj7k4702\\ko3sqtid.json', 'init=C:\\Users\\peral\\AppData\\Local\\Temp\\tmpvj7k4702\\89u12x0r.json', 'output', 'file=C:\\Users\\peral\\AppData\\Local\\Temp\\tmpvj7k4702\\prophet_modelxj2ksbq7\\prophet_model-20251004005412.csv', 'method=optimize', 'algorithm=newton', 'iter=10000']
2025-10-04 00:54:12,203 - [INFO] - Chain [1] start processing
2025-10-04 00:54:12,276 - [INFO] - Chain [1] done processing
2025-10-04 00:54:12,455 - [INFO] - HTTP Request: POST https://ytuiqgrpbwdxrmbzssrb.supabase.co/rest/v1/policy_recommendations "HTTP/2 201 Created"
2025-10-04 00:54:12,456 - [INFO] - Forecast for product 25891203: 343 units (30-day avg, clamped 0-750.0)
2025-10-04 00:54:12,458 - [DEBUG] - cmd: where.exe tbb.dll
cwd: None
2025-10-04 00:54:12,544 - [DEBUG] - TBB already found in load path
2025-10-04 00:54:12,555 - [DEBUG] - input tempfile: C:\Users\peral\AppData\Local\Temp\tmpvj7k4702\kcr178y7.json
2025-10-04 00:54:12,558 - [DEBUG] - input tempfile: C:\Users\peral\AppData\Local\Temp\tmpvj7k4702\xq8jkuy7.json
2025-10-04 00:54:12,561 - [DEBUG] - idx 0
2025-10-04 00:54:12,561 - [DEBUG] - running CmdStan, num_threads: None
2025-10-04 00:54:12,561 - [DEBUG] - CmdStan args: ['C:\\Users\\peral\\AppData\\Local\\Programs\\Python\\Python313\\Lib\\site-packages\\prophet\\stan_model\\prophet_model.bin', 'random', 'seed=22089', 'data', 'file=C:\\Users\\peral\\AppData\\Local\\Temp\\tmpvj7k4702\\kcr178y7.json', 'init=C:\\Users\\peral\\AppData\\Local\\Temp\\tmpvj7k4702\\xq8jkuy7.json', 'output', 'file=C:\\Users\\peral\\AppData\\Local\\Temp\\tmpvj7k4702\\prophet_modelzh7j1adl\\prophet_model-20251004005412.csv', 'method=optimize', 'algorithm=newton', 'iter=10000']
2025-10-04 00:54:12,562 - [INFO] - Chain [1] start processing
2025-10-04 00:54:12,629 - [INFO] - Chain [1] done processing
2025-10-04 00:54:12,787 - [INFO] - HTTP Request: POST https://ytuiqgrpbwdxrmbzssrb.supabase.co/rest/v1/policy_recommendations "HTTP/2 201 Created"
2025-10-04 00:54:12,789 - [INFO] - Forecast for product 25891301: 54 units (30-day avg, clamped 0-150.0)
2025-10-04 00:54:12,791 - [DEBUG] - cmd: where.exe tbb.dll
cwd: None
2025-10-04 00:54:12,877 - [DEBUG] - TBB already found in load path
2025-10-04 00:54:12,889 - [DEBUG] - input tempfile: C:\Users\peral\AppData\Local\Temp\tmpvj7k4702\eoti48ry.json
2025-10-04 00:54:12,892 - [DEBUG] - input tempfile: C:\Users\peral\AppData\Local\Temp\tmpvj7k4702\funrikyv.json
2025-10-04 00:54:12,894 - [DEBUG] - idx 0
2025-10-04 00:54:12,895 - [DEBUG] - running CmdStan, num_threads: None
2025-10-04 00:54:12,895 - [DEBUG] - CmdStan args: ['C:\\Users\\peral\\AppData\\Local\\Programs\\Python\\Python313\\Lib\\site-packages\\prophet\\stan_model\\prophet_model.bin', 'random', 'seed=26959', 'data', 'file=C:\\Users\\peral\\AppData\\Local\\Temp\\tmpvj7k4702\\eoti48ry.json', 'init=C:\\Users\\peral\\AppData\\Local\\Temp\\tmpvj7k4702\\funrikyv.json', 'output', 'file=C:\\Users\\peral\\AppData\\Local\\Temp\\tmpvj7k4702\\prophet_modellyelu_jd\\prophet_model-20251004005412.csv', 'method=optimize', 'algorithm=newton', 'iter=10000']
2025-10-04 00:54:12,895 - [INFO] - Chain [1] start processing
2025-10-04 00:54:12,975 - [INFO] - Chain [1] done processing
2025-10-04 00:54:13,123 - [INFO] - HTTP Request: POST https://ytuiqgrpbwdxrmbzssrb.supabase.co/rest/v1/policy_recommendations "HTTP/2 201 Created"
2025-10-04 00:54:13,124 - [INFO] - Forecast for product 25891302: 66 units (30-day avg, clamped 0-148.5)
2025-10-04 00:54:13,127 - [DEBUG] - cmd: where.exe tbb.dll
cwd: None
2025-10-04 00:54:13,214 - [DEBUG] - TBB already found in load path
2025-10-04 00:54:13,224 - [DEBUG] - input tempfile: C:\Users\peral\AppData\Local\Temp\tmpvj7k4702\zv5g9p7p.json
2025-10-04 00:54:13,227 - [DEBUG] - input tempfile: C:\Users\peral\AppData\Local\Temp\tmpvj7k4702\ah3epjm7.json
2025-10-04 00:54:13,229 - [DEBUG] - idx 0
2025-10-04 00:54:13,229 - [DEBUG] - running CmdStan, num_threads: None
2025-10-04 00:54:13,230 - [DEBUG] - CmdStan args: ['C:\\Users\\peral\\AppData\\Local\\Programs\\Python\\Python313\\Lib\\site-packages\\prophet\\stan_model\\prophet_model.bin', 'random', 'seed=24838', 'data', 'file=C:\\Users\\peral\\AppData\\Local\\Temp\\tmpvj7k4702\\zv5g9p7p.json', 'init=C:\\Users\\peral\\AppData\\Local\\Temp\\tmpvj7k4702\\ah3epjm7.json', 'output', 'file=C:\\Users\\peral\\AppData\\Local\\Temp\\tmpvj7k4702\\prophet_modelulsrtqxx\\prophet_model-20251004005413.csv', 'method=optimize', 'algorithm=newton', 'iter=10000']
2025-10-04 00:54:13,230 - [INFO] - Chain [1] start processing
2025-10-04 00:54:13,291 - [INFO] - Chain [1] done processing
2025-10-04 00:54:13,470 - [INFO] - HTTP Request: POST https://ytuiqgrpbwdxrmbzssrb.supabase.co/rest/v1/policy_recommendations "HTTP/2 201 Created"
2025-10-04 00:54:13,471 - [INFO] - Forecast for product 25891303: 60 units (30-day avg, clamped 0-142.5)
2025-10-04 00:54:13,473 - [DEBUG] - cmd: where.exe tbb.dll
cwd: None
2025-10-04 00:54:13,556 - [DEBUG] - TBB already found in load path
2025-10-04 00:54:13,568 - [DEBUG] - input tempfile: C:\Users\peral\AppData\Local\Temp\tmpvj7k4702\ujdc8_8e.json
2025-10-04 00:54:13,571 - [DEBUG] - input tempfile: C:\Users\peral\AppData\Local\Temp\tmpvj7k4702\asuk_io5.json
2025-10-04 00:54:13,573 - [DEBUG] - idx 0
2025-10-04 00:54:13,573 - [DEBUG] - running CmdStan, num_threads: None
2025-10-04 00:54:13,574 - [DEBUG] - CmdStan args: ['C:\\Users\\peral\\AppData\\Local\\Programs\\Python\\Python313\\Lib\\site-packages\\prophet\\stan_model\\prophet_model.bin', 'random', 'seed=87234', 'data', 'file=C:\\Users\\peral\\AppData\\Local\\Temp\\tmpvj7k4702\\ujdc8_8e.json', 'init=C:\\Users\\peral\\AppData\\Local\\Temp\\tmpvj7k4702\\asuk_io5.json', 'output', 'file=C:\\Users\\peral\\AppData\\Local\\Temp\\tmpvj7k4702\\prophet_modelka8myvf3\\prophet_model-20251004005413.csv', 'method=optimize', 'algorithm=newton', 'iter=10000']
2025-10-04 00:54:13,574 - [INFO] - Chain [1] start processing
2025-10-04 00:54:13,658 - [INFO] - Chain [1] done processing
2025-10-04 00:54:13,824 - [INFO] - HTTP Request: POST https://ytuiqgrpbwdxrmbzssrb.supabase.co/rest/v1/policy_recommendations "HTTP/2 201 Created"
2025-10-04 00:54:13,825 - [INFO] - Forecast for product 25891401: 368 units (30-day avg, clamped 0-741.0)
2025-10-04 00:54:13,826 - [DEBUG] - cmd: where.exe tbb.dll
cwd: None
2025-10-04 00:54:13,918 - [DEBUG] - TBB already found in load path
2025-10-04 00:54:13,929 - [DEBUG] - input tempfile: C:\Users\peral\AppData\Local\Temp\tmpvj7k4702\7mdjwct5.json
2025-10-04 00:54:13,932 - [DEBUG] - input tempfile: C:\Users\peral\AppData\Local\Temp\tmpvj7k4702\pn6rglla.json
2025-10-04 00:54:13,934 - [DEBUG] - idx 0
2025-10-04 00:54:13,935 - [DEBUG] - running CmdStan, num_threads: None
2025-10-04 00:54:13,935 - [DEBUG] - CmdStan args: ['C:\\Users\\peral\\AppData\\Local\\Programs\\Python\\Python313\\Lib\\site-packages\\prophet\\stan_model\\prophet_model.bin', 'random', 'seed=5711', 'data', 'file=C:\\Users\\peral\\AppData\\Local\\Temp\\tmpvj7k4702\\7mdjwct5.json', 'init=C:\\Users\\peral\\AppData\\Local\\Temp\\tmpvj7k4702\\pn6rglla.json', 'output', 'file=C:\\Users\\peral\\AppData\\Local\\Temp\\tmpvj7k4702\\prophet_model3iesndp4\\prophet_model-20251004005413.csv', 'method=optimize', 'algorithm=newton', 'iter=10000']
2025-10-04 00:54:13,936 - [INFO] - Chain [1] start processing
2025-10-04 00:54:14,033 - [INFO] - Chain [1] done processing
2025-10-04 00:54:14,346 - [INFO] - HTTP Request: POST https://ytuiqgrpbwdxrmbzssrb.supabase.co/rest/v1/policy_recommendations "HTTP/2 201 Created"
2025-10-04 00:54:14,347 - [INFO] - Forecast for product 25891402: 355 units (30-day avg, clamped 0-738.0)
2025-10-04 00:54:14,350 - [DEBUG] - cmd: where.exe tbb.dll
cwd: None
2025-10-04 00:54:14,432 - [DEBUG] - TBB already found in load path
2025-10-04 00:54:14,443 - [DEBUG] - input tempfile: C:\Users\peral\AppData\Local\Temp\tmpvj7k4702\cdwyotm7.json
2025-10-04 00:54:14,446 - [DEBUG] - input tempfile: C:\Users\peral\AppData\Local\Temp\tmpvj7k4702\533jnbg7.json
2025-10-04 00:54:14,448 - [DEBUG] - idx 0
2025-10-04 00:54:14,449 - [DEBUG] - running CmdStan, num_threads: None
2025-10-04 00:54:14,449 - [DEBUG] - CmdStan args: ['C:\\Users\\peral\\AppData\\Local\\Programs\\Python\\Python313\\Lib\\site-packages\\prophet\\stan_model\\prophet_model.bin', 'random', 'seed=86821', 'data', 'file=C:\\Users\\peral\\AppData\\Local\\Temp\\tmpvj7k4702\\cdwyotm7.json', 'init=C:\\Users\\peral\\AppData\\Local\\Temp\\tmpvj7k4702\\533jnbg7.json', 'output', 'file=C:\\Users\\peral\\AppData\\Local\\Temp\\tmpvj7k4702\\prophet_modelv8e_v4pz\\prophet_model-20251004005414.csv', 'method=optimize', 'algorithm=newton', 'iter=10000']
2025-10-04 00:54:14,449 - [INFO] - Chain [1] start processing
2025-10-04 00:54:14,515 - [INFO] - Chain [1] done processing
2025-10-04 00:54:14,733 - [INFO] - HTTP Request: POST https://ytuiqgrpbwdxrmbzssrb.supabase.co/rest/v1/policy_recommendations "HTTP/2 201 Created"
2025-10-04 00:54:14,734 - [INFO] - Forecast for product 25891403: 299 units (30-day avg, clamped 0-742.5)
2025-10-04 00:54:14,737 - [DEBUG] - cmd: where.exe tbb.dll
cwd: None
2025-10-04 00:54:14,821 - [DEBUG] - TBB already found in load path
2025-10-04 00:54:14,835 - [DEBUG] - input tempfile: C:\Users\peral\AppData\Local\Temp\tmpvj7k4702\d3ou9j4_.json
2025-10-04 00:54:14,837 - [DEBUG] - input tempfile: C:\Users\peral\AppData\Local\Temp\tmpvj7k4702\ch9c980d.json
2025-10-04 00:54:14,839 - [DEBUG] - idx 0
2025-10-04 00:54:14,840 - [DEBUG] - running CmdStan, num_threads: None
2025-10-04 00:54:14,840 - [DEBUG] - CmdStan args: ['C:\\Users\\peral\\AppData\\Local\\Programs\\Python\\Python313\\Lib\\site-packages\\prophet\\stan_model\\prophet_model.bin', 'random', 'seed=4448', 'data', 'file=C:\\Users\\peral\\AppData\\Local\\Temp\\tmpvj7k4702\\d3ou9j4_.json', 'init=C:\\Users\\peral\\AppData\\Local\\Temp\\tmpvj7k4702\\ch9c980d.json', 'output', 'file=C:\\Users\\peral\\AppData\\Local\\Temp\\tmpvj7k4702\\prophet_modelt0r6kefc\\prophet_model-20251004005414.csv', 'method=optimize', 'algorithm=newton', 'iter=10000']
2025-10-04 00:54:14,840 - [INFO] - Chain [1] start processing
2025-10-04 00:54:14,929 - [INFO] - Chain [1] done processing
2025-10-04 00:54:15,128 - [INFO] - HTTP Request: POST https://ytuiqgrpbwdxrmbzssrb.supabase.co/rest/v1/policy_recommendations "HTTP/2 201 Created"
2025-10-04 00:54:15,130 - [INFO] - Forecast for product 25891501: 162 units (30-day avg, clamped 0-375.0)
2025-10-04 00:54:15,132 - [DEBUG] - cmd: where.exe tbb.dll
cwd: None
2025-10-04 00:54:15,218 - [DEBUG] - TBB already found in load path
2025-10-04 00:54:15,234 - [DEBUG] - input tempfile: C:\Users\peral\AppData\Local\Temp\tmpvj7k4702\qwcwdeuq.json
2025-10-04 00:54:15,236 - [DEBUG] - input tempfile: C:\Users\peral\AppData\Local\Temp\tmpvj7k4702\qk66ym5u.json
2025-10-04 00:54:15,237 - [DEBUG] - idx 0
2025-10-04 00:54:15,238 - [DEBUG] - running CmdStan, num_threads: None
2025-10-04 00:54:15,238 - [DEBUG] - CmdStan args: ['C:\\Users\\peral\\AppData\\Local\\Programs\\Python\\Python313\\Lib\\site-packages\\prophet\\stan_model\\prophet_model.bin', 'random', 'seed=13403', 'data', 'file=C:\\Users\\peral\\AppData\\Local\\Temp\\tmpvj7k4702\\qwcwdeuq.json', 'init=C:\\Users\\peral\\AppData\\Local\\Temp\\tmpvj7k4702\\qk66ym5u.json', 'output', 'file=C:\\Users\\peral\\AppData\\Local\\Temp\\tmpvj7k4702\\prophet_model1q0zq9f3\\prophet_model-20251004005415.csv', 'method=optimize', 'algorithm=newton', 'iter=10000']
2025-10-04 00:54:15,238 - [INFO] - Chain [1] start processing
2025-10-04 00:54:15,326 - [INFO] - Chain [1] done processing
2025-10-04 00:54:15,489 - [INFO] - HTTP Request: POST https://ytuiqgrpbwdxrmbzssrb.supabase.co/rest/v1/policy_recommendations "HTTP/2 201 Created"
2025-10-04 00:54:15,490 - [INFO] - Forecast for product 25891502: 140 units (30-day avg, clamped 0-364.5)
2025-10-04 00:54:15,492 - [DEBUG] - cmd: where.exe tbb.dll
cwd: None
2025-10-04 00:54:15,573 - [DEBUG] - TBB already found in load path
2025-10-04 00:54:15,586 - [DEBUG] - input tempfile: C:\Users\peral\AppData\Local\Temp\tmpvj7k4702\qseysvwk.json
2025-10-04 00:54:15,589 - [DEBUG] - input tempfile: C:\Users\peral\AppData\Local\Temp\tmpvj7k4702\grcaazu6.json
2025-10-04 00:54:15,600 - [DEBUG] - idx 0
2025-10-04 00:54:15,600 - [DEBUG] - running CmdStan, num_threads: None
2025-10-04 00:54:15,600 - [DEBUG] - CmdStan args: ['C:\\Users\\peral\\AppData\\Local\\Programs\\Python\\Python313\\Lib\\site-packages\\prophet\\stan_model\\prophet_model.bin', 'random', 'seed=75593', 'data', 'file=C:\\Users\\peral\\AppData\\Local\\Temp\\tmpvj7k4702\\qseysvwk.json', 'init=C:\\Users\\peral\\AppData\\Local\\Temp\\tmpvj7k4702\\grcaazu6.json', 'output', 'file=C:\\Users\\peral\\AppData\\Local\\Temp\\tmpvj7k4702\\prophet_modelqjamur6j\\prophet_model-20251004005415.csv', 'method=optimize', 'algorithm=newton', 'iter=10000']
2025-10-04 00:54:15,601 - [INFO] - Chain [1] start processing
2025-10-04 00:54:15,678 - [INFO] - Chain [1] done processing
2025-10-04 00:54:15,850 - [INFO] - HTTP Request: POST https://ytuiqgrpbwdxrmbzssrb.supabase.co/rest/v1/policy_recommendations "HTTP/2 201 Created"
2025-10-04 00:54:15,851 - [INFO] - Forecast for product 25891503: 181 units (30-day avg, clamped 0-372.0)
2025-10-04 00:54:15,854 - [DEBUG] - cmd: where.exe tbb.dll
cwd: None
2025-10-04 00:54:15,942 - [DEBUG] - TBB already found in load path
2025-10-04 00:54:15,959 - [DEBUG] - input tempfile: C:\Users\peral\AppData\Local\Temp\tmpvj7k4702\9paahqaq.json
2025-10-04 00:54:15,961 - [DEBUG] - input tempfile: C:\Users\peral\AppData\Local\Temp\tmpvj7k4702\g33wm4sw.json
2025-10-04 00:54:15,964 - [DEBUG] - idx 0
2025-10-04 00:54:15,964 - [DEBUG] - running CmdStan, num_threads: None
2025-10-04 00:54:15,964 - [DEBUG] - CmdStan args: ['C:\\Users\\peral\\AppData\\Local\\Programs\\Python\\Python313\\Lib\\site-packages\\prophet\\stan_model\\prophet_model.bin', 'random', 'seed=75210', 'data', 'file=C:\\Users\\peral\\AppData\\Local\\Temp\\tmpvj7k4702\\9paahqaq.json', 'init=C:\\Users\\peral\\AppData\\Local\\Temp\\tmpvj7k4702\\g33wm4sw.json', 'output', 'file=C:\\Users\\peral\\AppData\\Local\\Temp\\tmpvj7k4702\\prophet_modelz_hnhvaf\\prophet_model-20251004005415.csv', 'method=optimize', 'algorithm=newton', 'iter=10000']
2025-10-04 00:54:15,965 - [INFO] - Chain [1] start processing
2025-10-04 00:54:16,055 - [INFO] - Chain [1] done processing
2025-10-04 00:54:16,216 - [INFO] - HTTP Request: POST https://ytuiqgrpbwdxrmbzssrb.supabase.co/rest/v1/policy_recommendations "HTTP/2 201 Created"
2025-10-04 00:54:16,217 - [INFO] - Forecast for product 25891601: 137 units (30-day avg, clamped 0-298.5)
2025-10-04 00:54:16,219 - [DEBUG] - cmd: where.exe tbb.dll
cwd: None
2025-10-04 00:54:16,303 - [DEBUG] - TBB already found in load path
2025-10-04 00:54:16,321 - [DEBUG] - input tempfile: C:\Users\peral\AppData\Local\Temp\tmpvj7k4702\amniqyrs.json
2025-10-04 00:54:16,323 - [DEBUG] - input tempfile: C:\Users\peral\AppData\Local\Temp\tmpvj7k4702\alyh21kk.json
2025-10-04 00:54:16,325 - [DEBUG] - idx 0
2025-10-04 00:54:16,325 - [DEBUG] - running CmdStan, num_threads: None
2025-10-04 00:54:16,326 - [DEBUG] - CmdStan args: ['C:\\Users\\peral\\AppData\\Local\\Programs\\Python\\Python313\\Lib\\site-packages\\prophet\\stan_model\\prophet_model.bin', 'random', 'seed=83385', 'data', 'file=C:\\Users\\peral\\AppData\\Local\\Temp\\tmpvj7k4702\\amniqyrs.json', 'init=C:\\Users\\peral\\AppData\\Local\\Temp\\tmpvj7k4702\\alyh21kk.json', 'output', 'file=C:\\Users\\peral\\AppData\\Local\\Temp\\tmpvj7k4702\\prophet_modelcxiu6xq_\\prophet_model-20251004005416.csv', 'method=optimize', 'algorithm=newton', 'iter=10000']
2025-10-04 00:54:16,326 - [INFO] - Chain [1] start processing
2025-10-04 00:54:16,427 - [INFO] - Chain [1] done processing
2025-10-04 00:54:16,605 - [INFO] - HTTP Request: POST https://ytuiqgrpbwdxrmbzssrb.supabase.co/rest/v1/policy_recommendations "HTTP/2 201 Created"
2025-10-04 00:54:16,606 - [INFO] - Forecast for product 25891602: 116 units (30-day avg, clamped 0-300.0)
2025-10-04 00:54:16,608 - [DEBUG] - cmd: where.exe tbb.dll
cwd: None
2025-10-04 00:54:16,694 - [DEBUG] - TBB already found in load path
2025-10-04 00:54:16,705 - [DEBUG] - input tempfile: C:\Users\peral\AppData\Local\Temp\tmpvj7k4702\c_7kmvy4.json
2025-10-04 00:54:16,708 - [DEBUG] - input tempfile: C:\Users\peral\AppData\Local\Temp\tmpvj7k4702\0dauy4z3.json
2025-10-04 00:54:16,717 - [DEBUG] - idx 0
2025-10-04 00:54:16,718 - [DEBUG] - running CmdStan, num_threads: None
2025-10-04 00:54:16,718 - [DEBUG] - CmdStan args: ['C:\\Users\\peral\\AppData\\Local\\Programs\\Python\\Python313\\Lib\\site-packages\\prophet\\stan_model\\prophet_model.bin', 'random', 'seed=87129', 'data', 'file=C:\\Users\\peral\\AppData\\Local\\Temp\\tmpvj7k4702\\c_7kmvy4.json', 'init=C:\\Users\\peral\\AppData\\Local\\Temp\\tmpvj7k4702\\0dauy4z3.json', 'output', 'file=C:\\Users\\peral\\AppData\\Local\\Temp\\tmpvj7k4702\\prophet_models3s56i1y\\prophet_model-20251004005416.csv', 'method=optimize', 'algorithm=newton', 'iter=10000']
2025-10-04 00:54:16,718 - [INFO] - Chain [1] start processing
2025-10-04 00:54:16,848 - [INFO] - Chain [1] done processing
2025-10-04 00:54:17,033 - [INFO] - HTTP Request: POST https://ytuiqgrpbwdxrmbzssrb.supabase.co/rest/v1/policy_recommendations "HTTP/2 201 Created"
2025-10-04 00:54:17,034 - [INFO] - Forecast for product 25891603: 126 units (30-day avg, clamped 0-300.0)
2025-10-04 00:54:17,034 - [INFO] - Forecasting complete (18 products)
2025-10-04 00:54:17,035 - [INFO] - Forecasting complete (18 products)
2025-10-04 00:54:17,035 - [INFO] - Generating policy recommendations
2025-10-04 00:54:17,035 - [INFO] - Pipeline completed successfully
2025-10-04 16:37:00,330 - [INFO] - Settings loaded (env=default)
2025-10-04 16:37:34,761 - [INFO] - Starting analytics pipeline
2025-10-04 16:37:34,762 - [INFO] - Settings loaded (env=default)
2025-10-04 16:37:35,129 - [INFO] - Running Customer KPI Risk Predictions
2025-10-04 16:37:35,129 - [INFO] - Running Customer KPI Risk Pipeline...
2025-10-04 16:37:35,130 - [INFO] - Fetching KPI data from Supabase...
2025-10-04 16:37:37,295 - [INFO] - HTTP Request: GET https://ytuiqgrpbwdxrmbzssrb.supabase.co/rest/v1/fact_aggregate?select=%2A "HTTP/2 200 OK"
2025-10-04 16:37:37,614 - [INFO] - HTTP Request: GET https://ytuiqgrpbwdxrmbzssrb.supabase.co/rest/v1/dim_targets_order?select=%2A "HTTP/2 200 OK"
2025-10-04 16:37:37,632 - [INFO] - Fetched 1000 KPI rows
2025-10-04 16:37:37,633 - [INFO] - Preparing dataset for model...
2025-10-04 16:37:37,636 - [WARNING] - Target column 'target_cost' not found, using default 0.9.
2025-10-04 16:37:37,637 - [WARNING] - Target column 'target_quality' not found, using default 0.9.
2025-10-04 16:37:37,640 - [WARNING] - No 'label' column found. Created synthetic labels based on otif_pct < target_otif.
2025-10-04 16:37:37,640 - [INFO] - Prepared dataset with 1000 rows and features: ['otif_pct', 'target_otif', 'target_cost', 'target_quality']
2025-10-04 16:37:37,640 - [INFO] - Training LightGBM model...
2025-10-04 16:37:37,641 - [WARNING] - Only one class in dataset -> fallback to dummy predictions.
2025-10-04 16:37:37,642 - [INFO] - Storing predictions in Supabase...
2025-10-04 16:37:39,345 - [INFO] - HTTP Request: POST https://ytuiqgrpbwdxrmbzssrb.supabase.co/rest/v1/kpi_risk_predictions?columns=%22customer_id%22%2C%22prediction_date%22%2C%22risk_label%22%2C%22risk_score%22 "HTTP/2 201 Created"
2025-10-04 16:37:39,352 - [INFO] - Inserted 1000 predictions into Supabase.
2025-10-04 16:37:39,353 - [INFO] - Customer risk pipeline completed successfully
2025-10-04 16:37:39,354 - [INFO] - Running KPI analysis
2025-10-04 16:37:40,226 - [INFO] - HTTP Request: GET https://ytuiqgrpbwdxrmbzssrb.supabase.co/rest/v1/kpi_summary?select=%2A "HTTP/2 200 OK"
2025-10-04 16:37:40,255 - [INFO] - Fetched 35 KPI summary rows
2025-10-04 16:37:40,256 - [INFO] - KPI analysis complete (35 records)
2025-10-04 16:37:40,256 - [INFO] - Running demand forecasting
2025-10-04 16:37:40,256 - [INFO] - Running demand forecasting
2025-10-04 16:37:40,508 - [INFO] - HTTP Request: GET https://ytuiqgrpbwdxrmbzssrb.supabase.co/rest/v1/fact_order_line?select=order_placement_date%2Cproduct_id%2Corder_qty "HTTP/2 200 OK"
2025-10-04 16:37:40,575 - [DEBUG] - cmd: where.exe tbb.dll
cwd: None
2025-10-04 16:37:40,669 - [DEBUG] - Adding TBB (c:\Users\peral\AppData\Local\Programs\Python\Python313\Lib\site-packages\prophet\stan_model\cmdstan-2.33.1\stan\lib\stan_math\lib\tbb) to PATH
2025-10-04 16:37:40,702 - [DEBUG] - input tempfile: C:\Users\peral\AppData\Local\Temp\tmputyr4jg9\pmdyve7i.json
2025-10-04 16:37:40,704 - [DEBUG] - input tempfile: C:\Users\peral\AppData\Local\Temp\tmputyr4jg9\w5__1exi.json
2025-10-04 16:37:40,707 - [DEBUG] - idx 0
2025-10-04 16:37:40,708 - [DEBUG] - running CmdStan, num_threads: None
2025-10-04 16:37:40,708 - [DEBUG] - CmdStan args: ['C:\\Users\\peral\\AppData\\Local\\Programs\\Python\\Python313\\Lib\\site-packages\\prophet\\stan_model\\prophet_model.bin', 'random', 'seed=83795', 'data', 'file=C:\\Users\\peral\\AppData\\Local\\Temp\\tmputyr4jg9\\pmdyve7i.json', 'init=C:\\Users\\peral\\AppData\\Local\\Temp\\tmputyr4jg9\\w5__1exi.json', 'output', 'file=C:\\Users\\peral\\AppData\\Local\\Temp\\tmputyr4jg9\\prophet_modelota81ui6\\prophet_model-20251004163740.csv', 'method=optimize', 'algorithm=newton', 'iter=10000']
2025-10-04 16:37:40,709 - [INFO] - Chain [1] start processing
2025-10-04 16:37:40,802 - [INFO] - Chain [1] done processing
2025-10-04 16:37:41,021 - [INFO] - HTTP Request: POST https://ytuiqgrpbwdxrmbzssrb.supabase.co/rest/v1/policy_recommendations "HTTP/2 201 Created"
2025-10-04 16:37:41,022 - [INFO] - Forecast for product 25891101: 353 units (30-day avg, clamped 0-741.0)
2025-10-04 16:37:41,024 - [DEBUG] - cmd: where.exe tbb.dll
cwd: None
2025-10-04 16:37:41,117 - [DEBUG] - TBB already found in load path
2025-10-04 16:37:41,130 - [DEBUG] - input tempfile: C:\Users\peral\AppData\Local\Temp\tmputyr4jg9\9vzh90yf.json
2025-10-04 16:37:41,133 - [DEBUG] - input tempfile: C:\Users\peral\AppData\Local\Temp\tmputyr4jg9\pw8upsaf.json
2025-10-04 16:37:41,134 - [DEBUG] - idx 0
2025-10-04 16:37:41,135 - [DEBUG] - running CmdStan, num_threads: None
2025-10-04 16:37:41,135 - [DEBUG] - CmdStan args: ['C:\\Users\\peral\\AppData\\Local\\Programs\\Python\\Python313\\Lib\\site-packages\\prophet\\stan_model\\prophet_model.bin', 'random', 'seed=25296', 'data', 'file=C:\\Users\\peral\\AppData\\Local\\Temp\\tmputyr4jg9\\9vzh90yf.json', 'init=C:\\Users\\peral\\AppData\\Local\\Temp\\tmputyr4jg9\\pw8upsaf.json', 'output', 'file=C:\\Users\\peral\\AppData\\Local\\Temp\\tmputyr4jg9\\prophet_modelojky2fu_\\prophet_model-20251004163741.csv', 'method=optimize', 'algorithm=newton', 'iter=10000']
2025-10-04 16:37:41,135 - [INFO] - Chain [1] start processing
2025-10-04 16:37:41,224 - [INFO] - Chain [1] done processing
2025-10-04 16:37:41,467 - [INFO] - HTTP Request: POST https://ytuiqgrpbwdxrmbzssrb.supabase.co/rest/v1/policy_recommendations "HTTP/2 201 Created"
2025-10-04 16:37:41,468 - [INFO] - Forecast for product 25891102: 406 units (30-day avg, clamped 0-744.0)
2025-10-04 16:37:41,470 - [DEBUG] - cmd: where.exe tbb.dll
cwd: None
2025-10-04 16:37:41,559 - [DEBUG] - TBB already found in load path
2025-10-04 16:37:41,570 - [DEBUG] - input tempfile: C:\Users\peral\AppData\Local\Temp\tmputyr4jg9\ubf87pc0.json
2025-10-04 16:37:41,572 - [DEBUG] - input tempfile: C:\Users\peral\AppData\Local\Temp\tmputyr4jg9\wasl50xt.json
2025-10-04 16:37:41,574 - [DEBUG] - idx 0
2025-10-04 16:37:41,574 - [DEBUG] - running CmdStan, num_threads: None
2025-10-04 16:37:41,575 - [DEBUG] - CmdStan args: ['C:\\Users\\peral\\AppData\\Local\\Programs\\Python\\Python313\\Lib\\site-packages\\prophet\\stan_model\\prophet_model.bin', 'random', 'seed=51747', 'data', 'file=C:\\Users\\peral\\AppData\\Local\\Temp\\tmputyr4jg9\\ubf87pc0.json', 'init=C:\\Users\\peral\\AppData\\Local\\Temp\\tmputyr4jg9\\wasl50xt.json', 'output', 'file=C:\\Users\\peral\\AppData\\Local\\Temp\\tmputyr4jg9\\prophet_modelkmgdvm4a\\prophet_model-20251004163741.csv', 'method=optimize', 'algorithm=newton', 'iter=10000']
2025-10-04 16:37:41,575 - [INFO] - Chain [1] start processing
2025-10-04 16:37:41,681 - [INFO] - Chain [1] done processing
2025-10-04 16:37:41,860 - [INFO] - HTTP Request: POST https://ytuiqgrpbwdxrmbzssrb.supabase.co/rest/v1/policy_recommendations "HTTP/2 201 Created"
2025-10-04 16:37:41,861 - [INFO] - Forecast for product 25891103: 426 units (30-day avg, clamped 0-747.0)
2025-10-04 16:37:41,863 - [DEBUG] - cmd: where.exe tbb.dll
cwd: None
2025-10-04 16:37:41,950 - [DEBUG] - TBB already found in load path
2025-10-04 16:37:41,961 - [DEBUG] - input tempfile: C:\Users\peral\AppData\Local\Temp\tmputyr4jg9\to3hcc5_.json
2025-10-04 16:37:41,964 - [DEBUG] - input tempfile: C:\Users\peral\AppData\Local\Temp\tmputyr4jg9\_ilj7awh.json
2025-10-04 16:37:41,966 - [DEBUG] - idx 0
2025-10-04 16:37:41,966 - [DEBUG] - running CmdStan, num_threads: None
2025-10-04 16:37:41,966 - [DEBUG] - CmdStan args: ['C:\\Users\\peral\\AppData\\Local\\Programs\\Python\\Python313\\Lib\\site-packages\\prophet\\stan_model\\prophet_model.bin', 'random', 'seed=56368', 'data', 'file=C:\\Users\\peral\\AppData\\Local\\Temp\\tmputyr4jg9\\to3hcc5_.json', 'init=C:\\Users\\peral\\AppData\\Local\\Temp\\tmputyr4jg9\\_ilj7awh.json', 'output', 'file=C:\\Users\\peral\\AppData\\Local\\Temp\\tmputyr4jg9\\prophet_modeliqlsl5ql\\prophet_model-20251004163741.csv', 'method=optimize', 'algorithm=newton', 'iter=10000']
2025-10-04 16:37:41,966 - [INFO] - Chain [1] start processing
2025-10-04 16:37:42,044 - [INFO] - Chain [1] done processing
2025-10-04 16:37:42,279 - [INFO] - HTTP Request: POST https://ytuiqgrpbwdxrmbzssrb.supabase.co/rest/v1/policy_recommendations "HTTP/2 201 Created"
2025-10-04 16:37:42,280 - [INFO] - Forecast for product 25891201: 258 units (30-day avg, clamped 0-750.0)
2025-10-04 16:37:42,283 - [DEBUG] - cmd: where.exe tbb.dll
cwd: None
2025-10-04 16:37:42,372 - [DEBUG] - TBB already found in load path
2025-10-04 16:37:42,383 - [DEBUG] - input tempfile: C:\Users\peral\AppData\Local\Temp\tmputyr4jg9\qs_a2w15.json
2025-10-04 16:37:42,386 - [DEBUG] - input tempfile: C:\Users\peral\AppData\Local\Temp\tmputyr4jg9\_tpcwv9t.json
2025-10-04 16:37:42,388 - [DEBUG] - idx 0
2025-10-04 16:37:42,389 - [DEBUG] - running CmdStan, num_threads: None
2025-10-04 16:37:42,389 - [DEBUG] - CmdStan args: ['C:\\Users\\peral\\AppData\\Local\\Programs\\Python\\Python313\\Lib\\site-packages\\prophet\\stan_model\\prophet_model.bin', 'random', 'seed=71246', 'data', 'file=C:\\Users\\peral\\AppData\\Local\\Temp\\tmputyr4jg9\\qs_a2w15.json', 'init=C:\\Users\\peral\\AppData\\Local\\Temp\\tmputyr4jg9\\_tpcwv9t.json', 'output', 'file=C:\\Users\\peral\\AppData\\Local\\Temp\\tmputyr4jg9\\prophet_modelji1xkt3l\\prophet_model-20251004163742.csv', 'method=optimize', 'algorithm=newton', 'iter=10000']
2025-10-04 16:37:42,389 - [INFO] - Chain [1] start processing
2025-10-04 16:37:42,468 - [INFO] - Chain [1] done processing
2025-10-04 16:37:42,731 - [INFO] - HTTP Request: POST https://ytuiqgrpbwdxrmbzssrb.supabase.co/rest/v1/policy_recommendations "HTTP/2 201 Created"
2025-10-04 16:37:42,732 - [INFO] - Forecast for product 25891202: 318 units (30-day avg, clamped 0-733.5)
2025-10-04 16:37:42,734 - [DEBUG] - cmd: where.exe tbb.dll
cwd: None
2025-10-04 16:37:42,821 - [DEBUG] - TBB already found in load path
2025-10-04 16:37:42,833 - [DEBUG] - input tempfile: C:\Users\peral\AppData\Local\Temp\tmputyr4jg9\88np29jb.json
2025-10-04 16:37:42,836 - [DEBUG] - input tempfile: C:\Users\peral\AppData\Local\Temp\tmputyr4jg9\6j8wggma.json
2025-10-04 16:37:42,838 - [DEBUG] - idx 0
2025-10-04 16:37:42,838 - [DEBUG] - running CmdStan, num_threads: None
2025-10-04 16:37:42,838 - [DEBUG] - CmdStan args: ['C:\\Users\\peral\\AppData\\Local\\Programs\\Python\\Python313\\Lib\\site-packages\\prophet\\stan_model\\prophet_model.bin', 'random', 'seed=45638', 'data', 'file=C:\\Users\\peral\\AppData\\Local\\Temp\\tmputyr4jg9\\88np29jb.json', 'init=C:\\Users\\peral\\AppData\\Local\\Temp\\tmputyr4jg9\\6j8wggma.json', 'output', 'file=C:\\Users\\peral\\AppData\\Local\\Temp\\tmputyr4jg9\\prophet_modelk_7w3lbi\\prophet_model-20251004163742.csv', 'method=optimize', 'algorithm=newton', 'iter=10000']
2025-10-04 16:37:42,838 - [INFO] - Chain [1] start processing
2025-10-04 16:37:42,919 - [INFO] - Chain [1] done processing
2025-10-04 16:37:43,110 - [INFO] - HTTP Request: POST https://ytuiqgrpbwdxrmbzssrb.supabase.co/rest/v1/policy_recommendations "HTTP/2 201 Created"
2025-10-04 16:37:43,111 - [INFO] - Forecast for product 25891203: 343 units (30-day avg, clamped 0-750.0)
2025-10-04 16:37:43,113 - [DEBUG] - cmd: where.exe tbb.dll
cwd: None
2025-10-04 16:37:43,205 - [DEBUG] - TBB already found in load path
2025-10-04 16:37:43,217 - [DEBUG] - input tempfile: C:\Users\peral\AppData\Local\Temp\tmputyr4jg9\fh7d6py_.json
2025-10-04 16:37:43,219 - [DEBUG] - input tempfile: C:\Users\peral\AppData\Local\Temp\tmputyr4jg9\tybhgmq6.json
2025-10-04 16:37:43,222 - [DEBUG] - idx 0
2025-10-04 16:37:43,222 - [DEBUG] - running CmdStan, num_threads: None
2025-10-04 16:37:43,222 - [DEBUG] - CmdStan args: ['C:\\Users\\peral\\AppData\\Local\\Programs\\Python\\Python313\\Lib\\site-packages\\prophet\\stan_model\\prophet_model.bin', 'random', 'seed=63851', 'data', 'file=C:\\Users\\peral\\AppData\\Local\\Temp\\tmputyr4jg9\\fh7d6py_.json', 'init=C:\\Users\\peral\\AppData\\Local\\Temp\\tmputyr4jg9\\tybhgmq6.json', 'output', 'file=C:\\Users\\peral\\AppData\\Local\\Temp\\tmputyr4jg9\\prophet_modelgqgb1q6f\\prophet_model-20251004163743.csv', 'method=optimize', 'algorithm=newton', 'iter=10000']
2025-10-04 16:37:43,223 - [INFO] - Chain [1] start processing
2025-10-04 16:37:43,294 - [INFO] - Chain [1] done processing
2025-10-04 16:37:43,559 - [INFO] - HTTP Request: POST https://ytuiqgrpbwdxrmbzssrb.supabase.co/rest/v1/policy_recommendations "HTTP/2 201 Created"
2025-10-04 16:37:43,561 - [INFO] - Forecast for product 25891301: 54 units (30-day avg, clamped 0-150.0)
2025-10-04 16:37:43,563 - [DEBUG] - cmd: where.exe tbb.dll
cwd: None
2025-10-04 16:37:43,650 - [DEBUG] - TBB already found in load path
2025-10-04 16:37:43,663 - [DEBUG] - input tempfile: C:\Users\peral\AppData\Local\Temp\tmputyr4jg9\ubdzckwb.json
2025-10-04 16:37:43,664 - [DEBUG] - input tempfile: C:\Users\peral\AppData\Local\Temp\tmputyr4jg9\zvacxq71.json
2025-10-04 16:37:43,666 - [DEBUG] - idx 0
2025-10-04 16:37:43,666 - [DEBUG] - running CmdStan, num_threads: None
2025-10-04 16:37:43,666 - [DEBUG] - CmdStan args: ['C:\\Users\\peral\\AppData\\Local\\Programs\\Python\\Python313\\Lib\\site-packages\\prophet\\stan_model\\prophet_model.bin', 'random', 'seed=7031', 'data', 'file=C:\\Users\\peral\\AppData\\Local\\Temp\\tmputyr4jg9\\ubdzckwb.json', 'init=C:\\Users\\peral\\AppData\\Local\\Temp\\tmputyr4jg9\\zvacxq71.json', 'output', 'file=C:\\Users\\peral\\AppData\\Local\\Temp\\tmputyr4jg9\\prophet_modelze46ekm7\\prophet_model-20251004163743.csv', 'method=optimize', 'algorithm=newton', 'iter=10000']
2025-10-04 16:37:43,666 - [INFO] - Chain [1] start processing
2025-10-04 16:37:43,747 - [INFO] - Chain [1] done processing
2025-10-04 16:37:43,955 - [INFO] - HTTP Request: POST https://ytuiqgrpbwdxrmbzssrb.supabase.co/rest/v1/policy_recommendations "HTTP/2 201 Created"
2025-10-04 16:37:43,956 - [INFO] - Forecast for product 25891302: 66 units (30-day avg, clamped 0-148.5)
2025-10-04 16:37:43,958 - [DEBUG] - cmd: where.exe tbb.dll
cwd: None
2025-10-04 16:37:44,046 - [DEBUG] - TBB already found in load path
2025-10-04 16:37:44,059 - [DEBUG] - input tempfile: C:\Users\peral\AppData\Local\Temp\tmputyr4jg9\p6i_92cv.json
2025-10-04 16:37:44,061 - [DEBUG] - input tempfile: C:\Users\peral\AppData\Local\Temp\tmputyr4jg9\6k4cmc48.json
2025-10-04 16:37:44,062 - [DEBUG] - idx 0
2025-10-04 16:37:44,063 - [DEBUG] - running CmdStan, num_threads: None
2025-10-04 16:37:44,063 - [DEBUG] - CmdStan args: ['C:\\Users\\peral\\AppData\\Local\\Programs\\Python\\Python313\\Lib\\site-packages\\prophet\\stan_model\\prophet_model.bin', 'random', 'seed=29567', 'data', 'file=C:\\Users\\peral\\AppData\\Local\\Temp\\tmputyr4jg9\\p6i_92cv.json', 'init=C:\\Users\\peral\\AppData\\Local\\Temp\\tmputyr4jg9\\6k4cmc48.json', 'output', 'file=C:\\Users\\peral\\AppData\\Local\\Temp\\tmputyr4jg9\\prophet_model2yov5kpz\\prophet_model-20251004163744.csv', 'method=optimize', 'algorithm=newton', 'iter=10000']
2025-10-04 16:37:44,063 - [INFO] - Chain [1] start processing
2025-10-04 16:37:44,135 - [INFO] - Chain [1] done processing
2025-10-04 16:37:44,356 - [INFO] - HTTP Request: POST https://ytuiqgrpbwdxrmbzssrb.supabase.co/rest/v1/policy_recommendations "HTTP/2 201 Created"
2025-10-04 16:37:44,357 - [INFO] - Forecast for product 25891303: 60 units (30-day avg, clamped 0-142.5)
2025-10-04 16:37:44,358 - [DEBUG] - cmd: where.exe tbb.dll
cwd: None
2025-10-04 16:37:44,449 - [DEBUG] - TBB already found in load path
2025-10-04 16:37:44,464 - [DEBUG] - input tempfile: C:\Users\peral\AppData\Local\Temp\tmputyr4jg9\guum1byh.json
2025-10-04 16:37:44,466 - [DEBUG] - input tempfile: C:\Users\peral\AppData\Local\Temp\tmputyr4jg9\hzrqttzt.json
2025-10-04 16:37:44,468 - [DEBUG] - idx 0
2025-10-04 16:37:44,468 - [DEBUG] - running CmdStan, num_threads: None
2025-10-04 16:37:44,469 - [DEBUG] - CmdStan args: ['C:\\Users\\peral\\AppData\\Local\\Programs\\Python\\Python313\\Lib\\site-packages\\prophet\\stan_model\\prophet_model.bin', 'random', 'seed=7740', 'data', 'file=C:\\Users\\peral\\AppData\\Local\\Temp\\tmputyr4jg9\\guum1byh.json', 'init=C:\\Users\\peral\\AppData\\Local\\Temp\\tmputyr4jg9\\hzrqttzt.json', 'output', 'file=C:\\Users\\peral\\AppData\\Local\\Temp\\tmputyr4jg9\\prophet_model6yyilels\\prophet_model-20251004163744.csv', 'method=optimize', 'algorithm=newton', 'iter=10000']
2025-10-04 16:37:44,469 - [INFO] - Chain [1] start processing
2025-10-04 16:37:44,558 - [INFO] - Chain [1] done processing
2025-10-04 16:37:44,839 - [INFO] - HTTP Request: POST https://ytuiqgrpbwdxrmbzssrb.supabase.co/rest/v1/policy_recommendations "HTTP/2 201 Created"
2025-10-04 16:37:44,841 - [INFO] - Forecast for product 25891401: 368 units (30-day avg, clamped 0-741.0)
2025-10-04 16:37:44,843 - [DEBUG] - cmd: where.exe tbb.dll
cwd: None
2025-10-04 16:37:44,933 - [DEBUG] - TBB already found in load path
2025-10-04 16:37:44,947 - [DEBUG] - input tempfile: C:\Users\peral\AppData\Local\Temp\tmputyr4jg9\fmft_372.json
2025-10-04 16:37:44,949 - [DEBUG] - input tempfile: C:\Users\peral\AppData\Local\Temp\tmputyr4jg9\qhaavqio.json
2025-10-04 16:37:44,951 - [DEBUG] - idx 0
2025-10-04 16:37:44,951 - [DEBUG] - running CmdStan, num_threads: None
2025-10-04 16:37:44,952 - [DEBUG] - CmdStan args: ['C:\\Users\\peral\\AppData\\Local\\Programs\\Python\\Python313\\Lib\\site-packages\\prophet\\stan_model\\prophet_model.bin', 'random', 'seed=47068', 'data', 'file=C:\\Users\\peral\\AppData\\Local\\Temp\\tmputyr4jg9\\fmft_372.json', 'init=C:\\Users\\peral\\AppData\\Local\\Temp\\tmputyr4jg9\\qhaavqio.json', 'output', 'file=C:\\Users\\peral\\AppData\\Local\\Temp\\tmputyr4jg9\\prophet_model0n7fsi4o\\prophet_model-20251004163744.csv', 'method=optimize', 'algorithm=newton', 'iter=10000']
2025-10-04 16:37:44,952 - [INFO] - Chain [1] start processing
2025-10-04 16:37:45,055 - [INFO] - Chain [1] done processing
2025-10-04 16:37:45,359 - [INFO] - HTTP Request: POST https://ytuiqgrpbwdxrmbzssrb.supabase.co/rest/v1/policy_recommendations "HTTP/2 201 Created"
2025-10-04 16:37:45,363 - [INFO] - Forecast for product 25891402: 355 units (30-day avg, clamped 0-738.0)
2025-10-04 16:37:45,366 - [DEBUG] - cmd: where.exe tbb.dll
cwd: None
2025-10-04 16:37:45,454 - [DEBUG] - TBB already found in load path
2025-10-04 16:37:45,465 - [DEBUG] - input tempfile: C:\Users\peral\AppData\Local\Temp\tmputyr4jg9\6vydv6dm.json
2025-10-04 16:37:45,467 - [DEBUG] - input tempfile: C:\Users\peral\AppData\Local\Temp\tmputyr4jg9\cgveddgu.json
2025-10-04 16:37:45,470 - [DEBUG] - idx 0
2025-10-04 16:37:45,470 - [DEBUG] - running CmdStan, num_threads: None
2025-10-04 16:37:45,470 - [DEBUG] - CmdStan args: ['C:\\Users\\peral\\AppData\\Local\\Programs\\Python\\Python313\\Lib\\site-packages\\prophet\\stan_model\\prophet_model.bin', 'random', 'seed=45756', 'data', 'file=C:\\Users\\peral\\AppData\\Local\\Temp\\tmputyr4jg9\\6vydv6dm.json', 'init=C:\\Users\\peral\\AppData\\Local\\Temp\\tmputyr4jg9\\cgveddgu.json', 'output', 'file=C:\\Users\\peral\\AppData\\Local\\Temp\\tmputyr4jg9\\prophet_model045zogaf\\prophet_model-20251004163745.csv', 'method=optimize', 'algorithm=newton', 'iter=10000']
2025-10-04 16:37:45,471 - [INFO] - Chain [1] start processing
2025-10-04 16:37:45,542 - [INFO] - Chain [1] done processing
2025-10-04 16:37:45,749 - [INFO] - HTTP Request: POST https://ytuiqgrpbwdxrmbzssrb.supabase.co/rest/v1/policy_recommendations "HTTP/2 201 Created"
2025-10-04 16:37:45,750 - [INFO] - Forecast for product 25891403: 299 units (30-day avg, clamped 0-742.5)
2025-10-04 16:37:45,753 - [DEBUG] - cmd: where.exe tbb.dll
cwd: None
2025-10-04 16:37:45,839 - [DEBUG] - TBB already found in load path
2025-10-04 16:37:45,851 - [DEBUG] - input tempfile: C:\Users\peral\AppData\Local\Temp\tmputyr4jg9\4ht_cwp4.json
2025-10-04 16:37:45,853 - [DEBUG] - input tempfile: C:\Users\peral\AppData\Local\Temp\tmputyr4jg9\0zqif5pz.json
2025-10-04 16:37:45,855 - [DEBUG] - idx 0
2025-10-04 16:37:45,855 - [DEBUG] - running CmdStan, num_threads: None
2025-10-04 16:37:45,856 - [DEBUG] - CmdStan args: ['C:\\Users\\peral\\AppData\\Local\\Programs\\Python\\Python313\\Lib\\site-packages\\prophet\\stan_model\\prophet_model.bin', 'random', 'seed=62674', 'data', 'file=C:\\Users\\peral\\AppData\\Local\\Temp\\tmputyr4jg9\\4ht_cwp4.json', 'init=C:\\Users\\peral\\AppData\\Local\\Temp\\tmputyr4jg9\\0zqif5pz.json', 'output', 'file=C:\\Users\\peral\\AppData\\Local\\Temp\\tmputyr4jg9\\prophet_modelzr6fhet5\\prophet_model-20251004163745.csv', 'method=optimize', 'algorithm=newton', 'iter=10000']
2025-10-04 16:37:45,856 - [INFO] - Chain [1] start processing
2025-10-04 16:37:45,948 - [INFO] - Chain [1] done processing
2025-10-04 16:37:46,219 - [INFO] - HTTP Request: POST https://ytuiqgrpbwdxrmbzssrb.supabase.co/rest/v1/policy_recommendations "HTTP/2 201 Created"
2025-10-04 16:37:46,221 - [INFO] - Forecast for product 25891501: 162 units (30-day avg, clamped 0-375.0)
2025-10-04 16:37:46,223 - [DEBUG] - cmd: where.exe tbb.dll
cwd: None
2025-10-04 16:37:46,310 - [DEBUG] - TBB already found in load path
2025-10-04 16:37:46,324 - [DEBUG] - input tempfile: C:\Users\peral\AppData\Local\Temp\tmputyr4jg9\0_sv3902.json
2025-10-04 16:37:46,326 - [DEBUG] - input tempfile: C:\Users\peral\AppData\Local\Temp\tmputyr4jg9\sa4v54p2.json
2025-10-04 16:37:46,328 - [DEBUG] - idx 0
2025-10-04 16:37:46,329 - [DEBUG] - running CmdStan, num_threads: None
2025-10-04 16:37:46,329 - [DEBUG] - CmdStan args: ['C:\\Users\\peral\\AppData\\Local\\Programs\\Python\\Python313\\Lib\\site-packages\\prophet\\stan_model\\prophet_model.bin', 'random', 'seed=30618', 'data', 'file=C:\\Users\\peral\\AppData\\Local\\Temp\\tmputyr4jg9\\0_sv3902.json', 'init=C:\\Users\\peral\\AppData\\Local\\Temp\\tmputyr4jg9\\sa4v54p2.json', 'output', 'file=C:\\Users\\peral\\AppData\\Local\\Temp\\tmputyr4jg9\\prophet_modelw3ych7wv\\prophet_model-20251004163746.csv', 'method=optimize', 'algorithm=newton', 'iter=10000']
2025-10-04 16:37:46,329 - [INFO] - Chain [1] start processing
2025-10-04 16:37:46,422 - [INFO] - Chain [1] done processing
2025-10-04 16:37:46,586 - [INFO] - HTTP Request: POST https://ytuiqgrpbwdxrmbzssrb.supabase.co/rest/v1/policy_recommendations "HTTP/2 201 Created"
2025-10-04 16:37:46,587 - [INFO] - Forecast for product 25891502: 140 units (30-day avg, clamped 0-364.5)
2025-10-04 16:37:46,589 - [DEBUG] - cmd: where.exe tbb.dll
cwd: None
2025-10-04 16:37:46,683 - [DEBUG] - TBB already found in load path
2025-10-04 16:37:46,701 - [DEBUG] - input tempfile: C:\Users\peral\AppData\Local\Temp\tmputyr4jg9\74vq0cbs.json
2025-10-04 16:37:46,703 - [DEBUG] - input tempfile: C:\Users\peral\AppData\Local\Temp\tmputyr4jg9\glspce5_.json
2025-10-04 16:37:46,707 - [DEBUG] - idx 0
2025-10-04 16:37:46,708 - [DEBUG] - running CmdStan, num_threads: None
2025-10-04 16:37:46,708 - [DEBUG] - CmdStan args: ['C:\\Users\\peral\\AppData\\Local\\Programs\\Python\\Python313\\Lib\\site-packages\\prophet\\stan_model\\prophet_model.bin', 'random', 'seed=93981', 'data', 'file=C:\\Users\\peral\\AppData\\Local\\Temp\\tmputyr4jg9\\74vq0cbs.json', 'init=C:\\Users\\peral\\AppData\\Local\\Temp\\tmputyr4jg9\\glspce5_.json', 'output', 'file=C:\\Users\\peral\\AppData\\Local\\Temp\\tmputyr4jg9\\prophet_modelyialh2o9\\prophet_model-20251004163746.csv', 'method=optimize', 'algorithm=newton', 'iter=10000']
2025-10-04 16:37:46,708 - [INFO] - Chain [1] start processing
2025-10-04 16:37:46,791 - [INFO] - Chain [1] done processing
2025-10-04 16:37:47,063 - [INFO] - HTTP Request: POST https://ytuiqgrpbwdxrmbzssrb.supabase.co/rest/v1/policy_recommendations "HTTP/2 201 Created"
2025-10-04 16:37:47,064 - [INFO] - Forecast for product 25891503: 181 units (30-day avg, clamped 0-372.0)
2025-10-04 16:37:47,066 - [DEBUG] - cmd: where.exe tbb.dll
cwd: None
2025-10-04 16:37:47,151 - [DEBUG] - TBB already found in load path
2025-10-04 16:37:47,165 - [DEBUG] - input tempfile: C:\Users\peral\AppData\Local\Temp\tmputyr4jg9\jjuockjw.json
2025-10-04 16:37:47,167 - [DEBUG] - input tempfile: C:\Users\peral\AppData\Local\Temp\tmputyr4jg9\pz5lf9pq.json
2025-10-04 16:37:47,169 - [DEBUG] - idx 0
2025-10-04 16:37:47,169 - [DEBUG] - running CmdStan, num_threads: None
2025-10-04 16:37:47,169 - [DEBUG] - CmdStan args: ['C:\\Users\\peral\\AppData\\Local\\Programs\\Python\\Python313\\Lib\\site-packages\\prophet\\stan_model\\prophet_model.bin', 'random', 'seed=34585', 'data', 'file=C:\\Users\\peral\\AppData\\Local\\Temp\\tmputyr4jg9\\jjuockjw.json', 'init=C:\\Users\\peral\\AppData\\Local\\Temp\\tmputyr4jg9\\pz5lf9pq.json', 'output', 'file=C:\\Users\\peral\\AppData\\Local\\Temp\\tmputyr4jg9\\prophet_modelu6ccko2o\\prophet_model-20251004163747.csv', 'method=optimize', 'algorithm=newton', 'iter=10000']
2025-10-04 16:37:47,170 - [INFO] - Chain [1] start processing
2025-10-04 16:37:47,258 - [INFO] - Chain [1] done processing
2025-10-04 16:37:47,695 - [INFO] - HTTP Request: POST https://ytuiqgrpbwdxrmbzssrb.supabase.co/rest/v1/policy_recommendations "HTTP/2 201 Created"
2025-10-04 16:37:47,696 - [INFO] - Forecast for product 25891601: 137 units (30-day avg, clamped 0-298.5)
2025-10-04 16:37:47,698 - [DEBUG] - cmd: where.exe tbb.dll
cwd: None
2025-10-04 16:37:47,785 - [DEBUG] - TBB already found in load path
2025-10-04 16:37:47,797 - [DEBUG] - input tempfile: C:\Users\peral\AppData\Local\Temp\tmputyr4jg9\xily04by.json
2025-10-04 16:37:47,800 - [DEBUG] - input tempfile: C:\Users\peral\AppData\Local\Temp\tmputyr4jg9\s34vt3cp.json
2025-10-04 16:37:47,801 - [DEBUG] - idx 0
2025-10-04 16:37:47,802 - [DEBUG] - running CmdStan, num_threads: None
2025-10-04 16:37:47,802 - [DEBUG] - CmdStan args: ['C:\\Users\\peral\\AppData\\Local\\Programs\\Python\\Python313\\Lib\\site-packages\\prophet\\stan_model\\prophet_model.bin', 'random', 'seed=23899', 'data', 'file=C:\\Users\\peral\\AppData\\Local\\Temp\\tmputyr4jg9\\xily04by.json', 'init=C:\\Users\\peral\\AppData\\Local\\Temp\\tmputyr4jg9\\s34vt3cp.json', 'output', 'file=C:\\Users\\peral\\AppData\\Local\\Temp\\tmputyr4jg9\\prophet_model83a6ahav\\prophet_model-20251004163747.csv', 'method=optimize', 'algorithm=newton', 'iter=10000']
2025-10-04 16:37:47,803 - [INFO] - Chain [1] start processing
2025-10-04 16:37:47,883 - [INFO] - Chain [1] done processing
2025-10-04 16:37:48,236 - [INFO] - HTTP Request: POST https://ytuiqgrpbwdxrmbzssrb.supabase.co/rest/v1/policy_recommendations "HTTP/2 201 Created"
2025-10-04 16:37:48,242 - [INFO] - Forecast for product 25891602: 116 units (30-day avg, clamped 0-300.0)
2025-10-04 16:37:48,244 - [DEBUG] - cmd: where.exe tbb.dll
cwd: None
2025-10-04 16:37:48,332 - [DEBUG] - TBB already found in load path
2025-10-04 16:37:48,345 - [DEBUG] - input tempfile: C:\Users\peral\AppData\Local\Temp\tmputyr4jg9\vfwizuc3.json
2025-10-04 16:37:48,347 - [DEBUG] - input tempfile: C:\Users\peral\AppData\Local\Temp\tmputyr4jg9\79a4khlw.json
2025-10-04 16:37:48,348 - [DEBUG] - idx 0
2025-10-04 16:37:48,349 - [DEBUG] - running CmdStan, num_threads: None
2025-10-04 16:37:48,349 - [DEBUG] - CmdStan args: ['C:\\Users\\peral\\AppData\\Local\\Programs\\Python\\Python313\\Lib\\site-packages\\prophet\\stan_model\\prophet_model.bin', 'random', 'seed=51227', 'data', 'file=C:\\Users\\peral\\AppData\\Local\\Temp\\tmputyr4jg9\\vfwizuc3.json', 'init=C:\\Users\\peral\\AppData\\Local\\Temp\\tmputyr4jg9\\79a4khlw.json', 'output', 'file=C:\\Users\\peral\\AppData\\Local\\Temp\\tmputyr4jg9\\prophet_modelaigqc2c_\\prophet_model-20251004163748.csv', 'method=optimize', 'algorithm=newton', 'iter=10000']
2025-10-04 16:37:48,350 - [INFO] - Chain [1] start processing
2025-10-04 16:37:48,458 - [INFO] - Chain [1] done processing
2025-10-04 16:37:48,734 - [INFO] - HTTP Request: POST https://ytuiqgrpbwdxrmbzssrb.supabase.co/rest/v1/policy_recommendations "HTTP/2 201 Created"
2025-10-04 16:37:48,736 - [INFO] - Forecast for product 25891603: 126 units (30-day avg, clamped 0-300.0)
2025-10-04 16:37:48,736 - [INFO] - Forecasting complete (18 products)
2025-10-04 16:37:48,737 - [INFO] - Forecasting complete (18 products)
2025-10-04 16:37:48,737 - [INFO] - Generating policy recommendations
2025-10-04 16:37:48,737 - [INFO] - Pipeline completed successfully
2025-10-04 16:47:58,049 - [INFO] - Settings loaded (env=default)
2025-10-04 16:47:58,459 - [INFO] - Running Customer KPI Risk Pipeline...
2025-10-04 16:47:58,459 - [INFO] - Fetching KPI data from Supabase...
2025-10-04 16:48:00,197 - [INFO] - HTTP Request: GET https://ytuiqgrpbwdxrmbzssrb.supabase.co/rest/v1/fact_aggregate?select=%2A "HTTP/2 200 OK"
2025-10-04 16:48:00,427 - [INFO] - HTTP Request: GET https://ytuiqgrpbwdxrmbzssrb.supabase.co/rest/v1/dim_targets_order?select=%2A "HTTP/2 200 OK"
2025-10-04 16:48:00,433 - [INFO] - Fetched 1000 KPI rows
2025-10-04 16:48:00,433 - [INFO] - Preparing dataset for model...
2025-10-04 16:48:00,436 - [WARNING] - Target column 'target_cost' not found, using default 0.7.
2025-10-04 16:48:00,437 - [WARNING] - Target column 'target_quality' not found, using default 0.7.
2025-10-04 16:48:00,439 - [INFO] - Prepared dataset with 1000 rows and features: ['otif_pct', 'target_otif', 'target_cost', 'target_quality']
2025-10-04 16:48:00,440 - [INFO] - Training LightGBM model...
2025-10-04 16:48:00,440 - [WARNING] - Only one class in dataset -> fallback to dummy predictions.
2025-10-04 16:48:00,442 - [INFO] - Storing predictions in Supabase...
2025-10-04 16:48:02,006 - [INFO] - HTTP Request: POST https://ytuiqgrpbwdxrmbzssrb.supabase.co/rest/v1/kpi_risk_predictions?columns=%22risk_score%22%2C%22prediction_date%22%2C%22customer_id%22%2C%22risk_label%22 "HTTP/2 201 Created"
2025-10-04 16:48:02,014 - [INFO] - Inserted 1000 predictions into Supabase.
2025-10-04 16:48:02,015 - [INFO] - Customer risk pipeline completed successfully
2025-10-04 16:50:25,860 - [INFO] - Settings loaded (env=default)
2025-10-04 16:50:31,092 - [INFO] - Settings loaded (env=default)
2025-10-04 16:50:31,512 - [INFO] - Starting analytics pipeline
2025-10-04 16:50:31,513 - [INFO] - Settings loaded (env=default)
2025-10-04 16:50:31,880 - [INFO] - Running Customer KPI Risk Predictions
2025-10-04 16:50:31,880 - [INFO] - Running Customer KPI Risk Pipeline...
2025-10-04 16:50:31,880 - [INFO] - Fetching KPI data from Supabase...
2025-10-04 16:50:32,948 - [INFO] - HTTP Request: GET https://ytuiqgrpbwdxrmbzssrb.supabase.co/rest/v1/fact_aggregate?select=%2A "HTTP/2 200 OK"
2025-10-04 16:50:33,110 - [INFO] - HTTP Request: GET https://ytuiqgrpbwdxrmbzssrb.supabase.co/rest/v1/dim_targets_order?select=%2A "HTTP/2 200 OK"
2025-10-04 16:50:33,116 - [INFO] - Fetched 1000 KPI rows
2025-10-04 16:50:33,116 - [INFO] - Preparing dataset for model...
2025-10-04 16:50:33,120 - [WARNING] - Target column 'target_cost' not found, using default 0.7.
2025-10-04 16:50:33,121 - [WARNING] - Target column 'target_quality' not found, using default 0.7.
2025-10-04 16:50:33,123 - [INFO] - Prepared dataset with 1000 rows and features: ['otif_pct', 'target_otif', 'target_cost', 'target_quality']
2025-10-04 16:50:33,124 - [INFO] - Training LightGBM model...
2025-10-04 16:50:33,124 - [WARNING] - Only one class in dataset -> fallback to dummy predictions.
2025-10-04 16:50:33,125 - [INFO] - Storing predictions in Supabase...
2025-10-04 16:50:34,049 - [INFO] - HTTP Request: POST https://ytuiqgrpbwdxrmbzssrb.supabase.co/rest/v1/kpi_risk_predictions?columns=%22prediction_date%22%2C%22customer_id%22%2C%22risk_score%22%2C%22risk_label%22 "HTTP/2 201 Created"
2025-10-04 16:50:34,058 - [INFO] - Inserted 1000 predictions into Supabase.
2025-10-04 16:50:34,058 - [INFO] - Customer risk pipeline completed successfully
2025-10-04 16:50:34,059 - [INFO] - Running KPI analysis
2025-10-04 16:50:35,269 - [INFO] - HTTP Request: GET https://ytuiqgrpbwdxrmbzssrb.supabase.co/rest/v1/kpi_summary?select=%2A "HTTP/2 200 OK"
2025-10-04 16:50:35,272 - [INFO] - Fetched 35 KPI summary rows
2025-10-04 16:50:35,272 - [INFO] - KPI analysis complete (35 records)
2025-10-04 16:50:35,272 - [INFO] - Running demand forecasting
2025-10-04 16:50:35,273 - [INFO] - Running demand forecasting
2025-10-04 16:50:35,437 - [INFO] - HTTP Request: GET https://ytuiqgrpbwdxrmbzssrb.supabase.co/rest/v1/fact_order_line?select=order_placement_date%2Cproduct_id%2Corder_qty "HTTP/2 200 OK"
2025-10-04 16:50:35,475 - [DEBUG] - cmd: where.exe tbb.dll
cwd: None
2025-10-04 16:50:35,562 - [DEBUG] - Adding TBB (C:\Users\peral\AppData\Local\Programs\Python\Python313\Lib\site-packages\prophet\stan_model\cmdstan-2.33.1\stan\lib\stan_math\lib\tbb) to PATH
2025-10-04 16:50:35,579 - [DEBUG] - input tempfile: C:\Users\peral\AppData\Local\Temp\tmpn7hk8hnp\37flhlm0.json
2025-10-04 16:50:35,587 - [DEBUG] - input tempfile: C:\Users\peral\AppData\Local\Temp\tmpn7hk8hnp\_ixw7i51.json
2025-10-04 16:50:35,589 - [DEBUG] - idx 0
2025-10-04 16:50:35,590 - [DEBUG] - running CmdStan, num_threads: None
2025-10-04 16:50:35,590 - [DEBUG] - CmdStan args: ['C:\\Users\\peral\\AppData\\Local\\Programs\\Python\\Python313\\Lib\\site-packages\\prophet\\stan_model\\prophet_model.bin', 'random', 'seed=24643', 'data', 'file=C:\\Users\\peral\\AppData\\Local\\Temp\\tmpn7hk8hnp\\37flhlm0.json', 'init=C:\\Users\\peral\\AppData\\Local\\Temp\\tmpn7hk8hnp\\_ixw7i51.json', 'output', 'file=C:\\Users\\peral\\AppData\\Local\\Temp\\tmpn7hk8hnp\\prophet_model3qcdtshj\\prophet_model-20251004165035.csv', 'method=optimize', 'algorithm=lbfgs', 'iter=10000']
2025-10-04 16:50:35,590 - [INFO] - Chain [1] start processing
2025-10-04 16:50:35,637 - [INFO] - Chain [1] done processing
2025-10-04 16:50:35,688 - [WARNING] - High MAPE (100.0%) for product 25891101 — forecast may be unreliable
2025-10-04 16:50:35,920 - [INFO] - HTTP Request: POST https://ytuiqgrpbwdxrmbzssrb.supabase.co/rest/v1/policy_recommendations "HTTP/2 400 Bad Request"
2025-10-04 16:50:35,933 - [ERROR] - Forecasting failed for product 25891101: {'message': "Could not find the 'forecast_accuracy' column of 'policy_recommendations' in the schema cache", 'code': 'PGRST204', 'hint': None, 'details': None}
2025-10-04 16:50:35,939 - [DEBUG] - cmd: where.exe tbb.dll
cwd: None
2025-10-04 16:50:36,037 - [DEBUG] - TBB already found in load path
2025-10-04 16:50:36,052 - [DEBUG] - input tempfile: C:\Users\peral\AppData\Local\Temp\tmpn7hk8hnp\zdz56ymn.json
2025-10-04 16:50:36,061 - [DEBUG] - input tempfile: C:\Users\peral\AppData\Local\Temp\tmpn7hk8hnp\f__zwoom.json
2025-10-04 16:50:36,062 - [DEBUG] - idx 0
2025-10-04 16:50:36,062 - [DEBUG] - running CmdStan, num_threads: None
2025-10-04 16:50:36,063 - [DEBUG] - CmdStan args: ['C:\\Users\\peral\\AppData\\Local\\Programs\\Python\\Python313\\Lib\\site-packages\\prophet\\stan_model\\prophet_model.bin', 'random', 'seed=17539', 'data', 'file=C:\\Users\\peral\\AppData\\Local\\Temp\\tmpn7hk8hnp\\zdz56ymn.json', 'init=C:\\Users\\peral\\AppData\\Local\\Temp\\tmpn7hk8hnp\\f__zwoom.json', 'output', 'file=C:\\Users\\peral\\AppData\\Local\\Temp\\tmpn7hk8hnp\\prophet_modelcr_kv4bs\\prophet_model-20251004165036.csv', 'method=optimize', 'algorithm=lbfgs', 'iter=10000']
2025-10-04 16:50:36,063 - [INFO] - Chain [1] start processing
2025-10-04 16:50:36,104 - [INFO] - Chain [1] done processing
2025-10-04 16:50:36,155 - [WARNING] - High MAPE (62.3%) for product 25891102 — forecast may be unreliable
2025-10-04 16:50:36,306 - [INFO] - HTTP Request: POST https://ytuiqgrpbwdxrmbzssrb.supabase.co/rest/v1/policy_recommendations "HTTP/2 400 Bad Request"
2025-10-04 16:50:36,308 - [ERROR] - Forecasting failed for product 25891102: {'message': "Could not find the 'forecast_accuracy' column of 'policy_recommendations' in the schema cache", 'code': 'PGRST204', 'hint': None, 'details': None}
2025-10-04 16:50:36,312 - [DEBUG] - cmd: where.exe tbb.dll
cwd: None
2025-10-04 16:50:36,397 - [DEBUG] - TBB already found in load path
2025-10-04 16:50:36,411 - [DEBUG] - input tempfile: C:\Users\peral\AppData\Local\Temp\tmpn7hk8hnp\19vq2k4m.json
2025-10-04 16:50:36,419 - [DEBUG] - input tempfile: C:\Users\peral\AppData\Local\Temp\tmpn7hk8hnp\c6fc5ond.json
2025-10-04 16:50:36,422 - [DEBUG] - idx 0
2025-10-04 16:50:36,422 - [DEBUG] - running CmdStan, num_threads: None
2025-10-04 16:50:36,422 - [DEBUG] - CmdStan args: ['C:\\Users\\peral\\AppData\\Local\\Programs\\Python\\Python313\\Lib\\site-packages\\prophet\\stan_model\\prophet_model.bin', 'random', 'seed=56057', 'data', 'file=C:\\Users\\peral\\AppData\\Local\\Temp\\tmpn7hk8hnp\\19vq2k4m.json', 'init=C:\\Users\\peral\\AppData\\Local\\Temp\\tmpn7hk8hnp\\c6fc5ond.json', 'output', 'file=C:\\Users\\peral\\AppData\\Local\\Temp\\tmpn7hk8hnp\\prophet_modelho5yrxi4\\prophet_model-20251004165036.csv', 'method=optimize', 'algorithm=lbfgs', 'iter=10000']
2025-10-04 16:50:36,423 - [INFO] - Chain [1] start processing
2025-10-04 16:50:36,461 - [INFO] - Chain [1] done processing
2025-10-04 16:50:36,505 - [WARNING] - High MAPE (100.0%) for product 25891103 — forecast may be unreliable
2025-10-04 16:50:36,715 - [INFO] - HTTP Request: POST https://ytuiqgrpbwdxrmbzssrb.supabase.co/rest/v1/policy_recommendations "HTTP/2 400 Bad Request"
2025-10-04 16:50:36,717 - [ERROR] - Forecasting failed for product 25891103: {'message': "Could not find the 'forecast_accuracy' column of 'policy_recommendations' in the schema cache", 'code': 'PGRST204', 'hint': None, 'details': None}
2025-10-04 16:50:36,721 - [DEBUG] - cmd: where.exe tbb.dll
cwd: None
2025-10-04 16:50:36,811 - [DEBUG] - TBB already found in load path
2025-10-04 16:50:36,823 - [DEBUG] - input tempfile: C:\Users\peral\AppData\Local\Temp\tmpn7hk8hnp\eizy4s27.json
2025-10-04 16:50:36,831 - [DEBUG] - input tempfile: C:\Users\peral\AppData\Local\Temp\tmpn7hk8hnp\1xywyys2.json
2025-10-04 16:50:36,832 - [DEBUG] - idx 0
2025-10-04 16:50:36,833 - [DEBUG] - running CmdStan, num_threads: None
2025-10-04 16:50:36,833 - [DEBUG] - CmdStan args: ['C:\\Users\\peral\\AppData\\Local\\Programs\\Python\\Python313\\Lib\\site-packages\\prophet\\stan_model\\prophet_model.bin', 'random', 'seed=70068', 'data', 'file=C:\\Users\\peral\\AppData\\Local\\Temp\\tmpn7hk8hnp\\eizy4s27.json', 'init=C:\\Users\\peral\\AppData\\Local\\Temp\\tmpn7hk8hnp\\1xywyys2.json', 'output', 'file=C:\\Users\\peral\\AppData\\Local\\Temp\\tmpn7hk8hnp\\prophet_model57penci7\\prophet_model-20251004165036.csv', 'method=optimize', 'algorithm=lbfgs', 'iter=10000']
2025-10-04 16:50:36,834 - [INFO] - Chain [1] start processing
2025-10-04 16:50:36,882 - [INFO] - Chain [1] done processing
2025-10-04 16:50:36,930 - [WARNING] - High MAPE (100.0%) for product 25891201 — forecast may be unreliable
2025-10-04 16:50:37,072 - [INFO] - HTTP Request: POST https://ytuiqgrpbwdxrmbzssrb.supabase.co/rest/v1/policy_recommendations "HTTP/2 400 Bad Request"
2025-10-04 16:50:37,073 - [ERROR] - Forecasting failed for product 25891201: {'message': "Could not find the 'forecast_accuracy' column of 'policy_recommendations' in the schema cache", 'code': 'PGRST204', 'hint': None, 'details': None}
2025-10-04 16:50:37,076 - [DEBUG] - cmd: where.exe tbb.dll
cwd: None
2025-10-04 16:50:37,165 - [DEBUG] - TBB already found in load path
2025-10-04 16:50:37,177 - [DEBUG] - input tempfile: C:\Users\peral\AppData\Local\Temp\tmpn7hk8hnp\aeuq6o5o.json
2025-10-04 16:50:37,184 - [DEBUG] - input tempfile: C:\Users\peral\AppData\Local\Temp\tmpn7hk8hnp\gmei1701.json
2025-10-04 16:50:37,186 - [DEBUG] - idx 0
2025-10-04 16:50:37,187 - [DEBUG] - running CmdStan, num_threads: None
2025-10-04 16:50:37,187 - [DEBUG] - CmdStan args: ['C:\\Users\\peral\\AppData\\Local\\Programs\\Python\\Python313\\Lib\\site-packages\\prophet\\stan_model\\prophet_model.bin', 'random', 'seed=33061', 'data', 'file=C:\\Users\\peral\\AppData\\Local\\Temp\\tmpn7hk8hnp\\aeuq6o5o.json', 'init=C:\\Users\\peral\\AppData\\Local\\Temp\\tmpn7hk8hnp\\gmei1701.json', 'output', 'file=C:\\Users\\peral\\AppData\\Local\\Temp\\tmpn7hk8hnp\\prophet_modeli0v5hk2h\\prophet_model-20251004165037.csv', 'method=optimize', 'algorithm=lbfgs', 'iter=10000']
2025-10-04 16:50:37,188 - [INFO] - Chain [1] start processing
2025-10-04 16:50:37,228 - [INFO] - Chain [1] done processing
2025-10-04 16:50:37,410 - [INFO] - HTTP Request: POST https://ytuiqgrpbwdxrmbzssrb.supabase.co/rest/v1/policy_recommendations "HTTP/2 400 Bad Request"
2025-10-04 16:50:37,412 - [ERROR] - Forecasting failed for product 25891202: {'message': "Could not find the 'forecast_accuracy' column of 'policy_recommendations' in the schema cache", 'code': 'PGRST204', 'hint': None, 'details': None}
2025-10-04 16:50:37,416 - [DEBUG] - cmd: where.exe tbb.dll
cwd: None
2025-10-04 16:50:37,506 - [DEBUG] - TBB already found in load path
2025-10-04 16:50:37,518 - [DEBUG] - input tempfile: C:\Users\peral\AppData\Local\Temp\tmpn7hk8hnp\w18jzn7v.json
2025-10-04 16:50:37,528 - [DEBUG] - input tempfile: C:\Users\peral\AppData\Local\Temp\tmpn7hk8hnp\llmha5go.json
2025-10-04 16:50:37,529 - [DEBUG] - idx 0
2025-10-04 16:50:37,530 - [DEBUG] - running CmdStan, num_threads: None
2025-10-04 16:50:37,530 - [DEBUG] - CmdStan args: ['C:\\Users\\peral\\AppData\\Local\\Programs\\Python\\Python313\\Lib\\site-packages\\prophet\\stan_model\\prophet_model.bin', 'random', 'seed=93935', 'data', 'file=C:\\Users\\peral\\AppData\\Local\\Temp\\tmpn7hk8hnp\\w18jzn7v.json', 'init=C:\\Users\\peral\\AppData\\Local\\Temp\\tmpn7hk8hnp\\llmha5go.json', 'output', 'file=C:\\Users\\peral\\AppData\\Local\\Temp\\tmpn7hk8hnp\\prophet_modelni_1ydij\\prophet_model-20251004165037.csv', 'method=optimize', 'algorithm=lbfgs', 'iter=10000']
2025-10-04 16:50:37,530 - [INFO] - Chain [1] start processing
2025-10-04 16:50:37,572 - [INFO] - Chain [1] done processing
2025-10-04 16:50:37,746 - [INFO] - HTTP Request: POST https://ytuiqgrpbwdxrmbzssrb.supabase.co/rest/v1/policy_recommendations "HTTP/2 400 Bad Request"
2025-10-04 16:50:37,747 - [ERROR] - Forecasting failed for product 25891203: {'message': "Could not find the 'forecast_accuracy' column of 'policy_recommendations' in the schema cache", 'code': 'PGRST204', 'hint': None, 'details': None}
2025-10-04 16:50:37,750 - [DEBUG] - cmd: where.exe tbb.dll
cwd: None
2025-10-04 16:50:37,838 - [DEBUG] - TBB already found in load path
2025-10-04 16:50:37,849 - [DEBUG] - input tempfile: C:\Users\peral\AppData\Local\Temp\tmpn7hk8hnp\30nh5gt8.json
2025-10-04 16:50:37,858 - [DEBUG] - input tempfile: C:\Users\peral\AppData\Local\Temp\tmpn7hk8hnp\49aa4pv6.json
2025-10-04 16:50:37,859 - [DEBUG] - idx 0
2025-10-04 16:50:37,860 - [DEBUG] - running CmdStan, num_threads: None
2025-10-04 16:50:37,860 - [DEBUG] - CmdStan args: ['C:\\Users\\peral\\AppData\\Local\\Programs\\Python\\Python313\\Lib\\site-packages\\prophet\\stan_model\\prophet_model.bin', 'random', 'seed=70630', 'data', 'file=C:\\Users\\peral\\AppData\\Local\\Temp\\tmpn7hk8hnp\\30nh5gt8.json', 'init=C:\\Users\\peral\\AppData\\Local\\Temp\\tmpn7hk8hnp\\49aa4pv6.json', 'output', 'file=C:\\Users\\peral\\AppData\\Local\\Temp\\tmpn7hk8hnp\\prophet_modelodc7g495\\prophet_model-20251004165037.csv', 'method=optimize', 'algorithm=lbfgs', 'iter=10000']
2025-10-04 16:50:37,860 - [INFO] - Chain [1] start processing
2025-10-04 16:50:37,903 - [INFO] - Chain [1] done processing
2025-10-04 16:50:37,951 - [WARNING] - High MAPE (51.6%) for product 25891301 — forecast may be unreliable
2025-10-04 16:50:38,166 - [INFO] - HTTP Request: POST https://ytuiqgrpbwdxrmbzssrb.supabase.co/rest/v1/policy_recommendations "HTTP/2 400 Bad Request"
2025-10-04 16:50:38,167 - [ERROR] - Forecasting failed for product 25891301: {'message': "Could not find the 'forecast_accuracy' column of 'policy_recommendations' in the schema cache", 'code': 'PGRST204', 'hint': None, 'details': None}
2025-10-04 16:50:38,171 - [DEBUG] - cmd: where.exe tbb.dll
cwd: None
2025-10-04 16:50:38,260 - [DEBUG] - TBB already found in load path
2025-10-04 16:50:38,272 - [DEBUG] - input tempfile: C:\Users\peral\AppData\Local\Temp\tmpn7hk8hnp\1qqgrxb9.json
2025-10-04 16:50:38,281 - [DEBUG] - input tempfile: C:\Users\peral\AppData\Local\Temp\tmpn7hk8hnp\2y4o08bx.json
2025-10-04 16:50:38,282 - [DEBUG] - idx 0
2025-10-04 16:50:38,282 - [DEBUG] - running CmdStan, num_threads: None
2025-10-04 16:50:38,283 - [DEBUG] - CmdStan args: ['C:\\Users\\peral\\AppData\\Local\\Programs\\Python\\Python313\\Lib\\site-packages\\prophet\\stan_model\\prophet_model.bin', 'random', 'seed=67462', 'data', 'file=C:\\Users\\peral\\AppData\\Local\\Temp\\tmpn7hk8hnp\\1qqgrxb9.json', 'init=C:\\Users\\peral\\AppData\\Local\\Temp\\tmpn7hk8hnp\\2y4o08bx.json', 'output', 'file=C:\\Users\\peral\\AppData\\Local\\Temp\\tmpn7hk8hnp\\prophet_modelrhgeyjkr\\prophet_model-20251004165038.csv', 'method=optimize', 'algorithm=lbfgs', 'iter=10000']
2025-10-04 16:50:38,283 - [INFO] - Chain [1] start processing
2025-10-04 16:50:38,324 - [INFO] - Chain [1] done processing
2025-10-04 16:50:38,373 - [WARNING] - High MAPE (90.0%) for product 25891302 — forecast may be unreliable
2025-10-04 16:50:38,680 - [INFO] - HTTP Request: POST https://ytuiqgrpbwdxrmbzssrb.supabase.co/rest/v1/policy_recommendations "HTTP/2 400 Bad Request"
2025-10-04 16:50:38,681 - [ERROR] - Forecasting failed for product 25891302: {'message': "Could not find the 'forecast_accuracy' column of 'policy_recommendations' in the schema cache", 'code': 'PGRST204', 'hint': None, 'details': None}
2025-10-04 16:50:38,685 - [DEBUG] - cmd: where.exe tbb.dll
cwd: None
2025-10-04 16:50:38,773 - [DEBUG] - TBB already found in load path
2025-10-04 16:50:38,785 - [DEBUG] - input tempfile: C:\Users\peral\AppData\Local\Temp\tmpn7hk8hnp\yy086b1g.json
2025-10-04 16:50:38,794 - [DEBUG] - input tempfile: C:\Users\peral\AppData\Local\Temp\tmpn7hk8hnp\ejyfz702.json
2025-10-04 16:50:38,795 - [DEBUG] - idx 0
2025-10-04 16:50:38,795 - [DEBUG] - running CmdStan, num_threads: None
2025-10-04 16:50:38,795 - [DEBUG] - CmdStan args: ['C:\\Users\\peral\\AppData\\Local\\Programs\\Python\\Python313\\Lib\\site-packages\\prophet\\stan_model\\prophet_model.bin', 'random', 'seed=65133', 'data', 'file=C:\\Users\\peral\\AppData\\Local\\Temp\\tmpn7hk8hnp\\yy086b1g.json', 'init=C:\\Users\\peral\\AppData\\Local\\Temp\\tmpn7hk8hnp\\ejyfz702.json', 'output', 'file=C:\\Users\\peral\\AppData\\Local\\Temp\\tmpn7hk8hnp\\prophet_modelbg7bxfnq\\prophet_model-20251004165038.csv', 'method=optimize', 'algorithm=lbfgs', 'iter=10000']
2025-10-04 16:50:38,796 - [INFO] - Chain [1] start processing
2025-10-04 16:50:38,837 - [INFO] - Chain [1] done processing
2025-10-04 16:50:38,887 - [WARNING] - High MAPE (100.0%) for product 25891303 — forecast may be unreliable
2025-10-04 16:50:39,030 - [INFO] - HTTP Request: POST https://ytuiqgrpbwdxrmbzssrb.supabase.co/rest/v1/policy_recommendations "HTTP/2 400 Bad Request"
2025-10-04 16:50:39,031 - [ERROR] - Forecasting failed for product 25891303: {'message': "Could not find the 'forecast_accuracy' column of 'policy_recommendations' in the schema cache", 'code': 'PGRST204', 'hint': None, 'details': None}
2025-10-04 16:50:39,034 - [DEBUG] - cmd: where.exe tbb.dll
cwd: None
2025-10-04 16:50:39,120 - [DEBUG] - TBB already found in load path
2025-10-04 16:50:39,133 - [DEBUG] - input tempfile: C:\Users\peral\AppData\Local\Temp\tmpn7hk8hnp\i6g5mvu_.json
2025-10-04 16:50:39,140 - [DEBUG] - input tempfile: C:\Users\peral\AppData\Local\Temp\tmpn7hk8hnp\pfhen76d.json
2025-10-04 16:50:39,142 - [DEBUG] - idx 0
2025-10-04 16:50:39,143 - [DEBUG] - running CmdStan, num_threads: None
2025-10-04 16:50:39,143 - [DEBUG] - CmdStan args: ['C:\\Users\\peral\\AppData\\Local\\Programs\\Python\\Python313\\Lib\\site-packages\\prophet\\stan_model\\prophet_model.bin', 'random', 'seed=50497', 'data', 'file=C:\\Users\\peral\\AppData\\Local\\Temp\\tmpn7hk8hnp\\i6g5mvu_.json', 'init=C:\\Users\\peral\\AppData\\Local\\Temp\\tmpn7hk8hnp\\pfhen76d.json', 'output', 'file=C:\\Users\\peral\\AppData\\Local\\Temp\\tmpn7hk8hnp\\prophet_model74plgb6b\\prophet_model-20251004165039.csv', 'method=optimize', 'algorithm=lbfgs', 'iter=10000']
2025-10-04 16:50:39,143 - [INFO] - Chain [1] start processing
2025-10-04 16:50:39,183 - [INFO] - Chain [1] done processing
2025-10-04 16:50:39,230 - [WARNING] - High MAPE (298.5%) for product 25891401 — forecast may be unreliable
2025-10-04 16:50:39,395 - [INFO] - HTTP Request: POST https://ytuiqgrpbwdxrmbzssrb.supabase.co/rest/v1/policy_recommendations "HTTP/2 400 Bad Request"
2025-10-04 16:50:39,396 - [ERROR] - Forecasting failed for product 25891401: {'message': "Could not find the 'forecast_accuracy' column of 'policy_recommendations' in the schema cache", 'code': 'PGRST204', 'hint': None, 'details': None}
2025-10-04 16:50:39,400 - [DEBUG] - cmd: where.exe tbb.dll
cwd: None
2025-10-04 16:50:39,490 - [DEBUG] - TBB already found in load path
2025-10-04 16:50:39,502 - [DEBUG] - input tempfile: C:\Users\peral\AppData\Local\Temp\tmpn7hk8hnp\qkp4xmj7.json
2025-10-04 16:50:39,510 - [DEBUG] - input tempfile: C:\Users\peral\AppData\Local\Temp\tmpn7hk8hnp\e5il_tpp.json
2025-10-04 16:50:39,511 - [DEBUG] - idx 0
2025-10-04 16:50:39,512 - [DEBUG] - running CmdStan, num_threads: None
2025-10-04 16:50:39,512 - [DEBUG] - CmdStan args: ['C:\\Users\\peral\\AppData\\Local\\Programs\\Python\\Python313\\Lib\\site-packages\\prophet\\stan_model\\prophet_model.bin', 'random', 'seed=39471', 'data', 'file=C:\\Users\\peral\\AppData\\Local\\Temp\\tmpn7hk8hnp\\qkp4xmj7.json', 'init=C:\\Users\\peral\\AppData\\Local\\Temp\\tmpn7hk8hnp\\e5il_tpp.json', 'output', 'file=C:\\Users\\peral\\AppData\\Local\\Temp\\tmpn7hk8hnp\\prophet_modeldnklnhas\\prophet_model-20251004165039.csv', 'method=optimize', 'algorithm=lbfgs', 'iter=10000']
2025-10-04 16:50:39,512 - [INFO] - Chain [1] start processing
2025-10-04 16:50:39,556 - [INFO] - Chain [1] done processing
2025-10-04 16:50:39,969 - [INFO] - HTTP Request: POST https://ytuiqgrpbwdxrmbzssrb.supabase.co/rest/v1/policy_recommendations "HTTP/2 400 Bad Request"
2025-10-04 16:50:39,970 - [ERROR] - Forecasting failed for product 25891402: {'message': "Could not find the 'forecast_accuracy' column of 'policy_recommendations' in the schema cache", 'code': 'PGRST204', 'hint': None, 'details': None}
2025-10-04 16:50:39,975 - [DEBUG] - cmd: where.exe tbb.dll
cwd: None
2025-10-04 16:50:40,063 - [DEBUG] - TBB already found in load path
2025-10-04 16:50:40,075 - [DEBUG] - input tempfile: C:\Users\peral\AppData\Local\Temp\tmpn7hk8hnp\0bgnifio.json
2025-10-04 16:50:40,082 - [DEBUG] - input tempfile: C:\Users\peral\AppData\Local\Temp\tmpn7hk8hnp\zvvtvbeu.json
2025-10-04 16:50:40,084 - [DEBUG] - idx 0
2025-10-04 16:50:40,085 - [DEBUG] - running CmdStan, num_threads: None
2025-10-04 16:50:40,085 - [DEBUG] - CmdStan args: ['C:\\Users\\peral\\AppData\\Local\\Programs\\Python\\Python313\\Lib\\site-packages\\prophet\\stan_model\\prophet_model.bin', 'random', 'seed=53589', 'data', 'file=C:\\Users\\peral\\AppData\\Local\\Temp\\tmpn7hk8hnp\\0bgnifio.json', 'init=C:\\Users\\peral\\AppData\\Local\\Temp\\tmpn7hk8hnp\\zvvtvbeu.json', 'output', 'file=C:\\Users\\peral\\AppData\\Local\\Temp\\tmpn7hk8hnp\\prophet_modelapzjvfuw\\prophet_model-20251004165040.csv', 'method=optimize', 'algorithm=lbfgs', 'iter=10000']
2025-10-04 16:50:40,085 - [INFO] - Chain [1] start processing
2025-10-04 16:50:40,125 - [INFO] - Chain [1] done processing
2025-10-04 16:50:40,175 - [WARNING] - High MAPE (100.0%) for product 25891403 — forecast may be unreliable
2025-10-04 16:50:40,315 - [INFO] - HTTP Request: POST https://ytuiqgrpbwdxrmbzssrb.supabase.co/rest/v1/policy_recommendations "HTTP/2 400 Bad Request"
2025-10-04 16:50:40,316 - [ERROR] - Forecasting failed for product 25891403: {'message': "Could not find the 'forecast_accuracy' column of 'policy_recommendations' in the schema cache", 'code': 'PGRST204', 'hint': None, 'details': None}
2025-10-04 16:50:40,320 - [DEBUG] - cmd: where.exe tbb.dll
cwd: None
2025-10-04 16:50:40,412 - [DEBUG] - TBB already found in load path
2025-10-04 16:50:40,426 - [DEBUG] - input tempfile: C:\Users\peral\AppData\Local\Temp\tmpn7hk8hnp\tpob8_hw.json
2025-10-04 16:50:40,434 - [DEBUG] - input tempfile: C:\Users\peral\AppData\Local\Temp\tmpn7hk8hnp\898qqpfp.json
2025-10-04 16:50:40,435 - [DEBUG] - idx 0
2025-10-04 16:50:40,436 - [DEBUG] - running CmdStan, num_threads: None
2025-10-04 16:50:40,436 - [DEBUG] - CmdStan args: ['C:\\Users\\peral\\AppData\\Local\\Programs\\Python\\Python313\\Lib\\site-packages\\prophet\\stan_model\\prophet_model.bin', 'random', 'seed=86255', 'data', 'file=C:\\Users\\peral\\AppData\\Local\\Temp\\tmpn7hk8hnp\\tpob8_hw.json', 'init=C:\\Users\\peral\\AppData\\Local\\Temp\\tmpn7hk8hnp\\898qqpfp.json', 'output', 'file=C:\\Users\\peral\\AppData\\Local\\Temp\\tmpn7hk8hnp\\prophet_modelm290st40\\prophet_model-20251004165040.csv', 'method=optimize', 'algorithm=lbfgs', 'iter=10000']
2025-10-04 16:50:40,436 - [INFO] - Chain [1] start processing
2025-10-04 16:50:40,483 - [INFO] - Chain [1] done processing
2025-10-04 16:50:40,532 - [WARNING] - High MAPE (189.5%) for product 25891501 — forecast may be unreliable
2025-10-04 16:50:40,855 - [INFO] - HTTP Request: POST https://ytuiqgrpbwdxrmbzssrb.supabase.co/rest/v1/policy_recommendations "HTTP/2 400 Bad Request"
2025-10-04 16:50:40,866 - [ERROR] - Forecasting failed for product 25891501: {'message': "Could not find the 'forecast_accuracy' column of 'policy_recommendations' in the schema cache", 'code': 'PGRST204', 'hint': None, 'details': None}
2025-10-04 16:50:40,870 - [DEBUG] - cmd: where.exe tbb.dll
cwd: None
2025-10-04 16:50:40,956 - [DEBUG] - TBB already found in load path
2025-10-04 16:50:40,968 - [DEBUG] - input tempfile: C:\Users\peral\AppData\Local\Temp\tmpn7hk8hnp\n2bcoagl.json
2025-10-04 16:50:40,977 - [DEBUG] - input tempfile: C:\Users\peral\AppData\Local\Temp\tmpn7hk8hnp\ondr3ju6.json
2025-10-04 16:50:40,979 - [DEBUG] - idx 0
2025-10-04 16:50:40,979 - [DEBUG] - running CmdStan, num_threads: None
2025-10-04 16:50:40,979 - [DEBUG] - CmdStan args: ['C:\\Users\\peral\\AppData\\Local\\Programs\\Python\\Python313\\Lib\\site-packages\\prophet\\stan_model\\prophet_model.bin', 'random', 'seed=83486', 'data', 'file=C:\\Users\\peral\\AppData\\Local\\Temp\\tmpn7hk8hnp\\n2bcoagl.json', 'init=C:\\Users\\peral\\AppData\\Local\\Temp\\tmpn7hk8hnp\\ondr3ju6.json', 'output', 'file=C:\\Users\\peral\\AppData\\Local\\Temp\\tmpn7hk8hnp\\prophet_modeliolq3u63\\prophet_model-20251004165040.csv', 'method=optimize', 'algorithm=lbfgs', 'iter=10000']
2025-10-04 16:50:40,979 - [INFO] - Chain [1] start processing
2025-10-04 16:50:41,022 - [INFO] - Chain [1] done processing
2025-10-04 16:50:41,068 - [WARNING] - High MAPE (100.0%) for product 25891502 — forecast may be unreliable
2025-10-04 16:50:41,209 - [INFO] - HTTP Request: POST https://ytuiqgrpbwdxrmbzssrb.supabase.co/rest/v1/policy_recommendations "HTTP/2 400 Bad Request"
2025-10-04 16:50:41,210 - [ERROR] - Forecasting failed for product 25891502: {'message': "Could not find the 'forecast_accuracy' column of 'policy_recommendations' in the schema cache", 'code': 'PGRST204', 'hint': None, 'details': None}
2025-10-04 16:50:41,214 - [DEBUG] - cmd: where.exe tbb.dll
cwd: None
2025-10-04 16:50:41,306 - [DEBUG] - TBB already found in load path
2025-10-04 16:50:41,317 - [DEBUG] - input tempfile: C:\Users\peral\AppData\Local\Temp\tmpn7hk8hnp\p0p_a3qe.json
2025-10-04 16:50:41,325 - [DEBUG] - input tempfile: C:\Users\peral\AppData\Local\Temp\tmpn7hk8hnp\g6f1l5xe.json
2025-10-04 16:50:41,327 - [DEBUG] - idx 0
2025-10-04 16:50:41,327 - [DEBUG] - running CmdStan, num_threads: None
2025-10-04 16:50:41,328 - [DEBUG] - CmdStan args: ['C:\\Users\\peral\\AppData\\Local\\Programs\\Python\\Python313\\Lib\\site-packages\\prophet\\stan_model\\prophet_model.bin', 'random', 'seed=73282', 'data', 'file=C:\\Users\\peral\\AppData\\Local\\Temp\\tmpn7hk8hnp\\p0p_a3qe.json', 'init=C:\\Users\\peral\\AppData\\Local\\Temp\\tmpn7hk8hnp\\g6f1l5xe.json', 'output', 'file=C:\\Users\\peral\\AppData\\Local\\Temp\\tmpn7hk8hnp\\prophet_modela08qm_7g\\prophet_model-20251004165041.csv', 'method=optimize', 'algorithm=lbfgs', 'iter=10000']
2025-10-04 16:50:41,328 - [INFO] - Chain [1] start processing
2025-10-04 16:50:41,372 - [INFO] - Chain [1] done processing
2025-10-04 16:50:41,607 - [INFO] - HTTP Request: POST https://ytuiqgrpbwdxrmbzssrb.supabase.co/rest/v1/policy_recommendations "HTTP/2 400 Bad Request"
2025-10-04 16:50:41,608 - [ERROR] - Forecasting failed for product 25891503: {'message': "Could not find the 'forecast_accuracy' column of 'policy_recommendations' in the schema cache", 'code': 'PGRST204', 'hint': None, 'details': None}
2025-10-04 16:50:41,612 - [DEBUG] - cmd: where.exe tbb.dll
cwd: None
2025-10-04 16:50:41,699 - [DEBUG] - TBB already found in load path
2025-10-04 16:50:41,712 - [DEBUG] - input tempfile: C:\Users\peral\AppData\Local\Temp\tmpn7hk8hnp\7lqkwrlr.json
2025-10-04 16:50:41,720 - [DEBUG] - input tempfile: C:\Users\peral\AppData\Local\Temp\tmpn7hk8hnp\_ecm23ky.json
2025-10-04 16:50:41,731 - [DEBUG] - idx 0
2025-10-04 16:50:41,732 - [DEBUG] - running CmdStan, num_threads: None
2025-10-04 16:50:41,732 - [DEBUG] - CmdStan args: ['C:\\Users\\peral\\AppData\\Local\\Programs\\Python\\Python313\\Lib\\site-packages\\prophet\\stan_model\\prophet_model.bin', 'random', 'seed=2873', 'data', 'file=C:\\Users\\peral\\AppData\\Local\\Temp\\tmpn7hk8hnp\\7lqkwrlr.json', 'init=C:\\Users\\peral\\AppData\\Local\\Temp\\tmpn7hk8hnp\\_ecm23ky.json', 'output', 'file=C:\\Users\\peral\\AppData\\Local\\Temp\\tmpn7hk8hnp\\prophet_modelhq72sv03\\prophet_model-20251004165041.csv', 'method=optimize', 'algorithm=lbfgs', 'iter=10000']
2025-10-04 16:50:41,733 - [INFO] - Chain [1] start processing
2025-10-04 16:50:41,777 - [INFO] - Chain [1] done processing
2025-10-04 16:50:41,976 - [INFO] - HTTP Request: POST https://ytuiqgrpbwdxrmbzssrb.supabase.co/rest/v1/policy_recommendations "HTTP/2 400 Bad Request"
2025-10-04 16:50:41,976 - [ERROR] - Forecasting failed for product 25891601: {'message': "Could not find the 'forecast_accuracy' column of 'policy_recommendations' in the schema cache", 'code': 'PGRST204', 'hint': None, 'details': None}
2025-10-04 16:50:41,980 - [DEBUG] - cmd: where.exe tbb.dll
cwd: None
2025-10-04 16:50:42,069 - [DEBUG] - TBB already found in load path
2025-10-04 16:50:42,081 - [DEBUG] - input tempfile: C:\Users\peral\AppData\Local\Temp\tmpn7hk8hnp\90dpjor2.json
2025-10-04 16:50:42,089 - [DEBUG] - input tempfile: C:\Users\peral\AppData\Local\Temp\tmpn7hk8hnp\v9f9p0n7.json
2025-10-04 16:50:42,090 - [DEBUG] - idx 0
2025-10-04 16:50:42,091 - [DEBUG] - running CmdStan, num_threads: None
2025-10-04 16:50:42,091 - [DEBUG] - CmdStan args: ['C:\\Users\\peral\\AppData\\Local\\Programs\\Python\\Python313\\Lib\\site-packages\\prophet\\stan_model\\prophet_model.bin', 'random', 'seed=92456', 'data', 'file=C:\\Users\\peral\\AppData\\Local\\Temp\\tmpn7hk8hnp\\90dpjor2.json', 'init=C:\\Users\\peral\\AppData\\Local\\Temp\\tmpn7hk8hnp\\v9f9p0n7.json', 'output', 'file=C:\\Users\\peral\\AppData\\Local\\Temp\\tmpn7hk8hnp\\prophet_modelgd99rtqw\\prophet_model-20251004165042.csv', 'method=optimize', 'algorithm=lbfgs', 'iter=10000']
2025-10-04 16:50:42,091 - [INFO] - Chain [1] start processing
2025-10-04 16:50:42,133 - [INFO] - Chain [1] done processing
2025-10-04 16:50:42,182 - [WARNING] - High MAPE (93.0%) for product 25891602 — forecast may be unreliable
2025-10-04 16:50:42,420 - [INFO] - HTTP Request: POST https://ytuiqgrpbwdxrmbzssrb.supabase.co/rest/v1/policy_recommendations "HTTP/2 400 Bad Request"
2025-10-04 16:50:42,426 - [ERROR] - Forecasting failed for product 25891602: {'message': "Could not find the 'forecast_accuracy' column of 'policy_recommendations' in the schema cache", 'code': 'PGRST204', 'hint': None, 'details': None}
2025-10-04 16:50:42,432 - [DEBUG] - cmd: where.exe tbb.dll
cwd: None
2025-10-04 16:50:42,522 - [DEBUG] - TBB already found in load path
2025-10-04 16:50:42,533 - [DEBUG] - input tempfile: C:\Users\peral\AppData\Local\Temp\tmpn7hk8hnp\6_r53ct2.json
2025-10-04 16:50:42,541 - [DEBUG] - input tempfile: C:\Users\peral\AppData\Local\Temp\tmpn7hk8hnp\dmsp6eq1.json
2025-10-04 16:50:42,543 - [DEBUG] - idx 0
2025-10-04 16:50:42,543 - [DEBUG] - running CmdStan, num_threads: None
2025-10-04 16:50:42,543 - [DEBUG] - CmdStan args: ['C:\\Users\\peral\\AppData\\Local\\Programs\\Python\\Python313\\Lib\\site-packages\\prophet\\stan_model\\prophet_model.bin', 'random', 'seed=68597', 'data', 'file=C:\\Users\\peral\\AppData\\Local\\Temp\\tmpn7hk8hnp\\6_r53ct2.json', 'init=C:\\Users\\peral\\AppData\\Local\\Temp\\tmpn7hk8hnp\\dmsp6eq1.json', 'output', 'file=C:\\Users\\peral\\AppData\\Local\\Temp\\tmpn7hk8hnp\\prophet_modelbdaun56s\\prophet_model-20251004165042.csv', 'method=optimize', 'algorithm=lbfgs', 'iter=10000']
2025-10-04 16:50:42,544 - [INFO] - Chain [1] start processing
2025-10-04 16:50:42,590 - [INFO] - Chain [1] done processing
2025-10-04 16:50:42,639 - [WARNING] - High MAPE (94.4%) for product 25891603 — forecast may be unreliable
2025-10-04 16:50:42,788 - [INFO] - HTTP Request: POST https://ytuiqgrpbwdxrmbzssrb.supabase.co/rest/v1/policy_recommendations "HTTP/2 400 Bad Request"
2025-10-04 16:50:42,789 - [ERROR] - Forecasting failed for product 25891603: {'message': "Could not find the 'forecast_accuracy' column of 'policy_recommendations' in the schema cache", 'code': 'PGRST204', 'hint': None, 'details': None}
2025-10-04 16:50:42,790 - [INFO] - Forecasting complete (0 products)
2025-10-04 16:50:42,790 - [INFO] - Forecasting complete (0 products)
2025-10-04 16:50:42,791 - [INFO] - Generating policy recommendations
2025-10-04 16:50:42,791 - [INFO] - Pipeline completed successfully
2025-10-04 16:53:50,392 - [INFO] - Settings loaded (env=default)
2025-10-04 16:57:14,005 - [INFO] - Settings loaded (env=default)
2025-10-04 16:57:14,427 - [INFO] - Starting analytics pipeline
2025-10-04 16:57:14,428 - [INFO] - Settings loaded (env=default)
2025-10-04 16:57:14,789 - [INFO] - Running Customer KPI Risk Predictions
2025-10-04 16:57:14,789 - [INFO] - Running Customer KPI Risk Pipeline...
2025-10-04 16:57:14,789 - [INFO] - Fetching KPI data from Supabase...
2025-10-04 16:57:16,034 - [INFO] - HTTP Request: GET https://ytuiqgrpbwdxrmbzssrb.supabase.co/rest/v1/fact_aggregate?select=%2A "HTTP/2 200 OK"
2025-10-04 16:57:16,233 - [INFO] - HTTP Request: GET https://ytuiqgrpbwdxrmbzssrb.supabase.co/rest/v1/dim_targets_order?select=%2A "HTTP/2 200 OK"
2025-10-04 16:57:16,239 - [INFO] - Fetched 1000 KPI rows
2025-10-04 16:57:16,239 - [INFO] - Preparing dataset for model...
2025-10-04 16:57:16,243 - [WARNING] - Target column 'target_cost' not found, using default 0.7.
2025-10-04 16:57:16,244 - [WARNING] - Target column 'target_quality' not found, using default 0.7.
2025-10-04 16:57:16,246 - [INFO] - Prepared dataset with 1000 rows and features: ['otif_pct', 'target_otif', 'target_cost', 'target_quality']
2025-10-04 16:57:16,247 - [INFO] - Training LightGBM model...
2025-10-04 16:57:16,248 - [WARNING] - Only one class in dataset -> fallback to dummy predictions.
2025-10-04 16:57:16,249 - [INFO] - Storing predictions in Supabase...
2025-10-04 16:57:16,724 - [INFO] - HTTP Request: POST https://ytuiqgrpbwdxrmbzssrb.supabase.co/rest/v1/kpi_risk_predictions?columns=%22prediction_date%22%2C%22customer_id%22%2C%22risk_label%22%2C%22risk_score%22 "HTTP/2 201 Created"
2025-10-04 16:57:16,728 - [INFO] - Inserted 1000 predictions into Supabase.
2025-10-04 16:57:16,729 - [INFO] - Customer risk pipeline completed successfully
2025-10-04 16:57:16,729 - [INFO] - Running KPI analysis
2025-10-04 16:57:17,311 - [INFO] - HTTP Request: GET https://ytuiqgrpbwdxrmbzssrb.supabase.co/rest/v1/kpi_summary?select=%2A "HTTP/2 200 OK"
2025-10-04 16:57:17,313 - [INFO] - Fetched 35 KPI summary rows
2025-10-04 16:57:17,313 - [INFO] - KPI analysis complete (35 records)
2025-10-04 16:57:17,314 - [INFO] - Running demand forecasting
2025-10-04 16:57:17,314 - [INFO] - Running demand forecasting
2025-10-04 16:57:17,463 - [INFO] - HTTP Request: GET https://ytuiqgrpbwdxrmbzssrb.supabase.co/rest/v1/fact_order_line?select=order_placement_date%2Cproduct_id%2Corder_qty "HTTP/2 200 OK"
2025-10-04 16:57:17,498 - [DEBUG] - cmd: where.exe tbb.dll
cwd: None
2025-10-04 16:57:17,590 - [DEBUG] - Adding TBB (C:\Users\peral\AppData\Local\Programs\Python\Python313\Lib\site-packages\prophet\stan_model\cmdstan-2.33.1\stan\lib\stan_math\lib\tbb) to PATH
2025-10-04 16:57:17,607 - [DEBUG] - input tempfile: C:\Users\peral\AppData\Local\Temp\tmprutf0hb1\2flm5zso.json
2025-10-04 16:57:17,616 - [DEBUG] - input tempfile: C:\Users\peral\AppData\Local\Temp\tmprutf0hb1\a3i1k2lq.json
2025-10-04 16:57:17,619 - [DEBUG] - idx 0
2025-10-04 16:57:17,619 - [DEBUG] - running CmdStan, num_threads: None
2025-10-04 16:57:17,620 - [DEBUG] - CmdStan args: ['C:\\Users\\peral\\AppData\\Local\\Programs\\Python\\Python313\\Lib\\site-packages\\prophet\\stan_model\\prophet_model.bin', 'random', 'seed=75954', 'data', 'file=C:\\Users\\peral\\AppData\\Local\\Temp\\tmprutf0hb1\\2flm5zso.json', 'init=C:\\Users\\peral\\AppData\\Local\\Temp\\tmprutf0hb1\\a3i1k2lq.json', 'output', 'file=C:\\Users\\peral\\AppData\\Local\\Temp\\tmprutf0hb1\\prophet_model2mthk24y\\prophet_model-20251004165717.csv', 'method=optimize', 'algorithm=lbfgs', 'iter=10000']
2025-10-04 16:57:17,620 - [INFO] - Chain [1] start processing
2025-10-04 16:57:17,667 - [INFO] - Chain [1] done processing
2025-10-04 16:57:17,719 - [WARNING] - High MAPE (100.0%) for product 25891101 — forecast may be unreliable
2025-10-04 16:57:17,865 - [INFO] - HTTP Request: POST https://ytuiqgrpbwdxrmbzssrb.supabase.co/rest/v1/policy_recommendations "HTTP/2 400 Bad Request"
2025-10-04 16:57:17,867 - [ERROR] - Forecasting failed for product 25891101: {'message': "Could not find the 'forecast_accuracy' column of 'policy_recommendations' in the schema cache", 'code': 'PGRST204', 'hint': None, 'details': None}
2025-10-04 16:57:17,870 - [DEBUG] - cmd: where.exe tbb.dll
cwd: None
2025-10-04 16:57:17,960 - [DEBUG] - TBB already found in load path
2025-10-04 16:57:17,974 - [DEBUG] - input tempfile: C:\Users\peral\AppData\Local\Temp\tmprutf0hb1\wqi_ahn7.json
2025-10-04 16:57:17,982 - [DEBUG] - input tempfile: C:\Users\peral\AppData\Local\Temp\tmprutf0hb1\qhj_u_99.json
2025-10-04 16:57:17,984 - [DEBUG] - idx 0
2025-10-04 16:57:17,985 - [DEBUG] - running CmdStan, num_threads: None
2025-10-04 16:57:17,985 - [DEBUG] - CmdStan args: ['C:\\Users\\peral\\AppData\\Local\\Programs\\Python\\Python313\\Lib\\site-packages\\prophet\\stan_model\\prophet_model.bin', 'random', 'seed=89975', 'data', 'file=C:\\Users\\peral\\AppData\\Local\\Temp\\tmprutf0hb1\\wqi_ahn7.json', 'init=C:\\Users\\peral\\AppData\\Local\\Temp\\tmprutf0hb1\\qhj_u_99.json', 'output', 'file=C:\\Users\\peral\\AppData\\Local\\Temp\\tmprutf0hb1\\prophet_modelrupwed32\\prophet_model-20251004165717.csv', 'method=optimize', 'algorithm=lbfgs', 'iter=10000']
2025-10-04 16:57:17,985 - [INFO] - Chain [1] start processing
2025-10-04 16:57:18,030 - [INFO] - Chain [1] done processing
2025-10-04 16:57:18,081 - [WARNING] - High MAPE (62.3%) for product 25891102 — forecast may be unreliable
2025-10-04 16:57:18,278 - [INFO] - HTTP Request: POST https://ytuiqgrpbwdxrmbzssrb.supabase.co/rest/v1/policy_recommendations "HTTP/2 400 Bad Request"
2025-10-04 16:57:18,279 - [ERROR] - Forecasting failed for product 25891102: {'message': "Could not find the 'forecast_accuracy' column of 'policy_recommendations' in the schema cache", 'code': 'PGRST204', 'hint': None, 'details': None}
2025-10-04 16:57:18,283 - [DEBUG] - cmd: where.exe tbb.dll
cwd: None
2025-10-04 16:57:18,374 - [DEBUG] - TBB already found in load path
2025-10-04 16:57:18,385 - [DEBUG] - input tempfile: C:\Users\peral\AppData\Local\Temp\tmprutf0hb1\7riwe4a_.json
2025-10-04 16:57:18,394 - [DEBUG] - input tempfile: C:\Users\peral\AppData\Local\Temp\tmprutf0hb1\47j8qyjj.json
2025-10-04 16:57:18,396 - [DEBUG] - idx 0
2025-10-04 16:57:18,396 - [DEBUG] - running CmdStan, num_threads: None
2025-10-04 16:57:18,396 - [DEBUG] - CmdStan args: ['C:\\Users\\peral\\AppData\\Local\\Programs\\Python\\Python313\\Lib\\site-packages\\prophet\\stan_model\\prophet_model.bin', 'random', 'seed=64695', 'data', 'file=C:\\Users\\peral\\AppData\\Local\\Temp\\tmprutf0hb1\\7riwe4a_.json', 'init=C:\\Users\\peral\\AppData\\Local\\Temp\\tmprutf0hb1\\47j8qyjj.json', 'output', 'file=C:\\Users\\peral\\AppData\\Local\\Temp\\tmprutf0hb1\\prophet_model5y_4rbir\\prophet_model-20251004165718.csv', 'method=optimize', 'algorithm=lbfgs', 'iter=10000']
2025-10-04 16:57:18,397 - [INFO] - Chain [1] start processing
2025-10-04 16:57:18,439 - [INFO] - Chain [1] done processing
2025-10-04 16:57:18,488 - [WARNING] - High MAPE (100.0%) for product 25891103 — forecast may be unreliable
2025-10-04 16:57:18,623 - [INFO] - HTTP Request: POST https://ytuiqgrpbwdxrmbzssrb.supabase.co/rest/v1/policy_recommendations "HTTP/2 400 Bad Request"
2025-10-04 16:57:18,624 - [ERROR] - Forecasting failed for product 25891103: {'message': "Could not find the 'forecast_accuracy' column of 'policy_recommendations' in the schema cache", 'code': 'PGRST204', 'hint': None, 'details': None}
2025-10-04 16:57:18,628 - [DEBUG] - cmd: where.exe tbb.dll
cwd: None
2025-10-04 16:57:18,722 - [DEBUG] - TBB already found in load path
2025-10-04 16:57:18,734 - [DEBUG] - input tempfile: C:\Users\peral\AppData\Local\Temp\tmprutf0hb1\3ya4f99e.json
2025-10-04 16:57:18,743 - [DEBUG] - input tempfile: C:\Users\peral\AppData\Local\Temp\tmprutf0hb1\9o_cnu8o.json
2025-10-04 16:57:18,745 - [DEBUG] - idx 0
2025-10-04 16:57:18,745 - [DEBUG] - running CmdStan, num_threads: None
2025-10-04 16:57:18,745 - [DEBUG] - CmdStan args: ['C:\\Users\\peral\\AppData\\Local\\Programs\\Python\\Python313\\Lib\\site-packages\\prophet\\stan_model\\prophet_model.bin', 'random', 'seed=57662', 'data', 'file=C:\\Users\\peral\\AppData\\Local\\Temp\\tmprutf0hb1\\3ya4f99e.json', 'init=C:\\Users\\peral\\AppData\\Local\\Temp\\tmprutf0hb1\\9o_cnu8o.json', 'output', 'file=C:\\Users\\peral\\AppData\\Local\\Temp\\tmprutf0hb1\\prophet_model3opiyhgc\\prophet_model-20251004165718.csv', 'method=optimize', 'algorithm=lbfgs', 'iter=10000']
2025-10-04 16:57:18,746 - [INFO] - Chain [1] start processing
2025-10-04 16:57:18,792 - [INFO] - Chain [1] done processing
2025-10-04 16:57:18,844 - [WARNING] - High MAPE (100.0%) for product 25891201 — forecast may be unreliable
2025-10-04 16:57:18,955 - [INFO] - HTTP Request: POST https://ytuiqgrpbwdxrmbzssrb.supabase.co/rest/v1/policy_recommendations "HTTP/2 400 Bad Request"
2025-10-04 16:57:18,956 - [ERROR] - Forecasting failed for product 25891201: {'message': "Could not find the 'forecast_accuracy' column of 'policy_recommendations' in the schema cache", 'code': 'PGRST204', 'hint': None, 'details': None}
2025-10-04 16:57:18,960 - [DEBUG] - cmd: where.exe tbb.dll
cwd: None
2025-10-04 16:57:19,053 - [DEBUG] - TBB already found in load path
2025-10-04 16:57:19,067 - [DEBUG] - input tempfile: C:\Users\peral\AppData\Local\Temp\tmprutf0hb1\6vjmn4y9.json
2025-10-04 16:57:19,075 - [DEBUG] - input tempfile: C:\Users\peral\AppData\Local\Temp\tmprutf0hb1\3i7caye0.json
2025-10-04 16:57:19,078 - [DEBUG] - idx 0
2025-10-04 16:57:19,078 - [DEBUG] - running CmdStan, num_threads: None
2025-10-04 16:57:19,079 - [DEBUG] - CmdStan args: ['C:\\Users\\peral\\AppData\\Local\\Programs\\Python\\Python313\\Lib\\site-packages\\prophet\\stan_model\\prophet_model.bin', 'random', 'seed=83754', 'data', 'file=C:\\Users\\peral\\AppData\\Local\\Temp\\tmprutf0hb1\\6vjmn4y9.json', 'init=C:\\Users\\peral\\AppData\\Local\\Temp\\tmprutf0hb1\\3i7caye0.json', 'output', 'file=C:\\Users\\peral\\AppData\\Local\\Temp\\tmprutf0hb1\\prophet_modelhnzbk8__\\prophet_model-20251004165719.csv', 'method=optimize', 'algorithm=lbfgs', 'iter=10000']
2025-10-04 16:57:19,079 - [INFO] - Chain [1] start processing
2025-10-04 16:57:19,123 - [INFO] - Chain [1] done processing
2025-10-04 16:57:19,304 - [INFO] - HTTP Request: POST https://ytuiqgrpbwdxrmbzssrb.supabase.co/rest/v1/policy_recommendations "HTTP/2 400 Bad Request"
2025-10-04 16:57:19,305 - [ERROR] - Forecasting failed for product 25891202: {'message': "Could not find the 'forecast_accuracy' column of 'policy_recommendations' in the schema cache", 'code': 'PGRST204', 'hint': None, 'details': None}
2025-10-04 16:57:19,309 - [DEBUG] - cmd: where.exe tbb.dll
cwd: None
2025-10-04 16:57:19,398 - [DEBUG] - TBB already found in load path
2025-10-04 16:57:19,411 - [DEBUG] - input tempfile: C:\Users\peral\AppData\Local\Temp\tmprutf0hb1\4aj38c8a.json
2025-10-04 16:57:19,419 - [DEBUG] - input tempfile: C:\Users\peral\AppData\Local\Temp\tmprutf0hb1\pmm7q6y2.json
2025-10-04 16:57:19,421 - [DEBUG] - idx 0
2025-10-04 16:57:19,421 - [DEBUG] - running CmdStan, num_threads: None
2025-10-04 16:57:19,422 - [DEBUG] - CmdStan args: ['C:\\Users\\peral\\AppData\\Local\\Programs\\Python\\Python313\\Lib\\site-packages\\prophet\\stan_model\\prophet_model.bin', 'random', 'seed=64932', 'data', 'file=C:\\Users\\peral\\AppData\\Local\\Temp\\tmprutf0hb1\\4aj38c8a.json', 'init=C:\\Users\\peral\\AppData\\Local\\Temp\\tmprutf0hb1\\pmm7q6y2.json', 'output', 'file=C:\\Users\\peral\\AppData\\Local\\Temp\\tmprutf0hb1\\prophet_model6bxb2szg\\prophet_model-20251004165719.csv', 'method=optimize', 'algorithm=lbfgs', 'iter=10000']
2025-10-04 16:57:19,422 - [INFO] - Chain [1] start processing
2025-10-04 16:57:19,464 - [INFO] - Chain [1] done processing
2025-10-04 16:57:19,638 - [INFO] - HTTP Request: POST https://ytuiqgrpbwdxrmbzssrb.supabase.co/rest/v1/policy_recommendations "HTTP/2 400 Bad Request"
2025-10-04 16:57:19,639 - [ERROR] - Forecasting failed for product 25891203: {'message': "Could not find the 'forecast_accuracy' column of 'policy_recommendations' in the schema cache", 'code': 'PGRST204', 'hint': None, 'details': None}
2025-10-04 16:57:19,642 - [DEBUG] - cmd: where.exe tbb.dll
cwd: None
2025-10-04 16:57:19,730 - [DEBUG] - TBB already found in load path
2025-10-04 16:57:19,744 - [DEBUG] - input tempfile: C:\Users\peral\AppData\Local\Temp\tmprutf0hb1\u2p0u4br.json
2025-10-04 16:57:19,753 - [DEBUG] - input tempfile: C:\Users\peral\AppData\Local\Temp\tmprutf0hb1\7jgz5yim.json
2025-10-04 16:57:19,756 - [DEBUG] - idx 0
2025-10-04 16:57:19,756 - [DEBUG] - running CmdStan, num_threads: None
2025-10-04 16:57:19,757 - [DEBUG] - CmdStan args: ['C:\\Users\\peral\\AppData\\Local\\Programs\\Python\\Python313\\Lib\\site-packages\\prophet\\stan_model\\prophet_model.bin', 'random', 'seed=46650', 'data', 'file=C:\\Users\\peral\\AppData\\Local\\Temp\\tmprutf0hb1\\u2p0u4br.json', 'init=C:\\Users\\peral\\AppData\\Local\\Temp\\tmprutf0hb1\\7jgz5yim.json', 'output', 'file=C:\\Users\\peral\\AppData\\Local\\Temp\\tmprutf0hb1\\prophet_model0v__5v4r\\prophet_model-20251004165719.csv', 'method=optimize', 'algorithm=lbfgs', 'iter=10000']
2025-10-04 16:57:19,757 - [INFO] - Chain [1] start processing
2025-10-04 16:57:19,804 - [INFO] - Chain [1] done processing
2025-10-04 16:57:19,860 - [WARNING] - High MAPE (51.6%) for product 25891301 — forecast may be unreliable
2025-10-04 16:57:20,028 - [INFO] - HTTP Request: POST https://ytuiqgrpbwdxrmbzssrb.supabase.co/rest/v1/policy_recommendations "HTTP/2 400 Bad Request"
2025-10-04 16:57:20,029 - [ERROR] - Forecasting failed for product 25891301: {'message': "Could not find the 'forecast_accuracy' column of 'policy_recommendations' in the schema cache", 'code': 'PGRST204', 'hint': None, 'details': None}
2025-10-04 16:57:20,033 - [DEBUG] - cmd: where.exe tbb.dll
cwd: None
2025-10-04 16:57:20,128 - [DEBUG] - TBB already found in load path
2025-10-04 16:57:20,141 - [DEBUG] - input tempfile: C:\Users\peral\AppData\Local\Temp\tmprutf0hb1\0lw_20ll.json
2025-10-04 16:57:20,151 - [DEBUG] - input tempfile: C:\Users\peral\AppData\Local\Temp\tmprutf0hb1\n7shkgmx.json
2025-10-04 16:57:20,153 - [DEBUG] - idx 0
2025-10-04 16:57:20,154 - [DEBUG] - running CmdStan, num_threads: None
2025-10-04 16:57:20,154 - [DEBUG] - CmdStan args: ['C:\\Users\\peral\\AppData\\Local\\Programs\\Python\\Python313\\Lib\\site-packages\\prophet\\stan_model\\prophet_model.bin', 'random', 'seed=48409', 'data', 'file=C:\\Users\\peral\\AppData\\Local\\Temp\\tmprutf0hb1\\0lw_20ll.json', 'init=C:\\Users\\peral\\AppData\\Local\\Temp\\tmprutf0hb1\\n7shkgmx.json', 'output', 'file=C:\\Users\\peral\\AppData\\Local\\Temp\\tmprutf0hb1\\prophet_modelj4_yc2_z\\prophet_model-20251004165720.csv', 'method=optimize', 'algorithm=lbfgs', 'iter=10000']
2025-10-04 16:57:20,154 - [INFO] - Chain [1] start processing
2025-10-04 16:57:20,199 - [INFO] - Chain [1] done processing
2025-10-04 16:57:20,252 - [WARNING] - High MAPE (90.0%) for product 25891302 — forecast may be unreliable
2025-10-04 16:57:20,478 - [INFO] - HTTP Request: POST https://ytuiqgrpbwdxrmbzssrb.supabase.co/rest/v1/policy_recommendations "HTTP/2 400 Bad Request"
2025-10-04 16:57:20,479 - [ERROR] - Forecasting failed for product 25891302: {'message': "Could not find the 'forecast_accuracy' column of 'policy_recommendations' in the schema cache", 'code': 'PGRST204', 'hint': None, 'details': None}
2025-10-04 16:57:20,484 - [DEBUG] - cmd: where.exe tbb.dll
cwd: None
2025-10-04 16:57:20,575 - [DEBUG] - TBB already found in load path
2025-10-04 16:57:20,587 - [DEBUG] - input tempfile: C:\Users\peral\AppData\Local\Temp\tmprutf0hb1\m4y2qsfh.json
2025-10-04 16:57:20,596 - [DEBUG] - input tempfile: C:\Users\peral\AppData\Local\Temp\tmprutf0hb1\su187biz.json
2025-10-04 16:57:20,598 - [DEBUG] - idx 0
2025-10-04 16:57:20,599 - [DEBUG] - running CmdStan, num_threads: None
2025-10-04 16:57:20,599 - [DEBUG] - CmdStan args: ['C:\\Users\\peral\\AppData\\Local\\Programs\\Python\\Python313\\Lib\\site-packages\\prophet\\stan_model\\prophet_model.bin', 'random', 'seed=39100', 'data', 'file=C:\\Users\\peral\\AppData\\Local\\Temp\\tmprutf0hb1\\m4y2qsfh.json', 'init=C:\\Users\\peral\\AppData\\Local\\Temp\\tmprutf0hb1\\su187biz.json', 'output', 'file=C:\\Users\\peral\\AppData\\Local\\Temp\\tmprutf0hb1\\prophet_model9tog4v33\\prophet_model-20251004165720.csv', 'method=optimize', 'algorithm=lbfgs', 'iter=10000']
2025-10-04 16:57:20,599 - [INFO] - Chain [1] start processing
2025-10-04 16:57:20,644 - [INFO] - Chain [1] done processing
2025-10-04 16:57:20,699 - [WARNING] - High MAPE (100.0%) for product 25891303 — forecast may be unreliable
2025-10-04 16:57:20,856 - [INFO] - HTTP Request: POST https://ytuiqgrpbwdxrmbzssrb.supabase.co/rest/v1/policy_recommendations "HTTP/2 400 Bad Request"
2025-10-04 16:57:20,857 - [ERROR] - Forecasting failed for product 25891303: {'message': "Could not find the 'forecast_accuracy' column of 'policy_recommendations' in the schema cache", 'code': 'PGRST204', 'hint': None, 'details': None}
2025-10-04 16:57:20,861 - [DEBUG] - cmd: where.exe tbb.dll
cwd: None
2025-10-04 16:57:20,949 - [DEBUG] - TBB already found in load path
2025-10-04 16:57:20,964 - [DEBUG] - input tempfile: C:\Users\peral\AppData\Local\Temp\tmprutf0hb1\9j4sag_u.json
2025-10-04 16:57:20,972 - [DEBUG] - input tempfile: C:\Users\peral\AppData\Local\Temp\tmprutf0hb1\cdj9c7lw.json
2025-10-04 16:57:20,974 - [DEBUG] - idx 0
2025-10-04 16:57:20,975 - [DEBUG] - running CmdStan, num_threads: None
2025-10-04 16:57:20,975 - [DEBUG] - CmdStan args: ['C:\\Users\\peral\\AppData\\Local\\Programs\\Python\\Python313\\Lib\\site-packages\\prophet\\stan_model\\prophet_model.bin', 'random', 'seed=66755', 'data', 'file=C:\\Users\\peral\\AppData\\Local\\Temp\\tmprutf0hb1\\9j4sag_u.json', 'init=C:\\Users\\peral\\AppData\\Local\\Temp\\tmprutf0hb1\\cdj9c7lw.json', 'output', 'file=C:\\Users\\peral\\AppData\\Local\\Temp\\tmprutf0hb1\\prophet_model9pzje3hj\\prophet_model-20251004165720.csv', 'method=optimize', 'algorithm=lbfgs', 'iter=10000']
2025-10-04 16:57:20,976 - [INFO] - Chain [1] start processing
2025-10-04 16:57:21,020 - [INFO] - Chain [1] done processing
2025-10-04 16:57:21,079 - [WARNING] - High MAPE (298.5%) for product 25891401 — forecast may be unreliable
2025-10-04 16:57:21,288 - [INFO] - HTTP Request: POST https://ytuiqgrpbwdxrmbzssrb.supabase.co/rest/v1/policy_recommendations "HTTP/2 400 Bad Request"
2025-10-04 16:57:21,289 - [ERROR] - Forecasting failed for product 25891401: {'message': "Could not find the 'forecast_accuracy' column of 'policy_recommendations' in the schema cache", 'code': 'PGRST204', 'hint': None, 'details': None}
2025-10-04 16:57:21,295 - [DEBUG] - cmd: where.exe tbb.dll
cwd: None
2025-10-04 16:57:21,386 - [DEBUG] - TBB already found in load path
2025-10-04 16:57:21,400 - [DEBUG] - input tempfile: C:\Users\peral\AppData\Local\Temp\tmprutf0hb1\1h026nau.json
2025-10-04 16:57:21,410 - [DEBUG] - input tempfile: C:\Users\peral\AppData\Local\Temp\tmprutf0hb1\t97y5ekj.json
2025-10-04 16:57:21,412 - [DEBUG] - idx 0
2025-10-04 16:57:21,412 - [DEBUG] - running CmdStan, num_threads: None
2025-10-04 16:57:21,413 - [DEBUG] - CmdStan args: ['C:\\Users\\peral\\AppData\\Local\\Programs\\Python\\Python313\\Lib\\site-packages\\prophet\\stan_model\\prophet_model.bin', 'random', 'seed=96423', 'data', 'file=C:\\Users\\peral\\AppData\\Local\\Temp\\tmprutf0hb1\\1h026nau.json', 'init=C:\\Users\\peral\\AppData\\Local\\Temp\\tmprutf0hb1\\t97y5ekj.json', 'output', 'file=C:\\Users\\peral\\AppData\\Local\\Temp\\tmprutf0hb1\\prophet_model_rw3b007\\prophet_model-20251004165721.csv', 'method=optimize', 'algorithm=lbfgs', 'iter=10000']
2025-10-04 16:57:21,413 - [INFO] - Chain [1] start processing
2025-10-04 16:57:21,461 - [INFO] - Chain [1] done processing
2025-10-04 16:57:21,652 - [INFO] - HTTP Request: POST https://ytuiqgrpbwdxrmbzssrb.supabase.co/rest/v1/policy_recommendations "HTTP/2 400 Bad Request"
2025-10-04 16:57:21,653 - [ERROR] - Forecasting failed for product 25891402: {'message': "Could not find the 'forecast_accuracy' column of 'policy_recommendations' in the schema cache", 'code': 'PGRST204', 'hint': None, 'details': None}
2025-10-04 16:57:21,658 - [DEBUG] - cmd: where.exe tbb.dll
cwd: None
2025-10-04 16:57:21,747 - [DEBUG] - TBB already found in load path
2025-10-04 16:57:21,761 - [DEBUG] - input tempfile: C:\Users\peral\AppData\Local\Temp\tmprutf0hb1\gm6bgrnl.json
2025-10-04 16:57:21,768 - [DEBUG] - input tempfile: C:\Users\peral\AppData\Local\Temp\tmprutf0hb1\rd24kbqz.json
2025-10-04 16:57:21,770 - [DEBUG] - idx 0
2025-10-04 16:57:21,771 - [DEBUG] - running CmdStan, num_threads: None
2025-10-04 16:57:21,771 - [DEBUG] - CmdStan args: ['C:\\Users\\peral\\AppData\\Local\\Programs\\Python\\Python313\\Lib\\site-packages\\prophet\\stan_model\\prophet_model.bin', 'random', 'seed=97718', 'data', 'file=C:\\Users\\peral\\AppData\\Local\\Temp\\tmprutf0hb1\\gm6bgrnl.json', 'init=C:\\Users\\peral\\AppData\\Local\\Temp\\tmprutf0hb1\\rd24kbqz.json', 'output', 'file=C:\\Users\\peral\\AppData\\Local\\Temp\\tmprutf0hb1\\prophet_model6xeghv4q\\prophet_model-20251004165721.csv', 'method=optimize', 'algorithm=lbfgs', 'iter=10000']
2025-10-04 16:57:21,771 - [INFO] - Chain [1] start processing
2025-10-04 16:57:21,816 - [INFO] - Chain [1] done processing
2025-10-04 16:57:21,869 - [WARNING] - High MAPE (100.0%) for product 25891403 — forecast may be unreliable
2025-10-04 16:57:22,001 - [INFO] - HTTP Request: POST https://ytuiqgrpbwdxrmbzssrb.supabase.co/rest/v1/policy_recommendations "HTTP/2 400 Bad Request"
2025-10-04 16:57:22,002 - [ERROR] - Forecasting failed for product 25891403: {'message': "Could not find the 'forecast_accuracy' column of 'policy_recommendations' in the schema cache", 'code': 'PGRST204', 'hint': None, 'details': None}
2025-10-04 16:57:22,006 - [DEBUG] - cmd: where.exe tbb.dll
cwd: None
2025-10-04 16:57:22,099 - [DEBUG] - TBB already found in load path
2025-10-04 16:57:22,112 - [DEBUG] - input tempfile: C:\Users\peral\AppData\Local\Temp\tmprutf0hb1\kx_w0t91.json
2025-10-04 16:57:22,122 - [DEBUG] - input tempfile: C:\Users\peral\AppData\Local\Temp\tmprutf0hb1\ls7s1aiu.json
2025-10-04 16:57:22,124 - [DEBUG] - idx 0
2025-10-04 16:57:22,124 - [DEBUG] - running CmdStan, num_threads: None
2025-10-04 16:57:22,125 - [DEBUG] - CmdStan args: ['C:\\Users\\peral\\AppData\\Local\\Programs\\Python\\Python313\\Lib\\site-packages\\prophet\\stan_model\\prophet_model.bin', 'random', 'seed=76086', 'data', 'file=C:\\Users\\peral\\AppData\\Local\\Temp\\tmprutf0hb1\\kx_w0t91.json', 'init=C:\\Users\\peral\\AppData\\Local\\Temp\\tmprutf0hb1\\ls7s1aiu.json', 'output', 'file=C:\\Users\\peral\\AppData\\Local\\Temp\\tmprutf0hb1\\prophet_model1lr1wgbz\\prophet_model-20251004165722.csv', 'method=optimize', 'algorithm=lbfgs', 'iter=10000']
2025-10-04 16:57:22,125 - [INFO] - Chain [1] start processing
2025-10-04 16:57:22,169 - [INFO] - Chain [1] done processing
2025-10-04 16:57:22,227 - [WARNING] - High MAPE (189.5%) for product 25891501 — forecast may be unreliable
2025-10-04 16:57:22,346 - [INFO] - HTTP Request: POST https://ytuiqgrpbwdxrmbzssrb.supabase.co/rest/v1/policy_recommendations "HTTP/2 400 Bad Request"
2025-10-04 16:57:22,348 - [ERROR] - Forecasting failed for product 25891501: {'message': "Could not find the 'forecast_accuracy' column of 'policy_recommendations' in the schema cache", 'code': 'PGRST204', 'hint': None, 'details': None}
2025-10-04 16:57:22,351 - [DEBUG] - cmd: where.exe tbb.dll
cwd: None
2025-10-04 16:57:22,446 - [DEBUG] - TBB already found in load path
2025-10-04 16:57:22,460 - [DEBUG] - input tempfile: C:\Users\peral\AppData\Local\Temp\tmprutf0hb1\e9r2d2n3.json
2025-10-04 16:57:22,469 - [DEBUG] - input tempfile: C:\Users\peral\AppData\Local\Temp\tmprutf0hb1\wegz2j14.json
2025-10-04 16:57:22,470 - [DEBUG] - idx 0
2025-10-04 16:57:22,471 - [DEBUG] - running CmdStan, num_threads: None
2025-10-04 16:57:22,471 - [DEBUG] - CmdStan args: ['C:\\Users\\peral\\AppData\\Local\\Programs\\Python\\Python313\\Lib\\site-packages\\prophet\\stan_model\\prophet_model.bin', 'random', 'seed=89195', 'data', 'file=C:\\Users\\peral\\AppData\\Local\\Temp\\tmprutf0hb1\\e9r2d2n3.json', 'init=C:\\Users\\peral\\AppData\\Local\\Temp\\tmprutf0hb1\\wegz2j14.json', 'output', 'file=C:\\Users\\peral\\AppData\\Local\\Temp\\tmprutf0hb1\\prophet_model8p7t_apx\\prophet_model-20251004165722.csv', 'method=optimize', 'algorithm=lbfgs', 'iter=10000']
2025-10-04 16:57:22,471 - [INFO] - Chain [1] start processing
2025-10-04 16:57:22,516 - [INFO] - Chain [1] done processing
2025-10-04 16:57:22,568 - [WARNING] - High MAPE (100.0%) for product 25891502 — forecast may be unreliable
2025-10-04 16:57:22,774 - [INFO] - HTTP Request: POST https://ytuiqgrpbwdxrmbzssrb.supabase.co/rest/v1/policy_recommendations "HTTP/2 400 Bad Request"
2025-10-04 16:57:22,775 - [ERROR] - Forecasting failed for product 25891502: {'message': "Could not find the 'forecast_accuracy' column of 'policy_recommendations' in the schema cache", 'code': 'PGRST204', 'hint': None, 'details': None}
2025-10-04 16:57:22,778 - [DEBUG] - cmd: where.exe tbb.dll
cwd: None
2025-10-04 16:57:22,870 - [DEBUG] - TBB already found in load path
2025-10-04 16:57:22,882 - [DEBUG] - input tempfile: C:\Users\peral\AppData\Local\Temp\tmprutf0hb1\7r4ioz_h.json
2025-10-04 16:57:22,891 - [DEBUG] - input tempfile: C:\Users\peral\AppData\Local\Temp\tmprutf0hb1\61nfqiwy.json
2025-10-04 16:57:22,893 - [DEBUG] - idx 0
2025-10-04 16:57:22,893 - [DEBUG] - running CmdStan, num_threads: None
2025-10-04 16:57:22,893 - [DEBUG] - CmdStan args: ['C:\\Users\\peral\\AppData\\Local\\Programs\\Python\\Python313\\Lib\\site-packages\\prophet\\stan_model\\prophet_model.bin', 'random', 'seed=50036', 'data', 'file=C:\\Users\\peral\\AppData\\Local\\Temp\\tmprutf0hb1\\7r4ioz_h.json', 'init=C:\\Users\\peral\\AppData\\Local\\Temp\\tmprutf0hb1\\61nfqiwy.json', 'output', 'file=C:\\Users\\peral\\AppData\\Local\\Temp\\tmprutf0hb1\\prophet_modelwl3oc5b5\\prophet_model-20251004165722.csv', 'method=optimize', 'algorithm=lbfgs', 'iter=10000']
2025-10-04 16:57:22,894 - [INFO] - Chain [1] start processing
2025-10-04 16:57:22,940 - [INFO] - Chain [1] done processing
2025-10-04 16:57:23,169 - [INFO] - HTTP Request: POST https://ytuiqgrpbwdxrmbzssrb.supabase.co/rest/v1/policy_recommendations "HTTP/2 400 Bad Request"
2025-10-04 16:57:23,171 - [ERROR] - Forecasting failed for product 25891503: {'message': "Could not find the 'forecast_accuracy' column of 'policy_recommendations' in the schema cache", 'code': 'PGRST204', 'hint': None, 'details': None}
2025-10-04 16:57:23,175 - [DEBUG] - cmd: where.exe tbb.dll
cwd: None
2025-10-04 16:57:23,266 - [DEBUG] - TBB already found in load path
2025-10-04 16:57:23,281 - [DEBUG] - input tempfile: C:\Users\peral\AppData\Local\Temp\tmprutf0hb1\sbg032ku.json
2025-10-04 16:57:23,290 - [DEBUG] - input tempfile: C:\Users\peral\AppData\Local\Temp\tmprutf0hb1\n9fvibkb.json
2025-10-04 16:57:23,292 - [DEBUG] - idx 0
2025-10-04 16:57:23,293 - [DEBUG] - running CmdStan, num_threads: None
2025-10-04 16:57:23,293 - [DEBUG] - CmdStan args: ['C:\\Users\\peral\\AppData\\Local\\Programs\\Python\\Python313\\Lib\\site-packages\\prophet\\stan_model\\prophet_model.bin', 'random', 'seed=64832', 'data', 'file=C:\\Users\\peral\\AppData\\Local\\Temp\\tmprutf0hb1\\sbg032ku.json', 'init=C:\\Users\\peral\\AppData\\Local\\Temp\\tmprutf0hb1\\n9fvibkb.json', 'output', 'file=C:\\Users\\peral\\AppData\\Local\\Temp\\tmprutf0hb1\\prophet_modelp8m_p_jo\\prophet_model-20251004165723.csv', 'method=optimize', 'algorithm=lbfgs', 'iter=10000']
2025-10-04 16:57:23,293 - [INFO] - Chain [1] start processing
2025-10-04 16:57:23,347 - [INFO] - Chain [1] done processing
2025-10-04 16:57:23,537 - [INFO] - HTTP Request: POST https://ytuiqgrpbwdxrmbzssrb.supabase.co/rest/v1/policy_recommendations "HTTP/2 400 Bad Request"
2025-10-04 16:57:23,538 - [ERROR] - Forecasting failed for product 25891601: {'message': "Could not find the 'forecast_accuracy' column of 'policy_recommendations' in the schema cache", 'code': 'PGRST204', 'hint': None, 'details': None}
2025-10-04 16:57:23,542 - [DEBUG] - cmd: where.exe tbb.dll
cwd: None
2025-10-04 16:57:23,648 - [DEBUG] - TBB already found in load path
2025-10-04 16:57:23,662 - [DEBUG] - input tempfile: C:\Users\peral\AppData\Local\Temp\tmprutf0hb1\vdnb7knm.json
2025-10-04 16:57:23,670 - [DEBUG] - input tempfile: C:\Users\peral\AppData\Local\Temp\tmprutf0hb1\2kh5km14.json
2025-10-04 16:57:23,673 - [DEBUG] - idx 0
2025-10-04 16:57:23,673 - [DEBUG] - running CmdStan, num_threads: None
2025-10-04 16:57:23,674 - [DEBUG] - CmdStan args: ['C:\\Users\\peral\\AppData\\Local\\Programs\\Python\\Python313\\Lib\\site-packages\\prophet\\stan_model\\prophet_model.bin', 'random', 'seed=88898', 'data', 'file=C:\\Users\\peral\\AppData\\Local\\Temp\\tmprutf0hb1\\vdnb7knm.json', 'init=C:\\Users\\peral\\AppData\\Local\\Temp\\tmprutf0hb1\\2kh5km14.json', 'output', 'file=C:\\Users\\peral\\AppData\\Local\\Temp\\tmprutf0hb1\\prophet_model2dn2bkf4\\prophet_model-20251004165723.csv', 'method=optimize', 'algorithm=lbfgs', 'iter=10000']
2025-10-04 16:57:23,674 - [INFO] - Chain [1] start processing
2025-10-04 16:57:23,721 - [INFO] - Chain [1] done processing
2025-10-04 16:57:23,778 - [WARNING] - High MAPE (93.0%) for product 25891602 — forecast may be unreliable
2025-10-04 16:57:23,959 - [INFO] - HTTP Request: POST https://ytuiqgrpbwdxrmbzssrb.supabase.co/rest/v1/policy_recommendations "HTTP/2 400 Bad Request"
2025-10-04 16:57:23,960 - [ERROR] - Forecasting failed for product 25891602: {'message': "Could not find the 'forecast_accuracy' column of 'policy_recommendations' in the schema cache", 'code': 'PGRST204', 'hint': None, 'details': None}
2025-10-04 16:57:23,964 - [DEBUG] - cmd: where.exe tbb.dll
cwd: None
2025-10-04 16:57:24,054 - [DEBUG] - TBB already found in load path
2025-10-04 16:57:24,067 - [DEBUG] - input tempfile: C:\Users\peral\AppData\Local\Temp\tmprutf0hb1\jwnurtbp.json
2025-10-04 16:57:24,076 - [DEBUG] - input tempfile: C:\Users\peral\AppData\Local\Temp\tmprutf0hb1\wqubkq41.json
2025-10-04 16:57:24,078 - [DEBUG] - idx 0
2025-10-04 16:57:24,078 - [DEBUG] - running CmdStan, num_threads: None
2025-10-04 16:57:24,078 - [DEBUG] - CmdStan args: ['C:\\Users\\peral\\AppData\\Local\\Programs\\Python\\Python313\\Lib\\site-packages\\prophet\\stan_model\\prophet_model.bin', 'random', 'seed=61781', 'data', 'file=C:\\Users\\peral\\AppData\\Local\\Temp\\tmprutf0hb1\\jwnurtbp.json', 'init=C:\\Users\\peral\\AppData\\Local\\Temp\\tmprutf0hb1\\wqubkq41.json', 'output', 'file=C:\\Users\\peral\\AppData\\Local\\Temp\\tmprutf0hb1\\prophet_modeliddf8uto\\prophet_model-20251004165724.csv', 'method=optimize', 'algorithm=lbfgs', 'iter=10000']
2025-10-04 16:57:24,079 - [INFO] - Chain [1] start processing
2025-10-04 16:57:24,127 - [INFO] - Chain [1] done processing
2025-10-04 16:57:24,182 - [WARNING] - High MAPE (94.4%) for product 25891603 — forecast may be unreliable
2025-10-04 16:57:24,443 - [INFO] - HTTP Request: POST https://ytuiqgrpbwdxrmbzssrb.supabase.co/rest/v1/policy_recommendations "HTTP/2 400 Bad Request"
2025-10-04 16:57:24,445 - [ERROR] - Forecasting failed for product 25891603: {'message': "Could not find the 'forecast_accuracy' column of 'policy_recommendations' in the schema cache", 'code': 'PGRST204', 'hint': None, 'details': None}
2025-10-04 16:57:24,445 - [INFO] - Forecasting complete (0 products)
2025-10-04 16:57:24,446 - [INFO] - Forecasting complete (0 products)
2025-10-04 16:57:24,446 - [INFO] - Generating policy recommendations
2025-10-04 16:57:24,446 - [INFO] - Pipeline completed successfully
2025-10-04 17:08:42,983 - [INFO] - Settings loaded (env=default)
2025-10-04 17:08:46,201 - [INFO] - HTTP Request: GET https://ytuiqgrpbwdxrmbzssrb.supabase.co/rest/v1/fact_aggregate?select=%2A "HTTP/2 200 OK"
2025-10-04 17:08:46,383 - [INFO] - HTTP Request: GET https://ytuiqgrpbwdxrmbzssrb.supabase.co/rest/v1/dim_targets_order?select=%2A "HTTP/2 200 OK"
2025-10-04 17:08:47,792 - [INFO] - HTTP Request: POST https://ytuiqgrpbwdxrmbzssrb.supabase.co/rest/v1/kpi_risk_predictions?columns=%22prediction_date%22%2C%22risk_label%22%2C%22customer_id%22%2C%22risk_score%22 "HTTP/2 201 Created"
2025-10-04 17:09:57,167 - [INFO] - Settings loaded (env=default)
2025-10-04 17:09:59,864 - [INFO] - HTTP Request: GET https://ytuiqgrpbwdxrmbzssrb.supabase.co/rest/v1/fact_aggregate?select=%2A "HTTP/2 200 OK"
2025-10-04 17:10:00,082 - [INFO] - HTTP Request: GET https://ytuiqgrpbwdxrmbzssrb.supabase.co/rest/v1/dim_targets_order?select=%2A "HTTP/2 200 OK"
2025-10-04 17:10:02,130 - [INFO] - HTTP Request: POST https://ytuiqgrpbwdxrmbzssrb.supabase.co/rest/v1/kpi_risk_predictions?columns=%22risk_score%22%2C%22risk_label%22%2C%22customer_id%22%2C%22prediction_date%22 "HTTP/2 201 Created"
2025-10-05 11:33:09,450 - [INFO] - Settings loaded (env=default)
2025-10-05 11:39:13,333 - [INFO] - Starting analytics pipeline
2025-10-05 11:39:13,335 - [INFO] - Settings loaded (env=default)
2025-10-05 11:39:14,196 - [INFO] - Running Customer KPI Risk Predictions
2025-10-05 11:39:16,654 - [INFO] - HTTP Request: GET https://ytuiqgrpbwdxrmbzssrb.supabase.co/rest/v1/fact_aggregate?select=%2A "HTTP/2 200 OK"
2025-10-05 11:39:16,858 - [INFO] - HTTP Request: GET https://ytuiqgrpbwdxrmbzssrb.supabase.co/rest/v1/dim_targets_order?select=%2A "HTTP/2 200 OK"
2025-10-05 11:39:17,676 - [INFO] - HTTP Request: POST https://ytuiqgrpbwdxrmbzssrb.supabase.co/rest/v1/kpi_risk_predictions?columns=%22prediction_date%22%2C%22customer_id%22%2C%22risk_score%22%2C%22risk_label%22 "HTTP/2 201 Created"
2025-10-05 11:39:17,723 - [INFO] - Running KPI analysis
2025-10-05 11:39:19,009 - [INFO] - HTTP Request: GET https://ytuiqgrpbwdxrmbzssrb.supabase.co/rest/v1/kpi_summary?select=%2A "HTTP/2 200 OK"
2025-10-05 11:39:19,014 - [INFO] - Fetched 35 KPI summary rows
2025-10-05 11:39:19,015 - [INFO] - KPI analysis complete (35 records)
2025-10-05 11:39:19,016 - [INFO] - Running demand forecasting
2025-10-05 11:39:19,017 - [INFO] - Running demand forecasting
2025-10-05 11:39:19,200 - [INFO] - HTTP Request: GET https://ytuiqgrpbwdxrmbzssrb.supabase.co/rest/v1/fact_order_line?select=order_placement_date%2Cproduct_id%2Corder_qty "HTTP/2 200 OK"
2025-10-05 11:39:19,355 - [DEBUG] - cmd: where.exe tbb.dll
cwd: None
2025-10-05 11:39:19,568 - [DEBUG] - Adding TBB (c:\Users\peral\AppData\Local\Programs\Python\Python313\Lib\site-packages\prophet\stan_model\cmdstan-2.33.1\stan\lib\stan_math\lib\tbb) to PATH
2025-10-05 11:39:19,625 - [DEBUG] - input tempfile: C:\Users\peral\AppData\Local\Temp\tmpaiwcqelh\7h100g96.json
2025-10-05 11:39:19,645 - [DEBUG] - input tempfile: C:\Users\peral\AppData\Local\Temp\tmpaiwcqelh\tl2ws3al.json
2025-10-05 11:39:19,650 - [DEBUG] - idx 0
2025-10-05 11:39:19,651 - [DEBUG] - running CmdStan, num_threads: None
2025-10-05 11:39:19,651 - [DEBUG] - CmdStan args: ['C:\\Users\\peral\\AppData\\Local\\Programs\\Python\\Python313\\Lib\\site-packages\\prophet\\stan_model\\prophet_model.bin', 'random', 'seed=36433', 'data', 'file=C:\\Users\\peral\\AppData\\Local\\Temp\\tmpaiwcqelh\\7h100g96.json', 'init=C:\\Users\\peral\\AppData\\Local\\Temp\\tmpaiwcqelh\\tl2ws3al.json', 'output', 'file=C:\\Users\\peral\\AppData\\Local\\Temp\\tmpaiwcqelh\\prophet_model74cqa1c_\\prophet_model-20251005113919.csv', 'method=optimize', 'algorithm=lbfgs', 'iter=10000']
2025-10-05 11:39:19,653 - [INFO] - Chain [1] start processing
2025-10-05 11:39:19,764 - [INFO] - Chain [1] done processing
2025-10-05 11:39:19,926 - [WARNING] - High MAPE (100.0%) for product 25891101 — forecast may be unreliable
2025-10-05 11:39:20,132 - [INFO] - HTTP Request: POST https://ytuiqgrpbwdxrmbzssrb.supabase.co/rest/v1/policy_recommendations "HTTP/2 400 Bad Request"
2025-10-05 11:39:20,143 - [ERROR] - Forecasting failed for product 25891101: {'message': "Could not find the 'forecast_accuracy' column of 'policy_recommendations' in the schema cache", 'code': 'PGRST204', 'hint': None, 'details': None}
2025-10-05 11:39:20,155 - [DEBUG] - cmd: where.exe tbb.dll
cwd: None
2025-10-05 11:39:20,357 - [DEBUG] - TBB already found in load path
2025-10-05 11:39:20,396 - [DEBUG] - input tempfile: C:\Users\peral\AppData\Local\Temp\tmpaiwcqelh\hzegx_g1.json
2025-10-05 11:39:20,421 - [DEBUG] - input tempfile: C:\Users\peral\AppData\Local\Temp\tmpaiwcqelh\itpml_xw.json
2025-10-05 11:39:20,424 - [DEBUG] - idx 0
2025-10-05 11:39:20,424 - [DEBUG] - running CmdStan, num_threads: None
2025-10-05 11:39:20,424 - [DEBUG] - CmdStan args: ['C:\\Users\\peral\\AppData\\Local\\Programs\\Python\\Python313\\Lib\\site-packages\\prophet\\stan_model\\prophet_model.bin', 'random', 'seed=99366', 'data', 'file=C:\\Users\\peral\\AppData\\Local\\Temp\\tmpaiwcqelh\\hzegx_g1.json', 'init=C:\\Users\\peral\\AppData\\Local\\Temp\\tmpaiwcqelh\\itpml_xw.json', 'output', 'file=C:\\Users\\peral\\AppData\\Local\\Temp\\tmpaiwcqelh\\prophet_modelh3u3k_1t\\prophet_model-20251005113920.csv', 'method=optimize', 'algorithm=lbfgs', 'iter=10000']
2025-10-05 11:39:20,425 - [INFO] - Chain [1] start processing
2025-10-05 11:39:20,504 - [INFO] - Chain [1] done processing
2025-10-05 11:39:20,617 - [WARNING] - High MAPE (62.3%) for product 25891102 — forecast may be unreliable
2025-10-05 11:39:20,851 - [INFO] - HTTP Request: POST https://ytuiqgrpbwdxrmbzssrb.supabase.co/rest/v1/policy_recommendations "HTTP/2 400 Bad Request"
2025-10-05 11:39:20,852 - [ERROR] - Forecasting failed for product 25891102: {'message': "Could not find the 'forecast_accuracy' column of 'policy_recommendations' in the schema cache", 'code': 'PGRST204', 'hint': None, 'details': None}
2025-10-05 11:39:20,861 - [DEBUG] - cmd: where.exe tbb.dll
cwd: None
2025-10-05 11:39:21,051 - [DEBUG] - TBB already found in load path
2025-10-05 11:39:21,091 - [DEBUG] - input tempfile: C:\Users\peral\AppData\Local\Temp\tmpaiwcqelh\cjx_6emy.json
2025-10-05 11:39:21,120 - [DEBUG] - input tempfile: C:\Users\peral\AppData\Local\Temp\tmpaiwcqelh\uu50gbkv.json
2025-10-05 11:39:21,124 - [DEBUG] - idx 0
2025-10-05 11:39:21,124 - [DEBUG] - running CmdStan, num_threads: None
2025-10-05 11:39:21,125 - [DEBUG] - CmdStan args: ['C:\\Users\\peral\\AppData\\Local\\Programs\\Python\\Python313\\Lib\\site-packages\\prophet\\stan_model\\prophet_model.bin', 'random', 'seed=43500', 'data', 'file=C:\\Users\\peral\\AppData\\Local\\Temp\\tmpaiwcqelh\\cjx_6emy.json', 'init=C:\\Users\\peral\\AppData\\Local\\Temp\\tmpaiwcqelh\\uu50gbkv.json', 'output', 'file=C:\\Users\\peral\\AppData\\Local\\Temp\\tmpaiwcqelh\\prophet_modelfed9cwzm\\prophet_model-20251005113921.csv', 'method=optimize', 'algorithm=lbfgs', 'iter=10000']
2025-10-05 11:39:21,125 - [INFO] - Chain [1] start processing
2025-10-05 11:39:21,218 - [INFO] - Chain [1] done processing
2025-10-05 11:39:21,345 - [WARNING] - High MAPE (100.0%) for product 25891103 — forecast may be unreliable
2025-10-05 11:39:21,567 - [INFO] - HTTP Request: POST https://ytuiqgrpbwdxrmbzssrb.supabase.co/rest/v1/policy_recommendations "HTTP/2 400 Bad Request"
2025-10-05 11:39:21,568 - [ERROR] - Forecasting failed for product 25891103: {'message': "Could not find the 'forecast_accuracy' column of 'policy_recommendations' in the schema cache", 'code': 'PGRST204', 'hint': None, 'details': None}
2025-10-05 11:39:21,579 - [DEBUG] - cmd: where.exe tbb.dll
cwd: None
2025-10-05 11:39:21,776 - [DEBUG] - TBB already found in load path
2025-10-05 11:39:21,808 - [DEBUG] - input tempfile: C:\Users\peral\AppData\Local\Temp\tmpaiwcqelh\y5sj2jhq.json
2025-10-05 11:39:21,827 - [DEBUG] - input tempfile: C:\Users\peral\AppData\Local\Temp\tmpaiwcqelh\hyhgsgcx.json
2025-10-05 11:39:21,831 - [DEBUG] - idx 0
2025-10-05 11:39:21,832 - [DEBUG] - running CmdStan, num_threads: None
2025-10-05 11:39:21,832 - [DEBUG] - CmdStan args: ['C:\\Users\\peral\\AppData\\Local\\Programs\\Python\\Python313\\Lib\\site-packages\\prophet\\stan_model\\prophet_model.bin', 'random', 'seed=94641', 'data', 'file=C:\\Users\\peral\\AppData\\Local\\Temp\\tmpaiwcqelh\\y5sj2jhq.json', 'init=C:\\Users\\peral\\AppData\\Local\\Temp\\tmpaiwcqelh\\hyhgsgcx.json', 'output', 'file=C:\\Users\\peral\\AppData\\Local\\Temp\\tmpaiwcqelh\\prophet_modelqka6vcp6\\prophet_model-20251005113921.csv', 'method=optimize', 'algorithm=lbfgs', 'iter=10000']
2025-10-05 11:39:21,833 - [INFO] - Chain [1] start processing
2025-10-05 11:39:21,909 - [INFO] - Chain [1] done processing
2025-10-05 11:39:22,018 - [WARNING] - High MAPE (100.0%) for product 25891201 — forecast may be unreliable
2025-10-05 11:39:22,144 - [INFO] - HTTP Request: POST https://ytuiqgrpbwdxrmbzssrb.supabase.co/rest/v1/policy_recommendations "HTTP/2 400 Bad Request"
2025-10-05 11:39:22,146 - [ERROR] - Forecasting failed for product 25891201: {'message': "Could not find the 'forecast_accuracy' column of 'policy_recommendations' in the schema cache", 'code': 'PGRST204', 'hint': None, 'details': None}
2025-10-05 11:39:22,153 - [DEBUG] - cmd: where.exe tbb.dll
cwd: None
2025-10-05 11:39:22,325 - [DEBUG] - TBB already found in load path
2025-10-05 11:39:22,352 - [DEBUG] - input tempfile: C:\Users\peral\AppData\Local\Temp\tmpaiwcqelh\jced4axk.json
2025-10-05 11:39:22,373 - [DEBUG] - input tempfile: C:\Users\peral\AppData\Local\Temp\tmpaiwcqelh\db1ui80c.json
2025-10-05 11:39:22,376 - [DEBUG] - idx 0
2025-10-05 11:39:22,377 - [DEBUG] - running CmdStan, num_threads: None
2025-10-05 11:39:22,377 - [DEBUG] - CmdStan args: ['C:\\Users\\peral\\AppData\\Local\\Programs\\Python\\Python313\\Lib\\site-packages\\prophet\\stan_model\\prophet_model.bin', 'random', 'seed=39625', 'data', 'file=C:\\Users\\peral\\AppData\\Local\\Temp\\tmpaiwcqelh\\jced4axk.json', 'init=C:\\Users\\peral\\AppData\\Local\\Temp\\tmpaiwcqelh\\db1ui80c.json', 'output', 'file=C:\\Users\\peral\\AppData\\Local\\Temp\\tmpaiwcqelh\\prophet_modeljpf2j62t\\prophet_model-20251005113922.csv', 'method=optimize', 'algorithm=lbfgs', 'iter=10000']
2025-10-05 11:39:22,378 - [INFO] - Chain [1] start processing
2025-10-05 11:39:22,441 - [INFO] - Chain [1] done processing
2025-10-05 11:39:22,726 - [INFO] - HTTP Request: POST https://ytuiqgrpbwdxrmbzssrb.supabase.co/rest/v1/policy_recommendations "HTTP/2 400 Bad Request"
2025-10-05 11:39:22,728 - [ERROR] - Forecasting failed for product 25891202: {'message': "Could not find the 'forecast_accuracy' column of 'policy_recommendations' in the schema cache", 'code': 'PGRST204', 'hint': None, 'details': None}
2025-10-05 11:39:22,736 - [DEBUG] - cmd: where.exe tbb.dll
cwd: None
2025-10-05 11:39:22,942 - [DEBUG] - TBB already found in load path
2025-10-05 11:39:22,976 - [DEBUG] - input tempfile: C:\Users\peral\AppData\Local\Temp\tmpaiwcqelh\c4oiwrj0.json
2025-10-05 11:39:22,999 - [DEBUG] - input tempfile: C:\Users\peral\AppData\Local\Temp\tmpaiwcqelh\c9c6cfy8.json
2025-10-05 11:39:23,004 - [DEBUG] - idx 0
2025-10-05 11:39:23,004 - [DEBUG] - running CmdStan, num_threads: None
2025-10-05 11:39:23,005 - [DEBUG] - CmdStan args: ['C:\\Users\\peral\\AppData\\Local\\Programs\\Python\\Python313\\Lib\\site-packages\\prophet\\stan_model\\prophet_model.bin', 'random', 'seed=79377', 'data', 'file=C:\\Users\\peral\\AppData\\Local\\Temp\\tmpaiwcqelh\\c4oiwrj0.json', 'init=C:\\Users\\peral\\AppData\\Local\\Temp\\tmpaiwcqelh\\c9c6cfy8.json', 'output', 'file=C:\\Users\\peral\\AppData\\Local\\Temp\\tmpaiwcqelh\\prophet_modelvvd7fuqf\\prophet_model-20251005113923.csv', 'method=optimize', 'algorithm=lbfgs', 'iter=10000']
2025-10-05 11:39:23,005 - [INFO] - Chain [1] start processing
2025-10-05 11:39:23,078 - [INFO] - Chain [1] done processing
2025-10-05 11:39:23,410 - [INFO] - HTTP Request: POST https://ytuiqgrpbwdxrmbzssrb.supabase.co/rest/v1/policy_recommendations "HTTP/2 400 Bad Request"
2025-10-05 11:39:23,411 - [ERROR] - Forecasting failed for product 25891203: {'message': "Could not find the 'forecast_accuracy' column of 'policy_recommendations' in the schema cache", 'code': 'PGRST204', 'hint': None, 'details': None}
2025-10-05 11:39:23,418 - [DEBUG] - cmd: where.exe tbb.dll
cwd: None
2025-10-05 11:39:23,613 - [DEBUG] - TBB already found in load path
2025-10-05 11:39:23,644 - [DEBUG] - input tempfile: C:\Users\peral\AppData\Local\Temp\tmpaiwcqelh\r2w0h8ps.json
2025-10-05 11:39:23,666 - [DEBUG] - input tempfile: C:\Users\peral\AppData\Local\Temp\tmpaiwcqelh\sh0_8xii.json
2025-10-05 11:39:23,670 - [DEBUG] - idx 0
2025-10-05 11:39:23,670 - [DEBUG] - running CmdStan, num_threads: None
2025-10-05 11:39:23,671 - [DEBUG] - CmdStan args: ['C:\\Users\\peral\\AppData\\Local\\Programs\\Python\\Python313\\Lib\\site-packages\\prophet\\stan_model\\prophet_model.bin', 'random', 'seed=45480', 'data', 'file=C:\\Users\\peral\\AppData\\Local\\Temp\\tmpaiwcqelh\\r2w0h8ps.json', 'init=C:\\Users\\peral\\AppData\\Local\\Temp\\tmpaiwcqelh\\sh0_8xii.json', 'output', 'file=C:\\Users\\peral\\AppData\\Local\\Temp\\tmpaiwcqelh\\prophet_modeleq938ek1\\prophet_model-20251005113923.csv', 'method=optimize', 'algorithm=lbfgs', 'iter=10000']
2025-10-05 11:39:23,671 - [INFO] - Chain [1] start processing
2025-10-05 11:39:23,747 - [INFO] - Chain [1] done processing
2025-10-05 11:39:23,857 - [WARNING] - High MAPE (51.6%) for product 25891301 — forecast may be unreliable
2025-10-05 11:39:24,025 - [INFO] - HTTP Request: POST https://ytuiqgrpbwdxrmbzssrb.supabase.co/rest/v1/policy_recommendations "HTTP/2 400 Bad Request"
2025-10-05 11:39:24,026 - [ERROR] - Forecasting failed for product 25891301: {'message': "Could not find the 'forecast_accuracy' column of 'policy_recommendations' in the schema cache", 'code': 'PGRST204', 'hint': None, 'details': None}
2025-10-05 11:39:24,033 - [DEBUG] - cmd: where.exe tbb.dll
cwd: None
2025-10-05 11:39:24,220 - [DEBUG] - TBB already found in load path
2025-10-05 11:39:24,254 - [DEBUG] - input tempfile: C:\Users\peral\AppData\Local\Temp\tmpaiwcqelh\pd5ifm58.json
2025-10-05 11:39:24,277 - [DEBUG] - input tempfile: C:\Users\peral\AppData\Local\Temp\tmpaiwcqelh\7wuir0rs.json
2025-10-05 11:39:24,282 - [DEBUG] - idx 0
2025-10-05 11:39:24,283 - [DEBUG] - running CmdStan, num_threads: None
2025-10-05 11:39:24,284 - [DEBUG] - CmdStan args: ['C:\\Users\\peral\\AppData\\Local\\Programs\\Python\\Python313\\Lib\\site-packages\\prophet\\stan_model\\prophet_model.bin', 'random', 'seed=92087', 'data', 'file=C:\\Users\\peral\\AppData\\Local\\Temp\\tmpaiwcqelh\\pd5ifm58.json', 'init=C:\\Users\\peral\\AppData\\Local\\Temp\\tmpaiwcqelh\\7wuir0rs.json', 'output', 'file=C:\\Users\\peral\\AppData\\Local\\Temp\\tmpaiwcqelh\\prophet_model3prmzz66\\prophet_model-20251005113924.csv', 'method=optimize', 'algorithm=lbfgs', 'iter=10000']
2025-10-05 11:39:24,284 - [INFO] - Chain [1] start processing
2025-10-05 11:39:24,362 - [INFO] - Chain [1] done processing
2025-10-05 11:39:24,503 - [WARNING] - High MAPE (90.0%) for product 25891302 — forecast may be unreliable
2025-10-05 11:39:24,654 - [INFO] - HTTP Request: POST https://ytuiqgrpbwdxrmbzssrb.supabase.co/rest/v1/policy_recommendations "HTTP/2 400 Bad Request"
2025-10-05 11:39:24,655 - [ERROR] - Forecasting failed for product 25891302: {'message': "Could not find the 'forecast_accuracy' column of 'policy_recommendations' in the schema cache", 'code': 'PGRST204', 'hint': None, 'details': None}
2025-10-05 11:39:24,664 - [DEBUG] - cmd: where.exe tbb.dll
cwd: None
2025-10-05 11:39:24,849 - [DEBUG] - TBB already found in load path
2025-10-05 11:39:24,886 - [DEBUG] - input tempfile: C:\Users\peral\AppData\Local\Temp\tmpaiwcqelh\_h6zt43u.json
2025-10-05 11:39:24,909 - [DEBUG] - input tempfile: C:\Users\peral\AppData\Local\Temp\tmpaiwcqelh\w6ewrjqy.json
2025-10-05 11:39:24,912 - [DEBUG] - idx 0
2025-10-05 11:39:24,913 - [DEBUG] - running CmdStan, num_threads: None
2025-10-05 11:39:24,914 - [DEBUG] - CmdStan args: ['C:\\Users\\peral\\AppData\\Local\\Programs\\Python\\Python313\\Lib\\site-packages\\prophet\\stan_model\\prophet_model.bin', 'random', 'seed=15309', 'data', 'file=C:\\Users\\peral\\AppData\\Local\\Temp\\tmpaiwcqelh\\_h6zt43u.json', 'init=C:\\Users\\peral\\AppData\\Local\\Temp\\tmpaiwcqelh\\w6ewrjqy.json', 'output', 'file=C:\\Users\\peral\\AppData\\Local\\Temp\\tmpaiwcqelh\\prophet_modeltsk_wgeg\\prophet_model-20251005113924.csv', 'method=optimize', 'algorithm=lbfgs', 'iter=10000']
2025-10-05 11:39:24,916 - [INFO] - Chain [1] start processing
2025-10-05 11:39:24,986 - [INFO] - Chain [1] done processing
2025-10-05 11:39:25,100 - [WARNING] - High MAPE (100.0%) for product 25891303 — forecast may be unreliable
2025-10-05 11:39:25,253 - [INFO] - HTTP Request: POST https://ytuiqgrpbwdxrmbzssrb.supabase.co/rest/v1/policy_recommendations "HTTP/2 400 Bad Request"
2025-10-05 11:39:25,254 - [ERROR] - Forecasting failed for product 25891303: {'message': "Could not find the 'forecast_accuracy' column of 'policy_recommendations' in the schema cache", 'code': 'PGRST204', 'hint': None, 'details': None}
2025-10-05 11:39:25,264 - [DEBUG] - cmd: where.exe tbb.dll
cwd: None
2025-10-05 11:39:25,446 - [DEBUG] - TBB already found in load path
2025-10-05 11:39:25,476 - [DEBUG] - input tempfile: C:\Users\peral\AppData\Local\Temp\tmpaiwcqelh\w7lqr75_.json
2025-10-05 11:39:25,502 - [DEBUG] - input tempfile: C:\Users\peral\AppData\Local\Temp\tmpaiwcqelh\ne30__ar.json
2025-10-05 11:39:25,506 - [DEBUG] - idx 0
2025-10-05 11:39:25,506 - [DEBUG] - running CmdStan, num_threads: None
2025-10-05 11:39:25,507 - [DEBUG] - CmdStan args: ['C:\\Users\\peral\\AppData\\Local\\Programs\\Python\\Python313\\Lib\\site-packages\\prophet\\stan_model\\prophet_model.bin', 'random', 'seed=85377', 'data', 'file=C:\\Users\\peral\\AppData\\Local\\Temp\\tmpaiwcqelh\\w7lqr75_.json', 'init=C:\\Users\\peral\\AppData\\Local\\Temp\\tmpaiwcqelh\\ne30__ar.json', 'output', 'file=C:\\Users\\peral\\AppData\\Local\\Temp\\tmpaiwcqelh\\prophet_modelhgtgv2af\\prophet_model-20251005113925.csv', 'method=optimize', 'algorithm=lbfgs', 'iter=10000']
2025-10-05 11:39:25,507 - [INFO] - Chain [1] start processing
2025-10-05 11:39:25,590 - [INFO] - Chain [1] done processing
2025-10-05 11:39:25,705 - [WARNING] - High MAPE (298.5%) for product 25891401 — forecast may be unreliable
2025-10-05 11:39:25,868 - [INFO] - HTTP Request: POST https://ytuiqgrpbwdxrmbzssrb.supabase.co/rest/v1/policy_recommendations "HTTP/2 400 Bad Request"
2025-10-05 11:39:25,870 - [ERROR] - Forecasting failed for product 25891401: {'message': "Could not find the 'forecast_accuracy' column of 'policy_recommendations' in the schema cache", 'code': 'PGRST204', 'hint': None, 'details': None}
2025-10-05 11:39:25,877 - [DEBUG] - cmd: where.exe tbb.dll
cwd: None
2025-10-05 11:39:26,064 - [DEBUG] - TBB already found in load path
2025-10-05 11:39:26,097 - [DEBUG] - input tempfile: C:\Users\peral\AppData\Local\Temp\tmpaiwcqelh\psa5yic_.json
2025-10-05 11:39:26,118 - [DEBUG] - input tempfile: C:\Users\peral\AppData\Local\Temp\tmpaiwcqelh\sujh4cmf.json
2025-10-05 11:39:26,121 - [DEBUG] - idx 0
2025-10-05 11:39:26,122 - [DEBUG] - running CmdStan, num_threads: None
2025-10-05 11:39:26,122 - [DEBUG] - CmdStan args: ['C:\\Users\\peral\\AppData\\Local\\Programs\\Python\\Python313\\Lib\\site-packages\\prophet\\stan_model\\prophet_model.bin', 'random', 'seed=12457', 'data', 'file=C:\\Users\\peral\\AppData\\Local\\Temp\\tmpaiwcqelh\\psa5yic_.json', 'init=C:\\Users\\peral\\AppData\\Local\\Temp\\tmpaiwcqelh\\sujh4cmf.json', 'output', 'file=C:\\Users\\peral\\AppData\\Local\\Temp\\tmpaiwcqelh\\prophet_modelu9w2_o45\\prophet_model-20251005113926.csv', 'method=optimize', 'algorithm=lbfgs', 'iter=10000']
2025-10-05 11:39:26,123 - [INFO] - Chain [1] start processing
2025-10-05 11:39:26,195 - [INFO] - Chain [1] done processing
2025-10-05 11:39:26,483 - [INFO] - HTTP Request: POST https://ytuiqgrpbwdxrmbzssrb.supabase.co/rest/v1/policy_recommendations "HTTP/2 400 Bad Request"
2025-10-05 11:39:26,485 - [ERROR] - Forecasting failed for product 25891402: {'message': "Could not find the 'forecast_accuracy' column of 'policy_recommendations' in the schema cache", 'code': 'PGRST204', 'hint': None, 'details': None}
2025-10-05 11:39:26,492 - [DEBUG] - cmd: where.exe tbb.dll
cwd: None
2025-10-05 11:39:26,697 - [DEBUG] - TBB already found in load path
2025-10-05 11:39:26,736 - [DEBUG] - input tempfile: C:\Users\peral\AppData\Local\Temp\tmpaiwcqelh\ovcaui7f.json
2025-10-05 11:39:26,762 - [DEBUG] - input tempfile: C:\Users\peral\AppData\Local\Temp\tmpaiwcqelh\skji28j9.json
2025-10-05 11:39:26,766 - [DEBUG] - idx 0
2025-10-05 11:39:26,766 - [DEBUG] - running CmdStan, num_threads: None
2025-10-05 11:39:26,767 - [DEBUG] - CmdStan args: ['C:\\Users\\peral\\AppData\\Local\\Programs\\Python\\Python313\\Lib\\site-packages\\prophet\\stan_model\\prophet_model.bin', 'random', 'seed=68679', 'data', 'file=C:\\Users\\peral\\AppData\\Local\\Temp\\tmpaiwcqelh\\ovcaui7f.json', 'init=C:\\Users\\peral\\AppData\\Local\\Temp\\tmpaiwcqelh\\skji28j9.json', 'output', 'file=C:\\Users\\peral\\AppData\\Local\\Temp\\tmpaiwcqelh\\prophet_modelnywcud4r\\prophet_model-20251005113926.csv', 'method=optimize', 'algorithm=lbfgs', 'iter=10000']
2025-10-05 11:39:26,767 - [INFO] - Chain [1] start processing
2025-10-05 11:39:26,839 - [INFO] - Chain [1] done processing
2025-10-05 11:39:26,958 - [WARNING] - High MAPE (100.0%) for product 25891403 — forecast may be unreliable
2025-10-05 11:39:27,200 - [INFO] - HTTP Request: POST https://ytuiqgrpbwdxrmbzssrb.supabase.co/rest/v1/policy_recommendations "HTTP/2 400 Bad Request"
2025-10-05 11:39:27,201 - [ERROR] - Forecasting failed for product 25891403: {'message': "Could not find the 'forecast_accuracy' column of 'policy_recommendations' in the schema cache", 'code': 'PGRST204', 'hint': None, 'details': None}
2025-10-05 11:39:27,208 - [DEBUG] - cmd: where.exe tbb.dll
cwd: None
2025-10-05 11:39:27,390 - [DEBUG] - TBB already found in load path
2025-10-05 11:39:27,421 - [DEBUG] - input tempfile: C:\Users\peral\AppData\Local\Temp\tmpaiwcqelh\pl9dyvfk.json
2025-10-05 11:39:27,450 - [DEBUG] - input tempfile: C:\Users\peral\AppData\Local\Temp\tmpaiwcqelh\8lpu9s0l.json
2025-10-05 11:39:27,454 - [DEBUG] - idx 0
2025-10-05 11:39:27,455 - [DEBUG] - running CmdStan, num_threads: None
2025-10-05 11:39:27,455 - [DEBUG] - CmdStan args: ['C:\\Users\\peral\\AppData\\Local\\Programs\\Python\\Python313\\Lib\\site-packages\\prophet\\stan_model\\prophet_model.bin', 'random', 'seed=89020', 'data', 'file=C:\\Users\\peral\\AppData\\Local\\Temp\\tmpaiwcqelh\\pl9dyvfk.json', 'init=C:\\Users\\peral\\AppData\\Local\\Temp\\tmpaiwcqelh\\8lpu9s0l.json', 'output', 'file=C:\\Users\\peral\\AppData\\Local\\Temp\\tmpaiwcqelh\\prophet_modelg1dqsfr9\\prophet_model-20251005113927.csv', 'method=optimize', 'algorithm=lbfgs', 'iter=10000']
2025-10-05 11:39:27,456 - [INFO] - Chain [1] start processing
2025-10-05 11:39:27,549 - [INFO] - Chain [1] done processing
2025-10-05 11:39:27,664 - [WARNING] - High MAPE (189.5%) for product 25891501 — forecast may be unreliable
2025-10-05 11:39:27,917 - [INFO] - HTTP Request: POST https://ytuiqgrpbwdxrmbzssrb.supabase.co/rest/v1/policy_recommendations "HTTP/2 400 Bad Request"
2025-10-05 11:39:27,919 - [ERROR] - Forecasting failed for product 25891501: {'message': "Could not find the 'forecast_accuracy' column of 'policy_recommendations' in the schema cache", 'code': 'PGRST204', 'hint': None, 'details': None}
2025-10-05 11:39:27,926 - [DEBUG] - cmd: where.exe tbb.dll
cwd: None
2025-10-05 11:39:28,110 - [DEBUG] - TBB already found in load path
2025-10-05 11:39:28,141 - [DEBUG] - input tempfile: C:\Users\peral\AppData\Local\Temp\tmpaiwcqelh\0qz0utkg.json
2025-10-05 11:39:28,162 - [DEBUG] - input tempfile: C:\Users\peral\AppData\Local\Temp\tmpaiwcqelh\50rajxj9.json
2025-10-05 11:39:28,166 - [DEBUG] - idx 0
2025-10-05 11:39:28,166 - [DEBUG] - running CmdStan, num_threads: None
2025-10-05 11:39:28,167 - [DEBUG] - CmdStan args: ['C:\\Users\\peral\\AppData\\Local\\Programs\\Python\\Python313\\Lib\\site-packages\\prophet\\stan_model\\prophet_model.bin', 'random', 'seed=3937', 'data', 'file=C:\\Users\\peral\\AppData\\Local\\Temp\\tmpaiwcqelh\\0qz0utkg.json', 'init=C:\\Users\\peral\\AppData\\Local\\Temp\\tmpaiwcqelh\\50rajxj9.json', 'output', 'file=C:\\Users\\peral\\AppData\\Local\\Temp\\tmpaiwcqelh\\prophet_modelgmrhbo1n\\prophet_model-20251005113928.csv', 'method=optimize', 'algorithm=lbfgs', 'iter=10000']
2025-10-05 11:39:28,168 - [INFO] - Chain [1] start processing
2025-10-05 11:39:28,237 - [INFO] - Chain [1] done processing
2025-10-05 11:39:28,362 - [WARNING] - High MAPE (100.0%) for product 25891502 — forecast may be unreliable
2025-10-05 11:39:28,633 - [INFO] - HTTP Request: POST https://ytuiqgrpbwdxrmbzssrb.supabase.co/rest/v1/policy_recommendations "HTTP/2 400 Bad Request"
2025-10-05 11:39:28,634 - [ERROR] - Forecasting failed for product 25891502: {'message': "Could not find the 'forecast_accuracy' column of 'policy_recommendations' in the schema cache", 'code': 'PGRST204', 'hint': None, 'details': None}
2025-10-05 11:39:28,641 - [DEBUG] - cmd: where.exe tbb.dll
cwd: None
2025-10-05 11:39:28,828 - [DEBUG] - TBB already found in load path
2025-10-05 11:39:28,857 - [DEBUG] - input tempfile: C:\Users\peral\AppData\Local\Temp\tmpaiwcqelh\4h_gsk2u.json
2025-10-05 11:39:28,879 - [DEBUG] - input tempfile: C:\Users\peral\AppData\Local\Temp\tmpaiwcqelh\xhbvnwkl.json
2025-10-05 11:39:28,884 - [DEBUG] - idx 0
2025-10-05 11:39:28,885 - [DEBUG] - running CmdStan, num_threads: None
2025-10-05 11:39:28,885 - [DEBUG] - CmdStan args: ['C:\\Users\\peral\\AppData\\Local\\Programs\\Python\\Python313\\Lib\\site-packages\\prophet\\stan_model\\prophet_model.bin', 'random', 'seed=48655', 'data', 'file=C:\\Users\\peral\\AppData\\Local\\Temp\\tmpaiwcqelh\\4h_gsk2u.json', 'init=C:\\Users\\peral\\AppData\\Local\\Temp\\tmpaiwcqelh\\xhbvnwkl.json', 'output', 'file=C:\\Users\\peral\\AppData\\Local\\Temp\\tmpaiwcqelh\\prophet_modelvsu_bbt8\\prophet_model-20251005113928.csv', 'method=optimize', 'algorithm=lbfgs', 'iter=10000']
2025-10-05 11:39:28,886 - [INFO] - Chain [1] start processing
2025-10-05 11:39:28,966 - [INFO] - Chain [1] done processing
2025-10-05 11:39:29,350 - [INFO] - HTTP Request: POST https://ytuiqgrpbwdxrmbzssrb.supabase.co/rest/v1/policy_recommendations "HTTP/2 400 Bad Request"
2025-10-05 11:39:29,352 - [ERROR] - Forecasting failed for product 25891503: {'message': "Could not find the 'forecast_accuracy' column of 'policy_recommendations' in the schema cache", 'code': 'PGRST204', 'hint': None, 'details': None}
2025-10-05 11:39:29,359 - [DEBUG] - cmd: where.exe tbb.dll
cwd: None
2025-10-05 11:39:29,542 - [DEBUG] - TBB already found in load path
2025-10-05 11:39:29,573 - [DEBUG] - input tempfile: C:\Users\peral\AppData\Local\Temp\tmpaiwcqelh\_9at87mn.json
2025-10-05 11:39:29,596 - [DEBUG] - input tempfile: C:\Users\peral\AppData\Local\Temp\tmpaiwcqelh\o_nhs7as.json
2025-10-05 11:39:29,608 - [DEBUG] - idx 0
2025-10-05 11:39:29,609 - [DEBUG] - running CmdStan, num_threads: None
2025-10-05 11:39:29,609 - [DEBUG] - CmdStan args: ['C:\\Users\\peral\\AppData\\Local\\Programs\\Python\\Python313\\Lib\\site-packages\\prophet\\stan_model\\prophet_model.bin', 'random', 'seed=14566', 'data', 'file=C:\\Users\\peral\\AppData\\Local\\Temp\\tmpaiwcqelh\\_9at87mn.json', 'init=C:\\Users\\peral\\AppData\\Local\\Temp\\tmpaiwcqelh\\o_nhs7as.json', 'output', 'file=C:\\Users\\peral\\AppData\\Local\\Temp\\tmpaiwcqelh\\prophet_modelmzayfzvs\\prophet_model-20251005113929.csv', 'method=optimize', 'algorithm=lbfgs', 'iter=10000']
2025-10-05 11:39:29,609 - [INFO] - Chain [1] start processing
2025-10-05 11:39:29,693 - [INFO] - Chain [1] done processing
2025-10-05 11:39:30,066 - [INFO] - HTTP Request: POST https://ytuiqgrpbwdxrmbzssrb.supabase.co/rest/v1/policy_recommendations "HTTP/2 400 Bad Request"
2025-10-05 11:39:30,068 - [ERROR] - Forecasting failed for product 25891601: {'message': "Could not find the 'forecast_accuracy' column of 'policy_recommendations' in the schema cache", 'code': 'PGRST204', 'hint': None, 'details': None}
2025-10-05 11:39:30,076 - [DEBUG] - cmd: where.exe tbb.dll
cwd: None
2025-10-05 11:39:30,265 - [DEBUG] - TBB already found in load path
2025-10-05 11:39:30,295 - [DEBUG] - input tempfile: C:\Users\peral\AppData\Local\Temp\tmpaiwcqelh\ti2xr8pd.json
2025-10-05 11:39:30,315 - [DEBUG] - input tempfile: C:\Users\peral\AppData\Local\Temp\tmpaiwcqelh\bws_mmr4.json
2025-10-05 11:39:30,319 - [DEBUG] - idx 0
2025-10-05 11:39:30,320 - [DEBUG] - running CmdStan, num_threads: None
2025-10-05 11:39:30,320 - [DEBUG] - CmdStan args: ['C:\\Users\\peral\\AppData\\Local\\Programs\\Python\\Python313\\Lib\\site-packages\\prophet\\stan_model\\prophet_model.bin', 'random', 'seed=61685', 'data', 'file=C:\\Users\\peral\\AppData\\Local\\Temp\\tmpaiwcqelh\\ti2xr8pd.json', 'init=C:\\Users\\peral\\AppData\\Local\\Temp\\tmpaiwcqelh\\bws_mmr4.json', 'output', 'file=C:\\Users\\peral\\AppData\\Local\\Temp\\tmpaiwcqelh\\prophet_modelm9m4cbf2\\prophet_model-20251005113930.csv', 'method=optimize', 'algorithm=lbfgs', 'iter=10000']
2025-10-05 11:39:30,321 - [INFO] - Chain [1] start processing
2025-10-05 11:39:30,389 - [INFO] - Chain [1] done processing
2025-10-05 11:39:30,506 - [WARNING] - High MAPE (93.0%) for product 25891602 — forecast may be unreliable
2025-10-05 11:39:30,681 - [INFO] - HTTP Request: POST https://ytuiqgrpbwdxrmbzssrb.supabase.co/rest/v1/policy_recommendations "HTTP/2 400 Bad Request"
2025-10-05 11:39:30,683 - [ERROR] - Forecasting failed for product 25891602: {'message': "Could not find the 'forecast_accuracy' column of 'policy_recommendations' in the schema cache", 'code': 'PGRST204', 'hint': None, 'details': None}
2025-10-05 11:39:30,692 - [DEBUG] - cmd: where.exe tbb.dll
cwd: None
2025-10-05 11:39:30,875 - [DEBUG] - TBB already found in load path
2025-10-05 11:39:30,906 - [DEBUG] - input tempfile: C:\Users\peral\AppData\Local\Temp\tmpaiwcqelh\t3uhar7_.json
2025-10-05 11:39:30,927 - [DEBUG] - input tempfile: C:\Users\peral\AppData\Local\Temp\tmpaiwcqelh\l6okjbth.json
2025-10-05 11:39:30,932 - [DEBUG] - idx 0
2025-10-05 11:39:30,932 - [DEBUG] - running CmdStan, num_threads: None
2025-10-05 11:39:30,933 - [DEBUG] - CmdStan args: ['C:\\Users\\peral\\AppData\\Local\\Programs\\Python\\Python313\\Lib\\site-packages\\prophet\\stan_model\\prophet_model.bin', 'random', 'seed=47649', 'data', 'file=C:\\Users\\peral\\AppData\\Local\\Temp\\tmpaiwcqelh\\t3uhar7_.json', 'init=C:\\Users\\peral\\AppData\\Local\\Temp\\tmpaiwcqelh\\l6okjbth.json', 'output', 'file=C:\\Users\\peral\\AppData\\Local\\Temp\\tmpaiwcqelh\\prophet_modelesox6kbi\\prophet_model-20251005113930.csv', 'method=optimize', 'algorithm=lbfgs', 'iter=10000']
2025-10-05 11:39:30,934 - [INFO] - Chain [1] start processing
2025-10-05 11:39:31,012 - [INFO] - Chain [1] done processing
2025-10-05 11:39:31,128 - [WARNING] - High MAPE (94.4%) for product 25891603 — forecast may be unreliable
2025-10-05 11:39:31,294 - [INFO] - HTTP Request: POST https://ytuiqgrpbwdxrmbzssrb.supabase.co/rest/v1/policy_recommendations "HTTP/2 400 Bad Request"
2025-10-05 11:39:31,297 - [ERROR] - Forecasting failed for product 25891603: {'message': "Could not find the 'forecast_accuracy' column of 'policy_recommendations' in the schema cache", 'code': 'PGRST204', 'hint': None, 'details': None}
2025-10-05 11:39:31,297 - [INFO] - Forecasting complete (0 products)
2025-10-05 11:39:31,298 - [INFO] - Forecasting complete (0 products)
2025-10-05 11:39:31,299 - [INFO] - Generating policy recommendations
2025-10-05 11:39:31,299 - [INFO] - Pipeline completed successfully
2025-10-05 11:54:09,281 - [INFO] - Settings loaded (env=default)
2025-10-05 11:54:34,878 - [INFO] - Starting analytics pipeline
2025-10-05 11:54:34,880 - [INFO] - Settings loaded (env=default)
2025-10-05 11:54:35,783 - [INFO] - Running Customer KPI Risk Predictions
2025-10-05 11:54:37,876 - [INFO] - HTTP Request: GET https://ytuiqgrpbwdxrmbzssrb.supabase.co/rest/v1/fact_aggregate?select=%2A "HTTP/2 200 OK"
2025-10-05 11:54:38,181 - [INFO] - HTTP Request: GET https://ytuiqgrpbwdxrmbzssrb.supabase.co/rest/v1/dim_targets_order?select=%2A "HTTP/2 200 OK"
2025-10-05 11:54:38,886 - [INFO] - HTTP Request: POST https://ytuiqgrpbwdxrmbzssrb.supabase.co/rest/v1/kpi_risk_predictions?columns=%22risk_label%22%2C%22risk_score%22%2C%22customer_id%22%2C%22prediction_date%22 "HTTP/2 201 Created"
2025-10-05 11:54:38,906 - [INFO] - Running KPI analysis
2025-10-05 11:54:40,067 - [INFO] - HTTP Request: GET https://ytuiqgrpbwdxrmbzssrb.supabase.co/rest/v1/kpi_summary?select=%2A "HTTP/2 200 OK"
2025-10-05 11:54:40,071 - [INFO] - Fetched 35 KPI summary rows
2025-10-05 11:54:40,071 - [INFO] - KPI analysis complete (35 records)
2025-10-05 11:54:40,072 - [INFO] - Running demand forecasting
2025-10-05 11:54:40,072 - [INFO] - Running demand forecasting
2025-10-05 11:54:40,434 - [INFO] - HTTP Request: GET https://ytuiqgrpbwdxrmbzssrb.supabase.co/rest/v1/fact_order_line?select=order_placement_date%2Cproduct_id%2Corder_qty "HTTP/2 200 OK"
2025-10-05 11:54:40,502 - [DEBUG] - cmd: where.exe tbb.dll
cwd: None
2025-10-05 11:54:40,680 - [DEBUG] - Adding TBB (c:\Users\peral\AppData\Local\Programs\Python\Python313\Lib\site-packages\prophet\stan_model\cmdstan-2.33.1\stan\lib\stan_math\lib\tbb) to PATH
2025-10-05 11:54:40,714 - [DEBUG] - input tempfile: C:\Users\peral\AppData\Local\Temp\tmphqw8uy9n\90dgpp1q.json
2025-10-05 11:54:40,733 - [DEBUG] - input tempfile: C:\Users\peral\AppData\Local\Temp\tmphqw8uy9n\6n8w6ihe.json
2025-10-05 11:54:40,745 - [DEBUG] - idx 0
2025-10-05 11:54:40,745 - [DEBUG] - running CmdStan, num_threads: None
2025-10-05 11:54:40,746 - [DEBUG] - CmdStan args: ['C:\\Users\\peral\\AppData\\Local\\Programs\\Python\\Python313\\Lib\\site-packages\\prophet\\stan_model\\prophet_model.bin', 'random', 'seed=68661', 'data', 'file=C:\\Users\\peral\\AppData\\Local\\Temp\\tmphqw8uy9n\\90dgpp1q.json', 'init=C:\\Users\\peral\\AppData\\Local\\Temp\\tmphqw8uy9n\\6n8w6ihe.json', 'output', 'file=C:\\Users\\peral\\AppData\\Local\\Temp\\tmphqw8uy9n\\prophet_model5v73jhqa\\prophet_model-20251005115440.csv', 'method=optimize', 'algorithm=lbfgs', 'iter=10000']
2025-10-05 11:54:40,746 - [INFO] - Chain [1] start processing
2025-10-05 11:54:40,830 - [INFO] - Chain [1] done processing
2025-10-05 11:54:40,965 - [WARNING] - High MAPE (100.0%) for product 25891101 — forecast may be unreliable
2025-10-05 11:54:41,253 - [INFO] - HTTP Request: POST https://ytuiqgrpbwdxrmbzssrb.supabase.co/rest/v1/policy_recommendations "HTTP/2 201 Created"
2025-10-05 11:54:41,255 - [INFO] - Forecast for product 25891101: 117 units (MAPE: 100.0%)
2025-10-05 11:54:41,265 - [DEBUG] - cmd: where.exe tbb.dll
cwd: None
2025-10-05 11:54:41,451 - [DEBUG] - TBB already found in load path
2025-10-05 11:54:41,483 - [DEBUG] - input tempfile: C:\Users\peral\AppData\Local\Temp\tmphqw8uy9n\48k75vbv.json
2025-10-05 11:54:41,506 - [DEBUG] - input tempfile: C:\Users\peral\AppData\Local\Temp\tmphqw8uy9n\36aaqgxy.json
2025-10-05 11:54:41,510 - [DEBUG] - idx 0
2025-10-05 11:54:41,510 - [DEBUG] - running CmdStan, num_threads: None
2025-10-05 11:54:41,511 - [DEBUG] - CmdStan args: ['C:\\Users\\peral\\AppData\\Local\\Programs\\Python\\Python313\\Lib\\site-packages\\prophet\\stan_model\\prophet_model.bin', 'random', 'seed=50939', 'data', 'file=C:\\Users\\peral\\AppData\\Local\\Temp\\tmphqw8uy9n\\48k75vbv.json', 'init=C:\\Users\\peral\\AppData\\Local\\Temp\\tmphqw8uy9n\\36aaqgxy.json', 'output', 'file=C:\\Users\\peral\\AppData\\Local\\Temp\\tmphqw8uy9n\\prophet_modeldont_olw\\prophet_model-20251005115441.csv', 'method=optimize', 'algorithm=lbfgs', 'iter=10000']
2025-10-05 11:54:41,511 - [INFO] - Chain [1] start processing
2025-10-05 11:54:41,584 - [INFO] - Chain [1] done processing
2025-10-05 11:54:41,692 - [WARNING] - High MAPE (62.3%) for product 25891102 — forecast may be unreliable
2025-10-05 11:54:41,924 - [INFO] - HTTP Request: POST https://ytuiqgrpbwdxrmbzssrb.supabase.co/rest/v1/policy_recommendations "HTTP/2 201 Created"
2025-10-05 11:54:41,927 - [INFO] - Forecast for product 25891102: 1527 units (MAPE: 62.3%)
2025-10-05 11:54:41,935 - [DEBUG] - cmd: where.exe tbb.dll
cwd: None
2025-10-05 11:54:42,139 - [DEBUG] - TBB already found in load path
2025-10-05 11:54:42,169 - [DEBUG] - input tempfile: C:\Users\peral\AppData\Local\Temp\tmphqw8uy9n\s5813tht.json
2025-10-05 11:54:42,190 - [DEBUG] - input tempfile: C:\Users\peral\AppData\Local\Temp\tmphqw8uy9n\9pke8wcu.json
2025-10-05 11:54:42,194 - [DEBUG] - idx 0
2025-10-05 11:54:42,194 - [DEBUG] - running CmdStan, num_threads: None
2025-10-05 11:54:42,195 - [DEBUG] - CmdStan args: ['C:\\Users\\peral\\AppData\\Local\\Programs\\Python\\Python313\\Lib\\site-packages\\prophet\\stan_model\\prophet_model.bin', 'random', 'seed=47991', 'data', 'file=C:\\Users\\peral\\AppData\\Local\\Temp\\tmphqw8uy9n\\s5813tht.json', 'init=C:\\Users\\peral\\AppData\\Local\\Temp\\tmphqw8uy9n\\9pke8wcu.json', 'output', 'file=C:\\Users\\peral\\AppData\\Local\\Temp\\tmphqw8uy9n\\prophet_modelr9sjg15u\\prophet_model-20251005115442.csv', 'method=optimize', 'algorithm=lbfgs', 'iter=10000']
2025-10-05 11:54:42,195 - [INFO] - Chain [1] start processing
2025-10-05 11:54:42,264 - [INFO] - Chain [1] done processing
2025-10-05 11:54:42,367 - [WARNING] - High MAPE (100.0%) for product 25891103 — forecast may be unreliable
2025-10-05 11:54:42,525 - [INFO] - HTTP Request: POST https://ytuiqgrpbwdxrmbzssrb.supabase.co/rest/v1/policy_recommendations "HTTP/2 201 Created"
2025-10-05 11:54:42,526 - [INFO] - Forecast for product 25891103: 42 units (MAPE: 100.0%)
2025-10-05 11:54:42,535 - [DEBUG] - cmd: where.exe tbb.dll
cwd: None
2025-10-05 11:54:42,719 - [DEBUG] - TBB already found in load path
2025-10-05 11:54:42,749 - [DEBUG] - input tempfile: C:\Users\peral\AppData\Local\Temp\tmphqw8uy9n\8nz4oslb.json
2025-10-05 11:54:42,768 - [DEBUG] - input tempfile: C:\Users\peral\AppData\Local\Temp\tmphqw8uy9n\869hhpsi.json
2025-10-05 11:54:42,771 - [DEBUG] - idx 0
2025-10-05 11:54:42,772 - [DEBUG] - running CmdStan, num_threads: None
2025-10-05 11:54:42,772 - [DEBUG] - CmdStan args: ['C:\\Users\\peral\\AppData\\Local\\Programs\\Python\\Python313\\Lib\\site-packages\\prophet\\stan_model\\prophet_model.bin', 'random', 'seed=77614', 'data', 'file=C:\\Users\\peral\\AppData\\Local\\Temp\\tmphqw8uy9n\\8nz4oslb.json', 'init=C:\\Users\\peral\\AppData\\Local\\Temp\\tmphqw8uy9n\\869hhpsi.json', 'output', 'file=C:\\Users\\peral\\AppData\\Local\\Temp\\tmphqw8uy9n\\prophet_modelnbwk7e3k\\prophet_model-20251005115442.csv', 'method=optimize', 'algorithm=lbfgs', 'iter=10000']
2025-10-05 11:54:42,772 - [INFO] - Chain [1] start processing
2025-10-05 11:54:42,849 - [INFO] - Chain [1] done processing
2025-10-05 11:54:42,958 - [WARNING] - High MAPE (100.0%) for product 25891201 — forecast may be unreliable
2025-10-05 11:54:43,161 - [INFO] - HTTP Request: POST https://ytuiqgrpbwdxrmbzssrb.supabase.co/rest/v1/policy_recommendations "HTTP/2 201 Created"
2025-10-05 11:54:43,163 - [INFO] - Forecast for product 25891201: 22 units (MAPE: 100.0%)
2025-10-05 11:54:43,169 - [DEBUG] - cmd: where.exe tbb.dll
cwd: None
2025-10-05 11:54:43,347 - [DEBUG] - TBB already found in load path
2025-10-05 11:54:43,374 - [DEBUG] - input tempfile: C:\Users\peral\AppData\Local\Temp\tmphqw8uy9n\xjbdre0q.json
2025-10-05 11:54:43,394 - [DEBUG] - input tempfile: C:\Users\peral\AppData\Local\Temp\tmphqw8uy9n\3rfe99f1.json
2025-10-05 11:54:43,397 - [DEBUG] - idx 0
2025-10-05 11:54:43,398 - [DEBUG] - running CmdStan, num_threads: None
2025-10-05 11:54:43,398 - [DEBUG] - CmdStan args: ['C:\\Users\\peral\\AppData\\Local\\Programs\\Python\\Python313\\Lib\\site-packages\\prophet\\stan_model\\prophet_model.bin', 'random', 'seed=44178', 'data', 'file=C:\\Users\\peral\\AppData\\Local\\Temp\\tmphqw8uy9n\\xjbdre0q.json', 'init=C:\\Users\\peral\\AppData\\Local\\Temp\\tmphqw8uy9n\\3rfe99f1.json', 'output', 'file=C:\\Users\\peral\\AppData\\Local\\Temp\\tmphqw8uy9n\\prophet_modelik0khu95\\prophet_model-20251005115443.csv', 'method=optimize', 'algorithm=lbfgs', 'iter=10000']
2025-10-05 11:54:43,399 - [INFO] - Chain [1] start processing
2025-10-05 11:54:43,485 - [INFO] - Chain [1] done processing
2025-10-05 11:54:43,779 - [INFO] - HTTP Request: POST https://ytuiqgrpbwdxrmbzssrb.supabase.co/rest/v1/policy_recommendations "HTTP/2 201 Created"
2025-10-05 11:54:43,781 - [INFO] - Forecast for product 25891202: 1249 units (MAPE: 38.8%)
2025-10-05 11:54:43,789 - [DEBUG] - cmd: where.exe tbb.dll
cwd: None
2025-10-05 11:54:43,966 - [DEBUG] - TBB already found in load path
2025-10-05 11:54:43,995 - [DEBUG] - input tempfile: C:\Users\peral\AppData\Local\Temp\tmphqw8uy9n\bmnl28mv.json
2025-10-05 11:54:44,015 - [DEBUG] - input tempfile: C:\Users\peral\AppData\Local\Temp\tmphqw8uy9n\238ujt2l.json
2025-10-05 11:54:44,018 - [DEBUG] - idx 0
2025-10-05 11:54:44,019 - [DEBUG] - running CmdStan, num_threads: None
2025-10-05 11:54:44,019 - [DEBUG] - CmdStan args: ['C:\\Users\\peral\\AppData\\Local\\Programs\\Python\\Python313\\Lib\\site-packages\\prophet\\stan_model\\prophet_model.bin', 'random', 'seed=33343', 'data', 'file=C:\\Users\\peral\\AppData\\Local\\Temp\\tmphqw8uy9n\\bmnl28mv.json', 'init=C:\\Users\\peral\\AppData\\Local\\Temp\\tmphqw8uy9n\\238ujt2l.json', 'output', 'file=C:\\Users\\peral\\AppData\\Local\\Temp\\tmphqw8uy9n\\prophet_model9l3ktvm7\\prophet_model-20251005115444.csv', 'method=optimize', 'algorithm=lbfgs', 'iter=10000']
2025-10-05 11:54:44,020 - [INFO] - Chain [1] start processing
2025-10-05 11:54:44,093 - [INFO] - Chain [1] done processing
2025-10-05 11:54:44,427 - [INFO] - HTTP Request: POST https://ytuiqgrpbwdxrmbzssrb.supabase.co/rest/v1/policy_recommendations "HTTP/2 201 Created"
2025-10-05 11:54:44,429 - [INFO] - Forecast for product 25891203: 828 units (MAPE: 6.3%)
2025-10-05 11:54:44,436 - [DEBUG] - cmd: where.exe tbb.dll
cwd: None
2025-10-05 11:54:44,620 - [DEBUG] - TBB already found in load path
2025-10-05 11:54:44,650 - [DEBUG] - input tempfile: C:\Users\peral\AppData\Local\Temp\tmphqw8uy9n\5xmgqqqa.json
2025-10-05 11:54:44,671 - [DEBUG] - input tempfile: C:\Users\peral\AppData\Local\Temp\tmphqw8uy9n\bml0zffy.json
2025-10-05 11:54:44,674 - [DEBUG] - idx 0
2025-10-05 11:54:44,674 - [DEBUG] - running CmdStan, num_threads: None
2025-10-05 11:54:44,675 - [DEBUG] - CmdStan args: ['C:\\Users\\peral\\AppData\\Local\\Programs\\Python\\Python313\\Lib\\site-packages\\prophet\\stan_model\\prophet_model.bin', 'random', 'seed=15585', 'data', 'file=C:\\Users\\peral\\AppData\\Local\\Temp\\tmphqw8uy9n\\5xmgqqqa.json', 'init=C:\\Users\\peral\\AppData\\Local\\Temp\\tmphqw8uy9n\\bml0zffy.json', 'output', 'file=C:\\Users\\peral\\AppData\\Local\\Temp\\tmphqw8uy9n\\prophet_modelqis4op4z\\prophet_model-20251005115444.csv', 'method=optimize', 'algorithm=lbfgs', 'iter=10000']
2025-10-05 11:54:44,677 - [INFO] - Chain [1] start processing
2025-10-05 11:54:44,761 - [INFO] - Chain [1] done processing
2025-10-05 11:54:44,868 - [WARNING] - High MAPE (51.6%) for product 25891301 — forecast may be unreliable
2025-10-05 11:54:45,041 - [INFO] - HTTP Request: POST https://ytuiqgrpbwdxrmbzssrb.supabase.co/rest/v1/policy_recommendations "HTTP/2 201 Created"
2025-10-05 11:54:45,043 - [INFO] - Forecast for product 25891301: 264 units (MAPE: 51.6%)
2025-10-05 11:54:45,049 - [DEBUG] - cmd: where.exe tbb.dll
cwd: None
2025-10-05 11:54:45,235 - [DEBUG] - TBB already found in load path
2025-10-05 11:54:45,265 - [DEBUG] - input tempfile: C:\Users\peral\AppData\Local\Temp\tmphqw8uy9n\f41ma05t.json
2025-10-05 11:54:45,285 - [DEBUG] - input tempfile: C:\Users\peral\AppData\Local\Temp\tmphqw8uy9n\228aa343.json
2025-10-05 11:54:45,287 - [DEBUG] - idx 0
2025-10-05 11:54:45,288 - [DEBUG] - running CmdStan, num_threads: None
2025-10-05 11:54:45,288 - [DEBUG] - CmdStan args: ['C:\\Users\\peral\\AppData\\Local\\Programs\\Python\\Python313\\Lib\\site-packages\\prophet\\stan_model\\prophet_model.bin', 'random', 'seed=52221', 'data', 'file=C:\\Users\\peral\\AppData\\Local\\Temp\\tmphqw8uy9n\\f41ma05t.json', 'init=C:\\Users\\peral\\AppData\\Local\\Temp\\tmphqw8uy9n\\228aa343.json', 'output', 'file=C:\\Users\\peral\\AppData\\Local\\Temp\\tmphqw8uy9n\\prophet_modelcnkm84rq\\prophet_model-20251005115445.csv', 'method=optimize', 'algorithm=lbfgs', 'iter=10000']
2025-10-05 11:54:45,289 - [INFO] - Chain [1] start processing
2025-10-05 11:54:45,360 - [INFO] - Chain [1] done processing
2025-10-05 11:54:45,467 - [WARNING] - High MAPE (90.0%) for product 25891302 — forecast may be unreliable
2025-10-05 11:54:45,758 - [INFO] - HTTP Request: POST https://ytuiqgrpbwdxrmbzssrb.supabase.co/rest/v1/policy_recommendations "HTTP/2 201 Created"
2025-10-05 11:54:45,760 - [INFO] - Forecast for product 25891302: 32 units (MAPE: 90.0%)
2025-10-05 11:54:45,769 - [DEBUG] - cmd: where.exe tbb.dll
cwd: None
2025-10-05 11:54:45,959 - [DEBUG] - TBB already found in load path
2025-10-05 11:54:45,986 - [DEBUG] - input tempfile: C:\Users\peral\AppData\Local\Temp\tmphqw8uy9n\13cwb8z1.json
2025-10-05 11:54:46,005 - [DEBUG] - input tempfile: C:\Users\peral\AppData\Local\Temp\tmphqw8uy9n\y7g0fi10.json
2025-10-05 11:54:46,009 - [DEBUG] - idx 0
2025-10-05 11:54:46,010 - [DEBUG] - running CmdStan, num_threads: None
2025-10-05 11:54:46,010 - [DEBUG] - CmdStan args: ['C:\\Users\\peral\\AppData\\Local\\Programs\\Python\\Python313\\Lib\\site-packages\\prophet\\stan_model\\prophet_model.bin', 'random', 'seed=92542', 'data', 'file=C:\\Users\\peral\\AppData\\Local\\Temp\\tmphqw8uy9n\\13cwb8z1.json', 'init=C:\\Users\\peral\\AppData\\Local\\Temp\\tmphqw8uy9n\\y7g0fi10.json', 'output', 'file=C:\\Users\\peral\\AppData\\Local\\Temp\\tmphqw8uy9n\\prophet_modelhcbuxsgg\\prophet_model-20251005115446.csv', 'method=optimize', 'algorithm=lbfgs', 'iter=10000']
2025-10-05 11:54:46,011 - [INFO] - Chain [1] start processing
2025-10-05 11:54:46,088 - [INFO] - Chain [1] done processing
2025-10-05 11:54:46,196 - [WARNING] - High MAPE (100.0%) for product 25891303 — forecast may be unreliable
2025-10-05 11:54:46,388 - [INFO] - HTTP Request: POST https://ytuiqgrpbwdxrmbzssrb.supabase.co/rest/v1/policy_recommendations "HTTP/2 201 Created"
2025-10-05 11:54:46,389 - [INFO] - Forecast for product 25891303: 13 units (MAPE: 100.0%)
2025-10-05 11:54:46,396 - [DEBUG] - cmd: where.exe tbb.dll
cwd: None
2025-10-05 11:54:46,578 - [DEBUG] - TBB already found in load path
2025-10-05 11:54:46,608 - [DEBUG] - input tempfile: C:\Users\peral\AppData\Local\Temp\tmphqw8uy9n\qy83gd8f.json
2025-10-05 11:54:46,627 - [DEBUG] - input tempfile: C:\Users\peral\AppData\Local\Temp\tmphqw8uy9n\ft_hgg_9.json
2025-10-05 11:54:46,631 - [DEBUG] - idx 0
2025-10-05 11:54:46,631 - [DEBUG] - running CmdStan, num_threads: None
2025-10-05 11:54:46,631 - [DEBUG] - CmdStan args: ['C:\\Users\\peral\\AppData\\Local\\Programs\\Python\\Python313\\Lib\\site-packages\\prophet\\stan_model\\prophet_model.bin', 'random', 'seed=30766', 'data', 'file=C:\\Users\\peral\\AppData\\Local\\Temp\\tmphqw8uy9n\\qy83gd8f.json', 'init=C:\\Users\\peral\\AppData\\Local\\Temp\\tmphqw8uy9n\\ft_hgg_9.json', 'output', 'file=C:\\Users\\peral\\AppData\\Local\\Temp\\tmphqw8uy9n\\prophet_modelnnzyduae\\prophet_model-20251005115446.csv', 'method=optimize', 'algorithm=lbfgs', 'iter=10000']
2025-10-05 11:54:46,632 - [INFO] - Chain [1] start processing
2025-10-05 11:54:46,701 - [INFO] - Chain [1] done processing
2025-10-05 11:54:46,808 - [WARNING] - High MAPE (298.5%) for product 25891401 — forecast may be unreliable
2025-10-05 11:54:47,090 - [INFO] - HTTP Request: POST https://ytuiqgrpbwdxrmbzssrb.supabase.co/rest/v1/policy_recommendations "HTTP/2 201 Created"
2025-10-05 11:54:47,093 - [INFO] - Forecast for product 25891401: 1704 units (MAPE: 298.5%)
2025-10-05 11:54:47,100 - [DEBUG] - cmd: where.exe tbb.dll
cwd: None
2025-10-05 11:54:47,281 - [DEBUG] - TBB already found in load path
2025-10-05 11:54:47,345 - [DEBUG] - input tempfile: C:\Users\peral\AppData\Local\Temp\tmphqw8uy9n\vx9umhqv.json
2025-10-05 11:54:47,389 - [DEBUG] - input tempfile: C:\Users\peral\AppData\Local\Temp\tmphqw8uy9n\yq4gwbf3.json
2025-10-05 11:54:47,393 - [DEBUG] - idx 0
2025-10-05 11:54:47,393 - [DEBUG] - running CmdStan, num_threads: None
2025-10-05 11:54:47,394 - [DEBUG] - CmdStan args: ['C:\\Users\\peral\\AppData\\Local\\Programs\\Python\\Python313\\Lib\\site-packages\\prophet\\stan_model\\prophet_model.bin', 'random', 'seed=99718', 'data', 'file=C:\\Users\\peral\\AppData\\Local\\Temp\\tmphqw8uy9n\\vx9umhqv.json', 'init=C:\\Users\\peral\\AppData\\Local\\Temp\\tmphqw8uy9n\\yq4gwbf3.json', 'output', 'file=C:\\Users\\peral\\AppData\\Local\\Temp\\tmphqw8uy9n\\prophet_modelw2zyu6ym\\prophet_model-20251005115447.csv', 'method=optimize', 'algorithm=lbfgs', 'iter=10000']
2025-10-05 11:54:47,394 - [INFO] - Chain [1] start processing
2025-10-05 11:54:47,473 - [INFO] - Chain [1] done processing
2025-10-05 11:54:47,720 - [INFO] - HTTP Request: POST https://ytuiqgrpbwdxrmbzssrb.supabase.co/rest/v1/policy_recommendations "HTTP/2 201 Created"
2025-10-05 11:54:47,722 - [INFO] - Forecast for product 25891402: 886 units (MAPE: 19.2%)
2025-10-05 11:54:47,729 - [DEBUG] - cmd: where.exe tbb.dll
cwd: None
2025-10-05 11:54:47,909 - [DEBUG] - TBB already found in load path
2025-10-05 11:54:47,941 - [DEBUG] - input tempfile: C:\Users\peral\AppData\Local\Temp\tmphqw8uy9n\d_vfyewx.json
2025-10-05 11:54:47,964 - [DEBUG] - input tempfile: C:\Users\peral\AppData\Local\Temp\tmphqw8uy9n\5f10dybx.json
2025-10-05 11:54:47,968 - [DEBUG] - idx 0
2025-10-05 11:54:47,969 - [DEBUG] - running CmdStan, num_threads: None
2025-10-05 11:54:47,969 - [DEBUG] - CmdStan args: ['C:\\Users\\peral\\AppData\\Local\\Programs\\Python\\Python313\\Lib\\site-packages\\prophet\\stan_model\\prophet_model.bin', 'random', 'seed=556', 'data', 'file=C:\\Users\\peral\\AppData\\Local\\Temp\\tmphqw8uy9n\\d_vfyewx.json', 'init=C:\\Users\\peral\\AppData\\Local\\Temp\\tmphqw8uy9n\\5f10dybx.json', 'output', 'file=C:\\Users\\peral\\AppData\\Local\\Temp\\tmphqw8uy9n\\prophet_modelo00qnclx\\prophet_model-20251005115447.csv', 'method=optimize', 'algorithm=lbfgs', 'iter=10000']
2025-10-05 11:54:47,970 - [INFO] - Chain [1] start processing
2025-10-05 11:54:48,051 - [INFO] - Chain [1] done processing
2025-10-05 11:54:48,169 - [WARNING] - High MAPE (100.0%) for product 25891403 — forecast may be unreliable
2025-10-05 11:54:48,346 - [INFO] - HTTP Request: POST https://ytuiqgrpbwdxrmbzssrb.supabase.co/rest/v1/policy_recommendations "HTTP/2 201 Created"
2025-10-05 11:54:48,348 - [INFO] - Forecast for product 25891403: 56 units (MAPE: 100.0%)
2025-10-05 11:54:48,356 - [DEBUG] - cmd: where.exe tbb.dll
cwd: None
2025-10-05 11:54:48,541 - [DEBUG] - TBB already found in load path
2025-10-05 11:54:48,576 - [DEBUG] - input tempfile: C:\Users\peral\AppData\Local\Temp\tmphqw8uy9n\nzcpfcci.json
2025-10-05 11:54:48,603 - [DEBUG] - input tempfile: C:\Users\peral\AppData\Local\Temp\tmphqw8uy9n\ezs1og11.json
2025-10-05 11:54:48,606 - [DEBUG] - idx 0
2025-10-05 11:54:48,607 - [DEBUG] - running CmdStan, num_threads: None
2025-10-05 11:54:48,607 - [DEBUG] - CmdStan args: ['C:\\Users\\peral\\AppData\\Local\\Programs\\Python\\Python313\\Lib\\site-packages\\prophet\\stan_model\\prophet_model.bin', 'random', 'seed=71893', 'data', 'file=C:\\Users\\peral\\AppData\\Local\\Temp\\tmphqw8uy9n\\nzcpfcci.json', 'init=C:\\Users\\peral\\AppData\\Local\\Temp\\tmphqw8uy9n\\ezs1og11.json', 'output', 'file=C:\\Users\\peral\\AppData\\Local\\Temp\\tmphqw8uy9n\\prophet_modeltkzmbbh3\\prophet_model-20251005115448.csv', 'method=optimize', 'algorithm=lbfgs', 'iter=10000']
2025-10-05 11:54:48,608 - [INFO] - Chain [1] start processing
2025-10-05 11:54:48,680 - [INFO] - Chain [1] done processing
2025-10-05 11:54:48,798 - [WARNING] - High MAPE (189.5%) for product 25891501 — forecast may be unreliable
2025-10-05 11:54:49,035 - [INFO] - HTTP Request: POST https://ytuiqgrpbwdxrmbzssrb.supabase.co/rest/v1/policy_recommendations "HTTP/2 201 Created"
2025-10-05 11:54:49,036 - [INFO] - Forecast for product 25891501: 644 units (MAPE: 189.5%)
2025-10-05 11:54:49,044 - [DEBUG] - cmd: where.exe tbb.dll
cwd: None
2025-10-05 11:54:49,222 - [DEBUG] - TBB already found in load path
2025-10-05 11:54:49,251 - [DEBUG] - input tempfile: C:\Users\peral\AppData\Local\Temp\tmphqw8uy9n\y68wna0g.json
2025-10-05 11:54:49,270 - [DEBUG] - input tempfile: C:\Users\peral\AppData\Local\Temp\tmphqw8uy9n\eid75wz9.json
2025-10-05 11:54:49,273 - [DEBUG] - idx 0
2025-10-05 11:54:49,273 - [DEBUG] - running CmdStan, num_threads: None
2025-10-05 11:54:49,274 - [DEBUG] - CmdStan args: ['C:\\Users\\peral\\AppData\\Local\\Programs\\Python\\Python313\\Lib\\site-packages\\prophet\\stan_model\\prophet_model.bin', 'random', 'seed=49', 'data', 'file=C:\\Users\\peral\\AppData\\Local\\Temp\\tmphqw8uy9n\\y68wna0g.json', 'init=C:\\Users\\peral\\AppData\\Local\\Temp\\tmphqw8uy9n\\eid75wz9.json', 'output', 'file=C:\\Users\\peral\\AppData\\Local\\Temp\\tmphqw8uy9n\\prophet_modelr_jb1d_y\\prophet_model-20251005115449.csv', 'method=optimize', 'algorithm=lbfgs', 'iter=10000']
2025-10-05 11:54:49,274 - [INFO] - Chain [1] start processing
2025-10-05 11:54:49,346 - [INFO] - Chain [1] done processing
2025-10-05 11:54:49,467 - [WARNING] - High MAPE (100.0%) for product 25891502 — forecast may be unreliable
2025-10-05 11:54:49,751 - [INFO] - HTTP Request: POST https://ytuiqgrpbwdxrmbzssrb.supabase.co/rest/v1/policy_recommendations "HTTP/2 201 Created"
2025-10-05 11:54:49,753 - [INFO] - Forecast for product 25891502: 26 units (MAPE: 100.0%)
2025-10-05 11:54:49,761 - [DEBUG] - cmd: where.exe tbb.dll
cwd: None
2025-10-05 11:54:49,941 - [DEBUG] - TBB already found in load path
2025-10-05 11:54:49,970 - [DEBUG] - input tempfile: C:\Users\peral\AppData\Local\Temp\tmphqw8uy9n\q2h6siqa.json
2025-10-05 11:54:49,990 - [DEBUG] - input tempfile: C:\Users\peral\AppData\Local\Temp\tmphqw8uy9n\0yewrat9.json
2025-10-05 11:54:49,994 - [DEBUG] - idx 0
2025-10-05 11:54:49,995 - [DEBUG] - running CmdStan, num_threads: None
2025-10-05 11:54:49,996 - [DEBUG] - CmdStan args: ['C:\\Users\\peral\\AppData\\Local\\Programs\\Python\\Python313\\Lib\\site-packages\\prophet\\stan_model\\prophet_model.bin', 'random', 'seed=93646', 'data', 'file=C:\\Users\\peral\\AppData\\Local\\Temp\\tmphqw8uy9n\\q2h6siqa.json', 'init=C:\\Users\\peral\\AppData\\Local\\Temp\\tmphqw8uy9n\\0yewrat9.json', 'output', 'file=C:\\Users\\peral\\AppData\\Local\\Temp\\tmphqw8uy9n\\prophet_modelkjzjdbu7\\prophet_model-20251005115449.csv', 'method=optimize', 'algorithm=lbfgs', 'iter=10000']
2025-10-05 11:54:49,996 - [INFO] - Chain [1] start processing
2025-10-05 11:54:50,075 - [INFO] - Chain [1] done processing
2025-10-05 11:54:50,496 - [INFO] - HTTP Request: POST https://ytuiqgrpbwdxrmbzssrb.supabase.co/rest/v1/policy_recommendations "HTTP/2 201 Created"
2025-10-05 11:54:50,497 - [INFO] - Forecast for product 25891503: 318 units (MAPE: 23.7%)
2025-10-05 11:54:50,505 - [DEBUG] - cmd: where.exe tbb.dll
cwd: None
2025-10-05 11:54:50,687 - [DEBUG] - TBB already found in load path
2025-10-05 11:54:50,717 - [DEBUG] - input tempfile: C:\Users\peral\AppData\Local\Temp\tmphqw8uy9n\nmisuph1.json
2025-10-05 11:54:50,736 - [DEBUG] - input tempfile: C:\Users\peral\AppData\Local\Temp\tmphqw8uy9n\7lxakxd9.json
2025-10-05 11:54:50,748 - [DEBUG] - idx 0
2025-10-05 11:54:50,749 - [DEBUG] - running CmdStan, num_threads: None
2025-10-05 11:54:50,749 - [DEBUG] - CmdStan args: ['C:\\Users\\peral\\AppData\\Local\\Programs\\Python\\Python313\\Lib\\site-packages\\prophet\\stan_model\\prophet_model.bin', 'random', 'seed=62390', 'data', 'file=C:\\Users\\peral\\AppData\\Local\\Temp\\tmphqw8uy9n\\nmisuph1.json', 'init=C:\\Users\\peral\\AppData\\Local\\Temp\\tmphqw8uy9n\\7lxakxd9.json', 'output', 'file=C:\\Users\\peral\\AppData\\Local\\Temp\\tmphqw8uy9n\\prophet_modelte3d02xn\\prophet_model-20251005115450.csv', 'method=optimize', 'algorithm=lbfgs', 'iter=10000']
2025-10-05 11:54:50,750 - [INFO] - Chain [1] start processing
2025-10-05 11:54:50,832 - [INFO] - Chain [1] done processing
2025-10-05 11:54:51,186 - [INFO] - HTTP Request: POST https://ytuiqgrpbwdxrmbzssrb.supabase.co/rest/v1/policy_recommendations "HTTP/2 201 Created"
2025-10-05 11:54:51,187 - [INFO] - Forecast for product 25891601: 326 units (MAPE: 33.4%)
2025-10-05 11:54:51,195 - [DEBUG] - cmd: where.exe tbb.dll
cwd: None
2025-10-05 11:54:51,388 - [DEBUG] - TBB already found in load path
2025-10-05 11:54:51,418 - [DEBUG] - input tempfile: C:\Users\peral\AppData\Local\Temp\tmphqw8uy9n\2m24cuq9.json
2025-10-05 11:54:51,438 - [DEBUG] - input tempfile: C:\Users\peral\AppData\Local\Temp\tmphqw8uy9n\a4e2v38c.json
2025-10-05 11:54:51,441 - [DEBUG] - idx 0
2025-10-05 11:54:51,441 - [DEBUG] - running CmdStan, num_threads: None
2025-10-05 11:54:51,442 - [DEBUG] - CmdStan args: ['C:\\Users\\peral\\AppData\\Local\\Programs\\Python\\Python313\\Lib\\site-packages\\prophet\\stan_model\\prophet_model.bin', 'random', 'seed=36814', 'data', 'file=C:\\Users\\peral\\AppData\\Local\\Temp\\tmphqw8uy9n\\2m24cuq9.json', 'init=C:\\Users\\peral\\AppData\\Local\\Temp\\tmphqw8uy9n\\a4e2v38c.json', 'output', 'file=C:\\Users\\peral\\AppData\\Local\\Temp\\tmphqw8uy9n\\prophet_modelk3ackak9\\prophet_model-20251005115451.csv', 'method=optimize', 'algorithm=lbfgs', 'iter=10000']
2025-10-05 11:54:51,443 - [INFO] - Chain [1] start processing
2025-10-05 11:54:51,519 - [INFO] - Chain [1] done processing
2025-10-05 11:54:51,635 - [WARNING] - High MAPE (93.0%) for product 25891602 — forecast may be unreliable
2025-10-05 11:54:51,902 - [INFO] - HTTP Request: POST https://ytuiqgrpbwdxrmbzssrb.supabase.co/rest/v1/policy_recommendations "HTTP/2 201 Created"
2025-10-05 11:54:51,904 - [INFO] - Forecast for product 25891602: 122 units (MAPE: 93.0%)
2025-10-05 11:54:51,912 - [DEBUG] - cmd: where.exe tbb.dll
cwd: None
2025-10-05 11:54:52,094 - [DEBUG] - TBB already found in load path
2025-10-05 11:54:52,125 - [DEBUG] - input tempfile: C:\Users\peral\AppData\Local\Temp\tmphqw8uy9n\cjxjrvmd.json
2025-10-05 11:54:52,145 - [DEBUG] - input tempfile: C:\Users\peral\AppData\Local\Temp\tmphqw8uy9n\5u9gk9uw.json
2025-10-05 11:54:52,148 - [DEBUG] - idx 0
2025-10-05 11:54:52,149 - [DEBUG] - running CmdStan, num_threads: None
2025-10-05 11:54:52,149 - [DEBUG] - CmdStan args: ['C:\\Users\\peral\\AppData\\Local\\Programs\\Python\\Python313\\Lib\\site-packages\\prophet\\stan_model\\prophet_model.bin', 'random', 'seed=20479', 'data', 'file=C:\\Users\\peral\\AppData\\Local\\Temp\\tmphqw8uy9n\\cjxjrvmd.json', 'init=C:\\Users\\peral\\AppData\\Local\\Temp\\tmphqw8uy9n\\5u9gk9uw.json', 'output', 'file=C:\\Users\\peral\\AppData\\Local\\Temp\\tmphqw8uy9n\\prophet_model4tyzsi_0\\prophet_model-20251005115452.csv', 'method=optimize', 'algorithm=lbfgs', 'iter=10000']
2025-10-05 11:54:52,150 - [INFO] - Chain [1] start processing
2025-10-05 11:54:52,222 - [INFO] - Chain [1] done processing
2025-10-05 11:54:52,337 - [WARNING] - High MAPE (94.4%) for product 25891603 — forecast may be unreliable
2025-10-05 11:54:52,496 - [INFO] - HTTP Request: POST https://ytuiqgrpbwdxrmbzssrb.supabase.co/rest/v1/policy_recommendations "HTTP/2 201 Created"
2025-10-05 11:54:52,498 - [INFO] - Forecast for product 25891603: 235 units (MAPE: 94.4%)
2025-10-05 11:54:52,499 - [INFO] - Forecasting complete (18 products)
2025-10-05 11:54:52,500 - [INFO] - Forecasting complete (18 products)
2025-10-05 11:54:52,500 - [INFO] - Generating policy recommendations
2025-10-05 11:54:52,501 - [INFO] - Pipeline completed successfully
2025-10-05 11:58:56,655 - [INFO] - Settings loaded (env=default)
2025-10-05 11:58:57,637 - [INFO] - Starting analytics pipeline
2025-10-05 11:58:57,637 - [INFO] - Settings loaded (env=default)
2025-10-05 11:58:58,481 - [INFO] - Running Customer KPI Risk Predictions
2025-10-05 11:58:59,829 - [INFO] - HTTP Request: GET https://ytuiqgrpbwdxrmbzssrb.supabase.co/rest/v1/fact_aggregate?select=%2A "HTTP/2 200 OK"
2025-10-05 11:59:00,080 - [INFO] - HTTP Request: GET https://ytuiqgrpbwdxrmbzssrb.supabase.co/rest/v1/dim_targets_order?select=%2A "HTTP/2 200 OK"
2025-10-05 11:59:00,642 - [INFO] - HTTP Request: POST https://ytuiqgrpbwdxrmbzssrb.supabase.co/rest/v1/kpi_risk_predictions?columns=%22risk_label%22%2C%22customer_id%22%2C%22risk_score%22%2C%22prediction_date%22 "HTTP/2 201 Created"
2025-10-05 11:59:00,661 - [INFO] - Running KPI analysis
2025-10-05 11:59:01,720 - [INFO] - HTTP Request: GET https://ytuiqgrpbwdxrmbzssrb.supabase.co/rest/v1/kpi_summary?select=%2A "HTTP/2 200 OK"
2025-10-05 11:59:01,722 - [INFO] - Fetched 35 KPI summary rows
2025-10-05 11:59:01,723 - [INFO] - KPI analysis complete (35 records)
2025-10-05 11:59:01,723 - [INFO] - Running demand forecasting
2025-10-05 11:59:01,724 - [INFO] - Running demand forecasting
2025-10-05 11:59:01,871 - [INFO] - HTTP Request: GET https://ytuiqgrpbwdxrmbzssrb.supabase.co/rest/v1/fact_order_line?select=order_placement_date%2Cproduct_id%2Corder_qty "HTTP/2 200 OK"
2025-10-05 11:59:01,940 - [DEBUG] - cmd: where.exe tbb.dll
cwd: None
2025-10-05 11:59:02,113 - [DEBUG] - Adding TBB (C:\Users\peral\AppData\Local\Programs\Python\Python313\Lib\site-packages\prophet\stan_model\cmdstan-2.33.1\stan\lib\stan_math\lib\tbb) to PATH
2025-10-05 11:59:02,144 - [DEBUG] - input tempfile: C:\Users\peral\AppData\Local\Temp\tmp7i93w1s2\5jfe1lj2.json
2025-10-05 11:59:02,163 - [DEBUG] - input tempfile: C:\Users\peral\AppData\Local\Temp\tmp7i93w1s2\k10p86yk.json
2025-10-05 11:59:02,175 - [DEBUG] - idx 0
2025-10-05 11:59:02,176 - [DEBUG] - running CmdStan, num_threads: None
2025-10-05 11:59:02,176 - [DEBUG] - CmdStan args: ['C:\\Users\\peral\\AppData\\Local\\Programs\\Python\\Python313\\Lib\\site-packages\\prophet\\stan_model\\prophet_model.bin', 'random', 'seed=1939', 'data', 'file=C:\\Users\\peral\\AppData\\Local\\Temp\\tmp7i93w1s2\\5jfe1lj2.json', 'init=C:\\Users\\peral\\AppData\\Local\\Temp\\tmp7i93w1s2\\k10p86yk.json', 'output', 'file=C:\\Users\\peral\\AppData\\Local\\Temp\\tmp7i93w1s2\\prophet_modelyzse3xyx\\prophet_model-20251005115902.csv', 'method=optimize', 'algorithm=lbfgs', 'iter=10000']
2025-10-05 11:59:02,176 - [INFO] - Chain [1] start processing
2025-10-05 11:59:02,253 - [INFO] - Chain [1] done processing
2025-10-05 11:59:02,354 - [WARNING] - High MAPE (100.0%) for product 25891101 — forecast may be unreliable
2025-10-05 11:59:02,586 - [INFO] - HTTP Request: POST https://ytuiqgrpbwdxrmbzssrb.supabase.co/rest/v1/policy_recommendations "HTTP/2 201 Created"
2025-10-05 11:59:02,588 - [INFO] - Forecast for product 25891101: 117 units (MAPE: 100.0%)
2025-10-05 11:59:02,594 - [DEBUG] - cmd: where.exe tbb.dll
cwd: None
2025-10-05 11:59:02,769 - [DEBUG] - TBB already found in load path
2025-10-05 11:59:02,795 - [DEBUG] - input tempfile: C:\Users\peral\AppData\Local\Temp\tmp7i93w1s2\h_f2nqb9.json
2025-10-05 11:59:02,814 - [DEBUG] - input tempfile: C:\Users\peral\AppData\Local\Temp\tmp7i93w1s2\0w5tcw3y.json
2025-10-05 11:59:02,817 - [DEBUG] - idx 0
2025-10-05 11:59:02,818 - [DEBUG] - running CmdStan, num_threads: None
2025-10-05 11:59:02,818 - [DEBUG] - CmdStan args: ['C:\\Users\\peral\\AppData\\Local\\Programs\\Python\\Python313\\Lib\\site-packages\\prophet\\stan_model\\prophet_model.bin', 'random', 'seed=67101', 'data', 'file=C:\\Users\\peral\\AppData\\Local\\Temp\\tmp7i93w1s2\\h_f2nqb9.json', 'init=C:\\Users\\peral\\AppData\\Local\\Temp\\tmp7i93w1s2\\0w5tcw3y.json', 'output', 'file=C:\\Users\\peral\\AppData\\Local\\Temp\\tmp7i93w1s2\\prophet_modelj9va_5rr\\prophet_model-20251005115902.csv', 'method=optimize', 'algorithm=lbfgs', 'iter=10000']
2025-10-05 11:59:02,819 - [INFO] - Chain [1] start processing
2025-10-05 11:59:02,882 - [INFO] - Chain [1] done processing
2025-10-05 11:59:02,986 - [WARNING] - High MAPE (62.3%) for product 25891102 — forecast may be unreliable
2025-10-05 11:59:03,200 - [INFO] - HTTP Request: POST https://ytuiqgrpbwdxrmbzssrb.supabase.co/rest/v1/policy_recommendations "HTTP/2 201 Created"
2025-10-05 11:59:03,201 - [INFO] - Forecast for product 25891102: 1527 units (MAPE: 62.3%)
2025-10-05 11:59:03,207 - [DEBUG] - cmd: where.exe tbb.dll
cwd: None
2025-10-05 11:59:03,372 - [DEBUG] - TBB already found in load path
2025-10-05 11:59:03,400 - [DEBUG] - input tempfile: C:\Users\peral\AppData\Local\Temp\tmp7i93w1s2\l4nw9cep.json
2025-10-05 11:59:03,420 - [DEBUG] - input tempfile: C:\Users\peral\AppData\Local\Temp\tmp7i93w1s2\eq8uji64.json
2025-10-05 11:59:03,422 - [DEBUG] - idx 0
2025-10-05 11:59:03,423 - [DEBUG] - running CmdStan, num_threads: None
2025-10-05 11:59:03,423 - [DEBUG] - CmdStan args: ['C:\\Users\\peral\\AppData\\Local\\Programs\\Python\\Python313\\Lib\\site-packages\\prophet\\stan_model\\prophet_model.bin', 'random', 'seed=83681', 'data', 'file=C:\\Users\\peral\\AppData\\Local\\Temp\\tmp7i93w1s2\\l4nw9cep.json', 'init=C:\\Users\\peral\\AppData\\Local\\Temp\\tmp7i93w1s2\\eq8uji64.json', 'output', 'file=C:\\Users\\peral\\AppData\\Local\\Temp\\tmp7i93w1s2\\prophet_model6uppimsi\\prophet_model-20251005115903.csv', 'method=optimize', 'algorithm=lbfgs', 'iter=10000']
2025-10-05 11:59:03,424 - [INFO] - Chain [1] start processing
2025-10-05 11:59:03,482 - [INFO] - Chain [1] done processing
2025-10-05 11:59:03,581 - [WARNING] - High MAPE (100.0%) for product 25891103 — forecast may be unreliable
2025-10-05 11:59:03,815 - [INFO] - HTTP Request: POST https://ytuiqgrpbwdxrmbzssrb.supabase.co/rest/v1/policy_recommendations "HTTP/2 201 Created"
2025-10-05 11:59:03,817 - [INFO] - Forecast for product 25891103: 42 units (MAPE: 100.0%)
2025-10-05 11:59:03,823 - [DEBUG] - cmd: where.exe tbb.dll
cwd: None
2025-10-05 11:59:04,009 - [DEBUG] - TBB already found in load path
2025-10-05 11:59:04,039 - [DEBUG] - input tempfile: C:\Users\peral\AppData\Local\Temp\tmp7i93w1s2\1npyjvee.json
2025-10-05 11:59:04,059 - [DEBUG] - input tempfile: C:\Users\peral\AppData\Local\Temp\tmp7i93w1s2\7zgz_ips.json
2025-10-05 11:59:04,062 - [DEBUG] - idx 0
2025-10-05 11:59:04,063 - [DEBUG] - running CmdStan, num_threads: None
2025-10-05 11:59:04,063 - [DEBUG] - CmdStan args: ['C:\\Users\\peral\\AppData\\Local\\Programs\\Python\\Python313\\Lib\\site-packages\\prophet\\stan_model\\prophet_model.bin', 'random', 'seed=69274', 'data', 'file=C:\\Users\\peral\\AppData\\Local\\Temp\\tmp7i93w1s2\\1npyjvee.json', 'init=C:\\Users\\peral\\AppData\\Local\\Temp\\tmp7i93w1s2\\7zgz_ips.json', 'output', 'file=C:\\Users\\peral\\AppData\\Local\\Temp\\tmp7i93w1s2\\prophet_model0tpne1ob\\prophet_model-20251005115904.csv', 'method=optimize', 'algorithm=lbfgs', 'iter=10000']
2025-10-05 11:59:04,064 - [INFO] - Chain [1] start processing
2025-10-05 11:59:04,144 - [INFO] - Chain [1] done processing
2025-10-05 11:59:04,251 - [WARNING] - High MAPE (100.0%) for product 25891201 — forecast may be unreliable
2025-10-05 11:59:04,532 - [INFO] - HTTP Request: POST https://ytuiqgrpbwdxrmbzssrb.supabase.co/rest/v1/policy_recommendations "HTTP/2 201 Created"
2025-10-05 11:59:04,534 - [INFO] - Forecast for product 25891201: 22 units (MAPE: 100.0%)
2025-10-05 11:59:04,542 - [DEBUG] - cmd: where.exe tbb.dll
cwd: None
2025-10-05 11:59:04,734 - [DEBUG] - TBB already found in load path
2025-10-05 11:59:04,764 - [DEBUG] - input tempfile: C:\Users\peral\AppData\Local\Temp\tmp7i93w1s2\add53kqh.json
2025-10-05 11:59:04,787 - [DEBUG] - input tempfile: C:\Users\peral\AppData\Local\Temp\tmp7i93w1s2\jnwwgacl.json
2025-10-05 11:59:04,790 - [DEBUG] - idx 0
2025-10-05 11:59:04,790 - [DEBUG] - running CmdStan, num_threads: None
2025-10-05 11:59:04,791 - [DEBUG] - CmdStan args: ['C:\\Users\\peral\\AppData\\Local\\Programs\\Python\\Python313\\Lib\\site-packages\\prophet\\stan_model\\prophet_model.bin', 'random', 'seed=31447', 'data', 'file=C:\\Users\\peral\\AppData\\Local\\Temp\\tmp7i93w1s2\\add53kqh.json', 'init=C:\\Users\\peral\\AppData\\Local\\Temp\\tmp7i93w1s2\\jnwwgacl.json', 'output', 'file=C:\\Users\\peral\\AppData\\Local\\Temp\\tmp7i93w1s2\\prophet_model0yyiyhfn\\prophet_model-20251005115904.csv', 'method=optimize', 'algorithm=lbfgs', 'iter=10000']
2025-10-05 11:59:04,791 - [INFO] - Chain [1] start processing
2025-10-05 11:59:04,886 - [INFO] - Chain [1] done processing
2025-10-05 11:59:05,203 - [INFO] - HTTP Request: POST https://ytuiqgrpbwdxrmbzssrb.supabase.co/rest/v1/policy_recommendations "HTTP/2 201 Created"
2025-10-05 11:59:05,205 - [INFO] - Forecast for product 25891202: 1249 units (MAPE: 38.8%)
2025-10-05 11:59:05,213 - [DEBUG] - cmd: where.exe tbb.dll
cwd: None
2025-10-05 11:59:05,393 - [DEBUG] - TBB already found in load path
2025-10-05 11:59:05,422 - [DEBUG] - input tempfile: C:\Users\peral\AppData\Local\Temp\tmp7i93w1s2\kzbx2wg6.json
2025-10-05 11:59:05,444 - [DEBUG] - input tempfile: C:\Users\peral\AppData\Local\Temp\tmp7i93w1s2\qwngp2rr.json
2025-10-05 11:59:05,448 - [DEBUG] - idx 0
2025-10-05 11:59:05,451 - [DEBUG] - running CmdStan, num_threads: None
2025-10-05 11:59:05,454 - [DEBUG] - CmdStan args: ['C:\\Users\\peral\\AppData\\Local\\Programs\\Python\\Python313\\Lib\\site-packages\\prophet\\stan_model\\prophet_model.bin', 'random', 'seed=5389', 'data', 'file=C:\\Users\\peral\\AppData\\Local\\Temp\\tmp7i93w1s2\\kzbx2wg6.json', 'init=C:\\Users\\peral\\AppData\\Local\\Temp\\tmp7i93w1s2\\qwngp2rr.json', 'output', 'file=C:\\Users\\peral\\AppData\\Local\\Temp\\tmp7i93w1s2\\prophet_modelp6zb2aeu\\prophet_model-20251005115905.csv', 'method=optimize', 'algorithm=lbfgs', 'iter=10000']
2025-10-05 11:59:05,456 - [INFO] - Chain [1] start processing
2025-10-05 11:59:05,531 - [INFO] - Chain [1] done processing
2025-10-05 11:59:05,865 - [INFO] - HTTP Request: POST https://ytuiqgrpbwdxrmbzssrb.supabase.co/rest/v1/policy_recommendations "HTTP/2 201 Created"
2025-10-05 11:59:05,867 - [INFO] - Forecast for product 25891203: 828 units (MAPE: 6.3%)
2025-10-05 11:59:05,874 - [DEBUG] - cmd: where.exe tbb.dll
cwd: None
2025-10-05 11:59:06,053 - [DEBUG] - TBB already found in load path
2025-10-05 11:59:06,080 - [DEBUG] - input tempfile: C:\Users\peral\AppData\Local\Temp\tmp7i93w1s2\dudhb2n3.json
2025-10-05 11:59:06,098 - [DEBUG] - input tempfile: C:\Users\peral\AppData\Local\Temp\tmp7i93w1s2\hodn_60m.json
2025-10-05 11:59:06,102 - [DEBUG] - idx 0
2025-10-05 11:59:06,102 - [DEBUG] - running CmdStan, num_threads: None
2025-10-05 11:59:06,103 - [DEBUG] - CmdStan args: ['C:\\Users\\peral\\AppData\\Local\\Programs\\Python\\Python313\\Lib\\site-packages\\prophet\\stan_model\\prophet_model.bin', 'random', 'seed=78493', 'data', 'file=C:\\Users\\peral\\AppData\\Local\\Temp\\tmp7i93w1s2\\dudhb2n3.json', 'init=C:\\Users\\peral\\AppData\\Local\\Temp\\tmp7i93w1s2\\hodn_60m.json', 'output', 'file=C:\\Users\\peral\\AppData\\Local\\Temp\\tmp7i93w1s2\\prophet_model6xajew77\\prophet_model-20251005115906.csv', 'method=optimize', 'algorithm=lbfgs', 'iter=10000']
2025-10-05 11:59:06,103 - [INFO] - Chain [1] start processing
2025-10-05 11:59:06,176 - [INFO] - Chain [1] done processing
2025-10-05 11:59:06,289 - [WARNING] - High MAPE (51.6%) for product 25891301 — forecast may be unreliable
2025-10-05 11:59:06,596 - [INFO] - HTTP Request: POST https://ytuiqgrpbwdxrmbzssrb.supabase.co/rest/v1/policy_recommendations "HTTP/2 201 Created"
2025-10-05 11:59:06,598 - [INFO] - Forecast for product 25891301: 264 units (MAPE: 51.6%)
2025-10-05 11:59:06,609 - [DEBUG] - cmd: where.exe tbb.dll
cwd: None
2025-10-05 11:59:06,798 - [DEBUG] - TBB already found in load path
2025-10-05 11:59:06,827 - [DEBUG] - input tempfile: C:\Users\peral\AppData\Local\Temp\tmp7i93w1s2\5jypz2hr.json
2025-10-05 11:59:06,845 - [DEBUG] - input tempfile: C:\Users\peral\AppData\Local\Temp\tmp7i93w1s2\mzdh1dev.json
2025-10-05 11:59:06,849 - [DEBUG] - idx 0
2025-10-05 11:59:06,850 - [DEBUG] - running CmdStan, num_threads: None
2025-10-05 11:59:06,850 - [DEBUG] - CmdStan args: ['C:\\Users\\peral\\AppData\\Local\\Programs\\Python\\Python313\\Lib\\site-packages\\prophet\\stan_model\\prophet_model.bin', 'random', 'seed=11220', 'data', 'file=C:\\Users\\peral\\AppData\\Local\\Temp\\tmp7i93w1s2\\5jypz2hr.json', 'init=C:\\Users\\peral\\AppData\\Local\\Temp\\tmp7i93w1s2\\mzdh1dev.json', 'output', 'file=C:\\Users\\peral\\AppData\\Local\\Temp\\tmp7i93w1s2\\prophet_modeljtybgt9o\\prophet_model-20251005115906.csv', 'method=optimize', 'algorithm=lbfgs', 'iter=10000']
2025-10-05 11:59:06,851 - [INFO] - Chain [1] start processing
2025-10-05 11:59:06,927 - [INFO] - Chain [1] done processing
2025-10-05 11:59:07,038 - [WARNING] - High MAPE (90.0%) for product 25891302 — forecast may be unreliable
2025-10-05 11:59:07,298 - [INFO] - HTTP Request: POST https://ytuiqgrpbwdxrmbzssrb.supabase.co/rest/v1/policy_recommendations "HTTP/2 201 Created"
2025-10-05 11:59:07,300 - [INFO] - Forecast for product 25891302: 32 units (MAPE: 90.0%)
2025-10-05 11:59:07,307 - [DEBUG] - cmd: where.exe tbb.dll
cwd: None
2025-10-05 11:59:07,491 - [DEBUG] - TBB already found in load path
2025-10-05 11:59:07,527 - [DEBUG] - input tempfile: C:\Users\peral\AppData\Local\Temp\tmp7i93w1s2\51tkfeyh.json
2025-10-05 11:59:07,547 - [DEBUG] - input tempfile: C:\Users\peral\AppData\Local\Temp\tmp7i93w1s2\dws3j3fk.json
2025-10-05 11:59:07,550 - [DEBUG] - idx 0
2025-10-05 11:59:07,550 - [DEBUG] - running CmdStan, num_threads: None
2025-10-05 11:59:07,551 - [DEBUG] - CmdStan args: ['C:\\Users\\peral\\AppData\\Local\\Programs\\Python\\Python313\\Lib\\site-packages\\prophet\\stan_model\\prophet_model.bin', 'random', 'seed=37780', 'data', 'file=C:\\Users\\peral\\AppData\\Local\\Temp\\tmp7i93w1s2\\51tkfeyh.json', 'init=C:\\Users\\peral\\AppData\\Local\\Temp\\tmp7i93w1s2\\dws3j3fk.json', 'output', 'file=C:\\Users\\peral\\AppData\\Local\\Temp\\tmp7i93w1s2\\prophet_model91ql76_n\\prophet_model-20251005115907.csv', 'method=optimize', 'algorithm=lbfgs', 'iter=10000']
2025-10-05 11:59:07,551 - [INFO] - Chain [1] start processing
2025-10-05 11:59:07,625 - [INFO] - Chain [1] done processing
2025-10-05 11:59:07,731 - [WARNING] - High MAPE (100.0%) for product 25891303 — forecast may be unreliable
2025-10-05 11:59:07,968 - [INFO] - HTTP Request: POST https://ytuiqgrpbwdxrmbzssrb.supabase.co/rest/v1/policy_recommendations "HTTP/2 201 Created"
2025-10-05 11:59:07,970 - [INFO] - Forecast for product 25891303: 13 units (MAPE: 100.0%)
2025-10-05 11:59:07,977 - [DEBUG] - cmd: where.exe tbb.dll
cwd: None
2025-10-05 11:59:08,158 - [DEBUG] - TBB already found in load path
2025-10-05 11:59:08,187 - [DEBUG] - input tempfile: C:\Users\peral\AppData\Local\Temp\tmp7i93w1s2\egiezgik.json
2025-10-05 11:59:08,205 - [DEBUG] - input tempfile: C:\Users\peral\AppData\Local\Temp\tmp7i93w1s2\h9fclqqj.json
2025-10-05 11:59:08,209 - [DEBUG] - idx 0
2025-10-05 11:59:08,210 - [DEBUG] - running CmdStan, num_threads: None
2025-10-05 11:59:08,210 - [DEBUG] - CmdStan args: ['C:\\Users\\peral\\AppData\\Local\\Programs\\Python\\Python313\\Lib\\site-packages\\prophet\\stan_model\\prophet_model.bin', 'random', 'seed=91289', 'data', 'file=C:\\Users\\peral\\AppData\\Local\\Temp\\tmp7i93w1s2\\egiezgik.json', 'init=C:\\Users\\peral\\AppData\\Local\\Temp\\tmp7i93w1s2\\h9fclqqj.json', 'output', 'file=C:\\Users\\peral\\AppData\\Local\\Temp\\tmp7i93w1s2\\prophet_modelf85hpky0\\prophet_model-20251005115908.csv', 'method=optimize', 'algorithm=lbfgs', 'iter=10000']
2025-10-05 11:59:08,211 - [INFO] - Chain [1] start processing
2025-10-05 11:59:08,288 - [INFO] - Chain [1] done processing
2025-10-05 11:59:08,395 - [WARNING] - High MAPE (298.5%) for product 25891401 — forecast may be unreliable
2025-10-05 11:59:08,569 - [INFO] - HTTP Request: POST https://ytuiqgrpbwdxrmbzssrb.supabase.co/rest/v1/policy_recommendations "HTTP/2 201 Created"
2025-10-05 11:59:08,570 - [INFO] - Forecast for product 25891401: 1704 units (MAPE: 298.5%)
2025-10-05 11:59:08,577 - [DEBUG] - cmd: where.exe tbb.dll
cwd: None
2025-10-05 11:59:08,759 - [DEBUG] - TBB already found in load path
2025-10-05 11:59:08,787 - [DEBUG] - input tempfile: C:\Users\peral\AppData\Local\Temp\tmp7i93w1s2\1uq0dqb6.json
2025-10-05 11:59:08,807 - [DEBUG] - input tempfile: C:\Users\peral\AppData\Local\Temp\tmp7i93w1s2\hmvgzv6w.json
2025-10-05 11:59:08,810 - [DEBUG] - idx 0
2025-10-05 11:59:08,811 - [DEBUG] - running CmdStan, num_threads: None
2025-10-05 11:59:08,812 - [DEBUG] - CmdStan args: ['C:\\Users\\peral\\AppData\\Local\\Programs\\Python\\Python313\\Lib\\site-packages\\prophet\\stan_model\\prophet_model.bin', 'random', 'seed=45078', 'data', 'file=C:\\Users\\peral\\AppData\\Local\\Temp\\tmp7i93w1s2\\1uq0dqb6.json', 'init=C:\\Users\\peral\\AppData\\Local\\Temp\\tmp7i93w1s2\\hmvgzv6w.json', 'output', 'file=C:\\Users\\peral\\AppData\\Local\\Temp\\tmp7i93w1s2\\prophet_modelkoonxam1\\prophet_model-20251005115908.csv', 'method=optimize', 'algorithm=lbfgs', 'iter=10000']
2025-10-05 11:59:08,813 - [INFO] - Chain [1] start processing
2025-10-05 11:59:08,889 - [INFO] - Chain [1] done processing
2025-10-05 11:59:09,195 - [INFO] - HTTP Request: POST https://ytuiqgrpbwdxrmbzssrb.supabase.co/rest/v1/policy_recommendations "HTTP/2 201 Created"
2025-10-05 11:59:09,197 - [INFO] - Forecast for product 25891402: 886 units (MAPE: 19.2%)
2025-10-05 11:59:09,204 - [DEBUG] - cmd: where.exe tbb.dll
cwd: None
2025-10-05 11:59:09,399 - [DEBUG] - TBB already found in load path
2025-10-05 11:59:09,433 - [DEBUG] - input tempfile: C:\Users\peral\AppData\Local\Temp\tmp7i93w1s2\86r9hgqr.json
2025-10-05 11:59:09,453 - [DEBUG] - input tempfile: C:\Users\peral\AppData\Local\Temp\tmp7i93w1s2\5pw__hu_.json
2025-10-05 11:59:09,455 - [DEBUG] - idx 0
2025-10-05 11:59:09,456 - [DEBUG] - running CmdStan, num_threads: None
2025-10-05 11:59:09,456 - [DEBUG] - CmdStan args: ['C:\\Users\\peral\\AppData\\Local\\Programs\\Python\\Python313\\Lib\\site-packages\\prophet\\stan_model\\prophet_model.bin', 'random', 'seed=74793', 'data', 'file=C:\\Users\\peral\\AppData\\Local\\Temp\\tmp7i93w1s2\\86r9hgqr.json', 'init=C:\\Users\\peral\\AppData\\Local\\Temp\\tmp7i93w1s2\\5pw__hu_.json', 'output', 'file=C:\\Users\\peral\\AppData\\Local\\Temp\\tmp7i93w1s2\\prophet_modelpr48ug_b\\prophet_model-20251005115909.csv', 'method=optimize', 'algorithm=lbfgs', 'iter=10000']
2025-10-05 11:59:09,457 - [INFO] - Chain [1] start processing
2025-10-05 11:59:09,530 - [INFO] - Chain [1] done processing
2025-10-05 11:59:09,643 - [WARNING] - High MAPE (100.0%) for product 25891403 — forecast may be unreliable
2025-10-05 11:59:10,003 - [INFO] - HTTP Request: POST https://ytuiqgrpbwdxrmbzssrb.supabase.co/rest/v1/policy_recommendations "HTTP/2 201 Created"
2025-10-05 11:59:10,005 - [INFO] - Forecast for product 25891403: 56 units (MAPE: 100.0%)
2025-10-05 11:59:10,012 - [DEBUG] - cmd: where.exe tbb.dll
cwd: None
2025-10-05 11:59:10,196 - [DEBUG] - TBB already found in load path
2025-10-05 11:59:10,230 - [DEBUG] - input tempfile: C:\Users\peral\AppData\Local\Temp\tmp7i93w1s2\hqdxh_06.json
2025-10-05 11:59:10,251 - [DEBUG] - input tempfile: C:\Users\peral\AppData\Local\Temp\tmp7i93w1s2\l16mjr7m.json
2025-10-05 11:59:10,255 - [DEBUG] - idx 0
2025-10-05 11:59:10,256 - [DEBUG] - running CmdStan, num_threads: None
2025-10-05 11:59:10,256 - [DEBUG] - CmdStan args: ['C:\\Users\\peral\\AppData\\Local\\Programs\\Python\\Python313\\Lib\\site-packages\\prophet\\stan_model\\prophet_model.bin', 'random', 'seed=96829', 'data', 'file=C:\\Users\\peral\\AppData\\Local\\Temp\\tmp7i93w1s2\\hqdxh_06.json', 'init=C:\\Users\\peral\\AppData\\Local\\Temp\\tmp7i93w1s2\\l16mjr7m.json', 'output', 'file=C:\\Users\\peral\\AppData\\Local\\Temp\\tmp7i93w1s2\\prophet_modelm3bxob8e\\prophet_model-20251005115910.csv', 'method=optimize', 'algorithm=lbfgs', 'iter=10000']
2025-10-05 11:59:10,258 - [INFO] - Chain [1] start processing
2025-10-05 11:59:10,344 - [INFO] - Chain [1] done processing
2025-10-05 11:59:10,461 - [WARNING] - High MAPE (189.5%) for product 25891501 — forecast may be unreliable
2025-10-05 11:59:10,676 - [INFO] - HTTP Request: POST https://ytuiqgrpbwdxrmbzssrb.supabase.co/rest/v1/policy_recommendations "HTTP/2 201 Created"
2025-10-05 11:59:10,678 - [INFO] - Forecast for product 25891501: 644 units (MAPE: 189.5%)
2025-10-05 11:59:10,687 - [DEBUG] - cmd: where.exe tbb.dll
cwd: None
2025-10-05 11:59:10,867 - [DEBUG] - TBB already found in load path
2025-10-05 11:59:10,899 - [DEBUG] - input tempfile: C:\Users\peral\AppData\Local\Temp\tmp7i93w1s2\qiekdetb.json
2025-10-05 11:59:10,920 - [DEBUG] - input tempfile: C:\Users\peral\AppData\Local\Temp\tmp7i93w1s2\1zdwurd8.json
2025-10-05 11:59:10,924 - [DEBUG] - idx 0
2025-10-05 11:59:10,925 - [DEBUG] - running CmdStan, num_threads: None
2025-10-05 11:59:10,925 - [DEBUG] - CmdStan args: ['C:\\Users\\peral\\AppData\\Local\\Programs\\Python\\Python313\\Lib\\site-packages\\prophet\\stan_model\\prophet_model.bin', 'random', 'seed=58947', 'data', 'file=C:\\Users\\peral\\AppData\\Local\\Temp\\tmp7i93w1s2\\qiekdetb.json', 'init=C:\\Users\\peral\\AppData\\Local\\Temp\\tmp7i93w1s2\\1zdwurd8.json', 'output', 'file=C:\\Users\\peral\\AppData\\Local\\Temp\\tmp7i93w1s2\\prophet_model06h_oy44\\prophet_model-20251005115910.csv', 'method=optimize', 'algorithm=lbfgs', 'iter=10000']
2025-10-05 11:59:10,925 - [INFO] - Chain [1] start processing
2025-10-05 11:59:10,997 - [INFO] - Chain [1] done processing
2025-10-05 11:59:11,110 - [WARNING] - High MAPE (100.0%) for product 25891502 — forecast may be unreliable
2025-10-05 11:59:11,291 - [INFO] - HTTP Request: POST https://ytuiqgrpbwdxrmbzssrb.supabase.co/rest/v1/policy_recommendations "HTTP/2 201 Created"
2025-10-05 11:59:11,294 - [INFO] - Forecast for product 25891502: 26 units (MAPE: 100.0%)
2025-10-05 11:59:11,302 - [DEBUG] - cmd: where.exe tbb.dll
cwd: None
2025-10-05 11:59:11,493 - [DEBUG] - TBB already found in load path
2025-10-05 11:59:11,524 - [DEBUG] - input tempfile: C:\Users\peral\AppData\Local\Temp\tmp7i93w1s2\v445zbck.json
2025-10-05 11:59:11,543 - [DEBUG] - input tempfile: C:\Users\peral\AppData\Local\Temp\tmp7i93w1s2\kdn74wk5.json
2025-10-05 11:59:11,547 - [DEBUG] - idx 0
2025-10-05 11:59:11,548 - [DEBUG] - running CmdStan, num_threads: None
2025-10-05 11:59:11,548 - [DEBUG] - CmdStan args: ['C:\\Users\\peral\\AppData\\Local\\Programs\\Python\\Python313\\Lib\\site-packages\\prophet\\stan_model\\prophet_model.bin', 'random', 'seed=48766', 'data', 'file=C:\\Users\\peral\\AppData\\Local\\Temp\\tmp7i93w1s2\\v445zbck.json', 'init=C:\\Users\\peral\\AppData\\Local\\Temp\\tmp7i93w1s2\\kdn74wk5.json', 'output', 'file=C:\\Users\\peral\\AppData\\Local\\Temp\\tmp7i93w1s2\\prophet_modelez50uglz\\prophet_model-20251005115911.csv', 'method=optimize', 'algorithm=lbfgs', 'iter=10000']
2025-10-05 11:59:11,549 - [INFO] - Chain [1] start processing
2025-10-05 11:59:11,636 - [INFO] - Chain [1] done processing
2025-10-05 11:59:12,007 - [INFO] - HTTP Request: POST https://ytuiqgrpbwdxrmbzssrb.supabase.co/rest/v1/policy_recommendations "HTTP/2 201 Created"
2025-10-05 11:59:12,009 - [INFO] - Forecast for product 25891503: 318 units (MAPE: 23.7%)
2025-10-05 11:59:12,018 - [DEBUG] - cmd: where.exe tbb.dll
cwd: None
2025-10-05 11:59:12,220 - [DEBUG] - TBB already found in load path
2025-10-05 11:59:12,248 - [DEBUG] - input tempfile: C:\Users\peral\AppData\Local\Temp\tmp7i93w1s2\m5crhjow.json
2025-10-05 11:59:12,267 - [DEBUG] - input tempfile: C:\Users\peral\AppData\Local\Temp\tmp7i93w1s2\d1zkcobq.json
2025-10-05 11:59:12,281 - [DEBUG] - idx 0
2025-10-05 11:59:12,281 - [DEBUG] - running CmdStan, num_threads: None
2025-10-05 11:59:12,282 - [DEBUG] - CmdStan args: ['C:\\Users\\peral\\AppData\\Local\\Programs\\Python\\Python313\\Lib\\site-packages\\prophet\\stan_model\\prophet_model.bin', 'random', 'seed=76573', 'data', 'file=C:\\Users\\peral\\AppData\\Local\\Temp\\tmp7i93w1s2\\m5crhjow.json', 'init=C:\\Users\\peral\\AppData\\Local\\Temp\\tmp7i93w1s2\\d1zkcobq.json', 'output', 'file=C:\\Users\\peral\\AppData\\Local\\Temp\\tmp7i93w1s2\\prophet_modelm9lvku62\\prophet_model-20251005115912.csv', 'method=optimize', 'algorithm=lbfgs', 'iter=10000']
2025-10-05 11:59:12,282 - [INFO] - Chain [1] start processing
2025-10-05 11:59:12,359 - [INFO] - Chain [1] done processing
2025-10-05 11:59:12,724 - [INFO] - HTTP Request: POST https://ytuiqgrpbwdxrmbzssrb.supabase.co/rest/v1/policy_recommendations "HTTP/2 201 Created"
2025-10-05 11:59:12,726 - [INFO] - Forecast for product 25891601: 326 units (MAPE: 33.4%)
2025-10-05 11:59:12,733 - [DEBUG] - cmd: where.exe tbb.dll
cwd: None
2025-10-05 11:59:12,922 - [DEBUG] - TBB already found in load path
2025-10-05 11:59:12,951 - [DEBUG] - input tempfile: C:\Users\peral\AppData\Local\Temp\tmp7i93w1s2\js06_zcq.json
2025-10-05 11:59:12,970 - [DEBUG] - input tempfile: C:\Users\peral\AppData\Local\Temp\tmp7i93w1s2\og09xzy4.json
2025-10-05 11:59:12,973 - [DEBUG] - idx 0
2025-10-05 11:59:12,973 - [DEBUG] - running CmdStan, num_threads: None
2025-10-05 11:59:12,974 - [DEBUG] - CmdStan args: ['C:\\Users\\peral\\AppData\\Local\\Programs\\Python\\Python313\\Lib\\site-packages\\prophet\\stan_model\\prophet_model.bin', 'random', 'seed=37842', 'data', 'file=C:\\Users\\peral\\AppData\\Local\\Temp\\tmp7i93w1s2\\js06_zcq.json', 'init=C:\\Users\\peral\\AppData\\Local\\Temp\\tmp7i93w1s2\\og09xzy4.json', 'output', 'file=C:\\Users\\peral\\AppData\\Local\\Temp\\tmp7i93w1s2\\prophet_model64_mk6ac\\prophet_model-20251005115912.csv', 'method=optimize', 'algorithm=lbfgs', 'iter=10000']
2025-10-05 11:59:12,974 - [INFO] - Chain [1] start processing
2025-10-05 11:59:13,045 - [INFO] - Chain [1] done processing
2025-10-05 11:59:13,144 - [WARNING] - High MAPE (93.0%) for product 25891602 — forecast may be unreliable
2025-10-05 11:59:13,461 - [INFO] - HTTP Request: POST https://ytuiqgrpbwdxrmbzssrb.supabase.co/rest/v1/policy_recommendations "HTTP/2 201 Created"
2025-10-05 11:59:13,462 - [INFO] - Forecast for product 25891602: 122 units (MAPE: 93.0%)
2025-10-05 11:59:13,471 - [DEBUG] - cmd: where.exe tbb.dll
cwd: None
2025-10-05 11:59:13,660 - [DEBUG] - TBB already found in load path
2025-10-05 11:59:13,693 - [DEBUG] - input tempfile: C:\Users\peral\AppData\Local\Temp\tmp7i93w1s2\y3t2p_yb.json
2025-10-05 11:59:13,712 - [DEBUG] - input tempfile: C:\Users\peral\AppData\Local\Temp\tmp7i93w1s2\c49ayk85.json
2025-10-05 11:59:13,715 - [DEBUG] - idx 0
2025-10-05 11:59:13,716 - [DEBUG] - running CmdStan, num_threads: None
2025-10-05 11:59:13,716 - [DEBUG] - CmdStan args: ['C:\\Users\\peral\\AppData\\Local\\Programs\\Python\\Python313\\Lib\\site-packages\\prophet\\stan_model\\prophet_model.bin', 'random', 'seed=6568', 'data', 'file=C:\\Users\\peral\\AppData\\Local\\Temp\\tmp7i93w1s2\\y3t2p_yb.json', 'init=C:\\Users\\peral\\AppData\\Local\\Temp\\tmp7i93w1s2\\c49ayk85.json', 'output', 'file=C:\\Users\\peral\\AppData\\Local\\Temp\\tmp7i93w1s2\\prophet_modelil2bgbfh\\prophet_model-20251005115913.csv', 'method=optimize', 'algorithm=lbfgs', 'iter=10000']
2025-10-05 11:59:13,717 - [INFO] - Chain [1] start processing
2025-10-05 11:59:13,843 - [INFO] - Chain [1] done processing
2025-10-05 11:59:13,943 - [WARNING] - High MAPE (94.4%) for product 25891603 — forecast may be unreliable
2025-10-05 11:59:14,158 - [INFO] - HTTP Request: POST https://ytuiqgrpbwdxrmbzssrb.supabase.co/rest/v1/policy_recommendations "HTTP/2 201 Created"
2025-10-05 11:59:14,160 - [INFO] - Forecast for product 25891603: 235 units (MAPE: 94.4%)
2025-10-05 11:59:14,161 - [INFO] - Forecasting complete (18 products)
2025-10-05 11:59:14,162 - [INFO] - Forecasting complete (18 products)
2025-10-05 11:59:14,162 - [INFO] - Generating policy recommendations
2025-10-05 11:59:14,162 - [INFO] - Pipeline completed successfully
2025-10-05 12:01:15,468 - [INFO] - Settings loaded (env=default)
2025-10-05 12:01:17,862 - [INFO] - HTTP Request: GET https://ytuiqgrpbwdxrmbzssrb.supabase.co/rest/v1/fact_aggregate?select=%2A "HTTP/2 200 OK"
2025-10-05 12:01:18,015 - [INFO] - HTTP Request: GET https://ytuiqgrpbwdxrmbzssrb.supabase.co/rest/v1/dim_targets_order?select=%2A "HTTP/2 200 OK"
2025-10-05 12:01:18,681 - [INFO] - HTTP Request: POST https://ytuiqgrpbwdxrmbzssrb.supabase.co/rest/v1/kpi_risk_predictions?columns=%22customer_id%22%2C%22risk_label%22%2C%22prediction_date%22%2C%22risk_score%22 "HTTP/2 201 Created"
2025-10-05 12:03:28,601 - [INFO] - Settings loaded (env=default)
2025-10-05 12:03:29,555 - [INFO] - Starting Customer KPI Risk Pipeline...
2025-10-05 12:03:29,556 - [INFO] -  Fetching KPI data from Supabase...
2025-10-05 12:03:30,989 - [INFO] - HTTP Request: GET https://ytuiqgrpbwdxrmbzssrb.supabase.co/rest/v1/fact_aggregate?select=%2A "HTTP/2 200 OK"
2025-10-05 12:03:31,190 - [INFO] - HTTP Request: GET https://ytuiqgrpbwdxrmbzssrb.supabase.co/rest/v1/dim_targets_order?select=%2A "HTTP/2 200 OK"
2025-10-05 12:03:31,199 - [INFO] -  Retrieved 1000 KPI rows for analysis.
2025-10-05 12:03:31,200 - [INFO] - Preparing dataset for risk model...
2025-10-05 12:03:31,205 - [WARNING] -  'cost_target%' not found — using default target=0.7 for 'target_cost'.
2025-10-05 12:03:31,206 - [WARNING] -  'quality_target%' not found — using default target=0.7 for 'target_quality'.
2025-10-05 12:03:31,210 - [INFO] -  Dataset prepared with 1000 rows and features ['otif_pct', 'target_otif', 'target_cost', 'target_quality']
2025-10-05 12:03:31,219 - [WARNING] -  Only one class detected — generating dummy predictions.
2025-10-05 12:03:31,601 - [INFO] - HTTP Request: POST https://ytuiqgrpbwdxrmbzssrb.supabase.co/rest/v1/kpi_risk_predictions?columns=%22prediction_date%22%2C%22risk_label%22%2C%22customer_id%22%2C%22risk_score%22 "HTTP/2 201 Created"
2025-10-05 12:03:31,610 - [INFO] -  Successfully inserted 1000 predictions.
2025-10-05 12:03:31,611 - [INFO] -  Customer risk pipeline completed successfully.
2025-10-05 12:04:02,124 - [INFO] - Settings loaded (env=default)
2025-10-05 12:04:03,134 - [INFO] - Starting Customer KPI Risk Pipeline...
2025-10-05 12:04:03,135 - [INFO] -  Fetching KPI data from Supabase...
2025-10-05 12:04:04,473 - [INFO] - HTTP Request: GET https://ytuiqgrpbwdxrmbzssrb.supabase.co/rest/v1/fact_aggregate?select=%2A "HTTP/2 200 OK"
2025-10-05 12:04:04,633 - [INFO] - HTTP Request: GET https://ytuiqgrpbwdxrmbzssrb.supabase.co/rest/v1/dim_targets_order?select=%2A "HTTP/2 200 OK"
2025-10-05 12:04:04,644 - [INFO] -  Retrieved 1000 KPI rows for analysis.
2025-10-05 12:04:04,645 - [INFO] - Preparing dataset for risk model...
2025-10-05 12:04:04,650 - [WARNING] -  'cost_target%' not found — using default target=0.7 for 'target_cost'.
2025-10-05 12:04:04,652 - [WARNING] -  'quality_target%' not found — using default target=0.7 for 'target_quality'.
2025-10-05 12:04:04,657 - [INFO] -  Dataset prepared with 1000 rows and features ['otif_pct', 'target_otif', 'target_cost', 'target_quality']
2025-10-05 12:04:04,667 - [WARNING] -  Only one class detected — generating dummy predictions.
2025-10-05 12:04:04,669 - [INFO] -  Uploading risk predictions to Supabase...
2025-10-05 12:04:05,189 - [INFO] - HTTP Request: POST https://ytuiqgrpbwdxrmbzssrb.supabase.co/rest/v1/kpi_risk_predictions?columns=%22risk_label%22%2C%22risk_score%22%2C%22prediction_date%22%2C%22customer_id%22 "HTTP/2 201 Created"
2025-10-05 12:04:05,196 - [INFO] -  Successfully inserted 1000 predictions.
2025-10-05 12:04:05,197 - [INFO] -  Customer risk pipeline completed successfully.
2025-10-05 12:04:24,622 - [INFO] - Settings loaded (env=default)
2025-10-05 12:04:25,578 - [INFO] - Starting Customer KPI Risk Pipeline...
2025-10-05 12:04:25,578 - [INFO] -  Fetching KPI data from Supabase...
2025-10-05 12:04:26,598 - [INFO] - HTTP Request: GET https://ytuiqgrpbwdxrmbzssrb.supabase.co/rest/v1/fact_aggregate?select=%2A "HTTP/2 200 OK"
2025-10-05 12:04:26,900 - [INFO] - HTTP Request: GET https://ytuiqgrpbwdxrmbzssrb.supabase.co/rest/v1/dim_targets_order?select=%2A "HTTP/2 200 OK"
2025-10-05 12:04:26,912 - [INFO] -  Retrieved 1000 KPI rows for analysis.
2025-10-05 12:04:26,913 - [INFO] - Preparing dataset for risk model...
2025-10-05 12:04:26,918 - [WARNING] -  'cost_target%' not found — using default target=0.7 for 'target_cost'.
2025-10-05 12:04:26,919 - [WARNING] -  'quality_target%' not found — using default target=0.7 for 'target_quality'.
2025-10-05 12:04:26,923 - [INFO] -  Dataset prepared with 1000 rows and features ['otif_pct', 'target_otif', 'target_cost', 'target_quality']
2025-10-05 12:04:26,924 - [INFO] -  Training LightGBM model for customer risk prediction...
2025-10-05 12:04:26,925 - [WARNING] -  Only one class detected — generating dummy predictions.
2025-10-05 12:04:26,927 - [INFO] -  Uploading risk predictions to Supabase...
2025-10-05 12:04:27,411 - [INFO] - HTTP Request: POST https://ytuiqgrpbwdxrmbzssrb.supabase.co/rest/v1/kpi_risk_predictions?columns=%22prediction_date%22%2C%22customer_id%22%2C%22risk_label%22%2C%22risk_score%22 "HTTP/2 201 Created"
2025-10-05 12:04:27,420 - [INFO] -  Successfully inserted 1000 predictions.
2025-10-05 12:04:27,421 - [INFO] -  Customer risk pipeline completed successfully.
2025-10-05 12:14:51,827 - [INFO] - Settings loaded (env=default)
2025-10-05 12:14:52,781 - [INFO] -  Starting Customer KPI Risk Pipeline...
2025-10-05 12:14:52,786 - [INFO] -  Fetching KPI data from Supabase...
2025-10-05 12:14:54,633 - [INFO] - HTTP Request: GET https://ytuiqgrpbwdxrmbzssrb.supabase.co/rest/v1/fact_aggregate?select=%2A "HTTP/2 200 OK"
2025-10-05 12:14:54,836 - [INFO] - HTTP Request: GET https://ytuiqgrpbwdxrmbzssrb.supabase.co/rest/v1/dim_targets_order?select=%2A "HTTP/2 200 OK"
2025-10-05 12:14:54,846 - [INFO] -  Retrieved 1000 KPI rows for analysis.
2025-10-05 12:14:54,847 - [INFO] -  Preparing dataset for risk model...
2025-10-05 12:14:54,852 - [WARNING] -  'cost_target%' not found — using default target=0.7 for 'target_cost'.
2025-10-05 12:14:54,853 - [WARNING] -  'quality_target%' not found — using default target=0.7 for 'target_quality'.
2025-10-05 12:14:54,857 - [INFO] - Dataset prepared with 1000 rows and features ['otif_pct', 'target_otif', 'target_cost', 'target_quality']
2025-10-05 12:14:54,858 - [INFO] -  Training LightGBM model for customer risk prediction...
2025-10-05 12:14:54,859 - [WARNING] -  Only one class detected — generating dummy predictions.
2025-10-05 12:14:54,862 - [INFO] - Uploading risk predictions to Supabase...
2025-10-05 12:14:55,348 - [INFO] - HTTP Request: POST https://ytuiqgrpbwdxrmbzssrb.supabase.co/rest/v1/kpi_risk_predictions?columns=%22risk_label%22%2C%22prediction_date%22%2C%22customer_id%22%2C%22risk_score%22 "HTTP/2 201 Created"
2025-10-05 12:14:55,356 - [INFO] -  Successfully inserted 1000 predictions.
2025-10-05 12:14:55,356 - [INFO] -  Customer risk pipeline completed successfully.
2025-10-05 12:17:46,493 - [INFO] - Settings loaded (env=default)
2025-10-05 12:17:47,462 - [INFO] -  Starting Customer KPI Risk Pipeline...
2025-10-05 12:17:47,462 - [INFO] -  Calculating real OTIF % from order data...
2025-10-05 12:17:49,027 - [INFO] - HTTP Request: GET https://ytuiqgrpbwdxrmbzssrb.supabase.co/rest/v1/fact_order_line?select=customer_id%2C%22On+Time%22%2C%22In+Full%22%2C%22On+Time+In+Full%22 "HTTP/2 200 OK"
2025-10-05 12:17:49,333 - [INFO] - HTTP Request: GET https://ytuiqgrpbwdxrmbzssrb.supabase.co/rest/v1/dim_targets_order?select=%2A "HTTP/2 200 OK"
2025-10-05 12:17:49,338 - [INFO] -  Calculated OTIF for 35 customers.
2025-10-05 12:17:49,339 - [INFO] -  Preparing dataset for risk model...
2025-10-05 12:17:49,341 - [WARNING] -  'cost_target%' not found — using default target=0.7 for 'target_cost'.
2025-10-05 12:17:49,343 - [WARNING] -  'quality_target%' not found — using default target=0.7 for 'target_quality'.
2025-10-05 12:17:49,347 - [INFO] - Dataset prepared with 35 rows and features ['otif_pct', 'target_otif', 'target_cost', 'target_quality']
2025-10-05 12:17:49,347 - [INFO] -  Training LightGBM model for customer risk prediction...
2025-10-05 12:17:49,761 - [INFO] - Model predictions generated successfully.
2025-10-05 12:17:49,761 - [INFO] - Uploading risk predictions to Supabase...
2025-10-05 12:17:50,056 - [INFO] - HTTP Request: POST https://ytuiqgrpbwdxrmbzssrb.supabase.co/rest/v1/kpi_risk_predictions?columns=%22risk_label%22%2C%22prediction_date%22%2C%22risk_score%22%2C%22customer_id%22 "HTTP/2 201 Created"
2025-10-05 12:17:50,058 - [INFO] -  Successfully inserted 35 predictions.
2025-10-05 12:17:50,058 - [INFO] -  Customer risk pipeline completed successfully.
2025-10-05 12:20:16,637 - [INFO] - Settings loaded (env=default)
2025-10-05 12:20:17,710 - [INFO] -  Starting Customer KPI Risk Pipeline...
2025-10-05 12:20:17,711 - [INFO] -  Calculating real OTIF % from order data...
2025-10-05 12:20:19,129 - [INFO] - HTTP Request: GET https://ytuiqgrpbwdxrmbzssrb.supabase.co/rest/v1/fact_order_line?select=customer_id%2C%22On+Time%22%2C%22In+Full%22%2C%22On+Time+In+Full%22 "HTTP/2 200 OK"
2025-10-05 12:20:19,318 - [INFO] - HTTP Request: GET https://ytuiqgrpbwdxrmbzssrb.supabase.co/rest/v1/dim_targets_order?select=%2A "HTTP/2 200 OK"
2025-10-05 12:20:19,327 - [INFO] -  Calculated OTIF for 35 customers.
2025-10-05 12:20:19,328 - [INFO] - Preparing dataset with enhanced features...
2025-10-05 12:20:19,330 - [ERROR] -  Pipeline failed: 'Column not found: on_time'
2025-10-05 12:22:56,854 - [INFO] - Settings loaded (env=default)
2025-10-05 12:22:57,804 - [INFO] -  Starting Customer KPI Risk Pipeline...
2025-10-05 12:22:57,805 - [INFO] -  Calculating real OTIF % from order data...
2025-10-05 12:23:04,351 - [INFO] - HTTP Request: GET https://ytuiqgrpbwdxrmbzssrb.supabase.co/rest/v1/fact_order_line?select=customer_id%2C%22On+Time%22%2C%22In+Full%22%2C%22On+Time+In+Full%22 "HTTP/2 200 OK"
2025-10-05 12:23:04,703 - [INFO] - HTTP Request: GET https://ytuiqgrpbwdxrmbzssrb.supabase.co/rest/v1/dim_targets_order?select=%2A "HTTP/2 200 OK"
2025-10-05 12:23:04,710 - [INFO] -  Calculated OTIF for 35 customers.
2025-10-05 12:23:04,711 - [INFO] - Preparing dataset with enhanced features...
2025-10-05 12:23:04,725 - [INFO] -  Dataset prepared with 35 rows and features: ['otif_pct', 'order_volume', 'delivery_volatility', 'recent_otif_trend', 'target_otif', 'target_cost', 'target_quality']
2025-10-05 12:23:04,729 - [INFO] - Class distribution: {1: 29, 0: 6}
2025-10-05 12:23:04,729 - [INFO] - Training LightGBM model...
2025-10-05 12:23:04,731 - [INFO] - Class distribution: {1: 29, 0: 6}
2025-10-05 12:23:04,732 - [INFO] - Small dataset — using simpler model parameters
2025-10-05 12:23:05,015 - [INFO] - Model predictions generated successfully.
2025-10-05 12:23:05,016 - [INFO] - Uploading risk predictions to Supabase...
2025-10-05 12:23:06,266 - [INFO] - HTTP Request: POST https://ytuiqgrpbwdxrmbzssrb.supabase.co/rest/v1/kpi_risk_predictions?columns=%22prediction_date%22%2C%22customer_id%22%2C%22risk_score%22%2C%22risk_label%22 "HTTP/2 201 Created"
2025-10-05 12:23:06,268 - [INFO] -  Successfully inserted 35 predictions.
2025-10-05 12:23:06,268 - [INFO] -  Customer risk pipeline completed successfully.
2025-10-05 12:29:42,550 - [INFO] - Settings loaded (env=default)
2025-10-05 12:29:43,530 - [INFO] - Starting Customer KPI Risk Pipeline...
2025-10-05 12:29:43,531 - [INFO] - Calculating real OTIF % from last 90 days of order data...
2025-10-05 12:29:46,113 - [INFO] - HTTP Request: GET https://ytuiqgrpbwdxrmbzssrb.supabase.co/rest/v1/fact_order_line?select=customer_id%2Corder_placement_date%2C%22On+Time%22%2C%22In+Full%22%2C%22On+Time+In+Full%22&order_placement_date=gte.2025-07-07 "HTTP/2 200 OK"
2025-10-05 12:29:46,404 - [INFO] - HTTP Request: GET https://ytuiqgrpbwdxrmbzssrb.supabase.co/rest/v1/dim_targets_order?select=%2A "HTTP/2 200 OK"
2025-10-05 12:29:46,676 - [INFO] - HTTP Request: GET https://ytuiqgrpbwdxrmbzssrb.supabase.co/rest/v1/dim_customers?select=customer_id%2Ccity "HTTP/2 200 OK"
2025-10-05 12:29:46,682 - [INFO] - Calculated OTIF for 35 customers.
2025-10-05 12:29:46,683 - [INFO] - Preparing dataset with engineered features...
2025-10-05 12:31:46,204 - [INFO] - Settings loaded (env=default)
2025-10-05 12:31:47,201 - [INFO] - Starting Customer KPI Risk Pipeline...
2025-10-05 12:31:47,201 - [INFO] - Calculating real OTIF % from last 90 days of order data...
2025-10-05 12:31:53,198 - [INFO] - HTTP Request: GET https://ytuiqgrpbwdxrmbzssrb.supabase.co/rest/v1/fact_order_line?select=customer_id%2Corder_placement_date%2C%22On+Time%22%2C%22In+Full%22%2C%22On+Time+In+Full%22&order_placement_date=gte.2025-07-07 "HTTP/2 200 OK"
2025-10-05 12:31:53,674 - [INFO] - HTTP Request: GET https://ytuiqgrpbwdxrmbzssrb.supabase.co/rest/v1/dim_targets_order?select=%2A "HTTP/2 200 OK"
2025-10-05 12:31:54,046 - [INFO] - HTTP Request: GET https://ytuiqgrpbwdxrmbzssrb.supabase.co/rest/v1/dim_customers?select=customer_id%2Ccity "HTTP/2 200 OK"
2025-10-05 12:31:54,052 - [INFO] - Calculated OTIF and trends for 35 customers.
2025-10-05 12:34:00,072 - [INFO] - Settings loaded (env=default)
2025-10-05 12:34:01,045 - [INFO] - Starting Customer KPI Risk Pipeline...
2025-10-05 12:34:01,046 - [INFO] - Calculating real OTIF % from last 90 days of order data...
2025-10-05 12:35:37,854 - [INFO] - Settings loaded (env=default)
2025-10-05 12:35:38,915 - [INFO] - Starting Customer KPI Risk Pipeline...
2025-10-05 12:35:38,916 - [INFO] - Calculating real OTIF % from last 90 days of order data...
2025-10-05 12:35:41,080 - [INFO] - HTTP Request: GET https://ytuiqgrpbwdxrmbzssrb.supabase.co/rest/v1/fact_order_line?select=customer_id%2Corder_placement_date%2C%22On+Time%22%2C%22In+Full%22%2C%22On+Time+In+Full%22&order_placement_date=gte.2025-07-07 "HTTP/2 200 OK"
2025-10-05 12:35:41,401 - [INFO] - HTTP Request: GET https://ytuiqgrpbwdxrmbzssrb.supabase.co/rest/v1/dim_targets_order?select=%2A "HTTP/2 200 OK"
2025-10-05 12:35:41,684 - [INFO] - HTTP Request: GET https://ytuiqgrpbwdxrmbzssrb.supabase.co/rest/v1/dim_customers?select=customer_id%2Ccity "HTTP/2 200 OK"
2025-10-05 12:35:41,690 - [INFO] - Calculated OTIF and trends for 35 customers.
2025-10-05 12:35:41,691 - [INFO] - Preparing dataset with engineered features...
2025-10-05 12:35:41,701 - [INFO] - Dataset prepared with 35 rows and features: ['otif_pct', 'on_time_pct', 'in_full_pct', 'total_orders', 'target_otif', 'target_ontime', 'target_infull', 'recent_otif_trend', 'city_encoded']
2025-10-05 12:35:41,706 - [INFO] - Generating predictions...
2025-10-05 12:35:41,944 - [INFO] - Uploading risk predictions to Supabase...
2025-10-05 12:35:42,511 - [INFO] - HTTP Request: POST https://ytuiqgrpbwdxrmbzssrb.supabase.co/rest/v1/kpi_risk_predictions?columns=%22risk_label%22%2C%22prediction_date%22%2C%22risk_score%22%2C%22customer_id%22 "HTTP/2 201 Created"
2025-10-05 12:35:42,513 - [INFO] - Successfully inserted 35 predictions.
2025-10-05 12:35:42,514 - [INFO] - Customer risk pipeline completed successfully.
2025-10-05 12:42:02,970 - [INFO] - Settings loaded (env=default)
2025-10-05 12:42:03,933 - [INFO] - Starting Customer KPI Risk Pipeline...
2025-10-05 12:42:03,933 - [INFO] - Calculating real OTIF % from last 180 days of order data...
2025-10-05 12:42:05,850 - [INFO] - HTTP Request: GET https://ytuiqgrpbwdxrmbzssrb.supabase.co/rest/v1/fact_order_line?select=customer_id%2Corder_placement_date%2C%22On+Time%22%2C%22In+Full%22%2C%22On+Time+In+Full%22&order_placement_date=gte.2025-04-08 "HTTP/2 200 OK"
2025-10-05 12:42:06,620 - [INFO] - HTTP Request: GET https://ytuiqgrpbwdxrmbzssrb.supabase.co/rest/v1/dim_targets_order?select=%2A&order_placement_date=gte.1900-01-01 "HTTP/2 400 Bad Request"
2025-10-05 12:43:55,140 - [INFO] - Settings loaded (env=default)
2025-10-05 12:43:55,615 - [INFO] - Starting Customer KPI Risk Pipeline...
2025-10-05 12:43:55,615 - [INFO] - Calculating real OTIF % from last 180 days of order data...
2025-10-05 12:43:57,789 - [INFO] - HTTP Request: GET https://ytuiqgrpbwdxrmbzssrb.supabase.co/rest/v1/fact_order_line?select=customer_id%2Corder_placement_date%2C%22On+Time%22%2C%22In+Full%22%2C%22On+Time+In+Full%22&order_placement_date=gte.2025-04-08 "HTTP/2 200 OK"
2025-10-05 12:43:57,986 - [INFO] - HTTP Request: GET https://ytuiqgrpbwdxrmbzssrb.supabase.co/rest/v1/dim_targets_order?select=%2A "HTTP/2 200 OK"
2025-10-05 12:43:58,293 - [INFO] - HTTP Request: GET https://ytuiqgrpbwdxrmbzssrb.supabase.co/rest/v1/dim_customers?select=customer_id%2Ccity "HTTP/2 200 OK"
2025-10-05 12:43:58,297 - [INFO] - Calculated OTIF and trends for 35 customers.
2025-10-05 12:43:58,297 - [INFO] - Preparing dataset with engineered features...
2025-10-05 12:43:58,301 - [INFO] - Dataset prepared with 35 rows and features: ['otif_pct', 'on_time_pct', 'in_full_pct', 'total_orders', 'target_otif', 'target_ontime', 'target_infull', 'recent_otif_trend', 'city_encoded']
2025-10-05 12:43:58,301 - [INFO] - Generating predictions...
2025-10-05 12:43:58,420 - [INFO] - Uploading risk predictions to Supabase...
2025-10-05 12:43:58,704 - [INFO] - HTTP Request: POST https://ytuiqgrpbwdxrmbzssrb.supabase.co/rest/v1/kpi_risk_predictions?columns=%22customer_id%22%2C%22risk_label%22%2C%22risk_score%22%2C%22prediction_date%22 "HTTP/2 201 Created"
2025-10-05 12:43:58,705 - [INFO] - Successfully inserted 35 predictions.
2025-10-05 12:43:58,705 - [INFO] - Customer risk pipeline completed successfully.
2025-10-05 12:46:46,474 - [INFO] - Settings loaded (env=default)
2025-10-05 12:46:46,878 - [INFO] - Starting Customer KPI Risk Pipeline...
2025-10-05 12:46:46,879 - [INFO] - Calculating real OTIF % from last 180 days of order data...
2025-10-05 12:46:48,078 - [INFO] - HTTP Request: GET https://ytuiqgrpbwdxrmbzssrb.supabase.co/rest/v1/fact_order_line?select=customer_id%2Corder_placement_date%2C%22On+Time%22%2C%22In+Full%22%2C%22On+Time+In+Full%22&order_placement_date=gte.2025-04-08 "HTTP/2 200 OK"
2025-10-05 12:46:48,383 - [INFO] - HTTP Request: GET https://ytuiqgrpbwdxrmbzssrb.supabase.co/rest/v1/dim_targets_order?select=%2A "HTTP/2 200 OK"
2025-10-05 12:46:48,692 - [INFO] - HTTP Request: GET https://ytuiqgrpbwdxrmbzssrb.supabase.co/rest/v1/dim_customers?select=customer_id%2Ccity "HTTP/2 200 OK"
2025-10-05 12:46:48,694 - [INFO] - Calculated OTIF, trends, and time-based features for 35 customers.
2025-10-05 12:46:48,695 - [INFO] - Preparing dataset with engineered features...
2025-10-05 12:46:48,697 - [INFO] - Dataset prepared with 35 rows and features: ['otif_pct', 'on_time_pct', 'in_full_pct', 'total_orders', 'target_otif', 'target_ontime', 'target_infull', 'recent_otif_trend', 'city_encoded', 'avg_days_since_last_order', 'avg_order_day_of_week', 'avg_order_month']
2025-10-05 12:46:48,697 - [INFO] - Generating predictions...
2025-10-05 12:46:48,826 - [INFO] - Uploading risk predictions to Supabase...
2025-10-05 12:46:49,102 - [INFO] - HTTP Request: POST https://ytuiqgrpbwdxrmbzssrb.supabase.co/rest/v1/kpi_risk_predictions?columns=%22customer_id%22%2C%22risk_label%22%2C%22prediction_date%22%2C%22risk_score%22 "HTTP/2 201 Created"
2025-10-05 12:46:49,103 - [INFO] - Successfully inserted 35 predictions.
2025-10-05 12:46:49,103 - [INFO] - Customer risk pipeline completed successfully.
2025-10-05 12:47:07,087 - [INFO] - Settings loaded (env=default)
2025-10-05 12:47:07,475 - [INFO] - Starting Customer KPI Risk Pipeline...
2025-10-05 12:47:07,476 - [INFO] - Calculating real OTIF % from last 180 days of order data...
2025-10-05 12:47:08,362 - [INFO] - HTTP Request: GET https://ytuiqgrpbwdxrmbzssrb.supabase.co/rest/v1/fact_order_line?select=customer_id%2Corder_placement_date%2C%22On+Time%22%2C%22In+Full%22%2C%22On+Time+In+Full%22&order_placement_date=gte.2025-04-08 "HTTP/2 200 OK"
2025-10-05 12:47:08,681 - [INFO] - HTTP Request: GET https://ytuiqgrpbwdxrmbzssrb.supabase.co/rest/v1/dim_targets_order?select=%2A "HTTP/2 200 OK"
2025-10-05 12:47:08,973 - [INFO] - HTTP Request: GET https://ytuiqgrpbwdxrmbzssrb.supabase.co/rest/v1/dim_customers?select=customer_id%2Ccity "HTTP/2 200 OK"
2025-10-05 12:47:08,976 - [INFO] - Calculated OTIF, trends, and time-based features for 35 customers.
2025-10-05 12:47:08,977 - [INFO] - Preparing dataset with engineered features...
2025-10-05 12:47:08,980 - [INFO] - Dataset prepared with 35 rows and features: ['otif_pct', 'on_time_pct', 'in_full_pct', 'total_orders', 'target_otif', 'target_ontime', 'target_infull', 'recent_otif_trend', 'city_encoded', 'avg_days_since_last_order', 'avg_order_day_of_week', 'avg_order_month']
2025-10-05 12:47:08,981 - [INFO] - Generating predictions...
2025-10-05 12:47:09,105 - [INFO] - Uploading risk predictions to Supabase...
2025-10-05 12:47:09,380 - [INFO] - HTTP Request: POST https://ytuiqgrpbwdxrmbzssrb.supabase.co/rest/v1/kpi_risk_predictions?columns=%22prediction_date%22%2C%22risk_label%22%2C%22risk_score%22%2C%22customer_id%22 "HTTP/2 201 Created"
2025-10-05 12:47:09,381 - [INFO] - Successfully inserted 35 predictions.
2025-10-05 12:47:09,381 - [INFO] - Customer risk pipeline completed successfully.
2025-10-05 12:47:36,642 - [INFO] - Settings loaded (env=default)
2025-10-05 12:47:37,042 - [INFO] - Starting Customer KPI Risk Pipeline...
2025-10-05 12:47:37,042 - [INFO] - Calculating real OTIF % from last 180 days of order data...
2025-10-05 12:47:37,955 - [INFO] - HTTP Request: GET https://ytuiqgrpbwdxrmbzssrb.supabase.co/rest/v1/fact_order_line?select=customer_id%2Corder_placement_date%2C%22On+Time%22%2C%22In+Full%22%2C%22On+Time+In+Full%22&order_placement_date=gte.2025-04-08 "HTTP/2 200 OK"
2025-10-05 12:47:38,259 - [INFO] - HTTP Request: GET https://ytuiqgrpbwdxrmbzssrb.supabase.co/rest/v1/dim_targets_order?select=%2A "HTTP/2 200 OK"
2025-10-05 12:47:38,566 - [INFO] - HTTP Request: GET https://ytuiqgrpbwdxrmbzssrb.supabase.co/rest/v1/dim_customers?select=customer_id%2Ccity "HTTP/2 200 OK"
2025-10-05 12:47:38,570 - [INFO] - Calculated OTIF, trends, and time-based features for 35 customers.
2025-10-05 12:47:38,570 - [INFO] - Preparing dataset with engineered features...
2025-10-05 12:47:38,574 - [INFO] - Dataset prepared with 35 rows and features: ['otif_pct', 'on_time_pct', 'in_full_pct', 'total_orders', 'target_otif', 'target_ontime', 'target_infull', 'recent_otif_trend', 'city_encoded', 'avg_days_since_last_order', 'avg_order_day_of_week', 'avg_order_month']
2025-10-05 12:47:38,574 - [INFO] - Generating predictions...
2025-10-05 12:47:38,698 - [INFO] - Uploading risk predictions to Supabase...
2025-10-05 12:47:38,976 - [INFO] - HTTP Request: POST https://ytuiqgrpbwdxrmbzssrb.supabase.co/rest/v1/kpi_risk_predictions?columns=%22risk_label%22%2C%22risk_score%22%2C%22prediction_date%22%2C%22customer_id%22 "HTTP/2 201 Created"
2025-10-05 12:47:38,978 - [INFO] - Successfully inserted 35 predictions.
2025-10-05 12:47:38,978 - [INFO] - Customer risk pipeline completed successfully.
2025-10-05 13:26:40,436 - [INFO] - Ingestion pipeline started
2025-10-05 13:26:40,437 - [INFO] - Settings loaded (env=dev)
2025-10-05 13:26:40,438 - [INFO] - Initializing Supabase client
2025-10-05 13:26:41,436 - [INFO] - Connecting to imap.gmail.com...
2025-10-05 13:26:43,498 - [INFO] - Fetching emails started...
2025-10-05 13:26:44,750 - [INFO] - Matched 0 emails with filters
2025-10-05 13:26:44,751 - [INFO] - Matched 0 emails with allowed subjects
2025-10-05 13:26:44,751 - [INFO] - Processed 0 attachments this run
2025-10-05 13:26:45,324 - [INFO] - Sleeping 300s before next cycle...
2025-10-05 13:26:58,366 - [INFO] - Settings loaded (env=default)
2025-10-05 13:26:59,310 - [INFO] - Starting analytics pipeline
2025-10-05 13:26:59,311 - [INFO] - Settings loaded (env=default)
2025-10-05 13:27:00,195 - [INFO] - Running Customer KPI Risk Predictions
2025-10-05 13:27:00,196 - [INFO] - Starting Customer KPI Risk Pipeline...
2025-10-05 13:27:00,196 - [INFO] - Calculating real OTIF % from last 180 days of order data...
2025-10-05 13:27:02,343 - [INFO] - HTTP Request: GET https://ytuiqgrpbwdxrmbzssrb.supabase.co/rest/v1/fact_order_line?select=customer_id%2Corder_placement_date%2C%22On+Time%22%2C%22In+Full%22%2C%22On+Time+In+Full%22&order_placement_date=gte.2025-04-08 "HTTP/2 200 OK"
2025-10-05 13:27:02,648 - [INFO] - HTTP Request: GET https://ytuiqgrpbwdxrmbzssrb.supabase.co/rest/v1/dim_targets_order?select=%2A "HTTP/2 200 OK"
2025-10-05 13:27:02,955 - [INFO] - HTTP Request: GET https://ytuiqgrpbwdxrmbzssrb.supabase.co/rest/v1/dim_customers?select=customer_id%2Ccity "HTTP/2 200 OK"
2025-10-05 13:27:02,961 - [INFO] - Calculated OTIF, trends, and time-based features for 35 customers.
2025-10-05 13:27:02,962 - [INFO] - Preparing dataset with engineered features...
2025-10-05 13:27:02,969 - [INFO] - Dataset prepared with 35 rows and features: ['otif_pct', 'on_time_pct', 'in_full_pct', 'total_orders', 'target_otif', 'target_ontime', 'target_infull', 'recent_otif_trend', 'city_encoded', 'avg_days_since_last_order', 'avg_order_day_of_week', 'avg_order_month']
2025-10-05 13:27:02,970 - [INFO] - Generating predictions...
2025-10-05 13:27:03,237 - [INFO] - Uploading risk predictions to Supabase...
2025-10-05 13:27:03,468 - [INFO] - HTTP Request: POST https://ytuiqgrpbwdxrmbzssrb.supabase.co/rest/v1/kpi_risk_predictions?columns=%22prediction_date%22%2C%22risk_label%22%2C%22risk_score%22%2C%22customer_id%22 "HTTP/2 201 Created"
2025-10-05 13:27:03,470 - [INFO] - Successfully inserted 35 predictions.
2025-10-05 13:27:03,470 - [INFO] - Customer risk pipeline completed successfully.
2025-10-05 13:27:03,471 - [INFO] - Running KPI analysis
2025-10-05 13:27:04,790 - [INFO] - HTTP Request: GET https://ytuiqgrpbwdxrmbzssrb.supabase.co/rest/v1/kpi_summary?select=%2A "HTTP/2 200 OK"
2025-10-05 13:27:04,793 - [INFO] - Fetched 35 KPI summary rows
2025-10-05 13:27:04,794 - [INFO] - KPI analysis complete (35 records)
2025-10-05 13:27:04,794 - [INFO] - Running demand forecasting
2025-10-05 13:27:04,795 - [INFO] - Running demand forecasting
2025-10-05 13:27:05,024 - [INFO] - HTTP Request: GET https://ytuiqgrpbwdxrmbzssrb.supabase.co/rest/v1/fact_order_line?select=order_placement_date%2Cproduct_id%2Corder_qty "HTTP/2 200 OK"
2025-10-05 13:27:05,091 - [DEBUG] - cmd: where.exe tbb.dll
cwd: None
2025-10-05 13:27:05,265 - [DEBUG] - Adding TBB (C:\Users\peral\AppData\Local\Programs\Python\Python313\Lib\site-packages\prophet\stan_model\cmdstan-2.33.1\stan\lib\stan_math\lib\tbb) to PATH
2025-10-05 13:27:05,296 - [DEBUG] - input tempfile: C:\Users\peral\AppData\Local\Temp\tmpzsmix902\hk9u4te1.json
2025-10-05 13:27:05,316 - [DEBUG] - input tempfile: C:\Users\peral\AppData\Local\Temp\tmpzsmix902\xr3nratu.json
2025-10-05 13:27:05,328 - [DEBUG] - idx 0
2025-10-05 13:27:05,329 - [DEBUG] - running CmdStan, num_threads: None
2025-10-05 13:27:05,329 - [DEBUG] - CmdStan args: ['C:\\Users\\peral\\AppData\\Local\\Programs\\Python\\Python313\\Lib\\site-packages\\prophet\\stan_model\\prophet_model.bin', 'random', 'seed=16994', 'data', 'file=C:\\Users\\peral\\AppData\\Local\\Temp\\tmpzsmix902\\hk9u4te1.json', 'init=C:\\Users\\peral\\AppData\\Local\\Temp\\tmpzsmix902\\xr3nratu.json', 'output', 'file=C:\\Users\\peral\\AppData\\Local\\Temp\\tmpzsmix902\\prophet_model3gnksk9i\\prophet_model-20251005132705.csv', 'method=optimize', 'algorithm=lbfgs', 'iter=10000']
2025-10-05 13:27:05,330 - [INFO] - Chain [1] start processing
2025-10-05 13:27:05,402 - [INFO] - Chain [1] done processing
2025-10-05 13:27:05,509 - [WARNING] - High MAPE (100.0%) for product 25891101 — forecast may be unreliable
2025-10-05 13:27:05,720 - [INFO] - HTTP Request: POST https://ytuiqgrpbwdxrmbzssrb.supabase.co/rest/v1/policy_recommendations "HTTP/2 201 Created"
2025-10-05 13:27:05,721 - [INFO] - Forecast for product 25891101: 117 units (MAPE: 100.0%)
2025-10-05 13:27:05,728 - [DEBUG] - cmd: where.exe tbb.dll
cwd: None
2025-10-05 13:27:05,908 - [DEBUG] - TBB already found in load path
2025-10-05 13:27:05,936 - [DEBUG] - input tempfile: C:\Users\peral\AppData\Local\Temp\tmpzsmix902\x5t7r58g.json
2025-10-05 13:27:05,955 - [DEBUG] - input tempfile: C:\Users\peral\AppData\Local\Temp\tmpzsmix902\qvptl835.json
2025-10-05 13:27:05,958 - [DEBUG] - idx 0
2025-10-05 13:27:05,958 - [DEBUG] - running CmdStan, num_threads: None
2025-10-05 13:27:05,959 - [DEBUG] - CmdStan args: ['C:\\Users\\peral\\AppData\\Local\\Programs\\Python\\Python313\\Lib\\site-packages\\prophet\\stan_model\\prophet_model.bin', 'random', 'seed=98608', 'data', 'file=C:\\Users\\peral\\AppData\\Local\\Temp\\tmpzsmix902\\x5t7r58g.json', 'init=C:\\Users\\peral\\AppData\\Local\\Temp\\tmpzsmix902\\qvptl835.json', 'output', 'file=C:\\Users\\peral\\AppData\\Local\\Temp\\tmpzsmix902\\prophet_modelhiietq5e\\prophet_model-20251005132705.csv', 'method=optimize', 'algorithm=lbfgs', 'iter=10000']
2025-10-05 13:27:05,960 - [INFO] - Chain [1] start processing
2025-10-05 13:27:06,030 - [INFO] - Chain [1] done processing
2025-10-05 13:27:06,127 - [WARNING] - High MAPE (62.3%) for product 25891102 — forecast may be unreliable
2025-10-05 13:27:06,299 - [INFO] - HTTP Request: POST https://ytuiqgrpbwdxrmbzssrb.supabase.co/rest/v1/policy_recommendations "HTTP/2 201 Created"
2025-10-05 13:27:06,300 - [INFO] - Forecast for product 25891102: 1527 units (MAPE: 62.3%)
2025-10-05 13:27:06,307 - [DEBUG] - cmd: where.exe tbb.dll
cwd: None
2025-10-05 13:27:06,505 - [DEBUG] - TBB already found in load path
2025-10-05 13:27:06,542 - [DEBUG] - input tempfile: C:\Users\peral\AppData\Local\Temp\tmpzsmix902\htphui6o.json
2025-10-05 13:27:06,562 - [DEBUG] - input tempfile: C:\Users\peral\AppData\Local\Temp\tmpzsmix902\sa03iw31.json
2025-10-05 13:27:06,565 - [DEBUG] - idx 0
2025-10-05 13:27:06,566 - [DEBUG] - running CmdStan, num_threads: None
2025-10-05 13:27:06,566 - [DEBUG] - CmdStan args: ['C:\\Users\\peral\\AppData\\Local\\Programs\\Python\\Python313\\Lib\\site-packages\\prophet\\stan_model\\prophet_model.bin', 'random', 'seed=28314', 'data', 'file=C:\\Users\\peral\\AppData\\Local\\Temp\\tmpzsmix902\\htphui6o.json', 'init=C:\\Users\\peral\\AppData\\Local\\Temp\\tmpzsmix902\\sa03iw31.json', 'output', 'file=C:\\Users\\peral\\AppData\\Local\\Temp\\tmpzsmix902\\prophet_modelwsx9xm1s\\prophet_model-20251005132706.csv', 'method=optimize', 'algorithm=lbfgs', 'iter=10000']
2025-10-05 13:27:06,567 - [INFO] - Chain [1] start processing
2025-10-05 13:27:06,630 - [INFO] - Chain [1] done processing
2025-10-05 13:27:06,736 - [WARNING] - High MAPE (100.0%) for product 25891103 — forecast may be unreliable
2025-10-05 13:27:07,051 - [INFO] - HTTP Request: POST https://ytuiqgrpbwdxrmbzssrb.supabase.co/rest/v1/policy_recommendations "HTTP/2 201 Created"
2025-10-05 13:27:07,053 - [INFO] - Forecast for product 25891103: 42 units (MAPE: 100.0%)
2025-10-05 13:27:07,061 - [DEBUG] - cmd: where.exe tbb.dll
cwd: None
2025-10-05 13:27:07,258 - [DEBUG] - TBB already found in load path
2025-10-05 13:27:07,288 - [DEBUG] - input tempfile: C:\Users\peral\AppData\Local\Temp\tmpzsmix902\rzia2pne.json
2025-10-05 13:27:07,307 - [DEBUG] - input tempfile: C:\Users\peral\AppData\Local\Temp\tmpzsmix902\8y0i2a54.json
2025-10-05 13:27:07,317 - [DEBUG] - idx 0
2025-10-05 13:27:07,317 - [DEBUG] - running CmdStan, num_threads: None
2025-10-05 13:27:07,318 - [DEBUG] - CmdStan args: ['C:\\Users\\peral\\AppData\\Local\\Programs\\Python\\Python313\\Lib\\site-packages\\prophet\\stan_model\\prophet_model.bin', 'random', 'seed=50208', 'data', 'file=C:\\Users\\peral\\AppData\\Local\\Temp\\tmpzsmix902\\rzia2pne.json', 'init=C:\\Users\\peral\\AppData\\Local\\Temp\\tmpzsmix902\\8y0i2a54.json', 'output', 'file=C:\\Users\\peral\\AppData\\Local\\Temp\\tmpzsmix902\\prophet_modelsk8jum7c\\prophet_model-20251005132707.csv', 'method=optimize', 'algorithm=lbfgs', 'iter=10000']
2025-10-05 13:27:07,319 - [INFO] - Chain [1] start processing
2025-10-05 13:27:07,388 - [INFO] - Chain [1] done processing
2025-10-05 13:27:07,495 - [WARNING] - High MAPE (100.0%) for product 25891201 — forecast may be unreliable
2025-10-05 13:27:07,767 - [INFO] - HTTP Request: POST https://ytuiqgrpbwdxrmbzssrb.supabase.co/rest/v1/policy_recommendations "HTTP/2 201 Created"
2025-10-05 13:27:07,769 - [INFO] - Forecast for product 25891201: 22 units (MAPE: 100.0%)
2025-10-05 13:27:07,775 - [DEBUG] - cmd: where.exe tbb.dll
cwd: None
2025-10-05 13:27:07,953 - [DEBUG] - TBB already found in load path
2025-10-05 13:27:07,981 - [DEBUG] - input tempfile: C:\Users\peral\AppData\Local\Temp\tmpzsmix902\9im8mhck.json
2025-10-05 13:27:08,000 - [DEBUG] - input tempfile: C:\Users\peral\AppData\Local\Temp\tmpzsmix902\6fm506sv.json
2025-10-05 13:27:08,011 - [DEBUG] - idx 0
2025-10-05 13:27:08,011 - [DEBUG] - running CmdStan, num_threads: None
2025-10-05 13:27:08,012 - [DEBUG] - CmdStan args: ['C:\\Users\\peral\\AppData\\Local\\Programs\\Python\\Python313\\Lib\\site-packages\\prophet\\stan_model\\prophet_model.bin', 'random', 'seed=6395', 'data', 'file=C:\\Users\\peral\\AppData\\Local\\Temp\\tmpzsmix902\\9im8mhck.json', 'init=C:\\Users\\peral\\AppData\\Local\\Temp\\tmpzsmix902\\6fm506sv.json', 'output', 'file=C:\\Users\\peral\\AppData\\Local\\Temp\\tmpzsmix902\\prophet_modelfatfmak4\\prophet_model-20251005132708.csv', 'method=optimize', 'algorithm=lbfgs', 'iter=10000']
2025-10-05 13:27:08,012 - [INFO] - Chain [1] start processing
2025-10-05 13:27:08,073 - [INFO] - Chain [1] done processing
2025-10-05 13:27:08,383 - [INFO] - HTTP Request: POST https://ytuiqgrpbwdxrmbzssrb.supabase.co/rest/v1/policy_recommendations "HTTP/2 201 Created"
2025-10-05 13:27:08,385 - [INFO] - Forecast for product 25891202: 1249 units (MAPE: 38.8%)
2025-10-05 13:27:08,392 - [DEBUG] - cmd: where.exe tbb.dll
cwd: None
2025-10-05 13:27:08,577 - [DEBUG] - TBB already found in load path
2025-10-05 13:27:08,610 - [DEBUG] - input tempfile: C:\Users\peral\AppData\Local\Temp\tmpzsmix902\qb2xpu41.json
2025-10-05 13:27:08,629 - [DEBUG] - input tempfile: C:\Users\peral\AppData\Local\Temp\tmpzsmix902\3kj1c2bu.json
2025-10-05 13:27:08,632 - [DEBUG] - idx 0
2025-10-05 13:27:08,632 - [DEBUG] - running CmdStan, num_threads: None
2025-10-05 13:27:08,633 - [DEBUG] - CmdStan args: ['C:\\Users\\peral\\AppData\\Local\\Programs\\Python\\Python313\\Lib\\site-packages\\prophet\\stan_model\\prophet_model.bin', 'random', 'seed=13935', 'data', 'file=C:\\Users\\peral\\AppData\\Local\\Temp\\tmpzsmix902\\qb2xpu41.json', 'init=C:\\Users\\peral\\AppData\\Local\\Temp\\tmpzsmix902\\3kj1c2bu.json', 'output', 'file=C:\\Users\\peral\\AppData\\Local\\Temp\\tmpzsmix902\\prophet_modelkvfj_l3j\\prophet_model-20251005132708.csv', 'method=optimize', 'algorithm=lbfgs', 'iter=10000']
2025-10-05 13:27:08,633 - [INFO] - Chain [1] start processing
2025-10-05 13:27:08,695 - [INFO] - Chain [1] done processing
2025-10-05 13:27:08,997 - [INFO] - HTTP Request: POST https://ytuiqgrpbwdxrmbzssrb.supabase.co/rest/v1/policy_recommendations "HTTP/2 201 Created"
2025-10-05 13:27:08,999 - [INFO] - Forecast for product 25891203: 828 units (MAPE: 6.3%)
2025-10-05 13:27:09,007 - [DEBUG] - cmd: where.exe tbb.dll
cwd: None
2025-10-05 13:27:09,195 - [DEBUG] - TBB already found in load path
2025-10-05 13:27:09,231 - [DEBUG] - input tempfile: C:\Users\peral\AppData\Local\Temp\tmpzsmix902\qog3_dn9.json
2025-10-05 13:27:09,252 - [DEBUG] - input tempfile: C:\Users\peral\AppData\Local\Temp\tmpzsmix902\jipt_i05.json
2025-10-05 13:27:09,255 - [DEBUG] - idx 0
2025-10-05 13:27:09,255 - [DEBUG] - running CmdStan, num_threads: None
2025-10-05 13:27:09,256 - [DEBUG] - CmdStan args: ['C:\\Users\\peral\\AppData\\Local\\Programs\\Python\\Python313\\Lib\\site-packages\\prophet\\stan_model\\prophet_model.bin', 'random', 'seed=51957', 'data', 'file=C:\\Users\\peral\\AppData\\Local\\Temp\\tmpzsmix902\\qog3_dn9.json', 'init=C:\\Users\\peral\\AppData\\Local\\Temp\\tmpzsmix902\\jipt_i05.json', 'output', 'file=C:\\Users\\peral\\AppData\\Local\\Temp\\tmpzsmix902\\prophet_modeltcvvp7a4\\prophet_model-20251005132709.csv', 'method=optimize', 'algorithm=lbfgs', 'iter=10000']
2025-10-05 13:27:09,256 - [INFO] - Chain [1] start processing
2025-10-05 13:27:09,335 - [INFO] - Chain [1] done processing
2025-10-05 13:27:09,445 - [WARNING] - High MAPE (51.6%) for product 25891301 — forecast may be unreliable
2025-10-05 13:27:09,691 - [INFO] - HTTP Request: POST https://ytuiqgrpbwdxrmbzssrb.supabase.co/rest/v1/policy_recommendations "HTTP/2 201 Created"
2025-10-05 13:27:09,693 - [INFO] - Forecast for product 25891301: 264 units (MAPE: 51.6%)
2025-10-05 13:27:09,699 - [DEBUG] - cmd: where.exe tbb.dll
cwd: None
2025-10-05 13:27:09,866 - [DEBUG] - TBB already found in load path
2025-10-05 13:27:09,890 - [DEBUG] - input tempfile: C:\Users\peral\AppData\Local\Temp\tmpzsmix902\besrmlqw.json
2025-10-05 13:27:09,908 - [DEBUG] - input tempfile: C:\Users\peral\AppData\Local\Temp\tmpzsmix902\ala5xicp.json
2025-10-05 13:27:09,919 - [DEBUG] - idx 0
2025-10-05 13:27:09,919 - [DEBUG] - running CmdStan, num_threads: None
2025-10-05 13:27:09,920 - [DEBUG] - CmdStan args: ['C:\\Users\\peral\\AppData\\Local\\Programs\\Python\\Python313\\Lib\\site-packages\\prophet\\stan_model\\prophet_model.bin', 'random', 'seed=53053', 'data', 'file=C:\\Users\\peral\\AppData\\Local\\Temp\\tmpzsmix902\\besrmlqw.json', 'init=C:\\Users\\peral\\AppData\\Local\\Temp\\tmpzsmix902\\ala5xicp.json', 'output', 'file=C:\\Users\\peral\\AppData\\Local\\Temp\\tmpzsmix902\\prophet_model45uauoc_\\prophet_model-20251005132709.csv', 'method=optimize', 'algorithm=lbfgs', 'iter=10000']
2025-10-05 13:27:09,920 - [INFO] - Chain [1] start processing
2025-10-05 13:27:09,981 - [INFO] - Chain [1] done processing
2025-10-05 13:27:10,077 - [WARNING] - High MAPE (90.0%) for product 25891302 — forecast may be unreliable
2025-10-05 13:27:10,204 - [INFO] - HTTP Request: POST https://ytuiqgrpbwdxrmbzssrb.supabase.co/rest/v1/policy_recommendations "HTTP/2 201 Created"
2025-10-05 13:27:10,206 - [INFO] - Forecast for product 25891302: 32 units (MAPE: 90.0%)
2025-10-05 13:27:10,213 - [DEBUG] - cmd: where.exe tbb.dll
cwd: None
2025-10-05 13:27:10,395 - [DEBUG] - TBB already found in load path
2025-10-05 13:27:10,437 - [DEBUG] - input tempfile: C:\Users\peral\AppData\Local\Temp\tmpzsmix902\0x7eu1cl.json
2025-10-05 13:27:10,458 - [DEBUG] - input tempfile: C:\Users\peral\AppData\Local\Temp\tmpzsmix902\kouvmmri.json
2025-10-05 13:27:10,471 - [DEBUG] - idx 0
2025-10-05 13:27:10,472 - [DEBUG] - running CmdStan, num_threads: None
2025-10-05 13:27:10,473 - [DEBUG] - CmdStan args: ['C:\\Users\\peral\\AppData\\Local\\Programs\\Python\\Python313\\Lib\\site-packages\\prophet\\stan_model\\prophet_model.bin', 'random', 'seed=748', 'data', 'file=C:\\Users\\peral\\AppData\\Local\\Temp\\tmpzsmix902\\0x7eu1cl.json', 'init=C:\\Users\\peral\\AppData\\Local\\Temp\\tmpzsmix902\\kouvmmri.json', 'output', 'file=C:\\Users\\peral\\AppData\\Local\\Temp\\tmpzsmix902\\prophet_modelrh59olrl\\prophet_model-20251005132710.csv', 'method=optimize', 'algorithm=lbfgs', 'iter=10000']
2025-10-05 13:27:10,474 - [INFO] - Chain [1] start processing
2025-10-05 13:27:10,564 - [INFO] - Chain [1] done processing
2025-10-05 13:27:10,665 - [WARNING] - High MAPE (100.0%) for product 25891303 — forecast may be unreliable
2025-10-05 13:27:10,806 - [INFO] - HTTP Request: POST https://ytuiqgrpbwdxrmbzssrb.supabase.co/rest/v1/policy_recommendations "HTTP/2 201 Created"
2025-10-05 13:27:10,808 - [INFO] - Forecast for product 25891303: 13 units (MAPE: 100.0%)
2025-10-05 13:27:10,814 - [DEBUG] - cmd: where.exe tbb.dll
cwd: None
2025-10-05 13:27:10,993 - [DEBUG] - TBB already found in load path
2025-10-05 13:27:11,022 - [DEBUG] - input tempfile: C:\Users\peral\AppData\Local\Temp\tmpzsmix902\nwa62vzz.json
2025-10-05 13:27:11,040 - [DEBUG] - input tempfile: C:\Users\peral\AppData\Local\Temp\tmpzsmix902\5agyio7h.json
2025-10-05 13:27:11,044 - [DEBUG] - idx 0
2025-10-05 13:27:11,044 - [DEBUG] - running CmdStan, num_threads: None
2025-10-05 13:27:11,045 - [DEBUG] - CmdStan args: ['C:\\Users\\peral\\AppData\\Local\\Programs\\Python\\Python313\\Lib\\site-packages\\prophet\\stan_model\\prophet_model.bin', 'random', 'seed=32346', 'data', 'file=C:\\Users\\peral\\AppData\\Local\\Temp\\tmpzsmix902\\nwa62vzz.json', 'init=C:\\Users\\peral\\AppData\\Local\\Temp\\tmpzsmix902\\5agyio7h.json', 'output', 'file=C:\\Users\\peral\\AppData\\Local\\Temp\\tmpzsmix902\\prophet_modelyb7wkus2\\prophet_model-20251005132711.csv', 'method=optimize', 'algorithm=lbfgs', 'iter=10000']
2025-10-05 13:27:11,046 - [INFO] - Chain [1] start processing
2025-10-05 13:27:11,111 - [INFO] - Chain [1] done processing
2025-10-05 13:27:11,219 - [WARNING] - High MAPE (298.5%) for product 25891401 — forecast may be unreliable
2025-10-05 13:27:11,454 - [INFO] - HTTP Request: POST https://ytuiqgrpbwdxrmbzssrb.supabase.co/rest/v1/policy_recommendations "HTTP/2 201 Created"
2025-10-05 13:27:11,456 - [INFO] - Forecast for product 25891401: 1704 units (MAPE: 298.5%)
2025-10-05 13:27:11,464 - [DEBUG] - cmd: where.exe tbb.dll
cwd: None
2025-10-05 13:27:11,646 - [DEBUG] - TBB already found in load path
2025-10-05 13:27:11,672 - [DEBUG] - input tempfile: C:\Users\peral\AppData\Local\Temp\tmpzsmix902\b4mqhw6w.json
2025-10-05 13:27:11,694 - [DEBUG] - input tempfile: C:\Users\peral\AppData\Local\Temp\tmpzsmix902\w79cj5qu.json
2025-10-05 13:27:11,698 - [DEBUG] - idx 0
2025-10-05 13:27:11,698 - [DEBUG] - running CmdStan, num_threads: None
2025-10-05 13:27:11,699 - [DEBUG] - CmdStan args: ['C:\\Users\\peral\\AppData\\Local\\Programs\\Python\\Python313\\Lib\\site-packages\\prophet\\stan_model\\prophet_model.bin', 'random', 'seed=51137', 'data', 'file=C:\\Users\\peral\\AppData\\Local\\Temp\\tmpzsmix902\\b4mqhw6w.json', 'init=C:\\Users\\peral\\AppData\\Local\\Temp\\tmpzsmix902\\w79cj5qu.json', 'output', 'file=C:\\Users\\peral\\AppData\\Local\\Temp\\tmpzsmix902\\prophet_model602x5s7n\\prophet_model-20251005132711.csv', 'method=optimize', 'algorithm=lbfgs', 'iter=10000']
2025-10-05 13:27:11,699 - [INFO] - Chain [1] start processing
2025-10-05 13:27:11,761 - [INFO] - Chain [1] done processing
2025-10-05 13:27:12,070 - [INFO] - HTTP Request: POST https://ytuiqgrpbwdxrmbzssrb.supabase.co/rest/v1/policy_recommendations "HTTP/2 201 Created"
2025-10-05 13:27:12,073 - [INFO] - Forecast for product 25891402: 886 units (MAPE: 19.2%)
2025-10-05 13:27:12,081 - [DEBUG] - cmd: where.exe tbb.dll
cwd: None
2025-10-05 13:27:12,303 - [DEBUG] - TBB already found in load path
2025-10-05 13:27:12,328 - [DEBUG] - input tempfile: C:\Users\peral\AppData\Local\Temp\tmpzsmix902\40rdz3yi.json
2025-10-05 13:27:12,346 - [DEBUG] - input tempfile: C:\Users\peral\AppData\Local\Temp\tmpzsmix902\2hi5tx4h.json
2025-10-05 13:27:12,354 - [DEBUG] - idx 0
2025-10-05 13:27:12,355 - [DEBUG] - running CmdStan, num_threads: None
2025-10-05 13:27:12,355 - [DEBUG] - CmdStan args: ['C:\\Users\\peral\\AppData\\Local\\Programs\\Python\\Python313\\Lib\\site-packages\\prophet\\stan_model\\prophet_model.bin', 'random', 'seed=34991', 'data', 'file=C:\\Users\\peral\\AppData\\Local\\Temp\\tmpzsmix902\\40rdz3yi.json', 'init=C:\\Users\\peral\\AppData\\Local\\Temp\\tmpzsmix902\\2hi5tx4h.json', 'output', 'file=C:\\Users\\peral\\AppData\\Local\\Temp\\tmpzsmix902\\prophet_modeli9ns9dli\\prophet_model-20251005132712.csv', 'method=optimize', 'algorithm=lbfgs', 'iter=10000']
2025-10-05 13:27:12,355 - [INFO] - Chain [1] start processing
2025-10-05 13:27:12,414 - [INFO] - Chain [1] done processing
2025-10-05 13:27:12,507 - [WARNING] - High MAPE (100.0%) for product 25891403 — forecast may be unreliable
2025-10-05 13:27:12,786 - [INFO] - HTTP Request: POST https://ytuiqgrpbwdxrmbzssrb.supabase.co/rest/v1/policy_recommendations "HTTP/2 201 Created"
2025-10-05 13:27:12,788 - [INFO] - Forecast for product 25891403: 56 units (MAPE: 100.0%)
2025-10-05 13:27:12,794 - [DEBUG] - cmd: where.exe tbb.dll
cwd: None
2025-10-05 13:27:12,985 - [DEBUG] - TBB already found in load path
2025-10-05 13:27:13,015 - [DEBUG] - input tempfile: C:\Users\peral\AppData\Local\Temp\tmpzsmix902\7g3th_4u.json
2025-10-05 13:27:13,035 - [DEBUG] - input tempfile: C:\Users\peral\AppData\Local\Temp\tmpzsmix902\15dhoawt.json
2025-10-05 13:27:13,047 - [DEBUG] - idx 0
2025-10-05 13:27:13,047 - [DEBUG] - running CmdStan, num_threads: None
2025-10-05 13:27:13,048 - [DEBUG] - CmdStan args: ['C:\\Users\\peral\\AppData\\Local\\Programs\\Python\\Python313\\Lib\\site-packages\\prophet\\stan_model\\prophet_model.bin', 'random', 'seed=29941', 'data', 'file=C:\\Users\\peral\\AppData\\Local\\Temp\\tmpzsmix902\\7g3th_4u.json', 'init=C:\\Users\\peral\\AppData\\Local\\Temp\\tmpzsmix902\\15dhoawt.json', 'output', 'file=C:\\Users\\peral\\AppData\\Local\\Temp\\tmpzsmix902\\prophet_modelvo0jzv8d\\prophet_model-20251005132713.csv', 'method=optimize', 'algorithm=lbfgs', 'iter=10000']
2025-10-05 13:27:13,048 - [INFO] - Chain [1] start processing
2025-10-05 13:27:13,125 - [INFO] - Chain [1] done processing
2025-10-05 13:27:13,233 - [WARNING] - High MAPE (189.5%) for product 25891501 — forecast may be unreliable
2025-10-05 13:27:13,503 - [INFO] - HTTP Request: POST https://ytuiqgrpbwdxrmbzssrb.supabase.co/rest/v1/policy_recommendations "HTTP/2 201 Created"
2025-10-05 13:27:13,505 - [INFO] - Forecast for product 25891501: 644 units (MAPE: 189.5%)
2025-10-05 13:27:13,514 - [DEBUG] - cmd: where.exe tbb.dll
cwd: None
2025-10-05 13:27:13,706 - [DEBUG] - TBB already found in load path
2025-10-05 13:27:13,746 - [DEBUG] - input tempfile: C:\Users\peral\AppData\Local\Temp\tmpzsmix902\dtja2a8m.json
2025-10-05 13:27:13,765 - [DEBUG] - input tempfile: C:\Users\peral\AppData\Local\Temp\tmpzsmix902\gpdr3zlk.json
2025-10-05 13:27:13,769 - [DEBUG] - idx 0
2025-10-05 13:27:13,770 - [DEBUG] - running CmdStan, num_threads: None
2025-10-05 13:27:13,770 - [DEBUG] - CmdStan args: ['C:\\Users\\peral\\AppData\\Local\\Programs\\Python\\Python313\\Lib\\site-packages\\prophet\\stan_model\\prophet_model.bin', 'random', 'seed=61874', 'data', 'file=C:\\Users\\peral\\AppData\\Local\\Temp\\tmpzsmix902\\dtja2a8m.json', 'init=C:\\Users\\peral\\AppData\\Local\\Temp\\tmpzsmix902\\gpdr3zlk.json', 'output', 'file=C:\\Users\\peral\\AppData\\Local\\Temp\\tmpzsmix902\\prophet_model7goyfepd\\prophet_model-20251005132713.csv', 'method=optimize', 'algorithm=lbfgs', 'iter=10000']
2025-10-05 13:27:13,770 - [INFO] - Chain [1] start processing
2025-10-05 13:27:13,844 - [INFO] - Chain [1] done processing
2025-10-05 13:27:13,963 - [WARNING] - High MAPE (100.0%) for product 25891502 — forecast may be unreliable
2025-10-05 13:27:14,116 - [INFO] - HTTP Request: POST https://ytuiqgrpbwdxrmbzssrb.supabase.co/rest/v1/policy_recommendations "HTTP/2 201 Created"
2025-10-05 13:27:14,118 - [INFO] - Forecast for product 25891502: 26 units (MAPE: 100.0%)
2025-10-05 13:27:14,125 - [DEBUG] - cmd: where.exe tbb.dll
cwd: None
2025-10-05 13:27:14,312 - [DEBUG] - TBB already found in load path
2025-10-05 13:27:14,347 - [DEBUG] - input tempfile: C:\Users\peral\AppData\Local\Temp\tmpzsmix902\4ku6x5ne.json
2025-10-05 13:27:14,368 - [DEBUG] - input tempfile: C:\Users\peral\AppData\Local\Temp\tmpzsmix902\dt4fewu0.json
2025-10-05 13:27:14,380 - [DEBUG] - idx 0
2025-10-05 13:27:14,381 - [DEBUG] - running CmdStan, num_threads: None
2025-10-05 13:27:14,381 - [DEBUG] - CmdStan args: ['C:\\Users\\peral\\AppData\\Local\\Programs\\Python\\Python313\\Lib\\site-packages\\prophet\\stan_model\\prophet_model.bin', 'random', 'seed=19853', 'data', 'file=C:\\Users\\peral\\AppData\\Local\\Temp\\tmpzsmix902\\4ku6x5ne.json', 'init=C:\\Users\\peral\\AppData\\Local\\Temp\\tmpzsmix902\\dt4fewu0.json', 'output', 'file=C:\\Users\\peral\\AppData\\Local\\Temp\\tmpzsmix902\\prophet_modelnw8yj_fk\\prophet_model-20251005132714.csv', 'method=optimize', 'algorithm=lbfgs', 'iter=10000']
2025-10-05 13:27:14,382 - [INFO] - Chain [1] start processing
2025-10-05 13:27:14,462 - [INFO] - Chain [1] done processing
2025-10-05 13:27:14,711 - [INFO] - HTTP Request: POST https://ytuiqgrpbwdxrmbzssrb.supabase.co/rest/v1/policy_recommendations "HTTP/2 201 Created"
2025-10-05 13:27:14,713 - [INFO] - Forecast for product 25891503: 318 units (MAPE: 23.7%)
2025-10-05 13:27:14,722 - [DEBUG] - cmd: where.exe tbb.dll
cwd: None
2025-10-05 13:27:14,917 - [DEBUG] - TBB already found in load path
2025-10-05 13:27:14,952 - [DEBUG] - input tempfile: C:\Users\peral\AppData\Local\Temp\tmpzsmix902\jwgmnd25.json
2025-10-05 13:27:14,974 - [DEBUG] - input tempfile: C:\Users\peral\AppData\Local\Temp\tmpzsmix902\2iw1bsm0.json
2025-10-05 13:27:14,986 - [DEBUG] - idx 0
2025-10-05 13:27:14,987 - [DEBUG] - running CmdStan, num_threads: None
2025-10-05 13:27:14,988 - [DEBUG] - CmdStan args: ['C:\\Users\\peral\\AppData\\Local\\Programs\\Python\\Python313\\Lib\\site-packages\\prophet\\stan_model\\prophet_model.bin', 'random', 'seed=28437', 'data', 'file=C:\\Users\\peral\\AppData\\Local\\Temp\\tmpzsmix902\\jwgmnd25.json', 'init=C:\\Users\\peral\\AppData\\Local\\Temp\\tmpzsmix902\\2iw1bsm0.json', 'output', 'file=C:\\Users\\peral\\AppData\\Local\\Temp\\tmpzsmix902\\prophet_modelnqgpoalg\\prophet_model-20251005132714.csv', 'method=optimize', 'algorithm=lbfgs', 'iter=10000']
2025-10-05 13:27:14,989 - [INFO] - Chain [1] start processing
2025-10-05 13:27:15,068 - [INFO] - Chain [1] done processing
2025-10-05 13:27:15,328 - [INFO] - HTTP Request: POST https://ytuiqgrpbwdxrmbzssrb.supabase.co/rest/v1/policy_recommendations "HTTP/2 201 Created"
2025-10-05 13:27:15,330 - [INFO] - Forecast for product 25891601: 326 units (MAPE: 33.4%)
2025-10-05 13:27:15,339 - [DEBUG] - cmd: where.exe tbb.dll
cwd: None
2025-10-05 13:27:15,534 - [DEBUG] - TBB already found in load path
2025-10-05 13:27:15,570 - [DEBUG] - input tempfile: C:\Users\peral\AppData\Local\Temp\tmpzsmix902\kchduoxl.json
2025-10-05 13:27:15,589 - [DEBUG] - input tempfile: C:\Users\peral\AppData\Local\Temp\tmpzsmix902\62_u5rqb.json
2025-10-05 13:27:15,595 - [DEBUG] - idx 0
2025-10-05 13:27:15,596 - [DEBUG] - running CmdStan, num_threads: None
2025-10-05 13:27:15,596 - [DEBUG] - CmdStan args: ['C:\\Users\\peral\\AppData\\Local\\Programs\\Python\\Python313\\Lib\\site-packages\\prophet\\stan_model\\prophet_model.bin', 'random', 'seed=38595', 'data', 'file=C:\\Users\\peral\\AppData\\Local\\Temp\\tmpzsmix902\\kchduoxl.json', 'init=C:\\Users\\peral\\AppData\\Local\\Temp\\tmpzsmix902\\62_u5rqb.json', 'output', 'file=C:\\Users\\peral\\AppData\\Local\\Temp\\tmpzsmix902\\prophet_modelj18kv14m\\prophet_model-20251005132715.csv', 'method=optimize', 'algorithm=lbfgs', 'iter=10000']
2025-10-05 13:27:15,597 - [INFO] - Chain [1] start processing
2025-10-05 13:27:15,673 - [INFO] - Chain [1] done processing
2025-10-05 13:27:15,783 - [WARNING] - High MAPE (93.0%) for product 25891602 — forecast may be unreliable
2025-10-05 13:27:15,926 - [INFO] - HTTP Request: POST https://ytuiqgrpbwdxrmbzssrb.supabase.co/rest/v1/policy_recommendations "HTTP/2 201 Created"
2025-10-05 13:27:15,928 - [INFO] - Forecast for product 25891602: 122 units (MAPE: 93.0%)
2025-10-05 13:27:15,935 - [DEBUG] - cmd: where.exe tbb.dll
cwd: None
2025-10-05 13:27:16,126 - [DEBUG] - TBB already found in load path
2025-10-05 13:27:16,164 - [DEBUG] - input tempfile: C:\Users\peral\AppData\Local\Temp\tmpzsmix902\gyuiifpi.json
2025-10-05 13:27:16,185 - [DEBUG] - input tempfile: C:\Users\peral\AppData\Local\Temp\tmpzsmix902\dbd33mnf.json
2025-10-05 13:27:16,188 - [DEBUG] - idx 0
2025-10-05 13:27:16,189 - [DEBUG] - running CmdStan, num_threads: None
2025-10-05 13:27:16,189 - [DEBUG] - CmdStan args: ['C:\\Users\\peral\\AppData\\Local\\Programs\\Python\\Python313\\Lib\\site-packages\\prophet\\stan_model\\prophet_model.bin', 'random', 'seed=60913', 'data', 'file=C:\\Users\\peral\\AppData\\Local\\Temp\\tmpzsmix902\\gyuiifpi.json', 'init=C:\\Users\\peral\\AppData\\Local\\Temp\\tmpzsmix902\\dbd33mnf.json', 'output', 'file=C:\\Users\\peral\\AppData\\Local\\Temp\\tmpzsmix902\\prophet_model4h3e280e\\prophet_model-20251005132716.csv', 'method=optimize', 'algorithm=lbfgs', 'iter=10000']
2025-10-05 13:27:16,190 - [INFO] - Chain [1] start processing
2025-10-05 13:27:16,268 - [INFO] - Chain [1] done processing
2025-10-05 13:27:16,369 - [WARNING] - High MAPE (94.4%) for product 25891603 — forecast may be unreliable
2025-10-05 13:27:16,578 - [INFO] - HTTP Request: POST https://ytuiqgrpbwdxrmbzssrb.supabase.co/rest/v1/policy_recommendations "HTTP/2 201 Created"
2025-10-05 13:27:16,580 - [INFO] - Forecast for product 25891603: 235 units (MAPE: 94.4%)
2025-10-05 13:27:16,580 - [INFO] - Forecasting complete (18 products)
2025-10-05 13:27:16,581 - [INFO] - Forecasting complete (18 products)
2025-10-05 13:27:16,582 - [INFO] - Generating policy recommendations
2025-10-05 13:27:16,582 - [INFO] - Pipeline completed successfully
2025-10-06 00:44:30,408 - [INFO] - Settings loaded (env=default)
2025-10-06 01:08:07,882 - [INFO] - Settings loaded (env=default)
2025-10-06 01:34:56,050 - [INFO] - Starting analytics pipeline
2025-10-06 01:34:56,052 - [INFO] - Settings loaded (env=default)
2025-10-06 01:34:56,418 - [INFO] - Running Customer KPI Risk Predictions
2025-10-06 01:34:56,418 - [INFO] - Starting Customer KPI Risk Pipeline...
2025-10-06 01:34:56,419 - [INFO] - Calculating real OTIF % from last 180 days of order data...
2025-10-06 01:34:58,052 - [INFO] - HTTP Request: GET https://ytuiqgrpbwdxrmbzssrb.supabase.co/rest/v1/fact_order_line?select=customer_id%2Corder_placement_date%2C%22On+Time%22%2C%22In+Full%22%2C%22On+Time+In+Full%22&order_placement_date=gte.2025-04-09 "HTTP/2 200 OK"
2025-10-06 01:34:58,303 - [INFO] - HTTP Request: GET https://ytuiqgrpbwdxrmbzssrb.supabase.co/rest/v1/dim_targets_order?select=%2A "HTTP/2 200 OK"
2025-10-06 01:34:58,496 - [INFO] - HTTP Request: GET https://ytuiqgrpbwdxrmbzssrb.supabase.co/rest/v1/dim_customers?select=customer_id%2Ccity "HTTP/2 200 OK"
2025-10-06 01:34:58,500 - [INFO] - Calculated OTIF, trends, and time-based features for 35 customers.
2025-10-06 01:34:58,501 - [INFO] - Preparing dataset with engineered features...
2025-10-06 01:34:58,506 - [INFO] - Dataset prepared with 35 rows and features: ['otif_pct', 'on_time_pct', 'in_full_pct', 'total_orders', 'target_otif', 'target_ontime', 'target_infull', 'recent_otif_trend', 'city_encoded', 'avg_days_since_last_order', 'avg_order_day_of_week', 'avg_order_month']
2025-10-06 01:34:58,507 - [INFO] - Generating predictions...
2025-10-06 01:34:58,781 - [INFO] - Uploading risk predictions to Supabase...
2025-10-06 01:34:58,999 - [INFO] - HTTP Request: POST https://ytuiqgrpbwdxrmbzssrb.supabase.co/rest/v1/kpi_risk_predictions?columns=%22customer_id%22%2C%22risk_label%22%2C%22risk_score%22%2C%22prediction_date%22 "HTTP/2 201 Created"
2025-10-06 01:34:59,001 - [INFO] - Successfully inserted 35 predictions.
2025-10-06 01:34:59,001 - [INFO] - Customer risk pipeline completed successfully.
2025-10-06 01:34:59,001 - [INFO] - Running KPI analysis
2025-10-06 01:34:59,599 - [INFO] - HTTP Request: GET https://ytuiqgrpbwdxrmbzssrb.supabase.co/rest/v1/kpi_summary?select=%2A "HTTP/2 200 OK"
2025-10-06 01:34:59,601 - [INFO] - Fetched 35 KPI summary rows
2025-10-06 01:34:59,601 - [INFO] - KPI analysis complete (35 records)
2025-10-06 01:34:59,601 - [INFO] - Running demand forecasting
2025-10-06 01:34:59,602 - [INFO] - Running demand forecasting
2025-10-06 01:34:59,806 - [INFO] - HTTP Request: GET https://ytuiqgrpbwdxrmbzssrb.supabase.co/rest/v1/fact_order_line?select=order_placement_date%2Cproduct_id%2Corder_qty "HTTP/2 200 OK"
2025-10-06 01:34:59,903 - [DEBUG] - cmd: where.exe tbb.dll
cwd: None
2025-10-06 01:35:00,022 - [DEBUG] - Adding TBB (c:\Users\peral\AppData\Local\Programs\Python\Python313\Lib\site-packages\prophet\stan_model\cmdstan-2.33.1\stan\lib\stan_math\lib\tbb) to PATH
2025-10-06 01:35:00,050 - [DEBUG] - input tempfile: C:\Users\peral\AppData\Local\Temp\tmpi_fqn9q9\av1qjfuj.json
2025-10-06 01:35:00,059 - [DEBUG] - input tempfile: C:\Users\peral\AppData\Local\Temp\tmpi_fqn9q9\pc02njat.json
2025-10-06 01:35:00,063 - [DEBUG] - idx 0
2025-10-06 01:35:00,064 - [DEBUG] - running CmdStan, num_threads: None
2025-10-06 01:35:00,064 - [DEBUG] - CmdStan args: ['C:\\Users\\peral\\AppData\\Local\\Programs\\Python\\Python313\\Lib\\site-packages\\prophet\\stan_model\\prophet_model.bin', 'random', 'seed=23825', 'data', 'file=C:\\Users\\peral\\AppData\\Local\\Temp\\tmpi_fqn9q9\\av1qjfuj.json', 'init=C:\\Users\\peral\\AppData\\Local\\Temp\\tmpi_fqn9q9\\pc02njat.json', 'output', 'file=C:\\Users\\peral\\AppData\\Local\\Temp\\tmpi_fqn9q9\\prophet_modelqcx8c6ng\\prophet_model-20251006013500.csv', 'method=optimize', 'algorithm=lbfgs', 'iter=10000']
2025-10-06 01:35:00,065 - [INFO] - Chain [1] start processing
2025-10-06 01:35:00,123 - [INFO] - Chain [1] done processing
2025-10-06 01:35:00,216 - [WARNING] - High MAPE (100.0%) for product 25891101 — forecast may be unreliable
2025-10-06 01:35:00,396 - [INFO] - HTTP Request: POST https://ytuiqgrpbwdxrmbzssrb.supabase.co/rest/v1/policy_recommendations "HTTP/2 201 Created"
2025-10-06 01:35:00,397 - [INFO] - Forecast for product 25891101: 117 units (MAPE: 100.0%)
2025-10-06 01:35:00,400 - [DEBUG] - cmd: where.exe tbb.dll
cwd: None
2025-10-06 01:35:00,494 - [DEBUG] - TBB already found in load path
2025-10-06 01:35:00,509 - [DEBUG] - input tempfile: C:\Users\peral\AppData\Local\Temp\tmpi_fqn9q9\vpth1rq6.json
2025-10-06 01:35:00,519 - [DEBUG] - input tempfile: C:\Users\peral\AppData\Local\Temp\tmpi_fqn9q9\khan785l.json
2025-10-06 01:35:00,521 - [DEBUG] - idx 0
2025-10-06 01:35:00,521 - [DEBUG] - running CmdStan, num_threads: None
2025-10-06 01:35:00,522 - [DEBUG] - CmdStan args: ['C:\\Users\\peral\\AppData\\Local\\Programs\\Python\\Python313\\Lib\\site-packages\\prophet\\stan_model\\prophet_model.bin', 'random', 'seed=4102', 'data', 'file=C:\\Users\\peral\\AppData\\Local\\Temp\\tmpi_fqn9q9\\vpth1rq6.json', 'init=C:\\Users\\peral\\AppData\\Local\\Temp\\tmpi_fqn9q9\\khan785l.json', 'output', 'file=C:\\Users\\peral\\AppData\\Local\\Temp\\tmpi_fqn9q9\\prophet_modelemrtcjt3\\prophet_model-20251006013500.csv', 'method=optimize', 'algorithm=lbfgs', 'iter=10000']
2025-10-06 01:35:00,522 - [INFO] - Chain [1] start processing
2025-10-06 01:35:00,563 - [INFO] - Chain [1] done processing
2025-10-06 01:35:00,616 - [WARNING] - High MAPE (62.3%) for product 25891102 — forecast may be unreliable
2025-10-06 01:35:01,040 - [INFO] - HTTP Request: POST https://ytuiqgrpbwdxrmbzssrb.supabase.co/rest/v1/policy_recommendations "HTTP/2 201 Created"
2025-10-06 01:35:01,041 - [INFO] - Forecast for product 25891102: 1527 units (MAPE: 62.3%)
2025-10-06 01:35:01,045 - [DEBUG] - cmd: where.exe tbb.dll
cwd: None
2025-10-06 01:35:01,132 - [DEBUG] - TBB already found in load path
2025-10-06 01:35:01,144 - [DEBUG] - input tempfile: C:\Users\peral\AppData\Local\Temp\tmpi_fqn9q9\i87c5xhz.json
2025-10-06 01:35:01,152 - [DEBUG] - input tempfile: C:\Users\peral\AppData\Local\Temp\tmpi_fqn9q9\n82uv0q0.json
2025-10-06 01:35:01,154 - [DEBUG] - idx 0
2025-10-06 01:35:01,154 - [DEBUG] - running CmdStan, num_threads: None
2025-10-06 01:35:01,154 - [DEBUG] - CmdStan args: ['C:\\Users\\peral\\AppData\\Local\\Programs\\Python\\Python313\\Lib\\site-packages\\prophet\\stan_model\\prophet_model.bin', 'random', 'seed=36999', 'data', 'file=C:\\Users\\peral\\AppData\\Local\\Temp\\tmpi_fqn9q9\\i87c5xhz.json', 'init=C:\\Users\\peral\\AppData\\Local\\Temp\\tmpi_fqn9q9\\n82uv0q0.json', 'output', 'file=C:\\Users\\peral\\AppData\\Local\\Temp\\tmpi_fqn9q9\\prophet_modelikbh9jiu\\prophet_model-20251006013501.csv', 'method=optimize', 'algorithm=lbfgs', 'iter=10000']
2025-10-06 01:35:01,155 - [INFO] - Chain [1] start processing
2025-10-06 01:35:01,196 - [INFO] - Chain [1] done processing
2025-10-06 01:35:01,246 - [WARNING] - High MAPE (100.0%) for product 25891103 — forecast may be unreliable
2025-10-06 01:35:01,400 - [INFO] - HTTP Request: POST https://ytuiqgrpbwdxrmbzssrb.supabase.co/rest/v1/policy_recommendations "HTTP/2 201 Created"
2025-10-06 01:35:01,402 - [INFO] - Forecast for product 25891103: 42 units (MAPE: 100.0%)
2025-10-06 01:35:01,406 - [DEBUG] - cmd: where.exe tbb.dll
cwd: None
2025-10-06 01:35:01,491 - [DEBUG] - TBB already found in load path
2025-10-06 01:35:01,503 - [DEBUG] - input tempfile: C:\Users\peral\AppData\Local\Temp\tmpi_fqn9q9\21o42y3j.json
2025-10-06 01:35:01,512 - [DEBUG] - input tempfile: C:\Users\peral\AppData\Local\Temp\tmpi_fqn9q9\w499dhcr.json
2025-10-06 01:35:01,514 - [DEBUG] - idx 0
2025-10-06 01:35:01,514 - [DEBUG] - running CmdStan, num_threads: None
2025-10-06 01:35:01,514 - [DEBUG] - CmdStan args: ['C:\\Users\\peral\\AppData\\Local\\Programs\\Python\\Python313\\Lib\\site-packages\\prophet\\stan_model\\prophet_model.bin', 'random', 'seed=50833', 'data', 'file=C:\\Users\\peral\\AppData\\Local\\Temp\\tmpi_fqn9q9\\21o42y3j.json', 'init=C:\\Users\\peral\\AppData\\Local\\Temp\\tmpi_fqn9q9\\w499dhcr.json', 'output', 'file=C:\\Users\\peral\\AppData\\Local\\Temp\\tmpi_fqn9q9\\prophet_modeld3bggv1n\\prophet_model-20251006013501.csv', 'method=optimize', 'algorithm=lbfgs', 'iter=10000']
2025-10-06 01:35:01,515 - [INFO] - Chain [1] start processing
2025-10-06 01:35:01,555 - [INFO] - Chain [1] done processing
2025-10-06 01:35:01,608 - [WARNING] - High MAPE (100.0%) for product 25891201 — forecast may be unreliable
2025-10-06 01:35:01,784 - [INFO] - HTTP Request: POST https://ytuiqgrpbwdxrmbzssrb.supabase.co/rest/v1/policy_recommendations "HTTP/2 201 Created"
2025-10-06 01:35:01,785 - [INFO] - Forecast for product 25891201: 22 units (MAPE: 100.0%)
2025-10-06 01:35:01,790 - [DEBUG] - cmd: where.exe tbb.dll
cwd: None
2025-10-06 01:35:01,873 - [DEBUG] - TBB already found in load path
2025-10-06 01:35:01,888 - [DEBUG] - input tempfile: C:\Users\peral\AppData\Local\Temp\tmpi_fqn9q9\uoe86e09.json
2025-10-06 01:35:01,896 - [DEBUG] - input tempfile: C:\Users\peral\AppData\Local\Temp\tmpi_fqn9q9\mzh_4_la.json
2025-10-06 01:35:01,898 - [DEBUG] - idx 0
2025-10-06 01:35:01,899 - [DEBUG] - running CmdStan, num_threads: None
2025-10-06 01:35:01,899 - [DEBUG] - CmdStan args: ['C:\\Users\\peral\\AppData\\Local\\Programs\\Python\\Python313\\Lib\\site-packages\\prophet\\stan_model\\prophet_model.bin', 'random', 'seed=62798', 'data', 'file=C:\\Users\\peral\\AppData\\Local\\Temp\\tmpi_fqn9q9\\uoe86e09.json', 'init=C:\\Users\\peral\\AppData\\Local\\Temp\\tmpi_fqn9q9\\mzh_4_la.json', 'output', 'file=C:\\Users\\peral\\AppData\\Local\\Temp\\tmpi_fqn9q9\\prophet_model4jolo3ux\\prophet_model-20251006013501.csv', 'method=optimize', 'algorithm=lbfgs', 'iter=10000']
2025-10-06 01:35:01,899 - [INFO] - Chain [1] start processing
2025-10-06 01:35:01,943 - [INFO] - Chain [1] done processing
2025-10-06 01:35:02,202 - [INFO] - HTTP Request: POST https://ytuiqgrpbwdxrmbzssrb.supabase.co/rest/v1/policy_recommendations "HTTP/2 201 Created"
2025-10-06 01:35:02,203 - [INFO] - Forecast for product 25891202: 1249 units (MAPE: 38.8%)
2025-10-06 01:35:02,207 - [DEBUG] - cmd: where.exe tbb.dll
cwd: None
2025-10-06 01:35:02,292 - [DEBUG] - TBB already found in load path
2025-10-06 01:35:02,305 - [DEBUG] - input tempfile: C:\Users\peral\AppData\Local\Temp\tmpi_fqn9q9\neac_6b_.json
2025-10-06 01:35:02,314 - [DEBUG] - input tempfile: C:\Users\peral\AppData\Local\Temp\tmpi_fqn9q9\2f21p94a.json
2025-10-06 01:35:02,315 - [DEBUG] - idx 0
2025-10-06 01:35:02,316 - [DEBUG] - running CmdStan, num_threads: None
2025-10-06 01:35:02,316 - [DEBUG] - CmdStan args: ['C:\\Users\\peral\\AppData\\Local\\Programs\\Python\\Python313\\Lib\\site-packages\\prophet\\stan_model\\prophet_model.bin', 'random', 'seed=35568', 'data', 'file=C:\\Users\\peral\\AppData\\Local\\Temp\\tmpi_fqn9q9\\neac_6b_.json', 'init=C:\\Users\\peral\\AppData\\Local\\Temp\\tmpi_fqn9q9\\2f21p94a.json', 'output', 'file=C:\\Users\\peral\\AppData\\Local\\Temp\\tmpi_fqn9q9\\prophet_model859uymse\\prophet_model-20251006013502.csv', 'method=optimize', 'algorithm=lbfgs', 'iter=10000']
2025-10-06 01:35:02,316 - [INFO] - Chain [1] start processing
2025-10-06 01:35:02,357 - [INFO] - Chain [1] done processing
2025-10-06 01:35:02,567 - [INFO] - HTTP Request: POST https://ytuiqgrpbwdxrmbzssrb.supabase.co/rest/v1/policy_recommendations "HTTP/2 201 Created"
2025-10-06 01:35:02,568 - [INFO] - Forecast for product 25891203: 828 units (MAPE: 6.3%)
2025-10-06 01:35:02,573 - [DEBUG] - cmd: where.exe tbb.dll
cwd: None
2025-10-06 01:35:02,659 - [DEBUG] - TBB already found in load path
2025-10-06 01:35:02,670 - [DEBUG] - input tempfile: C:\Users\peral\AppData\Local\Temp\tmpi_fqn9q9\g93uhuhw.json
2025-10-06 01:35:02,680 - [DEBUG] - input tempfile: C:\Users\peral\AppData\Local\Temp\tmpi_fqn9q9\66wux3si.json
2025-10-06 01:35:02,681 - [DEBUG] - idx 0
2025-10-06 01:35:02,682 - [DEBUG] - running CmdStan, num_threads: None
2025-10-06 01:35:02,682 - [DEBUG] - CmdStan args: ['C:\\Users\\peral\\AppData\\Local\\Programs\\Python\\Python313\\Lib\\site-packages\\prophet\\stan_model\\prophet_model.bin', 'random', 'seed=64818', 'data', 'file=C:\\Users\\peral\\AppData\\Local\\Temp\\tmpi_fqn9q9\\g93uhuhw.json', 'init=C:\\Users\\peral\\AppData\\Local\\Temp\\tmpi_fqn9q9\\66wux3si.json', 'output', 'file=C:\\Users\\peral\\AppData\\Local\\Temp\\tmpi_fqn9q9\\prophet_modelc39d974u\\prophet_model-20251006013502.csv', 'method=optimize', 'algorithm=lbfgs', 'iter=10000']
2025-10-06 01:35:02,682 - [INFO] - Chain [1] start processing
2025-10-06 01:35:02,722 - [INFO] - Chain [1] done processing
2025-10-06 01:35:02,774 - [WARNING] - High MAPE (51.6%) for product 25891301 — forecast may be unreliable
2025-10-06 01:35:02,922 - [INFO] - HTTP Request: POST https://ytuiqgrpbwdxrmbzssrb.supabase.co/rest/v1/policy_recommendations "HTTP/2 201 Created"
2025-10-06 01:35:02,923 - [INFO] - Forecast for product 25891301: 264 units (MAPE: 51.6%)
2025-10-06 01:35:02,928 - [DEBUG] - cmd: where.exe tbb.dll
cwd: None
2025-10-06 01:35:03,020 - [DEBUG] - TBB already found in load path
2025-10-06 01:35:03,032 - [DEBUG] - input tempfile: C:\Users\peral\AppData\Local\Temp\tmpi_fqn9q9\jbc_6mjt.json
2025-10-06 01:35:03,041 - [DEBUG] - input tempfile: C:\Users\peral\AppData\Local\Temp\tmpi_fqn9q9\r2tsnpta.json
2025-10-06 01:35:03,042 - [DEBUG] - idx 0
2025-10-06 01:35:03,043 - [DEBUG] - running CmdStan, num_threads: None
2025-10-06 01:35:03,043 - [DEBUG] - CmdStan args: ['C:\\Users\\peral\\AppData\\Local\\Programs\\Python\\Python313\\Lib\\site-packages\\prophet\\stan_model\\prophet_model.bin', 'random', 'seed=88037', 'data', 'file=C:\\Users\\peral\\AppData\\Local\\Temp\\tmpi_fqn9q9\\jbc_6mjt.json', 'init=C:\\Users\\peral\\AppData\\Local\\Temp\\tmpi_fqn9q9\\r2tsnpta.json', 'output', 'file=C:\\Users\\peral\\AppData\\Local\\Temp\\tmpi_fqn9q9\\prophet_modelmf2722hq\\prophet_model-20251006013503.csv', 'method=optimize', 'algorithm=lbfgs', 'iter=10000']
2025-10-06 01:35:03,043 - [INFO] - Chain [1] start processing
2025-10-06 01:35:03,082 - [INFO] - Chain [1] done processing
2025-10-06 01:35:03,130 - [WARNING] - High MAPE (90.0%) for product 25891302 — forecast may be unreliable
2025-10-06 01:35:03,272 - [INFO] - HTTP Request: POST https://ytuiqgrpbwdxrmbzssrb.supabase.co/rest/v1/policy_recommendations "HTTP/2 201 Created"
2025-10-06 01:35:03,274 - [INFO] - Forecast for product 25891302: 32 units (MAPE: 90.0%)
2025-10-06 01:35:03,278 - [DEBUG] - cmd: where.exe tbb.dll
cwd: None
2025-10-06 01:35:03,362 - [DEBUG] - TBB already found in load path
2025-10-06 01:35:03,374 - [DEBUG] - input tempfile: C:\Users\peral\AppData\Local\Temp\tmpi_fqn9q9\7iieiv5l.json
2025-10-06 01:35:03,383 - [DEBUG] - input tempfile: C:\Users\peral\AppData\Local\Temp\tmpi_fqn9q9\32gdoyam.json
2025-10-06 01:35:03,384 - [DEBUG] - idx 0
2025-10-06 01:35:03,385 - [DEBUG] - running CmdStan, num_threads: None
2025-10-06 01:35:03,385 - [DEBUG] - CmdStan args: ['C:\\Users\\peral\\AppData\\Local\\Programs\\Python\\Python313\\Lib\\site-packages\\prophet\\stan_model\\prophet_model.bin', 'random', 'seed=57654', 'data', 'file=C:\\Users\\peral\\AppData\\Local\\Temp\\tmpi_fqn9q9\\7iieiv5l.json', 'init=C:\\Users\\peral\\AppData\\Local\\Temp\\tmpi_fqn9q9\\32gdoyam.json', 'output', 'file=C:\\Users\\peral\\AppData\\Local\\Temp\\tmpi_fqn9q9\\prophet_modelmxahw2ka\\prophet_model-20251006013503.csv', 'method=optimize', 'algorithm=lbfgs', 'iter=10000']
2025-10-06 01:35:03,386 - [INFO] - Chain [1] start processing
2025-10-06 01:35:03,426 - [INFO] - Chain [1] done processing
2025-10-06 01:35:03,475 - [WARNING] - High MAPE (100.0%) for product 25891303 — forecast may be unreliable
2025-10-06 01:35:03,619 - [INFO] - HTTP Request: POST https://ytuiqgrpbwdxrmbzssrb.supabase.co/rest/v1/policy_recommendations "HTTP/2 201 Created"
2025-10-06 01:35:03,620 - [INFO] - Forecast for product 25891303: 13 units (MAPE: 100.0%)
2025-10-06 01:35:03,624 - [DEBUG] - cmd: where.exe tbb.dll
cwd: None
2025-10-06 01:35:03,708 - [DEBUG] - TBB already found in load path
2025-10-06 01:35:03,721 - [DEBUG] - input tempfile: C:\Users\peral\AppData\Local\Temp\tmpi_fqn9q9\rq_evt_r.json
2025-10-06 01:35:03,731 - [DEBUG] - input tempfile: C:\Users\peral\AppData\Local\Temp\tmpi_fqn9q9\hyomai37.json
2025-10-06 01:35:03,732 - [DEBUG] - idx 0
2025-10-06 01:35:03,732 - [DEBUG] - running CmdStan, num_threads: None
2025-10-06 01:35:03,733 - [DEBUG] - CmdStan args: ['C:\\Users\\peral\\AppData\\Local\\Programs\\Python\\Python313\\Lib\\site-packages\\prophet\\stan_model\\prophet_model.bin', 'random', 'seed=98013', 'data', 'file=C:\\Users\\peral\\AppData\\Local\\Temp\\tmpi_fqn9q9\\rq_evt_r.json', 'init=C:\\Users\\peral\\AppData\\Local\\Temp\\tmpi_fqn9q9\\hyomai37.json', 'output', 'file=C:\\Users\\peral\\AppData\\Local\\Temp\\tmpi_fqn9q9\\prophet_modelgdw25tlm\\prophet_model-20251006013503.csv', 'method=optimize', 'algorithm=lbfgs', 'iter=10000']
2025-10-06 01:35:03,733 - [INFO] - Chain [1] start processing
2025-10-06 01:35:03,770 - [INFO] - Chain [1] done processing
2025-10-06 01:35:03,819 - [WARNING] - High MAPE (298.5%) for product 25891401 — forecast may be unreliable
2025-10-06 01:35:04,013 - [INFO] - HTTP Request: POST https://ytuiqgrpbwdxrmbzssrb.supabase.co/rest/v1/policy_recommendations "HTTP/2 201 Created"
2025-10-06 01:35:04,014 - [INFO] - Forecast for product 25891401: 1704 units (MAPE: 298.5%)
2025-10-06 01:35:04,018 - [DEBUG] - cmd: where.exe tbb.dll
cwd: None
2025-10-06 01:35:04,108 - [DEBUG] - TBB already found in load path
2025-10-06 01:35:04,121 - [DEBUG] - input tempfile: C:\Users\peral\AppData\Local\Temp\tmpi_fqn9q9\zso4ubax.json
2025-10-06 01:35:04,130 - [DEBUG] - input tempfile: C:\Users\peral\AppData\Local\Temp\tmpi_fqn9q9\7u8kfwhh.json
2025-10-06 01:35:04,132 - [DEBUG] - idx 0
2025-10-06 01:35:04,132 - [DEBUG] - running CmdStan, num_threads: None
2025-10-06 01:35:04,132 - [DEBUG] - CmdStan args: ['C:\\Users\\peral\\AppData\\Local\\Programs\\Python\\Python313\\Lib\\site-packages\\prophet\\stan_model\\prophet_model.bin', 'random', 'seed=20194', 'data', 'file=C:\\Users\\peral\\AppData\\Local\\Temp\\tmpi_fqn9q9\\zso4ubax.json', 'init=C:\\Users\\peral\\AppData\\Local\\Temp\\tmpi_fqn9q9\\7u8kfwhh.json', 'output', 'file=C:\\Users\\peral\\AppData\\Local\\Temp\\tmpi_fqn9q9\\prophet_modelslll4ovt\\prophet_model-20251006013504.csv', 'method=optimize', 'algorithm=lbfgs', 'iter=10000']
2025-10-06 01:35:04,133 - [INFO] - Chain [1] start processing
2025-10-06 01:35:04,171 - [INFO] - Chain [1] done processing
2025-10-06 01:35:04,360 - [INFO] - HTTP Request: POST https://ytuiqgrpbwdxrmbzssrb.supabase.co/rest/v1/policy_recommendations "HTTP/2 201 Created"
2025-10-06 01:35:04,362 - [INFO] - Forecast for product 25891402: 886 units (MAPE: 19.2%)
2025-10-06 01:35:04,365 - [DEBUG] - cmd: where.exe tbb.dll
cwd: None
2025-10-06 01:35:04,450 - [DEBUG] - TBB already found in load path
2025-10-06 01:35:04,462 - [DEBUG] - input tempfile: C:\Users\peral\AppData\Local\Temp\tmpi_fqn9q9\7nmiyfa0.json
2025-10-06 01:35:04,470 - [DEBUG] - input tempfile: C:\Users\peral\AppData\Local\Temp\tmpi_fqn9q9\ht861rsc.json
2025-10-06 01:35:04,472 - [DEBUG] - idx 0
2025-10-06 01:35:04,472 - [DEBUG] - running CmdStan, num_threads: None
2025-10-06 01:35:04,472 - [DEBUG] - CmdStan args: ['C:\\Users\\peral\\AppData\\Local\\Programs\\Python\\Python313\\Lib\\site-packages\\prophet\\stan_model\\prophet_model.bin', 'random', 'seed=48026', 'data', 'file=C:\\Users\\peral\\AppData\\Local\\Temp\\tmpi_fqn9q9\\7nmiyfa0.json', 'init=C:\\Users\\peral\\AppData\\Local\\Temp\\tmpi_fqn9q9\\ht861rsc.json', 'output', 'file=C:\\Users\\peral\\AppData\\Local\\Temp\\tmpi_fqn9q9\\prophet_modelauu9aa_x\\prophet_model-20251006013504.csv', 'method=optimize', 'algorithm=lbfgs', 'iter=10000']
2025-10-06 01:35:04,472 - [INFO] - Chain [1] start processing
2025-10-06 01:35:04,515 - [INFO] - Chain [1] done processing
2025-10-06 01:35:04,565 - [WARNING] - High MAPE (100.0%) for product 25891403 — forecast may be unreliable
2025-10-06 01:35:04,761 - [INFO] - HTTP Request: POST https://ytuiqgrpbwdxrmbzssrb.supabase.co/rest/v1/policy_recommendations "HTTP/2 201 Created"
2025-10-06 01:35:04,762 - [INFO] - Forecast for product 25891403: 56 units (MAPE: 100.0%)
2025-10-06 01:35:04,766 - [DEBUG] - cmd: where.exe tbb.dll
cwd: None
2025-10-06 01:35:04,851 - [DEBUG] - TBB already found in load path
2025-10-06 01:35:04,865 - [DEBUG] - input tempfile: C:\Users\peral\AppData\Local\Temp\tmpi_fqn9q9\kymwhbdh.json
2025-10-06 01:35:04,872 - [DEBUG] - input tempfile: C:\Users\peral\AppData\Local\Temp\tmpi_fqn9q9\rsb4g13b.json
2025-10-06 01:35:04,875 - [DEBUG] - idx 0
2025-10-06 01:35:04,875 - [DEBUG] - running CmdStan, num_threads: None
2025-10-06 01:35:04,875 - [DEBUG] - CmdStan args: ['C:\\Users\\peral\\AppData\\Local\\Programs\\Python\\Python313\\Lib\\site-packages\\prophet\\stan_model\\prophet_model.bin', 'random', 'seed=83020', 'data', 'file=C:\\Users\\peral\\AppData\\Local\\Temp\\tmpi_fqn9q9\\kymwhbdh.json', 'init=C:\\Users\\peral\\AppData\\Local\\Temp\\tmpi_fqn9q9\\rsb4g13b.json', 'output', 'file=C:\\Users\\peral\\AppData\\Local\\Temp\\tmpi_fqn9q9\\prophet_model9gl00gg5\\prophet_model-20251006013504.csv', 'method=optimize', 'algorithm=lbfgs', 'iter=10000']
2025-10-06 01:35:04,876 - [INFO] - Chain [1] start processing
2025-10-06 01:35:04,919 - [INFO] - Chain [1] done processing
2025-10-06 01:35:04,969 - [WARNING] - High MAPE (189.5%) for product 25891501 — forecast may be unreliable
2025-10-06 01:35:05,176 - [INFO] - HTTP Request: POST https://ytuiqgrpbwdxrmbzssrb.supabase.co/rest/v1/policy_recommendations "HTTP/2 201 Created"
2025-10-06 01:35:05,178 - [INFO] - Forecast for product 25891501: 644 units (MAPE: 189.5%)
2025-10-06 01:35:05,182 - [DEBUG] - cmd: where.exe tbb.dll
cwd: None
2025-10-06 01:35:05,263 - [DEBUG] - TBB already found in load path
2025-10-06 01:35:05,274 - [DEBUG] - input tempfile: C:\Users\peral\AppData\Local\Temp\tmpi_fqn9q9\irs9sler.json
2025-10-06 01:35:05,284 - [DEBUG] - input tempfile: C:\Users\peral\AppData\Local\Temp\tmpi_fqn9q9\9lw3xk7q.json
2025-10-06 01:35:05,285 - [DEBUG] - idx 0
2025-10-06 01:35:05,285 - [DEBUG] - running CmdStan, num_threads: None
2025-10-06 01:35:05,285 - [DEBUG] - CmdStan args: ['C:\\Users\\peral\\AppData\\Local\\Programs\\Python\\Python313\\Lib\\site-packages\\prophet\\stan_model\\prophet_model.bin', 'random', 'seed=83178', 'data', 'file=C:\\Users\\peral\\AppData\\Local\\Temp\\tmpi_fqn9q9\\irs9sler.json', 'init=C:\\Users\\peral\\AppData\\Local\\Temp\\tmpi_fqn9q9\\9lw3xk7q.json', 'output', 'file=C:\\Users\\peral\\AppData\\Local\\Temp\\tmpi_fqn9q9\\prophet_model97st0k56\\prophet_model-20251006013505.csv', 'method=optimize', 'algorithm=lbfgs', 'iter=10000']
2025-10-06 01:35:05,286 - [INFO] - Chain [1] start processing
2025-10-06 01:35:05,364 - [INFO] - Chain [1] done processing
2025-10-06 01:35:05,411 - [WARNING] - High MAPE (100.0%) for product 25891502 — forecast may be unreliable
2025-10-06 01:35:05,568 - [INFO] - HTTP Request: POST https://ytuiqgrpbwdxrmbzssrb.supabase.co/rest/v1/policy_recommendations "HTTP/2 201 Created"
2025-10-06 01:35:05,569 - [INFO] - Forecast for product 25891502: 26 units (MAPE: 100.0%)
2025-10-06 01:35:05,573 - [DEBUG] - cmd: where.exe tbb.dll
cwd: None
2025-10-06 01:35:05,656 - [DEBUG] - TBB already found in load path
2025-10-06 01:35:05,670 - [DEBUG] - input tempfile: C:\Users\peral\AppData\Local\Temp\tmpi_fqn9q9\bbzkke_4.json
2025-10-06 01:35:05,679 - [DEBUG] - input tempfile: C:\Users\peral\AppData\Local\Temp\tmpi_fqn9q9\o99p7h05.json
2025-10-06 01:35:05,681 - [DEBUG] - idx 0
2025-10-06 01:35:05,681 - [DEBUG] - running CmdStan, num_threads: None
2025-10-06 01:35:05,682 - [DEBUG] - CmdStan args: ['C:\\Users\\peral\\AppData\\Local\\Programs\\Python\\Python313\\Lib\\site-packages\\prophet\\stan_model\\prophet_model.bin', 'random', 'seed=3831', 'data', 'file=C:\\Users\\peral\\AppData\\Local\\Temp\\tmpi_fqn9q9\\bbzkke_4.json', 'init=C:\\Users\\peral\\AppData\\Local\\Temp\\tmpi_fqn9q9\\o99p7h05.json', 'output', 'file=C:\\Users\\peral\\AppData\\Local\\Temp\\tmpi_fqn9q9\\prophet_model5vhyi9_k\\prophet_model-20251006013505.csv', 'method=optimize', 'algorithm=lbfgs', 'iter=10000']
2025-10-06 01:35:05,682 - [INFO] - Chain [1] start processing
2025-10-06 01:35:05,723 - [INFO] - Chain [1] done processing
2025-10-06 01:35:05,909 - [INFO] - HTTP Request: POST https://ytuiqgrpbwdxrmbzssrb.supabase.co/rest/v1/policy_recommendations "HTTP/2 201 Created"
2025-10-06 01:35:05,910 - [INFO] - Forecast for product 25891503: 318 units (MAPE: 23.7%)
2025-10-06 01:35:05,915 - [DEBUG] - cmd: where.exe tbb.dll
cwd: None
2025-10-06 01:35:06,001 - [DEBUG] - TBB already found in load path
2025-10-06 01:35:06,014 - [DEBUG] - input tempfile: C:\Users\peral\AppData\Local\Temp\tmpi_fqn9q9\plfz2mi0.json
2025-10-06 01:35:06,023 - [DEBUG] - input tempfile: C:\Users\peral\AppData\Local\Temp\tmpi_fqn9q9\gxzfy1pe.json
2025-10-06 01:35:06,034 - [DEBUG] - idx 0
2025-10-06 01:35:06,034 - [DEBUG] - running CmdStan, num_threads: None
2025-10-06 01:35:06,035 - [DEBUG] - CmdStan args: ['C:\\Users\\peral\\AppData\\Local\\Programs\\Python\\Python313\\Lib\\site-packages\\prophet\\stan_model\\prophet_model.bin', 'random', 'seed=38560', 'data', 'file=C:\\Users\\peral\\AppData\\Local\\Temp\\tmpi_fqn9q9\\plfz2mi0.json', 'init=C:\\Users\\peral\\AppData\\Local\\Temp\\tmpi_fqn9q9\\gxzfy1pe.json', 'output', 'file=C:\\Users\\peral\\AppData\\Local\\Temp\\tmpi_fqn9q9\\prophet_modelcm7nsjhj\\prophet_model-20251006013506.csv', 'method=optimize', 'algorithm=lbfgs', 'iter=10000']
2025-10-06 01:35:06,035 - [INFO] - Chain [1] start processing
2025-10-06 01:35:06,073 - [INFO] - Chain [1] done processing
2025-10-06 01:35:06,263 - [INFO] - HTTP Request: POST https://ytuiqgrpbwdxrmbzssrb.supabase.co/rest/v1/policy_recommendations "HTTP/2 201 Created"
2025-10-06 01:35:06,264 - [INFO] - Forecast for product 25891601: 326 units (MAPE: 33.4%)
2025-10-06 01:35:06,267 - [DEBUG] - cmd: where.exe tbb.dll
cwd: None
2025-10-06 01:35:06,350 - [DEBUG] - TBB already found in load path
2025-10-06 01:35:06,364 - [DEBUG] - input tempfile: C:\Users\peral\AppData\Local\Temp\tmpi_fqn9q9\00gmhr27.json
2025-10-06 01:35:06,372 - [DEBUG] - input tempfile: C:\Users\peral\AppData\Local\Temp\tmpi_fqn9q9\0qe9pm5l.json
2025-10-06 01:35:06,374 - [DEBUG] - idx 0
2025-10-06 01:35:06,375 - [DEBUG] - running CmdStan, num_threads: None
2025-10-06 01:35:06,375 - [DEBUG] - CmdStan args: ['C:\\Users\\peral\\AppData\\Local\\Programs\\Python\\Python313\\Lib\\site-packages\\prophet\\stan_model\\prophet_model.bin', 'random', 'seed=65429', 'data', 'file=C:\\Users\\peral\\AppData\\Local\\Temp\\tmpi_fqn9q9\\00gmhr27.json', 'init=C:\\Users\\peral\\AppData\\Local\\Temp\\tmpi_fqn9q9\\0qe9pm5l.json', 'output', 'file=C:\\Users\\peral\\AppData\\Local\\Temp\\tmpi_fqn9q9\\prophet_model84a3ipam\\prophet_model-20251006013506.csv', 'method=optimize', 'algorithm=lbfgs', 'iter=10000']
2025-10-06 01:35:06,375 - [INFO] - Chain [1] start processing
2025-10-06 01:35:06,414 - [INFO] - Chain [1] done processing
2025-10-06 01:35:06,462 - [WARNING] - High MAPE (93.0%) for product 25891602 — forecast may be unreliable
2025-10-06 01:35:06,603 - [INFO] - HTTP Request: POST https://ytuiqgrpbwdxrmbzssrb.supabase.co/rest/v1/policy_recommendations "HTTP/2 201 Created"
2025-10-06 01:35:06,604 - [INFO] - Forecast for product 25891602: 122 units (MAPE: 93.0%)
2025-10-06 01:35:06,608 - [DEBUG] - cmd: where.exe tbb.dll
cwd: None
2025-10-06 01:35:06,692 - [DEBUG] - TBB already found in load path
2025-10-06 01:35:06,705 - [DEBUG] - input tempfile: C:\Users\peral\AppData\Local\Temp\tmpi_fqn9q9\yr5w4cm2.json
2025-10-06 01:35:06,714 - [DEBUG] - input tempfile: C:\Users\peral\AppData\Local\Temp\tmpi_fqn9q9\pnz2fc_s.json
2025-10-06 01:35:06,715 - [DEBUG] - idx 0
2025-10-06 01:35:06,715 - [DEBUG] - running CmdStan, num_threads: None
2025-10-06 01:35:06,715 - [DEBUG] - CmdStan args: ['C:\\Users\\peral\\AppData\\Local\\Programs\\Python\\Python313\\Lib\\site-packages\\prophet\\stan_model\\prophet_model.bin', 'random', 'seed=96823', 'data', 'file=C:\\Users\\peral\\AppData\\Local\\Temp\\tmpi_fqn9q9\\yr5w4cm2.json', 'init=C:\\Users\\peral\\AppData\\Local\\Temp\\tmpi_fqn9q9\\pnz2fc_s.json', 'output', 'file=C:\\Users\\peral\\AppData\\Local\\Temp\\tmpi_fqn9q9\\prophet_modelft26b55n\\prophet_model-20251006013506.csv', 'method=optimize', 'algorithm=lbfgs', 'iter=10000']
2025-10-06 01:35:06,716 - [INFO] - Chain [1] start processing
2025-10-06 01:35:06,756 - [INFO] - Chain [1] done processing
2025-10-06 01:35:06,807 - [WARNING] - High MAPE (94.4%) for product 25891603 — forecast may be unreliable
2025-10-06 01:35:06,949 - [INFO] - HTTP Request: POST https://ytuiqgrpbwdxrmbzssrb.supabase.co/rest/v1/policy_recommendations "HTTP/2 201 Created"
2025-10-06 01:35:06,950 - [INFO] - Forecast for product 25891603: 235 units (MAPE: 94.4%)
2025-10-06 01:35:06,951 - [INFO] - Forecasting complete (18 products)
2025-10-06 01:35:06,952 - [INFO] - Forecasting complete (18 products)
2025-10-06 01:35:06,952 - [INFO] - Generating policy recommendations
2025-10-06 01:35:06,952 - [INFO] - Pipeline completed successfully
2025-10-06 21:06:56,394 - [INFO] - Settings loaded (env=default)
2025-10-07 18:32:51,271 - [INFO] - Settings loaded (env=default)
2025-10-07 21:50:05,732 - [INFO] - Settings loaded (env=default)
2025-10-08 16:51:59,482 - [INFO] - Settings loaded (env=default)
2025-10-08 16:53:34,831 - [INFO] - Settings loaded (env=default)
2025-10-08 16:53:40,115 - [INFO] - Starting analytics pipeline
2025-10-08 16:53:40,117 - [INFO] - Settings loaded (env=default)
2025-10-08 16:53:40,513 - [INFO] - Running Customer KPI Risk Predictions
2025-10-08 16:53:40,513 - [INFO] - Starting Customer KPI Risk Pipeline...
2025-10-08 16:53:40,513 - [INFO] - Calculating real OTIF % from last 180 days of order data...
2025-10-08 16:53:42,412 - [INFO] - HTTP Request: GET https://ytuiqgrpbwdxrmbzssrb.supabase.co/rest/v1/fact_order_line?select=customer_id%2Corder_placement_date%2C%22On+Time%22%2C%22In+Full%22%2C%22On+Time+In+Full%22&order_placement_date=gte.2025-04-11 "HTTP/2 200 OK"
2025-10-08 16:53:42,693 - [INFO] - HTTP Request: GET https://ytuiqgrpbwdxrmbzssrb.supabase.co/rest/v1/dim_targets_order?select=%2A "HTTP/2 200 OK"
2025-10-08 16:53:42,901 - [INFO] - HTTP Request: GET https://ytuiqgrpbwdxrmbzssrb.supabase.co/rest/v1/dim_customers?select=customer_id%2Ccity "HTTP/2 200 OK"
2025-10-08 16:53:42,904 - [INFO] - Calculated OTIF, trends, and time-based features for 35 customers.
2025-10-08 16:53:42,905 - [INFO] - Preparing dataset with engineered features...
2025-10-08 16:53:42,911 - [INFO] - Dataset prepared with 35 rows and features: ['otif_pct', 'on_time_pct', 'in_full_pct', 'total_orders', 'target_otif', 'target_ontime', 'target_infull', 'recent_otif_trend', 'city_encoded', 'avg_days_since_last_order', 'avg_order_day_of_week', 'avg_order_month']
2025-10-08 16:53:42,911 - [INFO] - Generating predictions...
2025-10-08 16:53:43,326 - [INFO] - Uploading risk predictions to Supabase...
2025-10-08 16:53:43,835 - [INFO] - HTTP Request: POST https://ytuiqgrpbwdxrmbzssrb.supabase.co/rest/v1/kpi_risk_predictions?columns=%22customer_id%22%2C%22risk_label%22%2C%22risk_score%22%2C%22prediction_date%22 "HTTP/2 201 Created"
2025-10-08 16:53:43,836 - [INFO] - Successfully inserted 35 predictions.
2025-10-08 16:53:43,837 - [INFO] - Customer risk pipeline completed successfully.
2025-10-08 16:53:43,837 - [INFO] - Running KPI analysis
2025-10-08 16:53:44,447 - [INFO] - HTTP Request: GET https://ytuiqgrpbwdxrmbzssrb.supabase.co/rest/v1/kpi_summary?select=%2A "HTTP/2 200 OK"
2025-10-08 16:53:44,449 - [INFO] - Fetched 35 KPI summary rows
2025-10-08 16:53:44,449 - [INFO] - KPI analysis complete (35 records)
2025-10-08 16:53:44,449 - [INFO] - Running demand forecasting
2025-10-08 16:53:44,450 - [INFO] - Running demand forecasting
2025-10-08 16:53:44,666 - [INFO] - HTTP Request: GET https://ytuiqgrpbwdxrmbzssrb.supabase.co/rest/v1/fact_order_line?select=order_placement_date%2Cproduct_id%2Corder_qty "HTTP/2 200 OK"
2025-10-08 16:53:44,739 - [DEBUG] - cmd: where.exe tbb.dll
cwd: None
2025-10-08 16:53:44,855 - [DEBUG] - Adding TBB (c:\Users\peral\AppData\Local\Programs\Python\Python313\Lib\site-packages\prophet\stan_model\cmdstan-2.33.1\stan\lib\stan_math\lib\tbb) to PATH
2025-10-08 16:53:44,874 - [DEBUG] - input tempfile: C:\Users\peral\AppData\Local\Temp\tmpf1bu7tr0\fpkbkd5z.json
2025-10-08 16:53:44,883 - [DEBUG] - input tempfile: C:\Users\peral\AppData\Local\Temp\tmpf1bu7tr0\q48hzhhj.json
2025-10-08 16:53:44,886 - [DEBUG] - idx 0
2025-10-08 16:53:44,886 - [DEBUG] - running CmdStan, num_threads: None
2025-10-08 16:53:44,886 - [DEBUG] - CmdStan args: ['C:\\Users\\peral\\AppData\\Local\\Programs\\Python\\Python313\\Lib\\site-packages\\prophet\\stan_model\\prophet_model.bin', 'random', 'seed=4791', 'data', 'file=C:\\Users\\peral\\AppData\\Local\\Temp\\tmpf1bu7tr0\\fpkbkd5z.json', 'init=C:\\Users\\peral\\AppData\\Local\\Temp\\tmpf1bu7tr0\\q48hzhhj.json', 'output', 'file=C:\\Users\\peral\\AppData\\Local\\Temp\\tmpf1bu7tr0\\prophet_model_2v7zzkn\\prophet_model-20251008165344.csv', 'method=optimize', 'algorithm=lbfgs', 'iter=10000']
2025-10-08 16:53:44,887 - [INFO] - Chain [1] start processing
2025-10-08 16:53:48,979 - [INFO] - Chain [1] done processing
2025-10-08 16:53:49,034 - [WARNING] - High MAPE (100.0%) for product 25891101 — forecast may be unreliable
2025-10-08 16:53:49,211 - [INFO] - HTTP Request: POST https://ytuiqgrpbwdxrmbzssrb.supabase.co/rest/v1/policy_recommendations "HTTP/2 201 Created"
2025-10-08 16:53:49,213 - [INFO] - Forecast for product 25891101: 117 units (MAPE: 100.0%)
2025-10-08 16:53:49,216 - [DEBUG] - cmd: where.exe tbb.dll
cwd: None
2025-10-08 16:53:49,305 - [DEBUG] - TBB already found in load path
2025-10-08 16:53:49,318 - [DEBUG] - input tempfile: C:\Users\peral\AppData\Local\Temp\tmpf1bu7tr0\u7aafkdd.json
2025-10-08 16:53:49,326 - [DEBUG] - input tempfile: C:\Users\peral\AppData\Local\Temp\tmpf1bu7tr0\sxt1icjn.json
2025-10-08 16:53:49,328 - [DEBUG] - idx 0
2025-10-08 16:53:49,329 - [DEBUG] - running CmdStan, num_threads: None
2025-10-08 16:53:49,329 - [DEBUG] - CmdStan args: ['C:\\Users\\peral\\AppData\\Local\\Programs\\Python\\Python313\\Lib\\site-packages\\prophet\\stan_model\\prophet_model.bin', 'random', 'seed=19280', 'data', 'file=C:\\Users\\peral\\AppData\\Local\\Temp\\tmpf1bu7tr0\\u7aafkdd.json', 'init=C:\\Users\\peral\\AppData\\Local\\Temp\\tmpf1bu7tr0\\sxt1icjn.json', 'output', 'file=C:\\Users\\peral\\AppData\\Local\\Temp\\tmpf1bu7tr0\\prophet_modeliktz7wml\\prophet_model-20251008165349.csv', 'method=optimize', 'algorithm=lbfgs', 'iter=10000']
2025-10-08 16:53:49,330 - [INFO] - Chain [1] start processing
2025-10-08 16:53:49,372 - [INFO] - Chain [1] done processing
2025-10-08 16:53:49,421 - [WARNING] - High MAPE (62.3%) for product 25891102 — forecast may be unreliable
2025-10-08 16:53:49,592 - [INFO] - HTTP Request: POST https://ytuiqgrpbwdxrmbzssrb.supabase.co/rest/v1/policy_recommendations "HTTP/2 201 Created"
2025-10-08 16:53:49,593 - [INFO] - Forecast for product 25891102: 1527 units (MAPE: 62.3%)
2025-10-08 16:53:49,596 - [DEBUG] - cmd: where.exe tbb.dll
cwd: None
2025-10-08 16:53:49,681 - [DEBUG] - TBB already found in load path
2025-10-08 16:53:49,694 - [DEBUG] - input tempfile: C:\Users\peral\AppData\Local\Temp\tmpf1bu7tr0\vvoxd4mo.json
2025-10-08 16:53:49,702 - [DEBUG] - input tempfile: C:\Users\peral\AppData\Local\Temp\tmpf1bu7tr0\o3cy10fx.json
2025-10-08 16:53:49,704 - [DEBUG] - idx 0
2025-10-08 16:53:49,705 - [DEBUG] - running CmdStan, num_threads: None
2025-10-08 16:53:49,705 - [DEBUG] - CmdStan args: ['C:\\Users\\peral\\AppData\\Local\\Programs\\Python\\Python313\\Lib\\site-packages\\prophet\\stan_model\\prophet_model.bin', 'random', 'seed=16891', 'data', 'file=C:\\Users\\peral\\AppData\\Local\\Temp\\tmpf1bu7tr0\\vvoxd4mo.json', 'init=C:\\Users\\peral\\AppData\\Local\\Temp\\tmpf1bu7tr0\\o3cy10fx.json', 'output', 'file=C:\\Users\\peral\\AppData\\Local\\Temp\\tmpf1bu7tr0\\prophet_modelj63tazws\\prophet_model-20251008165349.csv', 'method=optimize', 'algorithm=lbfgs', 'iter=10000']
2025-10-08 16:53:49,705 - [INFO] - Chain [1] start processing
2025-10-08 16:53:49,746 - [INFO] - Chain [1] done processing
2025-10-08 16:53:49,798 - [WARNING] - High MAPE (100.0%) for product 25891103 — forecast may be unreliable
2025-10-08 16:53:49,987 - [INFO] - HTTP Request: POST https://ytuiqgrpbwdxrmbzssrb.supabase.co/rest/v1/policy_recommendations "HTTP/2 201 Created"
2025-10-08 16:53:49,988 - [INFO] - Forecast for product 25891103: 42 units (MAPE: 100.0%)
2025-10-08 16:53:49,992 - [DEBUG] - cmd: where.exe tbb.dll
cwd: None
2025-10-08 16:53:50,076 - [DEBUG] - TBB already found in load path
2025-10-08 16:53:50,090 - [DEBUG] - input tempfile: C:\Users\peral\AppData\Local\Temp\tmpf1bu7tr0\5r01ayyh.json
2025-10-08 16:53:50,098 - [DEBUG] - input tempfile: C:\Users\peral\AppData\Local\Temp\tmpf1bu7tr0\rv1lymql.json
2025-10-08 16:53:50,099 - [DEBUG] - idx 0
2025-10-08 16:53:50,100 - [DEBUG] - running CmdStan, num_threads: None
2025-10-08 16:53:50,100 - [DEBUG] - CmdStan args: ['C:\\Users\\peral\\AppData\\Local\\Programs\\Python\\Python313\\Lib\\site-packages\\prophet\\stan_model\\prophet_model.bin', 'random', 'seed=33722', 'data', 'file=C:\\Users\\peral\\AppData\\Local\\Temp\\tmpf1bu7tr0\\5r01ayyh.json', 'init=C:\\Users\\peral\\AppData\\Local\\Temp\\tmpf1bu7tr0\\rv1lymql.json', 'output', 'file=C:\\Users\\peral\\AppData\\Local\\Temp\\tmpf1bu7tr0\\prophet_modelftou_a2o\\prophet_model-20251008165350.csv', 'method=optimize', 'algorithm=lbfgs', 'iter=10000']
2025-10-08 16:53:50,100 - [INFO] - Chain [1] start processing
2025-10-08 16:53:50,149 - [INFO] - Chain [1] done processing
2025-10-08 16:53:50,205 - [WARNING] - High MAPE (100.0%) for product 25891201 — forecast may be unreliable
2025-10-08 16:53:50,390 - [INFO] - HTTP Request: POST https://ytuiqgrpbwdxrmbzssrb.supabase.co/rest/v1/policy_recommendations "HTTP/2 201 Created"
2025-10-08 16:53:50,391 - [INFO] - Forecast for product 25891201: 22 units (MAPE: 100.0%)
2025-10-08 16:53:50,394 - [DEBUG] - cmd: where.exe tbb.dll
cwd: None
2025-10-08 16:53:50,478 - [DEBUG] - TBB already found in load path
2025-10-08 16:53:50,491 - [DEBUG] - input tempfile: C:\Users\peral\AppData\Local\Temp\tmpf1bu7tr0\cmc7rlz_.json
2025-10-08 16:53:50,500 - [DEBUG] - input tempfile: C:\Users\peral\AppData\Local\Temp\tmpf1bu7tr0\7eo9r60i.json
2025-10-08 16:53:50,502 - [DEBUG] - idx 0
2025-10-08 16:53:50,502 - [DEBUG] - running CmdStan, num_threads: None
2025-10-08 16:53:50,502 - [DEBUG] - CmdStan args: ['C:\\Users\\peral\\AppData\\Local\\Programs\\Python\\Python313\\Lib\\site-packages\\prophet\\stan_model\\prophet_model.bin', 'random', 'seed=47807', 'data', 'file=C:\\Users\\peral\\AppData\\Local\\Temp\\tmpf1bu7tr0\\cmc7rlz_.json', 'init=C:\\Users\\peral\\AppData\\Local\\Temp\\tmpf1bu7tr0\\7eo9r60i.json', 'output', 'file=C:\\Users\\peral\\AppData\\Local\\Temp\\tmpf1bu7tr0\\prophet_modelz5knzc_c\\prophet_model-20251008165350.csv', 'method=optimize', 'algorithm=lbfgs', 'iter=10000']
2025-10-08 16:53:50,503 - [INFO] - Chain [1] start processing
2025-10-08 16:53:50,544 - [INFO] - Chain [1] done processing
2025-10-08 16:53:50,785 - [INFO] - HTTP Request: POST https://ytuiqgrpbwdxrmbzssrb.supabase.co/rest/v1/policy_recommendations "HTTP/2 201 Created"
2025-10-08 16:53:50,786 - [INFO] - Forecast for product 25891202: 1249 units (MAPE: 38.8%)
2025-10-08 16:53:50,790 - [DEBUG] - cmd: where.exe tbb.dll
cwd: None
2025-10-08 16:53:50,874 - [DEBUG] - TBB already found in load path
2025-10-08 16:53:50,889 - [DEBUG] - input tempfile: C:\Users\peral\AppData\Local\Temp\tmpf1bu7tr0\pwmj_80s.json
2025-10-08 16:53:50,898 - [DEBUG] - input tempfile: C:\Users\peral\AppData\Local\Temp\tmpf1bu7tr0\g3wjefp8.json
2025-10-08 16:53:50,899 - [DEBUG] - idx 0
2025-10-08 16:53:50,900 - [DEBUG] - running CmdStan, num_threads: None
2025-10-08 16:53:50,900 - [DEBUG] - CmdStan args: ['C:\\Users\\peral\\AppData\\Local\\Programs\\Python\\Python313\\Lib\\site-packages\\prophet\\stan_model\\prophet_model.bin', 'random', 'seed=67605', 'data', 'file=C:\\Users\\peral\\AppData\\Local\\Temp\\tmpf1bu7tr0\\pwmj_80s.json', 'init=C:\\Users\\peral\\AppData\\Local\\Temp\\tmpf1bu7tr0\\g3wjefp8.json', 'output', 'file=C:\\Users\\peral\\AppData\\Local\\Temp\\tmpf1bu7tr0\\prophet_modelc1clusvn\\prophet_model-20251008165350.csv', 'method=optimize', 'algorithm=lbfgs', 'iter=10000']
2025-10-08 16:53:50,900 - [INFO] - Chain [1] start processing
2025-10-08 16:53:50,943 - [INFO] - Chain [1] done processing
2025-10-08 16:53:51,200 - [INFO] - HTTP Request: POST https://ytuiqgrpbwdxrmbzssrb.supabase.co/rest/v1/policy_recommendations "HTTP/2 201 Created"
2025-10-08 16:53:51,201 - [INFO] - Forecast for product 25891203: 828 units (MAPE: 6.3%)
2025-10-08 16:53:51,205 - [DEBUG] - cmd: where.exe tbb.dll
cwd: None
2025-10-08 16:53:51,290 - [DEBUG] - TBB already found in load path
2025-10-08 16:53:51,301 - [DEBUG] - input tempfile: C:\Users\peral\AppData\Local\Temp\tmpf1bu7tr0\dr3hdqp1.json
2025-10-08 16:53:51,309 - [DEBUG] - input tempfile: C:\Users\peral\AppData\Local\Temp\tmpf1bu7tr0\_ifucf3j.json
2025-10-08 16:53:51,311 - [DEBUG] - idx 0
2025-10-08 16:53:51,312 - [DEBUG] - running CmdStan, num_threads: None
2025-10-08 16:53:51,312 - [DEBUG] - CmdStan args: ['C:\\Users\\peral\\AppData\\Local\\Programs\\Python\\Python313\\Lib\\site-packages\\prophet\\stan_model\\prophet_model.bin', 'random', 'seed=83398', 'data', 'file=C:\\Users\\peral\\AppData\\Local\\Temp\\tmpf1bu7tr0\\dr3hdqp1.json', 'init=C:\\Users\\peral\\AppData\\Local\\Temp\\tmpf1bu7tr0\\_ifucf3j.json', 'output', 'file=C:\\Users\\peral\\AppData\\Local\\Temp\\tmpf1bu7tr0\\prophet_model6ix4sw7l\\prophet_model-20251008165351.csv', 'method=optimize', 'algorithm=lbfgs', 'iter=10000']
2025-10-08 16:53:51,312 - [INFO] - Chain [1] start processing
2025-10-08 16:53:51,354 - [INFO] - Chain [1] done processing
2025-10-08 16:53:51,404 - [WARNING] - High MAPE (51.6%) for product 25891301 — forecast may be unreliable
2025-10-08 16:53:51,586 - [INFO] - HTTP Request: POST https://ytuiqgrpbwdxrmbzssrb.supabase.co/rest/v1/policy_recommendations "HTTP/2 201 Created"
2025-10-08 16:53:51,587 - [INFO] - Forecast for product 25891301: 264 units (MAPE: 51.6%)
2025-10-08 16:53:51,591 - [DEBUG] - cmd: where.exe tbb.dll
cwd: None
2025-10-08 16:53:51,678 - [DEBUG] - TBB already found in load path
2025-10-08 16:53:51,689 - [DEBUG] - input tempfile: C:\Users\peral\AppData\Local\Temp\tmpf1bu7tr0\pyg5cad_.json
2025-10-08 16:53:51,698 - [DEBUG] - input tempfile: C:\Users\peral\AppData\Local\Temp\tmpf1bu7tr0\2o3ujye9.json
2025-10-08 16:53:51,700 - [DEBUG] - idx 0
2025-10-08 16:53:51,700 - [DEBUG] - running CmdStan, num_threads: None
2025-10-08 16:53:51,700 - [DEBUG] - CmdStan args: ['C:\\Users\\peral\\AppData\\Local\\Programs\\Python\\Python313\\Lib\\site-packages\\prophet\\stan_model\\prophet_model.bin', 'random', 'seed=65363', 'data', 'file=C:\\Users\\peral\\AppData\\Local\\Temp\\tmpf1bu7tr0\\pyg5cad_.json', 'init=C:\\Users\\peral\\AppData\\Local\\Temp\\tmpf1bu7tr0\\2o3ujye9.json', 'output', 'file=C:\\Users\\peral\\AppData\\Local\\Temp\\tmpf1bu7tr0\\prophet_modelr39i229i\\prophet_model-20251008165351.csv', 'method=optimize', 'algorithm=lbfgs', 'iter=10000']
2025-10-08 16:53:51,700 - [INFO] - Chain [1] start processing
2025-10-08 16:53:51,744 - [INFO] - Chain [1] done processing
2025-10-08 16:53:51,791 - [WARNING] - High MAPE (90.0%) for product 25891302 — forecast may be unreliable
2025-10-08 16:53:51,999 - [INFO] - HTTP Request: POST https://ytuiqgrpbwdxrmbzssrb.supabase.co/rest/v1/policy_recommendations "HTTP/2 201 Created"
2025-10-08 16:53:52,000 - [INFO] - Forecast for product 25891302: 32 units (MAPE: 90.0%)
2025-10-08 16:53:52,004 - [DEBUG] - cmd: where.exe tbb.dll
cwd: None
2025-10-08 16:53:52,089 - [DEBUG] - TBB already found in load path
2025-10-08 16:53:52,106 - [DEBUG] - input tempfile: C:\Users\peral\AppData\Local\Temp\tmpf1bu7tr0\atnt2_aj.json
2025-10-08 16:53:52,122 - [DEBUG] - input tempfile: C:\Users\peral\AppData\Local\Temp\tmpf1bu7tr0\c0yuyeat.json
2025-10-08 16:53:52,125 - [DEBUG] - idx 0
2025-10-08 16:53:52,126 - [DEBUG] - running CmdStan, num_threads: None
2025-10-08 16:53:52,127 - [DEBUG] - CmdStan args: ['C:\\Users\\peral\\AppData\\Local\\Programs\\Python\\Python313\\Lib\\site-packages\\prophet\\stan_model\\prophet_model.bin', 'random', 'seed=12449', 'data', 'file=C:\\Users\\peral\\AppData\\Local\\Temp\\tmpf1bu7tr0\\atnt2_aj.json', 'init=C:\\Users\\peral\\AppData\\Local\\Temp\\tmpf1bu7tr0\\c0yuyeat.json', 'output', 'file=C:\\Users\\peral\\AppData\\Local\\Temp\\tmpf1bu7tr0\\prophet_modelq2uzygwk\\prophet_model-20251008165352.csv', 'method=optimize', 'algorithm=lbfgs', 'iter=10000']
2025-10-08 16:53:52,128 - [INFO] - Chain [1] start processing
2025-10-08 16:53:52,192 - [INFO] - Chain [1] done processing
2025-10-08 16:53:52,248 - [WARNING] - High MAPE (100.0%) for product 25891303 — forecast may be unreliable
2025-10-08 16:53:52,425 - [INFO] - HTTP Request: POST https://ytuiqgrpbwdxrmbzssrb.supabase.co/rest/v1/policy_recommendations "HTTP/2 201 Created"
2025-10-08 16:53:52,426 - [INFO] - Forecast for product 25891303: 13 units (MAPE: 100.0%)
2025-10-08 16:53:52,430 - [DEBUG] - cmd: where.exe tbb.dll
cwd: None
2025-10-08 16:53:52,527 - [DEBUG] - TBB already found in load path
2025-10-08 16:53:52,541 - [DEBUG] - input tempfile: C:\Users\peral\AppData\Local\Temp\tmpf1bu7tr0\wgm_64bj.json
2025-10-08 16:53:52,551 - [DEBUG] - input tempfile: C:\Users\peral\AppData\Local\Temp\tmpf1bu7tr0\j2lon80u.json
2025-10-08 16:53:52,553 - [DEBUG] - idx 0
2025-10-08 16:53:52,554 - [DEBUG] - running CmdStan, num_threads: None
2025-10-08 16:53:52,554 - [DEBUG] - CmdStan args: ['C:\\Users\\peral\\AppData\\Local\\Programs\\Python\\Python313\\Lib\\site-packages\\prophet\\stan_model\\prophet_model.bin', 'random', 'seed=10849', 'data', 'file=C:\\Users\\peral\\AppData\\Local\\Temp\\tmpf1bu7tr0\\wgm_64bj.json', 'init=C:\\Users\\peral\\AppData\\Local\\Temp\\tmpf1bu7tr0\\j2lon80u.json', 'output', 'file=C:\\Users\\peral\\AppData\\Local\\Temp\\tmpf1bu7tr0\\prophet_model5yfu2g1c\\prophet_model-20251008165352.csv', 'method=optimize', 'algorithm=lbfgs', 'iter=10000']
2025-10-08 16:53:52,555 - [INFO] - Chain [1] start processing
2025-10-08 16:53:52,603 - [INFO] - Chain [1] done processing
2025-10-08 16:53:52,666 - [WARNING] - High MAPE (298.5%) for product 25891401 — forecast may be unreliable
2025-10-08 16:53:52,893 - [INFO] - HTTP Request: POST https://ytuiqgrpbwdxrmbzssrb.supabase.co/rest/v1/policy_recommendations "HTTP/2 201 Created"
2025-10-08 16:53:52,894 - [INFO] - Forecast for product 25891401: 1704 units (MAPE: 298.5%)
2025-10-08 16:53:52,900 - [DEBUG] - cmd: where.exe tbb.dll
cwd: None
2025-10-08 16:53:52,996 - [DEBUG] - TBB already found in load path
2025-10-08 16:53:53,018 - [DEBUG] - input tempfile: C:\Users\peral\AppData\Local\Temp\tmpf1bu7tr0\tcaq0kyi.json
2025-10-08 16:53:53,028 - [DEBUG] - input tempfile: C:\Users\peral\AppData\Local\Temp\tmpf1bu7tr0\komu3xs7.json
2025-10-08 16:53:53,030 - [DEBUG] - idx 0
2025-10-08 16:53:53,031 - [DEBUG] - running CmdStan, num_threads: None
2025-10-08 16:53:53,031 - [DEBUG] - CmdStan args: ['C:\\Users\\peral\\AppData\\Local\\Programs\\Python\\Python313\\Lib\\site-packages\\prophet\\stan_model\\prophet_model.bin', 'random', 'seed=95008', 'data', 'file=C:\\Users\\peral\\AppData\\Local\\Temp\\tmpf1bu7tr0\\tcaq0kyi.json', 'init=C:\\Users\\peral\\AppData\\Local\\Temp\\tmpf1bu7tr0\\komu3xs7.json', 'output', 'file=C:\\Users\\peral\\AppData\\Local\\Temp\\tmpf1bu7tr0\\prophet_model7oq8p_du\\prophet_model-20251008165353.csv', 'method=optimize', 'algorithm=lbfgs', 'iter=10000']
2025-10-08 16:53:53,032 - [INFO] - Chain [1] start processing
2025-10-08 16:53:53,076 - [INFO] - Chain [1] done processing
2025-10-08 16:53:53,316 - [INFO] - HTTP Request: POST https://ytuiqgrpbwdxrmbzssrb.supabase.co/rest/v1/policy_recommendations "HTTP/2 201 Created"
2025-10-08 16:53:53,317 - [INFO] - Forecast for product 25891402: 886 units (MAPE: 19.2%)
2025-10-08 16:53:53,321 - [DEBUG] - cmd: where.exe tbb.dll
cwd: None
2025-10-08 16:53:53,414 - [DEBUG] - TBB already found in load path
2025-10-08 16:53:53,428 - [DEBUG] - input tempfile: C:\Users\peral\AppData\Local\Temp\tmpf1bu7tr0\8vxkm2j3.json
2025-10-08 16:53:53,437 - [DEBUG] - input tempfile: C:\Users\peral\AppData\Local\Temp\tmpf1bu7tr0\0kew_7b6.json
2025-10-08 16:53:53,439 - [DEBUG] - idx 0
2025-10-08 16:53:53,439 - [DEBUG] - running CmdStan, num_threads: None
2025-10-08 16:53:53,439 - [DEBUG] - CmdStan args: ['C:\\Users\\peral\\AppData\\Local\\Programs\\Python\\Python313\\Lib\\site-packages\\prophet\\stan_model\\prophet_model.bin', 'random', 'seed=55114', 'data', 'file=C:\\Users\\peral\\AppData\\Local\\Temp\\tmpf1bu7tr0\\8vxkm2j3.json', 'init=C:\\Users\\peral\\AppData\\Local\\Temp\\tmpf1bu7tr0\\0kew_7b6.json', 'output', 'file=C:\\Users\\peral\\AppData\\Local\\Temp\\tmpf1bu7tr0\\prophet_modelidsdabob\\prophet_model-20251008165353.csv', 'method=optimize', 'algorithm=lbfgs', 'iter=10000']
2025-10-08 16:53:53,440 - [INFO] - Chain [1] start processing
2025-10-08 16:53:53,485 - [INFO] - Chain [1] done processing
2025-10-08 16:53:53,545 - [WARNING] - High MAPE (100.0%) for product 25891403 — forecast may be unreliable
2025-10-08 16:53:53,748 - [INFO] - HTTP Request: POST https://ytuiqgrpbwdxrmbzssrb.supabase.co/rest/v1/policy_recommendations "HTTP/2 201 Created"
2025-10-08 16:53:53,749 - [INFO] - Forecast for product 25891403: 56 units (MAPE: 100.0%)
2025-10-08 16:53:53,752 - [DEBUG] - cmd: where.exe tbb.dll
cwd: None
2025-10-08 16:53:53,839 - [DEBUG] - TBB already found in load path
2025-10-08 16:53:53,854 - [DEBUG] - input tempfile: C:\Users\peral\AppData\Local\Temp\tmpf1bu7tr0\feebh0y6.json
2025-10-08 16:53:53,866 - [DEBUG] - input tempfile: C:\Users\peral\AppData\Local\Temp\tmpf1bu7tr0\qzon1spe.json
2025-10-08 16:53:53,868 - [DEBUG] - idx 0
2025-10-08 16:53:53,868 - [DEBUG] - running CmdStan, num_threads: None
2025-10-08 16:53:53,869 - [DEBUG] - CmdStan args: ['C:\\Users\\peral\\AppData\\Local\\Programs\\Python\\Python313\\Lib\\site-packages\\prophet\\stan_model\\prophet_model.bin', 'random', 'seed=98515', 'data', 'file=C:\\Users\\peral\\AppData\\Local\\Temp\\tmpf1bu7tr0\\feebh0y6.json', 'init=C:\\Users\\peral\\AppData\\Local\\Temp\\tmpf1bu7tr0\\qzon1spe.json', 'output', 'file=C:\\Users\\peral\\AppData\\Local\\Temp\\tmpf1bu7tr0\\prophet_model_xvnlbxi\\prophet_model-20251008165353.csv', 'method=optimize', 'algorithm=lbfgs', 'iter=10000']
2025-10-08 16:53:53,869 - [INFO] - Chain [1] start processing
2025-10-08 16:53:53,912 - [INFO] - Chain [1] done processing
2025-10-08 16:53:53,975 - [WARNING] - High MAPE (189.5%) for product 25891501 — forecast may be unreliable
2025-10-08 16:53:54,205 - [INFO] - HTTP Request: POST https://ytuiqgrpbwdxrmbzssrb.supabase.co/rest/v1/policy_recommendations "HTTP/2 201 Created"
2025-10-08 16:53:54,207 - [INFO] - Forecast for product 25891501: 644 units (MAPE: 189.5%)
2025-10-08 16:53:54,215 - [DEBUG] - cmd: where.exe tbb.dll
cwd: None
2025-10-08 16:53:54,343 - [DEBUG] - TBB already found in load path
2025-10-08 16:53:54,370 - [DEBUG] - input tempfile: C:\Users\peral\AppData\Local\Temp\tmpf1bu7tr0\4d6yqiih.json
2025-10-08 16:53:54,381 - [DEBUG] - input tempfile: C:\Users\peral\AppData\Local\Temp\tmpf1bu7tr0\a1xgbncd.json
2025-10-08 16:53:54,382 - [DEBUG] - idx 0
2025-10-08 16:53:54,383 - [DEBUG] - running CmdStan, num_threads: None
2025-10-08 16:53:54,383 - [DEBUG] - CmdStan args: ['C:\\Users\\peral\\AppData\\Local\\Programs\\Python\\Python313\\Lib\\site-packages\\prophet\\stan_model\\prophet_model.bin', 'random', 'seed=98020', 'data', 'file=C:\\Users\\peral\\AppData\\Local\\Temp\\tmpf1bu7tr0\\4d6yqiih.json', 'init=C:\\Users\\peral\\AppData\\Local\\Temp\\tmpf1bu7tr0\\a1xgbncd.json', 'output', 'file=C:\\Users\\peral\\AppData\\Local\\Temp\\tmpf1bu7tr0\\prophet_model5n0l_ynt\\prophet_model-20251008165354.csv', 'method=optimize', 'algorithm=lbfgs', 'iter=10000']
2025-10-08 16:53:54,383 - [INFO] - Chain [1] start processing
2025-10-08 16:53:54,424 - [INFO] - Chain [1] done processing
2025-10-08 16:53:54,481 - [WARNING] - High MAPE (100.0%) for product 25891502 — forecast may be unreliable
2025-10-08 16:53:54,685 - [INFO] - HTTP Request: POST https://ytuiqgrpbwdxrmbzssrb.supabase.co/rest/v1/policy_recommendations "HTTP/2 201 Created"
2025-10-08 16:53:54,686 - [INFO] - Forecast for product 25891502: 26 units (MAPE: 100.0%)
2025-10-08 16:53:54,690 - [DEBUG] - cmd: where.exe tbb.dll
cwd: None
2025-10-08 16:53:54,782 - [DEBUG] - TBB already found in load path
2025-10-08 16:53:54,793 - [DEBUG] - input tempfile: C:\Users\peral\AppData\Local\Temp\tmpf1bu7tr0\n5fr6k5_.json
2025-10-08 16:53:54,802 - [DEBUG] - input tempfile: C:\Users\peral\AppData\Local\Temp\tmpf1bu7tr0\cqglo2um.json
2025-10-08 16:53:54,804 - [DEBUG] - idx 0
2025-10-08 16:53:54,804 - [DEBUG] - running CmdStan, num_threads: None
2025-10-08 16:53:54,805 - [DEBUG] - CmdStan args: ['C:\\Users\\peral\\AppData\\Local\\Programs\\Python\\Python313\\Lib\\site-packages\\prophet\\stan_model\\prophet_model.bin', 'random', 'seed=37034', 'data', 'file=C:\\Users\\peral\\AppData\\Local\\Temp\\tmpf1bu7tr0\\n5fr6k5_.json', 'init=C:\\Users\\peral\\AppData\\Local\\Temp\\tmpf1bu7tr0\\cqglo2um.json', 'output', 'file=C:\\Users\\peral\\AppData\\Local\\Temp\\tmpf1bu7tr0\\prophet_modelvnil16em\\prophet_model-20251008165354.csv', 'method=optimize', 'algorithm=lbfgs', 'iter=10000']
2025-10-08 16:53:54,805 - [INFO] - Chain [1] start processing
2025-10-08 16:53:54,849 - [INFO] - Chain [1] done processing
2025-10-08 16:53:55,067 - [INFO] - HTTP Request: POST https://ytuiqgrpbwdxrmbzssrb.supabase.co/rest/v1/policy_recommendations "HTTP/2 201 Created"
2025-10-08 16:53:55,068 - [INFO] - Forecast for product 25891503: 318 units (MAPE: 23.7%)
2025-10-08 16:53:55,072 - [DEBUG] - cmd: where.exe tbb.dll
cwd: None
2025-10-08 16:53:55,165 - [DEBUG] - TBB already found in load path
2025-10-08 16:53:55,182 - [DEBUG] - input tempfile: C:\Users\peral\AppData\Local\Temp\tmpf1bu7tr0\hmz237ci.json
2025-10-08 16:53:55,191 - [DEBUG] - input tempfile: C:\Users\peral\AppData\Local\Temp\tmpf1bu7tr0\c4zei322.json
2025-10-08 16:53:55,192 - [DEBUG] - idx 0
2025-10-08 16:53:55,193 - [DEBUG] - running CmdStan, num_threads: None
2025-10-08 16:53:55,193 - [DEBUG] - CmdStan args: ['C:\\Users\\peral\\AppData\\Local\\Programs\\Python\\Python313\\Lib\\site-packages\\prophet\\stan_model\\prophet_model.bin', 'random', 'seed=32344', 'data', 'file=C:\\Users\\peral\\AppData\\Local\\Temp\\tmpf1bu7tr0\\hmz237ci.json', 'init=C:\\Users\\peral\\AppData\\Local\\Temp\\tmpf1bu7tr0\\c4zei322.json', 'output', 'file=C:\\Users\\peral\\AppData\\Local\\Temp\\tmpf1bu7tr0\\prophet_model1o9v6gy4\\prophet_model-20251008165355.csv', 'method=optimize', 'algorithm=lbfgs', 'iter=10000']
2025-10-08 16:53:55,194 - [INFO] - Chain [1] start processing
2025-10-08 16:53:55,238 - [INFO] - Chain [1] done processing
2025-10-08 16:53:55,523 - [INFO] - HTTP Request: POST https://ytuiqgrpbwdxrmbzssrb.supabase.co/rest/v1/policy_recommendations "HTTP/2 201 Created"
2025-10-08 16:53:55,525 - [INFO] - Forecast for product 25891601: 326 units (MAPE: 33.4%)
2025-10-08 16:53:55,529 - [DEBUG] - cmd: where.exe tbb.dll
cwd: None
2025-10-08 16:53:55,629 - [DEBUG] - TBB already found in load path
2025-10-08 16:53:55,643 - [DEBUG] - input tempfile: C:\Users\peral\AppData\Local\Temp\tmpf1bu7tr0\z0mxgz0f.json
2025-10-08 16:53:55,654 - [DEBUG] - input tempfile: C:\Users\peral\AppData\Local\Temp\tmpf1bu7tr0\r5srq5ew.json
2025-10-08 16:53:55,656 - [DEBUG] - idx 0
2025-10-08 16:53:55,656 - [DEBUG] - running CmdStan, num_threads: None
2025-10-08 16:53:55,657 - [DEBUG] - CmdStan args: ['C:\\Users\\peral\\AppData\\Local\\Programs\\Python\\Python313\\Lib\\site-packages\\prophet\\stan_model\\prophet_model.bin', 'random', 'seed=91769', 'data', 'file=C:\\Users\\peral\\AppData\\Local\\Temp\\tmpf1bu7tr0\\z0mxgz0f.json', 'init=C:\\Users\\peral\\AppData\\Local\\Temp\\tmpf1bu7tr0\\r5srq5ew.json', 'output', 'file=C:\\Users\\peral\\AppData\\Local\\Temp\\tmpf1bu7tr0\\prophet_modeldtgn9mrd\\prophet_model-20251008165355.csv', 'method=optimize', 'algorithm=lbfgs', 'iter=10000']
2025-10-08 16:53:55,657 - [INFO] - Chain [1] start processing
2025-10-08 16:53:55,701 - [INFO] - Chain [1] done processing
2025-10-08 16:53:55,758 - [WARNING] - High MAPE (93.0%) for product 25891602 — forecast may be unreliable
2025-10-08 16:53:55,925 - [INFO] - HTTP Request: POST https://ytuiqgrpbwdxrmbzssrb.supabase.co/rest/v1/policy_recommendations "HTTP/2 201 Created"
2025-10-08 16:53:55,926 - [INFO] - Forecast for product 25891602: 122 units (MAPE: 93.0%)
2025-10-08 16:53:55,930 - [DEBUG] - cmd: where.exe tbb.dll
cwd: None
2025-10-08 16:53:56,033 - [DEBUG] - TBB already found in load path
2025-10-08 16:53:56,049 - [DEBUG] - input tempfile: C:\Users\peral\AppData\Local\Temp\tmpf1bu7tr0\6zn8k41_.json
2025-10-08 16:53:56,058 - [DEBUG] - input tempfile: C:\Users\peral\AppData\Local\Temp\tmpf1bu7tr0\70itz0cz.json
2025-10-08 16:53:56,060 - [DEBUG] - idx 0
2025-10-08 16:53:56,060 - [DEBUG] - running CmdStan, num_threads: None
2025-10-08 16:53:56,061 - [DEBUG] - CmdStan args: ['C:\\Users\\peral\\AppData\\Local\\Programs\\Python\\Python313\\Lib\\site-packages\\prophet\\stan_model\\prophet_model.bin', 'random', 'seed=74972', 'data', 'file=C:\\Users\\peral\\AppData\\Local\\Temp\\tmpf1bu7tr0\\6zn8k41_.json', 'init=C:\\Users\\peral\\AppData\\Local\\Temp\\tmpf1bu7tr0\\70itz0cz.json', 'output', 'file=C:\\Users\\peral\\AppData\\Local\\Temp\\tmpf1bu7tr0\\prophet_modelyqmmcvj1\\prophet_model-20251008165356.csv', 'method=optimize', 'algorithm=lbfgs', 'iter=10000']
2025-10-08 16:53:56,061 - [INFO] - Chain [1] start processing
2025-10-08 16:53:56,101 - [INFO] - Chain [1] done processing
2025-10-08 16:53:56,155 - [WARNING] - High MAPE (94.4%) for product 25891603 — forecast may be unreliable
2025-10-08 16:53:56,388 - [INFO] - HTTP Request: POST https://ytuiqgrpbwdxrmbzssrb.supabase.co/rest/v1/policy_recommendations "HTTP/2 201 Created"
2025-10-08 16:53:56,389 - [INFO] - Forecast for product 25891603: 235 units (MAPE: 94.4%)
2025-10-08 16:53:56,390 - [INFO] - Forecasting complete (18 products)
2025-10-08 16:53:56,390 - [INFO] - Forecasting complete (18 products)
2025-10-08 16:53:56,391 - [INFO] - Generating policy recommendations
2025-10-08 16:53:56,391 - [INFO] - Pipeline completed successfully
2025-10-08 16:58:26,955 - [INFO] - Starting analytics pipeline
2025-10-08 16:58:26,956 - [INFO] - Settings loaded (env=default)
2025-10-08 16:58:27,318 - [INFO] - Running Customer KPI Risk Predictions
2025-10-08 16:58:27,319 - [INFO] - Starting Customer KPI Risk Pipeline...
2025-10-08 16:58:27,319 - [INFO] - Calculating real OTIF % from last 180 days of order data...
2025-10-08 16:58:27,819 - [INFO] - HTTP Request: GET https://ytuiqgrpbwdxrmbzssrb.supabase.co/rest/v1/fact_order_line?select=customer_id%2Corder_placement_date%2C%22On+Time%22%2C%22In+Full%22%2C%22On+Time+In+Full%22&order_placement_date=gte.2025-04-11 "HTTP/2 200 OK"
2025-10-08 16:58:28,005 - [INFO] - HTTP Request: GET https://ytuiqgrpbwdxrmbzssrb.supabase.co/rest/v1/dim_targets_order?select=%2A "HTTP/2 200 OK"
2025-10-08 16:58:28,168 - [INFO] - HTTP Request: GET https://ytuiqgrpbwdxrmbzssrb.supabase.co/rest/v1/dim_customers?select=customer_id%2Ccity "HTTP/2 200 OK"
2025-10-08 16:58:28,171 - [INFO] - Calculated OTIF, trends, and time-based features for 35 customers.
2025-10-08 16:58:28,172 - [INFO] - Preparing dataset with engineered features...
2025-10-08 16:58:28,175 - [INFO] - Dataset prepared with 35 rows and features: ['otif_pct', 'on_time_pct', 'in_full_pct', 'total_orders', 'target_otif', 'target_ontime', 'target_infull', 'recent_otif_trend', 'city_encoded', 'avg_days_since_last_order', 'avg_order_day_of_week', 'avg_order_month']
2025-10-08 16:58:28,176 - [INFO] - Generating predictions...
2025-10-08 16:58:28,203 - [INFO] - Uploading risk predictions to Supabase...
2025-10-08 16:58:28,382 - [INFO] - HTTP Request: POST https://ytuiqgrpbwdxrmbzssrb.supabase.co/rest/v1/kpi_risk_predictions?columns=%22customer_id%22%2C%22risk_label%22%2C%22risk_score%22%2C%22prediction_date%22 "HTTP/2 201 Created"
2025-10-08 16:58:28,383 - [INFO] - Successfully inserted 35 predictions.
2025-10-08 16:58:28,384 - [INFO] - Customer risk pipeline completed successfully.
2025-10-08 16:58:28,384 - [INFO] - Running KPI analysis
2025-10-08 16:58:29,120 - [INFO] - HTTP Request: GET https://ytuiqgrpbwdxrmbzssrb.supabase.co/rest/v1/kpi_summary?select=%2A "HTTP/2 200 OK"
2025-10-08 16:58:29,122 - [INFO] - Fetched 35 KPI summary rows
2025-10-08 16:58:29,122 - [INFO] - KPI analysis complete (35 records)
2025-10-08 16:58:29,122 - [INFO] - Running demand forecasting
2025-10-08 16:58:29,123 - [INFO] - Running demand forecasting
2025-10-08 16:58:29,212 - [INFO] - HTTP Request: GET https://ytuiqgrpbwdxrmbzssrb.supabase.co/rest/v1/fact_order_line?select=order_placement_date%2Cproduct_id%2Corder_qty "HTTP/2 200 OK"
2025-10-08 16:58:29,222 - [DEBUG] - cmd: where.exe tbb.dll
cwd: None
2025-10-08 16:58:29,307 - [DEBUG] - TBB already found in load path
2025-10-08 16:58:29,320 - [DEBUG] - input tempfile: C:\Users\peral\AppData\Local\Temp\tmpf1bu7tr0\sj41wogm.json
2025-10-08 16:58:29,328 - [DEBUG] - input tempfile: C:\Users\peral\AppData\Local\Temp\tmpf1bu7tr0\z1812okc.json
2025-10-08 16:58:29,330 - [DEBUG] - idx 0
2025-10-08 16:58:29,331 - [DEBUG] - running CmdStan, num_threads: None
2025-10-08 16:58:29,331 - [DEBUG] - CmdStan args: ['C:\\Users\\peral\\AppData\\Local\\Programs\\Python\\Python313\\Lib\\site-packages\\prophet\\stan_model\\prophet_model.bin', 'random', 'seed=90744', 'data', 'file=C:\\Users\\peral\\AppData\\Local\\Temp\\tmpf1bu7tr0\\sj41wogm.json', 'init=C:\\Users\\peral\\AppData\\Local\\Temp\\tmpf1bu7tr0\\z1812okc.json', 'output', 'file=C:\\Users\\peral\\AppData\\Local\\Temp\\tmpf1bu7tr0\\prophet_model5_a8ehnx\\prophet_model-20251008165829.csv', 'method=optimize', 'algorithm=lbfgs', 'iter=10000']
2025-10-08 16:58:29,331 - [INFO] - Chain [1] start processing
2025-10-08 16:58:29,371 - [INFO] - Chain [1] done processing
2025-10-08 16:58:29,419 - [WARNING] - High MAPE (100.0%) for product 25891101 — forecast may be unreliable
2025-10-08 16:58:29,485 - [INFO] - HTTP Request: POST https://ytuiqgrpbwdxrmbzssrb.supabase.co/rest/v1/policy_recommendations "HTTP/2 201 Created"
2025-10-08 16:58:29,486 - [INFO] - Forecast for product 25891101: 117 units (MAPE: 100.0%)
2025-10-08 16:58:29,489 - [DEBUG] - cmd: where.exe tbb.dll
cwd: None
2025-10-08 16:58:29,574 - [DEBUG] - TBB already found in load path
2025-10-08 16:58:29,587 - [DEBUG] - input tempfile: C:\Users\peral\AppData\Local\Temp\tmpf1bu7tr0\4d20csbd.json
2025-10-08 16:58:29,595 - [DEBUG] - input tempfile: C:\Users\peral\AppData\Local\Temp\tmpf1bu7tr0\o014une3.json
2025-10-08 16:58:29,597 - [DEBUG] - idx 0
2025-10-08 16:58:29,597 - [DEBUG] - running CmdStan, num_threads: None
2025-10-08 16:58:29,597 - [DEBUG] - CmdStan args: ['C:\\Users\\peral\\AppData\\Local\\Programs\\Python\\Python313\\Lib\\site-packages\\prophet\\stan_model\\prophet_model.bin', 'random', 'seed=80076', 'data', 'file=C:\\Users\\peral\\AppData\\Local\\Temp\\tmpf1bu7tr0\\4d20csbd.json', 'init=C:\\Users\\peral\\AppData\\Local\\Temp\\tmpf1bu7tr0\\o014une3.json', 'output', 'file=C:\\Users\\peral\\AppData\\Local\\Temp\\tmpf1bu7tr0\\prophet_modelwlh4g8m3\\prophet_model-20251008165829.csv', 'method=optimize', 'algorithm=lbfgs', 'iter=10000']
2025-10-08 16:58:29,598 - [INFO] - Chain [1] start processing
2025-10-08 16:58:29,639 - [INFO] - Chain [1] done processing
2025-10-08 16:58:29,688 - [WARNING] - High MAPE (62.3%) for product 25891102 — forecast may be unreliable
2025-10-08 16:58:29,753 - [INFO] - HTTP Request: POST https://ytuiqgrpbwdxrmbzssrb.supabase.co/rest/v1/policy_recommendations "HTTP/2 201 Created"
2025-10-08 16:58:29,754 - [INFO] - Forecast for product 25891102: 1527 units (MAPE: 62.3%)
2025-10-08 16:58:29,757 - [DEBUG] - cmd: where.exe tbb.dll
cwd: None
2025-10-08 16:58:29,842 - [DEBUG] - TBB already found in load path
2025-10-08 16:58:29,856 - [DEBUG] - input tempfile: C:\Users\peral\AppData\Local\Temp\tmpf1bu7tr0\whjndhbb.json
2025-10-08 16:58:29,864 - [DEBUG] - input tempfile: C:\Users\peral\AppData\Local\Temp\tmpf1bu7tr0\k5aawgz_.json
2025-10-08 16:58:29,867 - [DEBUG] - idx 0
2025-10-08 16:58:29,867 - [DEBUG] - running CmdStan, num_threads: None
2025-10-08 16:58:29,868 - [DEBUG] - CmdStan args: ['C:\\Users\\peral\\AppData\\Local\\Programs\\Python\\Python313\\Lib\\site-packages\\prophet\\stan_model\\prophet_model.bin', 'random', 'seed=89474', 'data', 'file=C:\\Users\\peral\\AppData\\Local\\Temp\\tmpf1bu7tr0\\whjndhbb.json', 'init=C:\\Users\\peral\\AppData\\Local\\Temp\\tmpf1bu7tr0\\k5aawgz_.json', 'output', 'file=C:\\Users\\peral\\AppData\\Local\\Temp\\tmpf1bu7tr0\\prophet_modellsy9d_9f\\prophet_model-20251008165829.csv', 'method=optimize', 'algorithm=lbfgs', 'iter=10000']
2025-10-08 16:58:29,868 - [INFO] - Chain [1] start processing
2025-10-08 16:58:29,906 - [INFO] - Chain [1] done processing
2025-10-08 16:58:29,962 - [WARNING] - High MAPE (100.0%) for product 25891103 — forecast may be unreliable
2025-10-08 16:58:30,032 - [INFO] - HTTP Request: POST https://ytuiqgrpbwdxrmbzssrb.supabase.co/rest/v1/policy_recommendations "HTTP/2 201 Created"
2025-10-08 16:58:30,034 - [INFO] - Forecast for product 25891103: 42 units (MAPE: 100.0%)
2025-10-08 16:58:30,038 - [DEBUG] - cmd: where.exe tbb.dll
cwd: None
2025-10-08 16:58:30,128 - [DEBUG] - TBB already found in load path
2025-10-08 16:58:30,141 - [DEBUG] - input tempfile: C:\Users\peral\AppData\Local\Temp\tmpf1bu7tr0\0f842zxy.json
2025-10-08 16:58:30,153 - [DEBUG] - input tempfile: C:\Users\peral\AppData\Local\Temp\tmpf1bu7tr0\o726xf8w.json
2025-10-08 16:58:30,155 - [DEBUG] - idx 0
2025-10-08 16:58:30,155 - [DEBUG] - running CmdStan, num_threads: None
2025-10-08 16:58:30,155 - [DEBUG] - CmdStan args: ['C:\\Users\\peral\\AppData\\Local\\Programs\\Python\\Python313\\Lib\\site-packages\\prophet\\stan_model\\prophet_model.bin', 'random', 'seed=21800', 'data', 'file=C:\\Users\\peral\\AppData\\Local\\Temp\\tmpf1bu7tr0\\0f842zxy.json', 'init=C:\\Users\\peral\\AppData\\Local\\Temp\\tmpf1bu7tr0\\o726xf8w.json', 'output', 'file=C:\\Users\\peral\\AppData\\Local\\Temp\\tmpf1bu7tr0\\prophet_model_3fz_3nx\\prophet_model-20251008165830.csv', 'method=optimize', 'algorithm=lbfgs', 'iter=10000']
2025-10-08 16:58:30,155 - [INFO] - Chain [1] start processing
2025-10-08 16:58:30,218 - [INFO] - Chain [1] done processing
2025-10-08 16:58:30,272 - [WARNING] - High MAPE (100.0%) for product 25891201 — forecast may be unreliable
2025-10-08 16:58:30,342 - [INFO] - HTTP Request: POST https://ytuiqgrpbwdxrmbzssrb.supabase.co/rest/v1/policy_recommendations "HTTP/2 201 Created"
2025-10-08 16:58:30,344 - [INFO] - Forecast for product 25891201: 22 units (MAPE: 100.0%)
2025-10-08 16:58:30,347 - [DEBUG] - cmd: where.exe tbb.dll
cwd: None
2025-10-08 16:58:30,436 - [DEBUG] - TBB already found in load path
2025-10-08 16:58:30,447 - [DEBUG] - input tempfile: C:\Users\peral\AppData\Local\Temp\tmpf1bu7tr0\vy_otv2e.json
2025-10-08 16:58:30,456 - [DEBUG] - input tempfile: C:\Users\peral\AppData\Local\Temp\tmpf1bu7tr0\6l9rav45.json
2025-10-08 16:58:30,458 - [DEBUG] - idx 0
2025-10-08 16:58:30,458 - [DEBUG] - running CmdStan, num_threads: None
2025-10-08 16:58:30,459 - [DEBUG] - CmdStan args: ['C:\\Users\\peral\\AppData\\Local\\Programs\\Python\\Python313\\Lib\\site-packages\\prophet\\stan_model\\prophet_model.bin', 'random', 'seed=70140', 'data', 'file=C:\\Users\\peral\\AppData\\Local\\Temp\\tmpf1bu7tr0\\vy_otv2e.json', 'init=C:\\Users\\peral\\AppData\\Local\\Temp\\tmpf1bu7tr0\\6l9rav45.json', 'output', 'file=C:\\Users\\peral\\AppData\\Local\\Temp\\tmpf1bu7tr0\\prophet_modelae3tv1xn\\prophet_model-20251008165830.csv', 'method=optimize', 'algorithm=lbfgs', 'iter=10000']
2025-10-08 16:58:30,459 - [INFO] - Chain [1] start processing
2025-10-08 16:58:30,501 - [INFO] - Chain [1] done processing
2025-10-08 16:58:30,624 - [INFO] - HTTP Request: POST https://ytuiqgrpbwdxrmbzssrb.supabase.co/rest/v1/policy_recommendations "HTTP/2 201 Created"
2025-10-08 16:58:30,626 - [INFO] - Forecast for product 25891202: 1249 units (MAPE: 38.8%)
2025-10-08 16:58:30,630 - [DEBUG] - cmd: where.exe tbb.dll
cwd: None
2025-10-08 16:58:30,721 - [DEBUG] - TBB already found in load path
2025-10-08 16:58:30,734 - [DEBUG] - input tempfile: C:\Users\peral\AppData\Local\Temp\tmpf1bu7tr0\nq3rzzu_.json
2025-10-08 16:58:30,743 - [DEBUG] - input tempfile: C:\Users\peral\AppData\Local\Temp\tmpf1bu7tr0\bi49f3rk.json
2025-10-08 16:58:30,745 - [DEBUG] - idx 0
2025-10-08 16:58:30,745 - [DEBUG] - running CmdStan, num_threads: None
2025-10-08 16:58:30,746 - [DEBUG] - CmdStan args: ['C:\\Users\\peral\\AppData\\Local\\Programs\\Python\\Python313\\Lib\\site-packages\\prophet\\stan_model\\prophet_model.bin', 'random', 'seed=95305', 'data', 'file=C:\\Users\\peral\\AppData\\Local\\Temp\\tmpf1bu7tr0\\nq3rzzu_.json', 'init=C:\\Users\\peral\\AppData\\Local\\Temp\\tmpf1bu7tr0\\bi49f3rk.json', 'output', 'file=C:\\Users\\peral\\AppData\\Local\\Temp\\tmpf1bu7tr0\\prophet_modela2bihlym\\prophet_model-20251008165830.csv', 'method=optimize', 'algorithm=lbfgs', 'iter=10000']
2025-10-08 16:58:30,746 - [INFO] - Chain [1] start processing
2025-10-08 16:58:30,787 - [INFO] - Chain [1] done processing
2025-10-08 16:58:30,911 - [INFO] - HTTP Request: POST https://ytuiqgrpbwdxrmbzssrb.supabase.co/rest/v1/policy_recommendations "HTTP/2 201 Created"
2025-10-08 16:58:30,912 - [INFO] - Forecast for product 25891203: 828 units (MAPE: 6.3%)
2025-10-08 16:58:30,916 - [DEBUG] - cmd: where.exe tbb.dll
cwd: None
2025-10-08 16:58:31,002 - [DEBUG] - TBB already found in load path
2025-10-08 16:58:31,016 - [DEBUG] - input tempfile: C:\Users\peral\AppData\Local\Temp\tmpf1bu7tr0\3wfap3jo.json
2025-10-08 16:58:31,025 - [DEBUG] - input tempfile: C:\Users\peral\AppData\Local\Temp\tmpf1bu7tr0\x2mxp9gt.json
2025-10-08 16:58:31,027 - [DEBUG] - idx 0
2025-10-08 16:58:31,027 - [DEBUG] - running CmdStan, num_threads: None
2025-10-08 16:58:31,028 - [DEBUG] - CmdStan args: ['C:\\Users\\peral\\AppData\\Local\\Programs\\Python\\Python313\\Lib\\site-packages\\prophet\\stan_model\\prophet_model.bin', 'random', 'seed=91144', 'data', 'file=C:\\Users\\peral\\AppData\\Local\\Temp\\tmpf1bu7tr0\\3wfap3jo.json', 'init=C:\\Users\\peral\\AppData\\Local\\Temp\\tmpf1bu7tr0\\x2mxp9gt.json', 'output', 'file=C:\\Users\\peral\\AppData\\Local\\Temp\\tmpf1bu7tr0\\prophet_model5fkvf1i_\\prophet_model-20251008165831.csv', 'method=optimize', 'algorithm=lbfgs', 'iter=10000']
2025-10-08 16:58:31,028 - [INFO] - Chain [1] start processing
2025-10-08 16:58:31,070 - [INFO] - Chain [1] done processing
2025-10-08 16:58:31,128 - [WARNING] - High MAPE (51.6%) for product 25891301 — forecast may be unreliable
2025-10-08 16:58:31,191 - [INFO] - HTTP Request: POST https://ytuiqgrpbwdxrmbzssrb.supabase.co/rest/v1/policy_recommendations "HTTP/2 201 Created"
2025-10-08 16:58:31,192 - [INFO] - Forecast for product 25891301: 264 units (MAPE: 51.6%)
2025-10-08 16:58:31,196 - [DEBUG] - cmd: where.exe tbb.dll
cwd: None
2025-10-08 16:58:31,286 - [DEBUG] - TBB already found in load path
2025-10-08 16:58:31,297 - [DEBUG] - input tempfile: C:\Users\peral\AppData\Local\Temp\tmpf1bu7tr0\5tkqqi79.json
2025-10-08 16:58:31,307 - [DEBUG] - input tempfile: C:\Users\peral\AppData\Local\Temp\tmpf1bu7tr0\n7kyue_s.json
2025-10-08 16:58:31,309 - [DEBUG] - idx 0
2025-10-08 16:58:31,309 - [DEBUG] - running CmdStan, num_threads: None
2025-10-08 16:58:31,309 - [DEBUG] - CmdStan args: ['C:\\Users\\peral\\AppData\\Local\\Programs\\Python\\Python313\\Lib\\site-packages\\prophet\\stan_model\\prophet_model.bin', 'random', 'seed=17612', 'data', 'file=C:\\Users\\peral\\AppData\\Local\\Temp\\tmpf1bu7tr0\\5tkqqi79.json', 'init=C:\\Users\\peral\\AppData\\Local\\Temp\\tmpf1bu7tr0\\n7kyue_s.json', 'output', 'file=C:\\Users\\peral\\AppData\\Local\\Temp\\tmpf1bu7tr0\\prophet_modelw0f0u6wr\\prophet_model-20251008165831.csv', 'method=optimize', 'algorithm=lbfgs', 'iter=10000']
2025-10-08 16:58:31,310 - [INFO] - Chain [1] start processing
2025-10-08 16:58:31,349 - [INFO] - Chain [1] done processing
2025-10-08 16:58:31,398 - [WARNING] - High MAPE (90.0%) for product 25891302 — forecast may be unreliable
2025-10-08 16:58:31,479 - [INFO] - HTTP Request: POST https://ytuiqgrpbwdxrmbzssrb.supabase.co/rest/v1/policy_recommendations "HTTP/2 201 Created"
2025-10-08 16:58:31,480 - [INFO] - Forecast for product 25891302: 32 units (MAPE: 90.0%)
2025-10-08 16:58:31,484 - [DEBUG] - cmd: where.exe tbb.dll
cwd: None
2025-10-08 16:58:31,570 - [DEBUG] - TBB already found in load path
2025-10-08 16:58:31,581 - [DEBUG] - input tempfile: C:\Users\peral\AppData\Local\Temp\tmpf1bu7tr0\varha_j4.json
2025-10-08 16:58:31,590 - [DEBUG] - input tempfile: C:\Users\peral\AppData\Local\Temp\tmpf1bu7tr0\1ytr6bbq.json
2025-10-08 16:58:31,592 - [DEBUG] - idx 0
2025-10-08 16:58:31,592 - [DEBUG] - running CmdStan, num_threads: None
2025-10-08 16:58:31,593 - [DEBUG] - CmdStan args: ['C:\\Users\\peral\\AppData\\Local\\Programs\\Python\\Python313\\Lib\\site-packages\\prophet\\stan_model\\prophet_model.bin', 'random', 'seed=19854', 'data', 'file=C:\\Users\\peral\\AppData\\Local\\Temp\\tmpf1bu7tr0\\varha_j4.json', 'init=C:\\Users\\peral\\AppData\\Local\\Temp\\tmpf1bu7tr0\\1ytr6bbq.json', 'output', 'file=C:\\Users\\peral\\AppData\\Local\\Temp\\tmpf1bu7tr0\\prophet_modelsoym7_il\\prophet_model-20251008165831.csv', 'method=optimize', 'algorithm=lbfgs', 'iter=10000']
2025-10-08 16:58:31,593 - [INFO] - Chain [1] start processing
2025-10-08 16:58:31,634 - [INFO] - Chain [1] done processing
2025-10-08 16:58:31,688 - [WARNING] - High MAPE (100.0%) for product 25891303 — forecast may be unreliable
2025-10-08 16:58:31,763 - [INFO] - HTTP Request: POST https://ytuiqgrpbwdxrmbzssrb.supabase.co/rest/v1/policy_recommendations "HTTP/2 201 Created"
2025-10-08 16:58:31,765 - [INFO] - Forecast for product 25891303: 13 units (MAPE: 100.0%)
2025-10-08 16:58:31,770 - [DEBUG] - cmd: where.exe tbb.dll
cwd: None
2025-10-08 16:58:31,860 - [DEBUG] - TBB already found in load path
2025-10-08 16:58:31,873 - [DEBUG] - input tempfile: C:\Users\peral\AppData\Local\Temp\tmpf1bu7tr0\i1j61csi.json
2025-10-08 16:58:31,884 - [DEBUG] - input tempfile: C:\Users\peral\AppData\Local\Temp\tmpf1bu7tr0\er6fejrg.json
2025-10-08 16:58:31,886 - [DEBUG] - idx 0
2025-10-08 16:58:31,887 - [DEBUG] - running CmdStan, num_threads: None
2025-10-08 16:58:31,887 - [DEBUG] - CmdStan args: ['C:\\Users\\peral\\AppData\\Local\\Programs\\Python\\Python313\\Lib\\site-packages\\prophet\\stan_model\\prophet_model.bin', 'random', 'seed=74613', 'data', 'file=C:\\Users\\peral\\AppData\\Local\\Temp\\tmpf1bu7tr0\\i1j61csi.json', 'init=C:\\Users\\peral\\AppData\\Local\\Temp\\tmpf1bu7tr0\\er6fejrg.json', 'output', 'file=C:\\Users\\peral\\AppData\\Local\\Temp\\tmpf1bu7tr0\\prophet_modelicf3i52l\\prophet_model-20251008165831.csv', 'method=optimize', 'algorithm=lbfgs', 'iter=10000']
2025-10-08 16:58:31,887 - [INFO] - Chain [1] start processing
2025-10-08 16:58:31,927 - [INFO] - Chain [1] done processing
2025-10-08 16:58:31,976 - [WARNING] - High MAPE (298.5%) for product 25891401 — forecast may be unreliable
2025-10-08 16:58:32,047 - [INFO] - HTTP Request: POST https://ytuiqgrpbwdxrmbzssrb.supabase.co/rest/v1/policy_recommendations "HTTP/2 201 Created"
2025-10-08 16:58:32,048 - [INFO] - Forecast for product 25891401: 1704 units (MAPE: 298.5%)
2025-10-08 16:58:32,053 - [DEBUG] - cmd: where.exe tbb.dll
cwd: None
2025-10-08 16:58:32,146 - [DEBUG] - TBB already found in load path
2025-10-08 16:58:32,158 - [DEBUG] - input tempfile: C:\Users\peral\AppData\Local\Temp\tmpf1bu7tr0\p1dam5n2.json
2025-10-08 16:58:32,169 - [DEBUG] - input tempfile: C:\Users\peral\AppData\Local\Temp\tmpf1bu7tr0\7ftrbtjb.json
2025-10-08 16:58:32,171 - [DEBUG] - idx 0
2025-10-08 16:58:32,171 - [DEBUG] - running CmdStan, num_threads: None
2025-10-08 16:58:32,172 - [DEBUG] - CmdStan args: ['C:\\Users\\peral\\AppData\\Local\\Programs\\Python\\Python313\\Lib\\site-packages\\prophet\\stan_model\\prophet_model.bin', 'random', 'seed=94244', 'data', 'file=C:\\Users\\peral\\AppData\\Local\\Temp\\tmpf1bu7tr0\\p1dam5n2.json', 'init=C:\\Users\\peral\\AppData\\Local\\Temp\\tmpf1bu7tr0\\7ftrbtjb.json', 'output', 'file=C:\\Users\\peral\\AppData\\Local\\Temp\\tmpf1bu7tr0\\prophet_modelvemj_e_k\\prophet_model-20251008165832.csv', 'method=optimize', 'algorithm=lbfgs', 'iter=10000']
2025-10-08 16:58:32,172 - [INFO] - Chain [1] start processing
2025-10-08 16:58:32,219 - [INFO] - Chain [1] done processing
2025-10-08 16:58:32,344 - [INFO] - HTTP Request: POST https://ytuiqgrpbwdxrmbzssrb.supabase.co/rest/v1/policy_recommendations "HTTP/2 201 Created"
2025-10-08 16:58:32,345 - [INFO] - Forecast for product 25891402: 886 units (MAPE: 19.2%)
2025-10-08 16:58:32,349 - [DEBUG] - cmd: where.exe tbb.dll
cwd: None
2025-10-08 16:58:32,434 - [DEBUG] - TBB already found in load path
2025-10-08 16:58:32,446 - [DEBUG] - input tempfile: C:\Users\peral\AppData\Local\Temp\tmpf1bu7tr0\1aaxa1p5.json
2025-10-08 16:58:32,457 - [DEBUG] - input tempfile: C:\Users\peral\AppData\Local\Temp\tmpf1bu7tr0\y6cbnzda.json
2025-10-08 16:58:32,459 - [DEBUG] - idx 0
2025-10-08 16:58:32,459 - [DEBUG] - running CmdStan, num_threads: None
2025-10-08 16:58:32,459 - [DEBUG] - CmdStan args: ['C:\\Users\\peral\\AppData\\Local\\Programs\\Python\\Python313\\Lib\\site-packages\\prophet\\stan_model\\prophet_model.bin', 'random', 'seed=36814', 'data', 'file=C:\\Users\\peral\\AppData\\Local\\Temp\\tmpf1bu7tr0\\1aaxa1p5.json', 'init=C:\\Users\\peral\\AppData\\Local\\Temp\\tmpf1bu7tr0\\y6cbnzda.json', 'output', 'file=C:\\Users\\peral\\AppData\\Local\\Temp\\tmpf1bu7tr0\\prophet_modelbms9fi4b\\prophet_model-20251008165832.csv', 'method=optimize', 'algorithm=lbfgs', 'iter=10000']
2025-10-08 16:58:32,459 - [INFO] - Chain [1] start processing
2025-10-08 16:58:32,500 - [INFO] - Chain [1] done processing
2025-10-08 16:58:32,549 - [WARNING] - High MAPE (100.0%) for product 25891403 — forecast may be unreliable
2025-10-08 16:58:32,618 - [INFO] - HTTP Request: POST https://ytuiqgrpbwdxrmbzssrb.supabase.co/rest/v1/policy_recommendations "HTTP/2 201 Created"
2025-10-08 16:58:32,619 - [INFO] - Forecast for product 25891403: 56 units (MAPE: 100.0%)
2025-10-08 16:58:32,623 - [DEBUG] - cmd: where.exe tbb.dll
cwd: None
2025-10-08 16:58:32,708 - [DEBUG] - TBB already found in load path
2025-10-08 16:58:32,722 - [DEBUG] - input tempfile: C:\Users\peral\AppData\Local\Temp\tmpf1bu7tr0\r6grnshf.json
2025-10-08 16:58:32,731 - [DEBUG] - input tempfile: C:\Users\peral\AppData\Local\Temp\tmpf1bu7tr0\x3uxm7f0.json
2025-10-08 16:58:32,734 - [DEBUG] - idx 0
2025-10-08 16:58:32,735 - [DEBUG] - running CmdStan, num_threads: None
2025-10-08 16:58:32,735 - [DEBUG] - CmdStan args: ['C:\\Users\\peral\\AppData\\Local\\Programs\\Python\\Python313\\Lib\\site-packages\\prophet\\stan_model\\prophet_model.bin', 'random', 'seed=35970', 'data', 'file=C:\\Users\\peral\\AppData\\Local\\Temp\\tmpf1bu7tr0\\r6grnshf.json', 'init=C:\\Users\\peral\\AppData\\Local\\Temp\\tmpf1bu7tr0\\x3uxm7f0.json', 'output', 'file=C:\\Users\\peral\\AppData\\Local\\Temp\\tmpf1bu7tr0\\prophet_modeljn65z94f\\prophet_model-20251008165832.csv', 'method=optimize', 'algorithm=lbfgs', 'iter=10000']
2025-10-08 16:58:32,735 - [INFO] - Chain [1] start processing
2025-10-08 16:58:32,775 - [INFO] - Chain [1] done processing
2025-10-08 16:58:32,823 - [WARNING] - High MAPE (189.5%) for product 25891501 — forecast may be unreliable
2025-10-08 16:58:32,890 - [INFO] - HTTP Request: POST https://ytuiqgrpbwdxrmbzssrb.supabase.co/rest/v1/policy_recommendations "HTTP/2 201 Created"
2025-10-08 16:58:32,891 - [INFO] - Forecast for product 25891501: 644 units (MAPE: 189.5%)
2025-10-08 16:58:32,895 - [DEBUG] - cmd: where.exe tbb.dll
cwd: None
2025-10-08 16:58:32,977 - [DEBUG] - TBB already found in load path
2025-10-08 16:58:32,988 - [DEBUG] - input tempfile: C:\Users\peral\AppData\Local\Temp\tmpf1bu7tr0\7vgme1ip.json
2025-10-08 16:58:32,998 - [DEBUG] - input tempfile: C:\Users\peral\AppData\Local\Temp\tmpf1bu7tr0\cq3pk0qe.json
2025-10-08 16:58:33,000 - [DEBUG] - idx 0
2025-10-08 16:58:33,000 - [DEBUG] - running CmdStan, num_threads: None
2025-10-08 16:58:33,001 - [DEBUG] - CmdStan args: ['C:\\Users\\peral\\AppData\\Local\\Programs\\Python\\Python313\\Lib\\site-packages\\prophet\\stan_model\\prophet_model.bin', 'random', 'seed=99666', 'data', 'file=C:\\Users\\peral\\AppData\\Local\\Temp\\tmpf1bu7tr0\\7vgme1ip.json', 'init=C:\\Users\\peral\\AppData\\Local\\Temp\\tmpf1bu7tr0\\cq3pk0qe.json', 'output', 'file=C:\\Users\\peral\\AppData\\Local\\Temp\\tmpf1bu7tr0\\prophet_modelqxjvoh5z\\prophet_model-20251008165833.csv', 'method=optimize', 'algorithm=lbfgs', 'iter=10000']
2025-10-08 16:58:33,001 - [INFO] - Chain [1] start processing
2025-10-08 16:58:33,039 - [INFO] - Chain [1] done processing
2025-10-08 16:58:33,090 - [WARNING] - High MAPE (100.0%) for product 25891502 — forecast may be unreliable
2025-10-08 16:58:33,164 - [INFO] - HTTP Request: POST https://ytuiqgrpbwdxrmbzssrb.supabase.co/rest/v1/policy_recommendations "HTTP/2 201 Created"
2025-10-08 16:58:33,165 - [INFO] - Forecast for product 25891502: 26 units (MAPE: 100.0%)
2025-10-08 16:58:33,170 - [DEBUG] - cmd: where.exe tbb.dll
cwd: None
2025-10-08 16:58:33,256 - [DEBUG] - TBB already found in load path
2025-10-08 16:58:33,268 - [DEBUG] - input tempfile: C:\Users\peral\AppData\Local\Temp\tmpf1bu7tr0\848g9oiz.json
2025-10-08 16:58:33,276 - [DEBUG] - input tempfile: C:\Users\peral\AppData\Local\Temp\tmpf1bu7tr0\sypu7jn_.json
2025-10-08 16:58:33,279 - [DEBUG] - idx 0
2025-10-08 16:58:33,279 - [DEBUG] - running CmdStan, num_threads: None
2025-10-08 16:58:33,279 - [DEBUG] - CmdStan args: ['C:\\Users\\peral\\AppData\\Local\\Programs\\Python\\Python313\\Lib\\site-packages\\prophet\\stan_model\\prophet_model.bin', 'random', 'seed=28682', 'data', 'file=C:\\Users\\peral\\AppData\\Local\\Temp\\tmpf1bu7tr0\\848g9oiz.json', 'init=C:\\Users\\peral\\AppData\\Local\\Temp\\tmpf1bu7tr0\\sypu7jn_.json', 'output', 'file=C:\\Users\\peral\\AppData\\Local\\Temp\\tmpf1bu7tr0\\prophet_model5wyoyq49\\prophet_model-20251008165833.csv', 'method=optimize', 'algorithm=lbfgs', 'iter=10000']
2025-10-08 16:58:33,279 - [INFO] - Chain [1] start processing
2025-10-08 16:58:33,321 - [INFO] - Chain [1] done processing
2025-10-08 16:58:33,440 - [INFO] - HTTP Request: POST https://ytuiqgrpbwdxrmbzssrb.supabase.co/rest/v1/policy_recommendations "HTTP/2 201 Created"
2025-10-08 16:58:33,441 - [INFO] - Forecast for product 25891503: 318 units (MAPE: 23.7%)
2025-10-08 16:58:33,445 - [DEBUG] - cmd: where.exe tbb.dll
cwd: None
2025-10-08 16:58:33,529 - [DEBUG] - TBB already found in load path
2025-10-08 16:58:33,541 - [DEBUG] - input tempfile: C:\Users\peral\AppData\Local\Temp\tmpf1bu7tr0\nkskmfgq.json
2025-10-08 16:58:33,552 - [DEBUG] - input tempfile: C:\Users\peral\AppData\Local\Temp\tmpf1bu7tr0\acdwwqvz.json
2025-10-08 16:58:33,554 - [DEBUG] - idx 0
2025-10-08 16:58:33,554 - [DEBUG] - running CmdStan, num_threads: None
2025-10-08 16:58:33,554 - [DEBUG] - CmdStan args: ['C:\\Users\\peral\\AppData\\Local\\Programs\\Python\\Python313\\Lib\\site-packages\\prophet\\stan_model\\prophet_model.bin', 'random', 'seed=31379', 'data', 'file=C:\\Users\\peral\\AppData\\Local\\Temp\\tmpf1bu7tr0\\nkskmfgq.json', 'init=C:\\Users\\peral\\AppData\\Local\\Temp\\tmpf1bu7tr0\\acdwwqvz.json', 'output', 'file=C:\\Users\\peral\\AppData\\Local\\Temp\\tmpf1bu7tr0\\prophet_modelwpz_kf7b\\prophet_model-20251008165833.csv', 'method=optimize', 'algorithm=lbfgs', 'iter=10000']
2025-10-08 16:58:33,555 - [INFO] - Chain [1] start processing
2025-10-08 16:58:33,593 - [INFO] - Chain [1] done processing
2025-10-08 16:58:33,723 - [INFO] - HTTP Request: POST https://ytuiqgrpbwdxrmbzssrb.supabase.co/rest/v1/policy_recommendations "HTTP/2 201 Created"
2025-10-08 16:58:33,725 - [INFO] - Forecast for product 25891601: 326 units (MAPE: 33.4%)
2025-10-08 16:58:33,728 - [DEBUG] - cmd: where.exe tbb.dll
cwd: None
2025-10-08 16:58:33,811 - [DEBUG] - TBB already found in load path
2025-10-08 16:58:33,824 - [DEBUG] - input tempfile: C:\Users\peral\AppData\Local\Temp\tmpf1bu7tr0\43g0n6x8.json
2025-10-08 16:58:33,833 - [DEBUG] - input tempfile: C:\Users\peral\AppData\Local\Temp\tmpf1bu7tr0\9mrp229h.json
2025-10-08 16:58:33,835 - [DEBUG] - idx 0
2025-10-08 16:58:33,836 - [DEBUG] - running CmdStan, num_threads: None
2025-10-08 16:58:33,836 - [DEBUG] - CmdStan args: ['C:\\Users\\peral\\AppData\\Local\\Programs\\Python\\Python313\\Lib\\site-packages\\prophet\\stan_model\\prophet_model.bin', 'random', 'seed=47244', 'data', 'file=C:\\Users\\peral\\AppData\\Local\\Temp\\tmpf1bu7tr0\\43g0n6x8.json', 'init=C:\\Users\\peral\\AppData\\Local\\Temp\\tmpf1bu7tr0\\9mrp229h.json', 'output', 'file=C:\\Users\\peral\\AppData\\Local\\Temp\\tmpf1bu7tr0\\prophet_modelx068tgbz\\prophet_model-20251008165833.csv', 'method=optimize', 'algorithm=lbfgs', 'iter=10000']
2025-10-08 16:58:33,837 - [INFO] - Chain [1] start processing
2025-10-08 16:58:33,877 - [INFO] - Chain [1] done processing
2025-10-08 16:58:33,927 - [WARNING] - High MAPE (93.0%) for product 25891602 — forecast may be unreliable
2025-10-08 16:58:34,006 - [INFO] - HTTP Request: POST https://ytuiqgrpbwdxrmbzssrb.supabase.co/rest/v1/policy_recommendations "HTTP/2 201 Created"
2025-10-08 16:58:34,007 - [INFO] - Forecast for product 25891602: 122 units (MAPE: 93.0%)
2025-10-08 16:58:34,012 - [DEBUG] - cmd: where.exe tbb.dll
cwd: None
2025-10-08 16:58:34,096 - [DEBUG] - TBB already found in load path
2025-10-08 16:58:34,108 - [DEBUG] - input tempfile: C:\Users\peral\AppData\Local\Temp\tmpf1bu7tr0\g5xpiw_0.json
2025-10-08 16:58:34,117 - [DEBUG] - input tempfile: C:\Users\peral\AppData\Local\Temp\tmpf1bu7tr0\qwdm2hd3.json
2025-10-08 16:58:34,119 - [DEBUG] - idx 0
2025-10-08 16:58:34,120 - [DEBUG] - running CmdStan, num_threads: None
2025-10-08 16:58:34,120 - [DEBUG] - CmdStan args: ['C:\\Users\\peral\\AppData\\Local\\Programs\\Python\\Python313\\Lib\\site-packages\\prophet\\stan_model\\prophet_model.bin', 'random', 'seed=95788', 'data', 'file=C:\\Users\\peral\\AppData\\Local\\Temp\\tmpf1bu7tr0\\g5xpiw_0.json', 'init=C:\\Users\\peral\\AppData\\Local\\Temp\\tmpf1bu7tr0\\qwdm2hd3.json', 'output', 'file=C:\\Users\\peral\\AppData\\Local\\Temp\\tmpf1bu7tr0\\prophet_model0t39r2xq\\prophet_model-20251008165834.csv', 'method=optimize', 'algorithm=lbfgs', 'iter=10000']
2025-10-08 16:58:34,121 - [INFO] - Chain [1] start processing
2025-10-08 16:58:34,167 - [INFO] - Chain [1] done processing
2025-10-08 16:58:34,217 - [WARNING] - High MAPE (94.4%) for product 25891603 — forecast may be unreliable
2025-10-08 16:58:34,287 - [INFO] - HTTP Request: POST https://ytuiqgrpbwdxrmbzssrb.supabase.co/rest/v1/policy_recommendations "HTTP/2 201 Created"
2025-10-08 16:58:34,288 - [INFO] - Forecast for product 25891603: 235 units (MAPE: 94.4%)
2025-10-08 16:58:34,288 - [INFO] - Forecasting complete (18 products)
2025-10-08 16:58:34,289 - [INFO] - Forecasting complete (18 products)
2025-10-08 16:58:34,289 - [INFO] - Generating policy recommendations
2025-10-08 16:58:34,289 - [INFO] - Pipeline completed successfully
2025-10-08 18:04:59,259 - [INFO] - Settings loaded (env=default)
2025-10-08 22:26:11,597 - [INFO] - Starting analytics pipeline
2025-10-08 22:26:11,598 - [INFO] - Settings loaded (env=default)
2025-10-08 22:26:11,968 - [INFO] - Running Customer KPI Risk Predictions
2025-10-08 22:26:11,969 - [INFO] - Starting Customer KPI Risk Pipeline...
2025-10-08 22:26:11,969 - [INFO] - Calculating real OTIF % from last 180 days of order data...
2025-10-08 22:26:13,929 - [INFO] - HTTP Request: GET https://ytuiqgrpbwdxrmbzssrb.supabase.co/rest/v1/fact_order_line?select=customer_id%2Corder_placement_date%2C%22On+Time%22%2C%22In+Full%22%2C%22On+Time+In+Full%22&order_placement_date=gte.2025-04-11 "HTTP/2 200 OK"
2025-10-08 22:26:14,207 - [INFO] - HTTP Request: GET https://ytuiqgrpbwdxrmbzssrb.supabase.co/rest/v1/dim_targets_order?select=%2A "HTTP/2 200 OK"
2025-10-08 22:26:14,421 - [INFO] - HTTP Request: GET https://ytuiqgrpbwdxrmbzssrb.supabase.co/rest/v1/dim_customers?select=customer_id%2Ccity "HTTP/2 200 OK"
2025-10-08 22:26:14,426 - [INFO] - Calculated OTIF, trends, and time-based features for 35 customers.
2025-10-08 22:26:14,427 - [INFO] - Preparing dataset with engineered features...
2025-10-08 22:26:14,432 - [INFO] - Dataset prepared with 35 rows and features: ['otif_pct', 'on_time_pct', 'in_full_pct', 'total_orders', 'target_otif', 'target_ontime', 'target_infull', 'recent_otif_trend', 'city_encoded', 'avg_days_since_last_order', 'avg_order_day_of_week', 'avg_order_month']
2025-10-08 22:26:14,433 - [INFO] - Generating predictions...
2025-10-08 22:26:14,723 - [INFO] - Uploading risk predictions to Supabase...
2025-10-08 22:26:14,993 - [INFO] - HTTP Request: POST https://ytuiqgrpbwdxrmbzssrb.supabase.co/rest/v1/kpi_risk_predictions?columns=%22prediction_date%22%2C%22risk_label%22%2C%22risk_score%22%2C%22customer_id%22 "HTTP/2 201 Created"
2025-10-08 22:26:14,995 - [INFO] - Successfully inserted 35 predictions.
2025-10-08 22:26:14,995 - [INFO] - Customer risk pipeline completed successfully.
2025-10-08 22:26:14,995 - [INFO] - Running KPI analysis
2025-10-08 22:26:15,852 - [INFO] - HTTP Request: GET https://ytuiqgrpbwdxrmbzssrb.supabase.co/rest/v1/kpi_summary?select=%2A "HTTP/2 200 OK"
2025-10-08 22:26:15,854 - [INFO] - Fetched 35 KPI summary rows
2025-10-08 22:26:15,854 - [INFO] - KPI analysis complete (35 records)
2025-10-08 22:26:15,855 - [INFO] - Running demand forecasting
2025-10-08 22:26:15,855 - [INFO] - Running demand forecasting
2025-10-08 22:26:16,087 - [INFO] - HTTP Request: GET https://ytuiqgrpbwdxrmbzssrb.supabase.co/rest/v1/fact_order_line?select=order_placement_date%2Cproduct_id%2Corder_qty "HTTP/2 200 OK"
2025-10-08 22:26:16,145 - [DEBUG] - cmd: where.exe tbb.dll
cwd: None
2025-10-08 22:26:16,239 - [DEBUG] - Adding TBB (c:\Users\peral\AppData\Local\Programs\Python\Python313\Lib\site-packages\prophet\stan_model\cmdstan-2.33.1\stan\lib\stan_math\lib\tbb) to PATH
2025-10-08 22:26:16,255 - [DEBUG] - input tempfile: C:\Users\peral\AppData\Local\Temp\tmpxzvhqnvc\6clqoauk.json
2025-10-08 22:26:16,268 - [DEBUG] - input tempfile: C:\Users\peral\AppData\Local\Temp\tmpxzvhqnvc\axuocegs.json
2025-10-08 22:26:16,270 - [DEBUG] - idx 0
2025-10-08 22:26:16,270 - [DEBUG] - running CmdStan, num_threads: None
2025-10-08 22:26:16,271 - [DEBUG] - CmdStan args: ['C:\\Users\\peral\\AppData\\Local\\Programs\\Python\\Python313\\Lib\\site-packages\\prophet\\stan_model\\prophet_model.bin', 'random', 'seed=80978', 'data', 'file=C:\\Users\\peral\\AppData\\Local\\Temp\\tmpxzvhqnvc\\6clqoauk.json', 'init=C:\\Users\\peral\\AppData\\Local\\Temp\\tmpxzvhqnvc\\axuocegs.json', 'output', 'file=C:\\Users\\peral\\AppData\\Local\\Temp\\tmpxzvhqnvc\\prophet_model17n3qc6d\\prophet_model-20251008222616.csv', 'method=optimize', 'algorithm=lbfgs', 'iter=10000']
2025-10-08 22:26:16,271 - [INFO] - Chain [1] start processing
2025-10-08 22:26:16,325 - [INFO] - Chain [1] done processing
2025-10-08 22:26:16,388 - [WARNING] - High MAPE (100.0%) for product 25891101 — forecast may be unreliable
2025-10-08 22:26:16,630 - [INFO] - HTTP Request: POST https://ytuiqgrpbwdxrmbzssrb.supabase.co/rest/v1/policy_recommendations "HTTP/2 201 Created"
2025-10-08 22:26:16,631 - [INFO] - Forecast for product 25891101: 117 units (MAPE: 100.0%)
2025-10-08 22:26:16,636 - [DEBUG] - cmd: where.exe tbb.dll
cwd: None
2025-10-08 22:26:16,767 - [DEBUG] - TBB already found in load path
2025-10-08 22:26:16,794 - [DEBUG] - input tempfile: C:\Users\peral\AppData\Local\Temp\tmpxzvhqnvc\ljndi3ft.json
2025-10-08 22:26:16,805 - [DEBUG] - input tempfile: C:\Users\peral\AppData\Local\Temp\tmpxzvhqnvc\5poabmvn.json
2025-10-08 22:26:16,807 - [DEBUG] - idx 0
2025-10-08 22:26:16,808 - [DEBUG] - running CmdStan, num_threads: None
2025-10-08 22:26:16,808 - [DEBUG] - CmdStan args: ['C:\\Users\\peral\\AppData\\Local\\Programs\\Python\\Python313\\Lib\\site-packages\\prophet\\stan_model\\prophet_model.bin', 'random', 'seed=39062', 'data', 'file=C:\\Users\\peral\\AppData\\Local\\Temp\\tmpxzvhqnvc\\ljndi3ft.json', 'init=C:\\Users\\peral\\AppData\\Local\\Temp\\tmpxzvhqnvc\\5poabmvn.json', 'output', 'file=C:\\Users\\peral\\AppData\\Local\\Temp\\tmpxzvhqnvc\\prophet_modeld507gfr8\\prophet_model-20251008222616.csv', 'method=optimize', 'algorithm=lbfgs', 'iter=10000']
2025-10-08 22:26:16,809 - [INFO] - Chain [1] start processing
2025-10-08 22:26:16,862 - [INFO] - Chain [1] done processing
2025-10-08 22:26:16,946 - [WARNING] - High MAPE (62.3%) for product 25891102 — forecast may be unreliable
2025-10-08 22:26:17,134 - [INFO] - HTTP Request: POST https://ytuiqgrpbwdxrmbzssrb.supabase.co/rest/v1/policy_recommendations "HTTP/2 201 Created"
2025-10-08 22:26:17,135 - [INFO] - Forecast for product 25891102: 1527 units (MAPE: 62.3%)
2025-10-08 22:26:17,138 - [DEBUG] - cmd: where.exe tbb.dll
cwd: None
2025-10-08 22:26:17,233 - [DEBUG] - TBB already found in load path
2025-10-08 22:26:17,249 - [DEBUG] - input tempfile: C:\Users\peral\AppData\Local\Temp\tmpxzvhqnvc\oyxo7trr.json
2025-10-08 22:26:17,257 - [DEBUG] - input tempfile: C:\Users\peral\AppData\Local\Temp\tmpxzvhqnvc\w20mtwlc.json
2025-10-08 22:26:17,260 - [DEBUG] - idx 0
2025-10-08 22:26:17,261 - [DEBUG] - running CmdStan, num_threads: None
2025-10-08 22:26:17,261 - [DEBUG] - CmdStan args: ['C:\\Users\\peral\\AppData\\Local\\Programs\\Python\\Python313\\Lib\\site-packages\\prophet\\stan_model\\prophet_model.bin', 'random', 'seed=79746', 'data', 'file=C:\\Users\\peral\\AppData\\Local\\Temp\\tmpxzvhqnvc\\oyxo7trr.json', 'init=C:\\Users\\peral\\AppData\\Local\\Temp\\tmpxzvhqnvc\\w20mtwlc.json', 'output', 'file=C:\\Users\\peral\\AppData\\Local\\Temp\\tmpxzvhqnvc\\prophet_modeluplcuvpu\\prophet_model-20251008222617.csv', 'method=optimize', 'algorithm=lbfgs', 'iter=10000']
2025-10-08 22:26:17,261 - [INFO] - Chain [1] start processing
2025-10-08 22:26:17,306 - [INFO] - Chain [1] done processing
2025-10-08 22:26:17,364 - [WARNING] - High MAPE (100.0%) for product 25891103 — forecast may be unreliable
2025-10-08 22:26:17,570 - [INFO] - HTTP Request: POST https://ytuiqgrpbwdxrmbzssrb.supabase.co/rest/v1/policy_recommendations "HTTP/2 201 Created"
2025-10-08 22:26:17,572 - [INFO] - Forecast for product 25891103: 42 units (MAPE: 100.0%)
2025-10-08 22:26:17,578 - [DEBUG] - cmd: where.exe tbb.dll
cwd: None
2025-10-08 22:26:17,689 - [DEBUG] - TBB already found in load path
2025-10-08 22:26:17,708 - [DEBUG] - input tempfile: C:\Users\peral\AppData\Local\Temp\tmpxzvhqnvc\y1jrnsdt.json
2025-10-08 22:26:17,721 - [DEBUG] - input tempfile: C:\Users\peral\AppData\Local\Temp\tmpxzvhqnvc\apeyihrr.json
2025-10-08 22:26:17,723 - [DEBUG] - idx 0
2025-10-08 22:26:17,723 - [DEBUG] - running CmdStan, num_threads: None
2025-10-08 22:26:17,724 - [DEBUG] - CmdStan args: ['C:\\Users\\peral\\AppData\\Local\\Programs\\Python\\Python313\\Lib\\site-packages\\prophet\\stan_model\\prophet_model.bin', 'random', 'seed=72799', 'data', 'file=C:\\Users\\peral\\AppData\\Local\\Temp\\tmpxzvhqnvc\\y1jrnsdt.json', 'init=C:\\Users\\peral\\AppData\\Local\\Temp\\tmpxzvhqnvc\\apeyihrr.json', 'output', 'file=C:\\Users\\peral\\AppData\\Local\\Temp\\tmpxzvhqnvc\\prophet_modelha9wjmah\\prophet_model-20251008222617.csv', 'method=optimize', 'algorithm=lbfgs', 'iter=10000']
2025-10-08 22:26:17,724 - [INFO] - Chain [1] start processing
2025-10-08 22:26:17,772 - [INFO] - Chain [1] done processing
2025-10-08 22:26:17,838 - [WARNING] - High MAPE (100.0%) for product 25891201 — forecast may be unreliable
2025-10-08 22:26:18,011 - [INFO] - HTTP Request: POST https://ytuiqgrpbwdxrmbzssrb.supabase.co/rest/v1/policy_recommendations "HTTP/2 201 Created"
2025-10-08 22:26:18,013 - [INFO] - Forecast for product 25891201: 22 units (MAPE: 100.0%)
2025-10-08 22:26:18,017 - [DEBUG] - cmd: where.exe tbb.dll
cwd: None
2025-10-08 22:26:18,118 - [DEBUG] - TBB already found in load path
2025-10-08 22:26:18,139 - [DEBUG] - input tempfile: C:\Users\peral\AppData\Local\Temp\tmpxzvhqnvc\fgddfgo6.json
2025-10-08 22:26:18,149 - [DEBUG] - input tempfile: C:\Users\peral\AppData\Local\Temp\tmpxzvhqnvc\x_888qya.json
2025-10-08 22:26:18,152 - [DEBUG] - idx 0
2025-10-08 22:26:18,152 - [DEBUG] - running CmdStan, num_threads: None
2025-10-08 22:26:18,152 - [DEBUG] - CmdStan args: ['C:\\Users\\peral\\AppData\\Local\\Programs\\Python\\Python313\\Lib\\site-packages\\prophet\\stan_model\\prophet_model.bin', 'random', 'seed=81334', 'data', 'file=C:\\Users\\peral\\AppData\\Local\\Temp\\tmpxzvhqnvc\\fgddfgo6.json', 'init=C:\\Users\\peral\\AppData\\Local\\Temp\\tmpxzvhqnvc\\x_888qya.json', 'output', 'file=C:\\Users\\peral\\AppData\\Local\\Temp\\tmpxzvhqnvc\\prophet_modeloic937jn\\prophet_model-20251008222618.csv', 'method=optimize', 'algorithm=lbfgs', 'iter=10000']
2025-10-08 22:26:18,153 - [INFO] - Chain [1] start processing
2025-10-08 22:26:18,194 - [INFO] - Chain [1] done processing
2025-10-08 22:26:18,467 - [INFO] - HTTP Request: POST https://ytuiqgrpbwdxrmbzssrb.supabase.co/rest/v1/policy_recommendations "HTTP/2 201 Created"
2025-10-08 22:26:18,468 - [INFO] - Forecast for product 25891202: 1249 units (MAPE: 38.8%)
2025-10-08 22:26:18,473 - [DEBUG] - cmd: where.exe tbb.dll
cwd: None
2025-10-08 22:26:18,566 - [DEBUG] - TBB already found in load path
2025-10-08 22:26:18,590 - [DEBUG] - input tempfile: C:\Users\peral\AppData\Local\Temp\tmpxzvhqnvc\g5ms8gfs.json
2025-10-08 22:26:18,600 - [DEBUG] - input tempfile: C:\Users\peral\AppData\Local\Temp\tmpxzvhqnvc\nt3vphyh.json
2025-10-08 22:26:18,602 - [DEBUG] - idx 0
2025-10-08 22:26:18,603 - [DEBUG] - running CmdStan, num_threads: None
2025-10-08 22:26:18,603 - [DEBUG] - CmdStan args: ['C:\\Users\\peral\\AppData\\Local\\Programs\\Python\\Python313\\Lib\\site-packages\\prophet\\stan_model\\prophet_model.bin', 'random', 'seed=44518', 'data', 'file=C:\\Users\\peral\\AppData\\Local\\Temp\\tmpxzvhqnvc\\g5ms8gfs.json', 'init=C:\\Users\\peral\\AppData\\Local\\Temp\\tmpxzvhqnvc\\nt3vphyh.json', 'output', 'file=C:\\Users\\peral\\AppData\\Local\\Temp\\tmpxzvhqnvc\\prophet_modela_10uvog\\prophet_model-20251008222618.csv', 'method=optimize', 'algorithm=lbfgs', 'iter=10000']
2025-10-08 22:26:18,603 - [INFO] - Chain [1] start processing
2025-10-08 22:26:18,649 - [INFO] - Chain [1] done processing
2025-10-08 22:26:18,890 - [INFO] - HTTP Request: POST https://ytuiqgrpbwdxrmbzssrb.supabase.co/rest/v1/policy_recommendations "HTTP/2 201 Created"
2025-10-08 22:26:18,892 - [INFO] - Forecast for product 25891203: 828 units (MAPE: 6.3%)
2025-10-08 22:26:18,897 - [DEBUG] - cmd: where.exe tbb.dll
cwd: None
2025-10-08 22:26:18,991 - [DEBUG] - TBB already found in load path
2025-10-08 22:26:19,015 - [DEBUG] - input tempfile: C:\Users\peral\AppData\Local\Temp\tmpxzvhqnvc\v3s2gvbr.json
2025-10-08 22:26:19,029 - [DEBUG] - input tempfile: C:\Users\peral\AppData\Local\Temp\tmpxzvhqnvc\atrv7ely.json
2025-10-08 22:26:19,032 - [DEBUG] - idx 0
2025-10-08 22:26:19,032 - [DEBUG] - running CmdStan, num_threads: None
2025-10-08 22:26:19,032 - [DEBUG] - CmdStan args: ['C:\\Users\\peral\\AppData\\Local\\Programs\\Python\\Python313\\Lib\\site-packages\\prophet\\stan_model\\prophet_model.bin', 'random', 'seed=18498', 'data', 'file=C:\\Users\\peral\\AppData\\Local\\Temp\\tmpxzvhqnvc\\v3s2gvbr.json', 'init=C:\\Users\\peral\\AppData\\Local\\Temp\\tmpxzvhqnvc\\atrv7ely.json', 'output', 'file=C:\\Users\\peral\\AppData\\Local\\Temp\\tmpxzvhqnvc\\prophet_modelmoeetn2v\\prophet_model-20251008222619.csv', 'method=optimize', 'algorithm=lbfgs', 'iter=10000']
2025-10-08 22:26:19,032 - [INFO] - Chain [1] start processing
2025-10-08 22:26:19,081 - [INFO] - Chain [1] done processing
2025-10-08 22:26:19,135 - [WARNING] - High MAPE (51.6%) for product 25891301 — forecast may be unreliable
2025-10-08 22:26:19,346 - [INFO] - HTTP Request: POST https://ytuiqgrpbwdxrmbzssrb.supabase.co/rest/v1/policy_recommendations "HTTP/2 201 Created"
2025-10-08 22:26:19,347 - [INFO] - Forecast for product 25891301: 264 units (MAPE: 51.6%)
2025-10-08 22:26:19,351 - [DEBUG] - cmd: where.exe tbb.dll
cwd: None
2025-10-08 22:26:19,438 - [DEBUG] - TBB already found in load path
2025-10-08 22:26:19,458 - [DEBUG] - input tempfile: C:\Users\peral\AppData\Local\Temp\tmpxzvhqnvc\io2w6xo5.json
2025-10-08 22:26:19,470 - [DEBUG] - input tempfile: C:\Users\peral\AppData\Local\Temp\tmpxzvhqnvc\ksmvyk_o.json
2025-10-08 22:26:19,472 - [DEBUG] - idx 0
2025-10-08 22:26:19,472 - [DEBUG] - running CmdStan, num_threads: None
2025-10-08 22:26:19,473 - [DEBUG] - CmdStan args: ['C:\\Users\\peral\\AppData\\Local\\Programs\\Python\\Python313\\Lib\\site-packages\\prophet\\stan_model\\prophet_model.bin', 'random', 'seed=33399', 'data', 'file=C:\\Users\\peral\\AppData\\Local\\Temp\\tmpxzvhqnvc\\io2w6xo5.json', 'init=C:\\Users\\peral\\AppData\\Local\\Temp\\tmpxzvhqnvc\\ksmvyk_o.json', 'output', 'file=C:\\Users\\peral\\AppData\\Local\\Temp\\tmpxzvhqnvc\\prophet_model0fgrmmrp\\prophet_model-20251008222619.csv', 'method=optimize', 'algorithm=lbfgs', 'iter=10000']
2025-10-08 22:26:19,473 - [INFO] - Chain [1] start processing
2025-10-08 22:26:19,515 - [INFO] - Chain [1] done processing
2025-10-08 22:26:19,573 - [WARNING] - High MAPE (90.0%) for product 25891302 — forecast may be unreliable
2025-10-08 22:26:19,774 - [INFO] - HTTP Request: POST https://ytuiqgrpbwdxrmbzssrb.supabase.co/rest/v1/policy_recommendations "HTTP/2 201 Created"
2025-10-08 22:26:19,775 - [INFO] - Forecast for product 25891302: 32 units (MAPE: 90.0%)
2025-10-08 22:26:19,779 - [DEBUG] - cmd: where.exe tbb.dll
cwd: None
2025-10-08 22:26:19,862 - [DEBUG] - TBB already found in load path
2025-10-08 22:26:19,875 - [DEBUG] - input tempfile: C:\Users\peral\AppData\Local\Temp\tmpxzvhqnvc\2o22aqyc.json
2025-10-08 22:26:19,884 - [DEBUG] - input tempfile: C:\Users\peral\AppData\Local\Temp\tmpxzvhqnvc\u271ccs7.json
2025-10-08 22:26:19,886 - [DEBUG] - idx 0
2025-10-08 22:26:19,886 - [DEBUG] - running CmdStan, num_threads: None
2025-10-08 22:26:19,887 - [DEBUG] - CmdStan args: ['C:\\Users\\peral\\AppData\\Local\\Programs\\Python\\Python313\\Lib\\site-packages\\prophet\\stan_model\\prophet_model.bin', 'random', 'seed=74670', 'data', 'file=C:\\Users\\peral\\AppData\\Local\\Temp\\tmpxzvhqnvc\\2o22aqyc.json', 'init=C:\\Users\\peral\\AppData\\Local\\Temp\\tmpxzvhqnvc\\u271ccs7.json', 'output', 'file=C:\\Users\\peral\\AppData\\Local\\Temp\\tmpxzvhqnvc\\prophet_modelezz6it1v\\prophet_model-20251008222619.csv', 'method=optimize', 'algorithm=lbfgs', 'iter=10000']
2025-10-08 22:26:19,887 - [INFO] - Chain [1] start processing
2025-10-08 22:26:19,952 - [INFO] - Chain [1] done processing
2025-10-08 22:26:20,007 - [WARNING] - High MAPE (100.0%) for product 25891303 — forecast may be unreliable
2025-10-08 22:26:20,192 - [INFO] - HTTP Request: POST https://ytuiqgrpbwdxrmbzssrb.supabase.co/rest/v1/policy_recommendations "HTTP/2 201 Created"
2025-10-08 22:26:20,193 - [INFO] - Forecast for product 25891303: 13 units (MAPE: 100.0%)
2025-10-08 22:26:20,196 - [DEBUG] - cmd: where.exe tbb.dll
cwd: None
2025-10-08 22:26:20,282 - [DEBUG] - TBB already found in load path
2025-10-08 22:26:20,295 - [DEBUG] - input tempfile: C:\Users\peral\AppData\Local\Temp\tmpxzvhqnvc\1kvi62kq.json
2025-10-08 22:26:20,303 - [DEBUG] - input tempfile: C:\Users\peral\AppData\Local\Temp\tmpxzvhqnvc\ghjr0t92.json
2025-10-08 22:26:20,305 - [DEBUG] - idx 0
2025-10-08 22:26:20,305 - [DEBUG] - running CmdStan, num_threads: None
2025-10-08 22:26:20,306 - [DEBUG] - CmdStan args: ['C:\\Users\\peral\\AppData\\Local\\Programs\\Python\\Python313\\Lib\\site-packages\\prophet\\stan_model\\prophet_model.bin', 'random', 'seed=71872', 'data', 'file=C:\\Users\\peral\\AppData\\Local\\Temp\\tmpxzvhqnvc\\1kvi62kq.json', 'init=C:\\Users\\peral\\AppData\\Local\\Temp\\tmpxzvhqnvc\\ghjr0t92.json', 'output', 'file=C:\\Users\\peral\\AppData\\Local\\Temp\\tmpxzvhqnvc\\prophet_model9m55vn02\\prophet_model-20251008222620.csv', 'method=optimize', 'algorithm=lbfgs', 'iter=10000']
2025-10-08 22:26:20,306 - [INFO] - Chain [1] start processing
2025-10-08 22:26:20,344 - [INFO] - Chain [1] done processing
2025-10-08 22:26:20,395 - [WARNING] - High MAPE (298.5%) for product 25891401 — forecast may be unreliable
2025-10-08 22:26:20,575 - [INFO] - HTTP Request: POST https://ytuiqgrpbwdxrmbzssrb.supabase.co/rest/v1/policy_recommendations "HTTP/2 201 Created"
2025-10-08 22:26:20,577 - [INFO] - Forecast for product 25891401: 1704 units (MAPE: 298.5%)
2025-10-08 22:26:20,582 - [DEBUG] - cmd: where.exe tbb.dll
cwd: None
2025-10-08 22:26:20,678 - [DEBUG] - TBB already found in load path
2025-10-08 22:26:20,697 - [DEBUG] - input tempfile: C:\Users\peral\AppData\Local\Temp\tmpxzvhqnvc\hxgyc7pf.json
2025-10-08 22:26:20,710 - [DEBUG] - input tempfile: C:\Users\peral\AppData\Local\Temp\tmpxzvhqnvc\biaiay5l.json
2025-10-08 22:26:20,711 - [DEBUG] - idx 0
2025-10-08 22:26:20,712 - [DEBUG] - running CmdStan, num_threads: None
2025-10-08 22:26:20,713 - [DEBUG] - CmdStan args: ['C:\\Users\\peral\\AppData\\Local\\Programs\\Python\\Python313\\Lib\\site-packages\\prophet\\stan_model\\prophet_model.bin', 'random', 'seed=57891', 'data', 'file=C:\\Users\\peral\\AppData\\Local\\Temp\\tmpxzvhqnvc\\hxgyc7pf.json', 'init=C:\\Users\\peral\\AppData\\Local\\Temp\\tmpxzvhqnvc\\biaiay5l.json', 'output', 'file=C:\\Users\\peral\\AppData\\Local\\Temp\\tmpxzvhqnvc\\prophet_modelommuwio4\\prophet_model-20251008222620.csv', 'method=optimize', 'algorithm=lbfgs', 'iter=10000']
2025-10-08 22:26:20,714 - [INFO] - Chain [1] start processing
2025-10-08 22:26:20,775 - [INFO] - Chain [1] done processing
2025-10-08 22:26:20,995 - [INFO] - HTTP Request: POST https://ytuiqgrpbwdxrmbzssrb.supabase.co/rest/v1/policy_recommendations "HTTP/2 201 Created"
2025-10-08 22:26:20,996 - [INFO] - Forecast for product 25891402: 886 units (MAPE: 19.2%)
2025-10-08 22:26:21,000 - [DEBUG] - cmd: where.exe tbb.dll
cwd: None
2025-10-08 22:26:21,103 - [DEBUG] - TBB already found in load path
2025-10-08 22:26:21,119 - [DEBUG] - input tempfile: C:\Users\peral\AppData\Local\Temp\tmpxzvhqnvc\a3aqvctf.json
2025-10-08 22:26:21,130 - [DEBUG] - input tempfile: C:\Users\peral\AppData\Local\Temp\tmpxzvhqnvc\6ty8v6sz.json
2025-10-08 22:26:21,132 - [DEBUG] - idx 0
2025-10-08 22:26:21,133 - [DEBUG] - running CmdStan, num_threads: None
2025-10-08 22:26:21,133 - [DEBUG] - CmdStan args: ['C:\\Users\\peral\\AppData\\Local\\Programs\\Python\\Python313\\Lib\\site-packages\\prophet\\stan_model\\prophet_model.bin', 'random', 'seed=29857', 'data', 'file=C:\\Users\\peral\\AppData\\Local\\Temp\\tmpxzvhqnvc\\a3aqvctf.json', 'init=C:\\Users\\peral\\AppData\\Local\\Temp\\tmpxzvhqnvc\\6ty8v6sz.json', 'output', 'file=C:\\Users\\peral\\AppData\\Local\\Temp\\tmpxzvhqnvc\\prophet_modeldf5tmyca\\prophet_model-20251008222621.csv', 'method=optimize', 'algorithm=lbfgs', 'iter=10000']
2025-10-08 22:26:21,134 - [INFO] - Chain [1] start processing
2025-10-08 22:26:21,180 - [INFO] - Chain [1] done processing
2025-10-08 22:26:21,230 - [WARNING] - High MAPE (100.0%) for product 25891403 — forecast may be unreliable
2025-10-08 22:26:21,389 - [INFO] - HTTP Request: POST https://ytuiqgrpbwdxrmbzssrb.supabase.co/rest/v1/policy_recommendations "HTTP/2 201 Created"
2025-10-08 22:26:21,390 - [INFO] - Forecast for product 25891403: 56 units (MAPE: 100.0%)
2025-10-08 22:26:21,395 - [DEBUG] - cmd: where.exe tbb.dll
cwd: None
2025-10-08 22:26:21,486 - [DEBUG] - TBB already found in load path
2025-10-08 22:26:21,499 - [DEBUG] - input tempfile: C:\Users\peral\AppData\Local\Temp\tmpxzvhqnvc\l6v12tb6.json
2025-10-08 22:26:21,507 - [DEBUG] - input tempfile: C:\Users\peral\AppData\Local\Temp\tmpxzvhqnvc\6gw3v3cz.json
2025-10-08 22:26:21,510 - [DEBUG] - idx 0
2025-10-08 22:26:21,511 - [DEBUG] - running CmdStan, num_threads: None
2025-10-08 22:26:21,511 - [DEBUG] - CmdStan args: ['C:\\Users\\peral\\AppData\\Local\\Programs\\Python\\Python313\\Lib\\site-packages\\prophet\\stan_model\\prophet_model.bin', 'random', 'seed=87976', 'data', 'file=C:\\Users\\peral\\AppData\\Local\\Temp\\tmpxzvhqnvc\\l6v12tb6.json', 'init=C:\\Users\\peral\\AppData\\Local\\Temp\\tmpxzvhqnvc\\6gw3v3cz.json', 'output', 'file=C:\\Users\\peral\\AppData\\Local\\Temp\\tmpxzvhqnvc\\prophet_modeldqfozqsi\\prophet_model-20251008222621.csv', 'method=optimize', 'algorithm=lbfgs', 'iter=10000']
2025-10-08 22:26:21,511 - [INFO] - Chain [1] start processing
2025-10-08 22:26:21,550 - [INFO] - Chain [1] done processing
2025-10-08 22:26:21,601 - [WARNING] - High MAPE (189.5%) for product 25891501 — forecast may be unreliable
2025-10-08 22:26:21,771 - [INFO] - HTTP Request: POST https://ytuiqgrpbwdxrmbzssrb.supabase.co/rest/v1/policy_recommendations "HTTP/2 201 Created"
2025-10-08 22:26:21,772 - [INFO] - Forecast for product 25891501: 644 units (MAPE: 189.5%)
2025-10-08 22:26:21,776 - [DEBUG] - cmd: where.exe tbb.dll
cwd: None
2025-10-08 22:26:21,859 - [DEBUG] - TBB already found in load path
2025-10-08 22:26:21,872 - [DEBUG] - input tempfile: C:\Users\peral\AppData\Local\Temp\tmpxzvhqnvc\he1bx0qq.json
2025-10-08 22:26:21,883 - [DEBUG] - input tempfile: C:\Users\peral\AppData\Local\Temp\tmpxzvhqnvc\q41ha8zh.json
2025-10-08 22:26:21,885 - [DEBUG] - idx 0
2025-10-08 22:26:21,886 - [DEBUG] - running CmdStan, num_threads: None
2025-10-08 22:26:21,886 - [DEBUG] - CmdStan args: ['C:\\Users\\peral\\AppData\\Local\\Programs\\Python\\Python313\\Lib\\site-packages\\prophet\\stan_model\\prophet_model.bin', 'random', 'seed=57982', 'data', 'file=C:\\Users\\peral\\AppData\\Local\\Temp\\tmpxzvhqnvc\\he1bx0qq.json', 'init=C:\\Users\\peral\\AppData\\Local\\Temp\\tmpxzvhqnvc\\q41ha8zh.json', 'output', 'file=C:\\Users\\peral\\AppData\\Local\\Temp\\tmpxzvhqnvc\\prophet_model8hhh8apm\\prophet_model-20251008222621.csv', 'method=optimize', 'algorithm=lbfgs', 'iter=10000']
2025-10-08 22:26:21,887 - [INFO] - Chain [1] start processing
2025-10-08 22:26:21,926 - [INFO] - Chain [1] done processing
2025-10-08 22:26:21,974 - [WARNING] - High MAPE (100.0%) for product 25891502 — forecast may be unreliable
2025-10-08 22:26:22,132 - [INFO] - HTTP Request: POST https://ytuiqgrpbwdxrmbzssrb.supabase.co/rest/v1/policy_recommendations "HTTP/2 201 Created"
2025-10-08 22:26:22,134 - [INFO] - Forecast for product 25891502: 26 units (MAPE: 100.0%)
2025-10-08 22:26:22,138 - [DEBUG] - cmd: where.exe tbb.dll
cwd: None
2025-10-08 22:26:22,220 - [DEBUG] - TBB already found in load path
2025-10-08 22:26:22,234 - [DEBUG] - input tempfile: C:\Users\peral\AppData\Local\Temp\tmpxzvhqnvc\njqne4y0.json
2025-10-08 22:26:22,242 - [DEBUG] - input tempfile: C:\Users\peral\AppData\Local\Temp\tmpxzvhqnvc\t66op1lx.json
2025-10-08 22:26:22,245 - [DEBUG] - idx 0
2025-10-08 22:26:22,246 - [DEBUG] - running CmdStan, num_threads: None
2025-10-08 22:26:22,246 - [DEBUG] - CmdStan args: ['C:\\Users\\peral\\AppData\\Local\\Programs\\Python\\Python313\\Lib\\site-packages\\prophet\\stan_model\\prophet_model.bin', 'random', 'seed=6998', 'data', 'file=C:\\Users\\peral\\AppData\\Local\\Temp\\tmpxzvhqnvc\\njqne4y0.json', 'init=C:\\Users\\peral\\AppData\\Local\\Temp\\tmpxzvhqnvc\\t66op1lx.json', 'output', 'file=C:\\Users\\peral\\AppData\\Local\\Temp\\tmpxzvhqnvc\\prophet_model7h92qo12\\prophet_model-20251008222622.csv', 'method=optimize', 'algorithm=lbfgs', 'iter=10000']
2025-10-08 22:26:22,246 - [INFO] - Chain [1] start processing
2025-10-08 22:26:22,287 - [INFO] - Chain [1] done processing
2025-10-08 22:26:22,503 - [INFO] - HTTP Request: POST https://ytuiqgrpbwdxrmbzssrb.supabase.co/rest/v1/policy_recommendations "HTTP/2 201 Created"
2025-10-08 22:26:22,505 - [INFO] - Forecast for product 25891503: 318 units (MAPE: 23.7%)
2025-10-08 22:26:22,509 - [DEBUG] - cmd: where.exe tbb.dll
cwd: None
2025-10-08 22:26:22,596 - [DEBUG] - TBB already found in load path
2025-10-08 22:26:22,607 - [DEBUG] - input tempfile: C:\Users\peral\AppData\Local\Temp\tmpxzvhqnvc\3f06xumx.json
2025-10-08 22:26:22,617 - [DEBUG] - input tempfile: C:\Users\peral\AppData\Local\Temp\tmpxzvhqnvc\kpf62r2g.json
2025-10-08 22:26:22,620 - [DEBUG] - idx 0
2025-10-08 22:26:22,620 - [DEBUG] - running CmdStan, num_threads: None
2025-10-08 22:26:22,620 - [DEBUG] - CmdStan args: ['C:\\Users\\peral\\AppData\\Local\\Programs\\Python\\Python313\\Lib\\site-packages\\prophet\\stan_model\\prophet_model.bin', 'random', 'seed=55999', 'data', 'file=C:\\Users\\peral\\AppData\\Local\\Temp\\tmpxzvhqnvc\\3f06xumx.json', 'init=C:\\Users\\peral\\AppData\\Local\\Temp\\tmpxzvhqnvc\\kpf62r2g.json', 'output', 'file=C:\\Users\\peral\\AppData\\Local\\Temp\\tmpxzvhqnvc\\prophet_modelqpssi6ty\\prophet_model-20251008222622.csv', 'method=optimize', 'algorithm=lbfgs', 'iter=10000']
2025-10-08 22:26:22,620 - [INFO] - Chain [1] start processing
2025-10-08 22:26:22,661 - [INFO] - Chain [1] done processing
2025-10-08 22:26:22,901 - [INFO] - HTTP Request: POST https://ytuiqgrpbwdxrmbzssrb.supabase.co/rest/v1/policy_recommendations "HTTP/2 201 Created"
2025-10-08 22:26:22,902 - [INFO] - Forecast for product 25891601: 326 units (MAPE: 33.4%)
2025-10-08 22:26:22,906 - [DEBUG] - cmd: where.exe tbb.dll
cwd: None
2025-10-08 22:26:22,991 - [DEBUG] - TBB already found in load path
2025-10-08 22:26:23,003 - [DEBUG] - input tempfile: C:\Users\peral\AppData\Local\Temp\tmpxzvhqnvc\o4wt0et1.json
2025-10-08 22:26:23,014 - [DEBUG] - input tempfile: C:\Users\peral\AppData\Local\Temp\tmpxzvhqnvc\ds6ws48_.json
2025-10-08 22:26:23,016 - [DEBUG] - idx 0
2025-10-08 22:26:23,016 - [DEBUG] - running CmdStan, num_threads: None
2025-10-08 22:26:23,016 - [DEBUG] - CmdStan args: ['C:\\Users\\peral\\AppData\\Local\\Programs\\Python\\Python313\\Lib\\site-packages\\prophet\\stan_model\\prophet_model.bin', 'random', 'seed=37189', 'data', 'file=C:\\Users\\peral\\AppData\\Local\\Temp\\tmpxzvhqnvc\\o4wt0et1.json', 'init=C:\\Users\\peral\\AppData\\Local\\Temp\\tmpxzvhqnvc\\ds6ws48_.json', 'output', 'file=C:\\Users\\peral\\AppData\\Local\\Temp\\tmpxzvhqnvc\\prophet_modelad_cs6n_\\prophet_model-20251008222623.csv', 'method=optimize', 'algorithm=lbfgs', 'iter=10000']
2025-10-08 22:26:23,017 - [INFO] - Chain [1] start processing
2025-10-08 22:26:23,057 - [INFO] - Chain [1] done processing
2025-10-08 22:26:23,107 - [WARNING] - High MAPE (93.0%) for product 25891602 — forecast may be unreliable
2025-10-08 22:26:23,290 - [INFO] - HTTP Request: POST https://ytuiqgrpbwdxrmbzssrb.supabase.co/rest/v1/policy_recommendations "HTTP/2 201 Created"
2025-10-08 22:26:23,291 - [INFO] - Forecast for product 25891602: 122 units (MAPE: 93.0%)
2025-10-08 22:26:23,295 - [DEBUG] - cmd: where.exe tbb.dll
cwd: None
2025-10-08 22:26:23,377 - [DEBUG] - TBB already found in load path
2025-10-08 22:26:23,389 - [DEBUG] - input tempfile: C:\Users\peral\AppData\Local\Temp\tmpxzvhqnvc\5s10czeq.json
2025-10-08 22:26:23,399 - [DEBUG] - input tempfile: C:\Users\peral\AppData\Local\Temp\tmpxzvhqnvc\_5uy7j13.json
2025-10-08 22:26:23,401 - [DEBUG] - idx 0
2025-10-08 22:26:23,401 - [DEBUG] - running CmdStan, num_threads: None
2025-10-08 22:26:23,401 - [DEBUG] - CmdStan args: ['C:\\Users\\peral\\AppData\\Local\\Programs\\Python\\Python313\\Lib\\site-packages\\prophet\\stan_model\\prophet_model.bin', 'random', 'seed=13877', 'data', 'file=C:\\Users\\peral\\AppData\\Local\\Temp\\tmpxzvhqnvc\\5s10czeq.json', 'init=C:\\Users\\peral\\AppData\\Local\\Temp\\tmpxzvhqnvc\\_5uy7j13.json', 'output', 'file=C:\\Users\\peral\\AppData\\Local\\Temp\\tmpxzvhqnvc\\prophet_modelpx7cergx\\prophet_model-20251008222623.csv', 'method=optimize', 'algorithm=lbfgs', 'iter=10000']
2025-10-08 22:26:23,401 - [INFO] - Chain [1] start processing
2025-10-08 22:26:23,442 - [INFO] - Chain [1] done processing
2025-10-08 22:26:23,492 - [WARNING] - High MAPE (94.4%) for product 25891603 — forecast may be unreliable
2025-10-08 22:26:23,652 - [INFO] - HTTP Request: POST https://ytuiqgrpbwdxrmbzssrb.supabase.co/rest/v1/policy_recommendations "HTTP/2 201 Created"
2025-10-08 22:26:23,653 - [INFO] - Forecast for product 25891603: 235 units (MAPE: 94.4%)
2025-10-08 22:26:23,654 - [INFO] - Forecasting complete (18 products)
2025-10-08 22:26:23,654 - [INFO] - Forecasting complete (18 products)
2025-10-08 22:26:23,654 - [INFO] - Generating policy recommendations
2025-10-08 22:26:23,655 - [INFO] - Pipeline completed successfully
2025-10-08 22:27:15,456 - [INFO] - Settings loaded (env=default)
2025-10-08 22:46:22,999 - [INFO] - Starting analytics pipeline
2025-10-08 22:46:23,000 - [INFO] - Settings loaded (env=default)
2025-10-08 22:46:23,517 - [INFO] - Running Customer KPI Risk Predictions
2025-10-08 22:46:23,517 - [INFO] - Starting Customer KPI Risk Pipeline...
2025-10-08 22:46:23,517 - [INFO] - Calculating real OTIF % from last 180 days of order data...
2025-10-08 22:46:25,187 - [INFO] - HTTP Request: GET https://ytuiqgrpbwdxrmbzssrb.supabase.co/rest/v1/fact_order_line?select=customer_id%2Corder_placement_date%2C%22On+Time%22%2C%22In+Full%22%2C%22On+Time+In+Full%22&order_placement_date=gte.2025-04-11 "HTTP/2 200 OK"
2025-10-08 22:46:25,414 - [INFO] - HTTP Request: GET https://ytuiqgrpbwdxrmbzssrb.supabase.co/rest/v1/dim_targets_order?select=%2A "HTTP/2 200 OK"
2025-10-08 22:46:25,627 - [INFO] - HTTP Request: GET https://ytuiqgrpbwdxrmbzssrb.supabase.co/rest/v1/dim_customers?select=customer_id%2Ccity "HTTP/2 200 OK"
2025-10-08 22:46:25,631 - [INFO] - Calculated OTIF, trends, and time-based features for 35 customers.
2025-10-08 22:46:25,631 - [INFO] - Preparing dataset with engineered features...
2025-10-08 22:46:25,634 - [INFO] - Dataset prepared with 35 rows and features: ['otif_pct', 'on_time_pct', 'in_full_pct', 'total_orders', 'target_otif', 'target_ontime', 'target_infull', 'recent_otif_trend', 'city_encoded', 'avg_days_since_last_order', 'avg_order_day_of_week', 'avg_order_month']
2025-10-08 22:46:25,634 - [INFO] - Generating predictions...
2025-10-08 22:46:25,788 - [INFO] - Uploading risk predictions to Supabase...
2025-10-08 22:46:26,010 - [INFO] - HTTP Request: POST https://ytuiqgrpbwdxrmbzssrb.supabase.co/rest/v1/kpi_risk_predictions?columns=%22customer_id%22%2C%22risk_label%22%2C%22risk_score%22%2C%22prediction_date%22 "HTTP/2 201 Created"
2025-10-08 22:46:26,012 - [INFO] - Successfully inserted 35 predictions.
2025-10-08 22:46:26,012 - [INFO] - Customer risk pipeline completed successfully.
2025-10-08 22:46:26,012 - [INFO] - Running KPI analysis
2025-10-08 22:46:27,340 - [INFO] - HTTP Request: GET https://ytuiqgrpbwdxrmbzssrb.supabase.co/rest/v1/kpi_summary?select=%2A "HTTP/2 200 OK"
2025-10-08 22:46:27,343 - [INFO] - Fetched 35 KPI summary rows
2025-10-08 22:46:27,343 - [INFO] - KPI analysis complete (35 records)
2025-10-08 22:46:27,343 - [INFO] - Running demand forecasting
2025-10-08 22:46:27,344 - [INFO] - Running demand forecasting
2025-10-08 22:46:27,622 - [INFO] - HTTP Request: GET https://ytuiqgrpbwdxrmbzssrb.supabase.co/rest/v1/fact_order_line?select=order_placement_date%2Cproduct_id%2Corder_qty "HTTP/2 200 OK"
2025-10-08 22:46:27,696 - [DEBUG] - cmd: where.exe tbb.dll
cwd: None
2025-10-08 22:46:27,814 - [DEBUG] - Adding TBB (c:\Users\peral\AppData\Local\Programs\Python\Python313\Lib\site-packages\prophet\stan_model\cmdstan-2.33.1\stan\lib\stan_math\lib\tbb) to PATH
2025-10-08 22:46:27,829 - [DEBUG] - input tempfile: C:\Users\peral\AppData\Local\Temp\tmpcvl4psw7\zky2zzu0.json
2025-10-08 22:46:27,838 - [DEBUG] - input tempfile: C:\Users\peral\AppData\Local\Temp\tmpcvl4psw7\nf6i228h.json
2025-10-08 22:46:27,840 - [DEBUG] - idx 0
2025-10-08 22:46:27,841 - [DEBUG] - running CmdStan, num_threads: None
2025-10-08 22:46:27,841 - [DEBUG] - CmdStan args: ['C:\\Users\\peral\\AppData\\Local\\Programs\\Python\\Python313\\Lib\\site-packages\\prophet\\stan_model\\prophet_model.bin', 'random', 'seed=4888', 'data', 'file=C:\\Users\\peral\\AppData\\Local\\Temp\\tmpcvl4psw7\\zky2zzu0.json', 'init=C:\\Users\\peral\\AppData\\Local\\Temp\\tmpcvl4psw7\\nf6i228h.json', 'output', 'file=C:\\Users\\peral\\AppData\\Local\\Temp\\tmpcvl4psw7\\prophet_modelm20727o3\\prophet_model-20251008224627.csv', 'method=optimize', 'algorithm=lbfgs', 'iter=10000']
2025-10-08 22:46:27,842 - [INFO] - Chain [1] start processing
2025-10-08 22:46:27,889 - [INFO] - Chain [1] done processing
2025-10-08 22:46:27,960 - [WARNING] - High MAPE (100.0%) for product 25891101 — forecast may be unreliable
2025-10-08 22:46:28,269 - [INFO] - HTTP Request: POST https://ytuiqgrpbwdxrmbzssrb.supabase.co/rest/v1/policy_recommendations "HTTP/2 201 Created"
2025-10-08 22:46:28,271 - [INFO] - Forecast for product 25891101: 117 units (MAPE: 100.0%)
2025-10-08 22:46:28,288 - [DEBUG] - cmd: where.exe tbb.dll
cwd: None
2025-10-08 22:46:28,400 - [DEBUG] - TBB already found in load path
2025-10-08 22:46:28,418 - [DEBUG] - input tempfile: C:\Users\peral\AppData\Local\Temp\tmpcvl4psw7\rc35uxsr.json
2025-10-08 22:46:28,428 - [DEBUG] - input tempfile: C:\Users\peral\AppData\Local\Temp\tmpcvl4psw7\tsyxwqi3.json
2025-10-08 22:46:28,430 - [DEBUG] - idx 0
2025-10-08 22:46:28,430 - [DEBUG] - running CmdStan, num_threads: None
2025-10-08 22:46:28,431 - [DEBUG] - CmdStan args: ['C:\\Users\\peral\\AppData\\Local\\Programs\\Python\\Python313\\Lib\\site-packages\\prophet\\stan_model\\prophet_model.bin', 'random', 'seed=13647', 'data', 'file=C:\\Users\\peral\\AppData\\Local\\Temp\\tmpcvl4psw7\\rc35uxsr.json', 'init=C:\\Users\\peral\\AppData\\Local\\Temp\\tmpcvl4psw7\\tsyxwqi3.json', 'output', 'file=C:\\Users\\peral\\AppData\\Local\\Temp\\tmpcvl4psw7\\prophet_modelefki080v\\prophet_model-20251008224628.csv', 'method=optimize', 'algorithm=lbfgs', 'iter=10000']
2025-10-08 22:46:28,431 - [INFO] - Chain [1] start processing
2025-10-08 22:46:28,476 - [INFO] - Chain [1] done processing
2025-10-08 22:46:28,529 - [WARNING] - High MAPE (62.3%) for product 25891102 — forecast may be unreliable
2025-10-08 22:46:28,770 - [INFO] - HTTP Request: POST https://ytuiqgrpbwdxrmbzssrb.supabase.co/rest/v1/policy_recommendations "HTTP/2 201 Created"
2025-10-08 22:46:28,772 - [INFO] - Forecast for product 25891102: 1527 units (MAPE: 62.3%)
2025-10-08 22:46:28,778 - [DEBUG] - cmd: where.exe tbb.dll
cwd: None
2025-10-08 22:46:28,917 - [DEBUG] - TBB already found in load path
2025-10-08 22:46:28,934 - [DEBUG] - input tempfile: C:\Users\peral\AppData\Local\Temp\tmpcvl4psw7\y98xwki6.json
2025-10-08 22:46:28,943 - [DEBUG] - input tempfile: C:\Users\peral\AppData\Local\Temp\tmpcvl4psw7\8u3t5mxo.json
2025-10-08 22:46:28,946 - [DEBUG] - idx 0
2025-10-08 22:46:28,946 - [DEBUG] - running CmdStan, num_threads: None
2025-10-08 22:46:28,946 - [DEBUG] - CmdStan args: ['C:\\Users\\peral\\AppData\\Local\\Programs\\Python\\Python313\\Lib\\site-packages\\prophet\\stan_model\\prophet_model.bin', 'random', 'seed=76237', 'data', 'file=C:\\Users\\peral\\AppData\\Local\\Temp\\tmpcvl4psw7\\y98xwki6.json', 'init=C:\\Users\\peral\\AppData\\Local\\Temp\\tmpcvl4psw7\\8u3t5mxo.json', 'output', 'file=C:\\Users\\peral\\AppData\\Local\\Temp\\tmpcvl4psw7\\prophet_modelu7tr5411\\prophet_model-20251008224628.csv', 'method=optimize', 'algorithm=lbfgs', 'iter=10000']
2025-10-08 22:46:28,947 - [INFO] - Chain [1] start processing
2025-10-08 22:46:28,989 - [INFO] - Chain [1] done processing
2025-10-08 22:46:29,062 - [WARNING] - High MAPE (100.0%) for product 25891103 — forecast may be unreliable
2025-10-08 22:46:29,291 - [INFO] - HTTP Request: POST https://ytuiqgrpbwdxrmbzssrb.supabase.co/rest/v1/policy_recommendations "HTTP/2 201 Created"
2025-10-08 22:46:29,292 - [INFO] - Forecast for product 25891103: 42 units (MAPE: 100.0%)
2025-10-08 22:46:29,296 - [DEBUG] - cmd: where.exe tbb.dll
cwd: None
2025-10-08 22:46:29,392 - [DEBUG] - TBB already found in load path
2025-10-08 22:46:29,414 - [DEBUG] - input tempfile: C:\Users\peral\AppData\Local\Temp\tmpcvl4psw7\qalb0h5y.json
2025-10-08 22:46:29,434 - [DEBUG] - input tempfile: C:\Users\peral\AppData\Local\Temp\tmpcvl4psw7\m1ar7ai7.json
2025-10-08 22:46:29,451 - [DEBUG] - idx 0
2025-10-08 22:46:29,453 - [DEBUG] - running CmdStan, num_threads: None
2025-10-08 22:46:29,454 - [DEBUG] - CmdStan args: ['C:\\Users\\peral\\AppData\\Local\\Programs\\Python\\Python313\\Lib\\site-packages\\prophet\\stan_model\\prophet_model.bin', 'random', 'seed=33037', 'data', 'file=C:\\Users\\peral\\AppData\\Local\\Temp\\tmpcvl4psw7\\qalb0h5y.json', 'init=C:\\Users\\peral\\AppData\\Local\\Temp\\tmpcvl4psw7\\m1ar7ai7.json', 'output', 'file=C:\\Users\\peral\\AppData\\Local\\Temp\\tmpcvl4psw7\\prophet_model_mbpp3h3\\prophet_model-20251008224629.csv', 'method=optimize', 'algorithm=lbfgs', 'iter=10000']
2025-10-08 22:46:29,454 - [INFO] - Chain [1] start processing
2025-10-08 22:46:29,512 - [INFO] - Chain [1] done processing
2025-10-08 22:46:29,573 - [WARNING] - High MAPE (100.0%) for product 25891201 — forecast may be unreliable
2025-10-08 22:46:29,807 - [INFO] - HTTP Request: POST https://ytuiqgrpbwdxrmbzssrb.supabase.co/rest/v1/policy_recommendations "HTTP/2 201 Created"
2025-10-08 22:46:29,808 - [INFO] - Forecast for product 25891201: 22 units (MAPE: 100.0%)
2025-10-08 22:46:29,811 - [DEBUG] - cmd: where.exe tbb.dll
cwd: None
2025-10-08 22:46:29,906 - [DEBUG] - TBB already found in load path
2025-10-08 22:46:29,918 - [DEBUG] - input tempfile: C:\Users\peral\AppData\Local\Temp\tmpcvl4psw7\70am4mfn.json
2025-10-08 22:46:29,928 - [DEBUG] - input tempfile: C:\Users\peral\AppData\Local\Temp\tmpcvl4psw7\xpdl8y5p.json
2025-10-08 22:46:29,930 - [DEBUG] - idx 0
2025-10-08 22:46:29,930 - [DEBUG] - running CmdStan, num_threads: None
2025-10-08 22:46:29,930 - [DEBUG] - CmdStan args: ['C:\\Users\\peral\\AppData\\Local\\Programs\\Python\\Python313\\Lib\\site-packages\\prophet\\stan_model\\prophet_model.bin', 'random', 'seed=75393', 'data', 'file=C:\\Users\\peral\\AppData\\Local\\Temp\\tmpcvl4psw7\\70am4mfn.json', 'init=C:\\Users\\peral\\AppData\\Local\\Temp\\tmpcvl4psw7\\xpdl8y5p.json', 'output', 'file=C:\\Users\\peral\\AppData\\Local\\Temp\\tmpcvl4psw7\\prophet_modellb5sp0l7\\prophet_model-20251008224629.csv', 'method=optimize', 'algorithm=lbfgs', 'iter=10000']
2025-10-08 22:46:29,931 - [INFO] - Chain [1] start processing
2025-10-08 22:46:29,970 - [INFO] - Chain [1] done processing
2025-10-08 22:46:30,270 - [INFO] - HTTP Request: POST https://ytuiqgrpbwdxrmbzssrb.supabase.co/rest/v1/policy_recommendations "HTTP/2 201 Created"
2025-10-08 22:46:30,271 - [INFO] - Forecast for product 25891202: 1249 units (MAPE: 38.8%)
2025-10-08 22:46:30,275 - [DEBUG] - cmd: where.exe tbb.dll
cwd: None
2025-10-08 22:46:30,399 - [DEBUG] - TBB already found in load path
2025-10-08 22:46:30,411 - [DEBUG] - input tempfile: C:\Users\peral\AppData\Local\Temp\tmpcvl4psw7\kxisruof.json
2025-10-08 22:46:30,420 - [DEBUG] - input tempfile: C:\Users\peral\AppData\Local\Temp\tmpcvl4psw7\nwoxhuy2.json
2025-10-08 22:46:30,432 - [DEBUG] - idx 0
2025-10-08 22:46:30,432 - [DEBUG] - running CmdStan, num_threads: None
2025-10-08 22:46:30,432 - [DEBUG] - CmdStan args: ['C:\\Users\\peral\\AppData\\Local\\Programs\\Python\\Python313\\Lib\\site-packages\\prophet\\stan_model\\prophet_model.bin', 'random', 'seed=77584', 'data', 'file=C:\\Users\\peral\\AppData\\Local\\Temp\\tmpcvl4psw7\\kxisruof.json', 'init=C:\\Users\\peral\\AppData\\Local\\Temp\\tmpcvl4psw7\\nwoxhuy2.json', 'output', 'file=C:\\Users\\peral\\AppData\\Local\\Temp\\tmpcvl4psw7\\prophet_modelklsuz0we\\prophet_model-20251008224630.csv', 'method=optimize', 'algorithm=lbfgs', 'iter=10000']
2025-10-08 22:46:30,433 - [INFO] - Chain [1] start processing
2025-10-08 22:46:30,476 - [INFO] - Chain [1] done processing
2025-10-08 22:46:30,739 - [INFO] - HTTP Request: POST https://ytuiqgrpbwdxrmbzssrb.supabase.co/rest/v1/policy_recommendations "HTTP/2 201 Created"
2025-10-08 22:46:30,740 - [INFO] - Forecast for product 25891203: 828 units (MAPE: 6.3%)
2025-10-08 22:46:30,744 - [DEBUG] - cmd: where.exe tbb.dll
cwd: None
2025-10-08 22:46:30,835 - [DEBUG] - TBB already found in load path
2025-10-08 22:46:30,849 - [DEBUG] - input tempfile: C:\Users\peral\AppData\Local\Temp\tmpcvl4psw7\h8g3zuh2.json
2025-10-08 22:46:30,857 - [DEBUG] - input tempfile: C:\Users\peral\AppData\Local\Temp\tmpcvl4psw7\8can7mv4.json
2025-10-08 22:46:30,858 - [DEBUG] - idx 0
2025-10-08 22:46:30,859 - [DEBUG] - running CmdStan, num_threads: None
2025-10-08 22:46:30,859 - [DEBUG] - CmdStan args: ['C:\\Users\\peral\\AppData\\Local\\Programs\\Python\\Python313\\Lib\\site-packages\\prophet\\stan_model\\prophet_model.bin', 'random', 'seed=43031', 'data', 'file=C:\\Users\\peral\\AppData\\Local\\Temp\\tmpcvl4psw7\\h8g3zuh2.json', 'init=C:\\Users\\peral\\AppData\\Local\\Temp\\tmpcvl4psw7\\8can7mv4.json', 'output', 'file=C:\\Users\\peral\\AppData\\Local\\Temp\\tmpcvl4psw7\\prophet_modelpqt37gfb\\prophet_model-20251008224630.csv', 'method=optimize', 'algorithm=lbfgs', 'iter=10000']
2025-10-08 22:46:30,859 - [INFO] - Chain [1] start processing
2025-10-08 22:46:30,903 - [INFO] - Chain [1] done processing
2025-10-08 22:46:30,973 - [WARNING] - High MAPE (51.6%) for product 25891301 — forecast may be unreliable
2025-10-08 22:46:31,150 - [INFO] - HTTP Request: POST https://ytuiqgrpbwdxrmbzssrb.supabase.co/rest/v1/policy_recommendations "HTTP/2 201 Created"
2025-10-08 22:46:31,151 - [INFO] - Forecast for product 25891301: 264 units (MAPE: 51.6%)
2025-10-08 22:46:31,155 - [DEBUG] - cmd: where.exe tbb.dll
cwd: None
2025-10-08 22:46:31,263 - [DEBUG] - TBB already found in load path
2025-10-08 22:46:31,302 - [DEBUG] - input tempfile: C:\Users\peral\AppData\Local\Temp\tmpcvl4psw7\hf0gx657.json
2025-10-08 22:46:31,322 - [DEBUG] - input tempfile: C:\Users\peral\AppData\Local\Temp\tmpcvl4psw7\imwrjwqb.json
2025-10-08 22:46:31,333 - [DEBUG] - idx 0
2025-10-08 22:46:31,333 - [DEBUG] - running CmdStan, num_threads: None
2025-10-08 22:46:31,333 - [DEBUG] - CmdStan args: ['C:\\Users\\peral\\AppData\\Local\\Programs\\Python\\Python313\\Lib\\site-packages\\prophet\\stan_model\\prophet_model.bin', 'random', 'seed=50289', 'data', 'file=C:\\Users\\peral\\AppData\\Local\\Temp\\tmpcvl4psw7\\hf0gx657.json', 'init=C:\\Users\\peral\\AppData\\Local\\Temp\\tmpcvl4psw7\\imwrjwqb.json', 'output', 'file=C:\\Users\\peral\\AppData\\Local\\Temp\\tmpcvl4psw7\\prophet_model9n_2uz6a\\prophet_model-20251008224631.csv', 'method=optimize', 'algorithm=lbfgs', 'iter=10000']
2025-10-08 22:46:31,334 - [INFO] - Chain [1] start processing
2025-10-08 22:46:31,373 - [INFO] - Chain [1] done processing
2025-10-08 22:46:31,429 - [WARNING] - High MAPE (90.0%) for product 25891302 — forecast may be unreliable
2025-10-08 22:46:31,616 - [INFO] - HTTP Request: POST https://ytuiqgrpbwdxrmbzssrb.supabase.co/rest/v1/policy_recommendations "HTTP/2 201 Created"
2025-10-08 22:46:31,618 - [INFO] - Forecast for product 25891302: 32 units (MAPE: 90.0%)
2025-10-08 22:46:31,622 - [DEBUG] - cmd: where.exe tbb.dll
cwd: None
2025-10-08 22:46:31,723 - [DEBUG] - TBB already found in load path
2025-10-08 22:46:31,737 - [DEBUG] - input tempfile: C:\Users\peral\AppData\Local\Temp\tmpcvl4psw7\b602ukz6.json
2025-10-08 22:46:31,746 - [DEBUG] - input tempfile: C:\Users\peral\AppData\Local\Temp\tmpcvl4psw7\rr4uzgd2.json
2025-10-08 22:46:31,757 - [DEBUG] - idx 0
2025-10-08 22:46:31,757 - [DEBUG] - running CmdStan, num_threads: None
2025-10-08 22:46:31,758 - [DEBUG] - CmdStan args: ['C:\\Users\\peral\\AppData\\Local\\Programs\\Python\\Python313\\Lib\\site-packages\\prophet\\stan_model\\prophet_model.bin', 'random', 'seed=90857', 'data', 'file=C:\\Users\\peral\\AppData\\Local\\Temp\\tmpcvl4psw7\\b602ukz6.json', 'init=C:\\Users\\peral\\AppData\\Local\\Temp\\tmpcvl4psw7\\rr4uzgd2.json', 'output', 'file=C:\\Users\\peral\\AppData\\Local\\Temp\\tmpcvl4psw7\\prophet_model5brjkk91\\prophet_model-20251008224631.csv', 'method=optimize', 'algorithm=lbfgs', 'iter=10000']
2025-10-08 22:46:31,759 - [INFO] - Chain [1] start processing
2025-10-08 22:46:31,801 - [INFO] - Chain [1] done processing
2025-10-08 22:46:31,872 - [WARNING] - High MAPE (100.0%) for product 25891303 — forecast may be unreliable
2025-10-08 22:46:32,110 - [INFO] - HTTP Request: POST https://ytuiqgrpbwdxrmbzssrb.supabase.co/rest/v1/policy_recommendations "HTTP/2 201 Created"
2025-10-08 22:46:32,112 - [INFO] - Forecast for product 25891303: 13 units (MAPE: 100.0%)
2025-10-08 22:46:32,116 - [DEBUG] - cmd: where.exe tbb.dll
cwd: None
2025-10-08 22:46:32,199 - [DEBUG] - TBB already found in load path
2025-10-08 22:46:32,214 - [DEBUG] - input tempfile: C:\Users\peral\AppData\Local\Temp\tmpcvl4psw7\2gui1sel.json
2025-10-08 22:46:32,223 - [DEBUG] - input tempfile: C:\Users\peral\AppData\Local\Temp\tmpcvl4psw7\znja8die.json
2025-10-08 22:46:32,233 - [DEBUG] - idx 0
2025-10-08 22:46:32,233 - [DEBUG] - running CmdStan, num_threads: None
2025-10-08 22:46:32,233 - [DEBUG] - CmdStan args: ['C:\\Users\\peral\\AppData\\Local\\Programs\\Python\\Python313\\Lib\\site-packages\\prophet\\stan_model\\prophet_model.bin', 'random', 'seed=75173', 'data', 'file=C:\\Users\\peral\\AppData\\Local\\Temp\\tmpcvl4psw7\\2gui1sel.json', 'init=C:\\Users\\peral\\AppData\\Local\\Temp\\tmpcvl4psw7\\znja8die.json', 'output', 'file=C:\\Users\\peral\\AppData\\Local\\Temp\\tmpcvl4psw7\\prophet_modela74tseht\\prophet_model-20251008224632.csv', 'method=optimize', 'algorithm=lbfgs', 'iter=10000']
2025-10-08 22:46:32,234 - [INFO] - Chain [1] start processing
2025-10-08 22:46:32,280 - [INFO] - Chain [1] done processing
2025-10-08 22:46:32,339 - [WARNING] - High MAPE (298.5%) for product 25891401 — forecast may be unreliable
2025-10-08 22:46:32,543 - [INFO] - HTTP Request: POST https://ytuiqgrpbwdxrmbzssrb.supabase.co/rest/v1/policy_recommendations "HTTP/2 201 Created"
2025-10-08 22:46:32,544 - [INFO] - Forecast for product 25891401: 1704 units (MAPE: 298.5%)
2025-10-08 22:46:32,549 - [DEBUG] - cmd: where.exe tbb.dll
cwd: None
2025-10-08 22:46:32,643 - [DEBUG] - TBB already found in load path
2025-10-08 22:46:32,659 - [DEBUG] - input tempfile: C:\Users\peral\AppData\Local\Temp\tmpcvl4psw7\9c0vaadc.json
2025-10-08 22:46:32,670 - [DEBUG] - input tempfile: C:\Users\peral\AppData\Local\Temp\tmpcvl4psw7\it1g7ksd.json
2025-10-08 22:46:32,672 - [DEBUG] - idx 0
2025-10-08 22:46:32,673 - [DEBUG] - running CmdStan, num_threads: None
2025-10-08 22:46:32,673 - [DEBUG] - CmdStan args: ['C:\\Users\\peral\\AppData\\Local\\Programs\\Python\\Python313\\Lib\\site-packages\\prophet\\stan_model\\prophet_model.bin', 'random', 'seed=31011', 'data', 'file=C:\\Users\\peral\\AppData\\Local\\Temp\\tmpcvl4psw7\\9c0vaadc.json', 'init=C:\\Users\\peral\\AppData\\Local\\Temp\\tmpcvl4psw7\\it1g7ksd.json', 'output', 'file=C:\\Users\\peral\\AppData\\Local\\Temp\\tmpcvl4psw7\\prophet_modelvlns9oxk\\prophet_model-20251008224632.csv', 'method=optimize', 'algorithm=lbfgs', 'iter=10000']
2025-10-08 22:46:32,673 - [INFO] - Chain [1] start processing
2025-10-08 22:46:32,718 - [INFO] - Chain [1] done processing
2025-10-08 22:46:32,956 - [INFO] - HTTP Request: POST https://ytuiqgrpbwdxrmbzssrb.supabase.co/rest/v1/policy_recommendations "HTTP/2 201 Created"
2025-10-08 22:46:32,957 - [INFO] - Forecast for product 25891402: 886 units (MAPE: 19.2%)
2025-10-08 22:46:32,962 - [DEBUG] - cmd: where.exe tbb.dll
cwd: None
2025-10-08 22:46:33,101 - [DEBUG] - TBB already found in load path
2025-10-08 22:46:33,117 - [DEBUG] - input tempfile: C:\Users\peral\AppData\Local\Temp\tmpcvl4psw7\s0450qgk.json
2025-10-08 22:46:33,128 - [DEBUG] - input tempfile: C:\Users\peral\AppData\Local\Temp\tmpcvl4psw7\htguogdg.json
2025-10-08 22:46:33,129 - [DEBUG] - idx 0
2025-10-08 22:46:33,129 - [DEBUG] - running CmdStan, num_threads: None
2025-10-08 22:46:33,130 - [DEBUG] - CmdStan args: ['C:\\Users\\peral\\AppData\\Local\\Programs\\Python\\Python313\\Lib\\site-packages\\prophet\\stan_model\\prophet_model.bin', 'random', 'seed=67790', 'data', 'file=C:\\Users\\peral\\AppData\\Local\\Temp\\tmpcvl4psw7\\s0450qgk.json', 'init=C:\\Users\\peral\\AppData\\Local\\Temp\\tmpcvl4psw7\\htguogdg.json', 'output', 'file=C:\\Users\\peral\\AppData\\Local\\Temp\\tmpcvl4psw7\\prophet_model7fvg28_e\\prophet_model-20251008224633.csv', 'method=optimize', 'algorithm=lbfgs', 'iter=10000']
2025-10-08 22:46:33,130 - [INFO] - Chain [1] start processing
2025-10-08 22:46:33,173 - [INFO] - Chain [1] done processing
2025-10-08 22:46:33,237 - [WARNING] - High MAPE (100.0%) for product 25891403 — forecast may be unreliable
2025-10-08 22:46:33,510 - [INFO] - HTTP Request: POST https://ytuiqgrpbwdxrmbzssrb.supabase.co/rest/v1/policy_recommendations "HTTP/2 201 Created"
2025-10-08 22:46:33,512 - [INFO] - Forecast for product 25891403: 56 units (MAPE: 100.0%)
2025-10-08 22:46:33,516 - [DEBUG] - cmd: where.exe tbb.dll
cwd: None
2025-10-08 22:46:33,651 - [DEBUG] - TBB already found in load path
2025-10-08 22:46:33,687 - [DEBUG] - input tempfile: C:\Users\peral\AppData\Local\Temp\tmpcvl4psw7\5vlyepzw.json
2025-10-08 22:46:33,702 - [DEBUG] - input tempfile: C:\Users\peral\AppData\Local\Temp\tmpcvl4psw7\4usvf_ua.json
2025-10-08 22:46:33,705 - [DEBUG] - idx 0
2025-10-08 22:46:33,705 - [DEBUG] - running CmdStan, num_threads: None
2025-10-08 22:46:33,706 - [DEBUG] - CmdStan args: ['C:\\Users\\peral\\AppData\\Local\\Programs\\Python\\Python313\\Lib\\site-packages\\prophet\\stan_model\\prophet_model.bin', 'random', 'seed=3153', 'data', 'file=C:\\Users\\peral\\AppData\\Local\\Temp\\tmpcvl4psw7\\5vlyepzw.json', 'init=C:\\Users\\peral\\AppData\\Local\\Temp\\tmpcvl4psw7\\4usvf_ua.json', 'output', 'file=C:\\Users\\peral\\AppData\\Local\\Temp\\tmpcvl4psw7\\prophet_model5oqh8uu9\\prophet_model-20251008224633.csv', 'method=optimize', 'algorithm=lbfgs', 'iter=10000']
2025-10-08 22:46:33,706 - [INFO] - Chain [1] start processing
2025-10-08 22:46:33,751 - [INFO] - Chain [1] done processing
2025-10-08 22:46:33,823 - [WARNING] - High MAPE (189.5%) for product 25891501 — forecast may be unreliable
2025-10-08 22:46:34,071 - [INFO] - HTTP Request: POST https://ytuiqgrpbwdxrmbzssrb.supabase.co/rest/v1/policy_recommendations "HTTP/2 201 Created"
2025-10-08 22:46:34,072 - [INFO] - Forecast for product 25891501: 644 units (MAPE: 189.5%)
2025-10-08 22:46:34,076 - [DEBUG] - cmd: where.exe tbb.dll
cwd: None
2025-10-08 22:46:34,196 - [DEBUG] - TBB already found in load path
2025-10-08 22:46:34,211 - [DEBUG] - input tempfile: C:\Users\peral\AppData\Local\Temp\tmpcvl4psw7\6yrv3191.json
2025-10-08 22:46:34,221 - [DEBUG] - input tempfile: C:\Users\peral\AppData\Local\Temp\tmpcvl4psw7\5gum23w0.json
2025-10-08 22:46:34,223 - [DEBUG] - idx 0
2025-10-08 22:46:34,223 - [DEBUG] - running CmdStan, num_threads: None
2025-10-08 22:46:34,223 - [DEBUG] - CmdStan args: ['C:\\Users\\peral\\AppData\\Local\\Programs\\Python\\Python313\\Lib\\site-packages\\prophet\\stan_model\\prophet_model.bin', 'random', 'seed=28927', 'data', 'file=C:\\Users\\peral\\AppData\\Local\\Temp\\tmpcvl4psw7\\6yrv3191.json', 'init=C:\\Users\\peral\\AppData\\Local\\Temp\\tmpcvl4psw7\\5gum23w0.json', 'output', 'file=C:\\Users\\peral\\AppData\\Local\\Temp\\tmpcvl4psw7\\prophet_modeliu94b6gz\\prophet_model-20251008224634.csv', 'method=optimize', 'algorithm=lbfgs', 'iter=10000']
2025-10-08 22:46:34,224 - [INFO] - Chain [1] start processing
2025-10-08 22:46:34,314 - [INFO] - Chain [1] done processing
2025-10-08 22:46:34,395 - [WARNING] - High MAPE (100.0%) for product 25891502 — forecast may be unreliable
2025-10-08 22:46:34,599 - [INFO] - HTTP Request: POST https://ytuiqgrpbwdxrmbzssrb.supabase.co/rest/v1/policy_recommendations "HTTP/2 201 Created"
2025-10-08 22:46:34,600 - [INFO] - Forecast for product 25891502: 26 units (MAPE: 100.0%)
2025-10-08 22:46:34,605 - [DEBUG] - cmd: where.exe tbb.dll
cwd: None
2025-10-08 22:46:34,704 - [DEBUG] - TBB already found in load path
2025-10-08 22:46:34,721 - [DEBUG] - input tempfile: C:\Users\peral\AppData\Local\Temp\tmpcvl4psw7\89kbazg4.json
2025-10-08 22:46:34,736 - [DEBUG] - input tempfile: C:\Users\peral\AppData\Local\Temp\tmpcvl4psw7\j8fe20td.json
2025-10-08 22:46:34,738 - [DEBUG] - idx 0
2025-10-08 22:46:34,739 - [DEBUG] - running CmdStan, num_threads: None
2025-10-08 22:46:34,739 - [DEBUG] - CmdStan args: ['C:\\Users\\peral\\AppData\\Local\\Programs\\Python\\Python313\\Lib\\site-packages\\prophet\\stan_model\\prophet_model.bin', 'random', 'seed=5513', 'data', 'file=C:\\Users\\peral\\AppData\\Local\\Temp\\tmpcvl4psw7\\89kbazg4.json', 'init=C:\\Users\\peral\\AppData\\Local\\Temp\\tmpcvl4psw7\\j8fe20td.json', 'output', 'file=C:\\Users\\peral\\AppData\\Local\\Temp\\tmpcvl4psw7\\prophet_model3dnegoqd\\prophet_model-20251008224634.csv', 'method=optimize', 'algorithm=lbfgs', 'iter=10000']
2025-10-08 22:46:34,739 - [INFO] - Chain [1] start processing
2025-10-08 22:46:34,786 - [INFO] - Chain [1] done processing
2025-10-08 22:46:35,094 - [INFO] - HTTP Request: POST https://ytuiqgrpbwdxrmbzssrb.supabase.co/rest/v1/policy_recommendations "HTTP/2 201 Created"
2025-10-08 22:46:35,095 - [INFO] - Forecast for product 25891503: 318 units (MAPE: 23.7%)
2025-10-08 22:46:35,100 - [DEBUG] - cmd: where.exe tbb.dll
cwd: None
2025-10-08 22:46:35,198 - [DEBUG] - TBB already found in load path
2025-10-08 22:46:35,216 - [DEBUG] - input tempfile: C:\Users\peral\AppData\Local\Temp\tmpcvl4psw7\9u_91uuq.json
2025-10-08 22:46:35,225 - [DEBUG] - input tempfile: C:\Users\peral\AppData\Local\Temp\tmpcvl4psw7\cjeogv25.json
2025-10-08 22:46:35,227 - [DEBUG] - idx 0
2025-10-08 22:46:35,228 - [DEBUG] - running CmdStan, num_threads: None
2025-10-08 22:46:35,228 - [DEBUG] - CmdStan args: ['C:\\Users\\peral\\AppData\\Local\\Programs\\Python\\Python313\\Lib\\site-packages\\prophet\\stan_model\\prophet_model.bin', 'random', 'seed=69859', 'data', 'file=C:\\Users\\peral\\AppData\\Local\\Temp\\tmpcvl4psw7\\9u_91uuq.json', 'init=C:\\Users\\peral\\AppData\\Local\\Temp\\tmpcvl4psw7\\cjeogv25.json', 'output', 'file=C:\\Users\\peral\\AppData\\Local\\Temp\\tmpcvl4psw7\\prophet_modelk1chlswi\\prophet_model-20251008224635.csv', 'method=optimize', 'algorithm=lbfgs', 'iter=10000']
2025-10-08 22:46:35,228 - [INFO] - Chain [1] start processing
2025-10-08 22:46:35,275 - [INFO] - Chain [1] done processing
2025-10-08 22:46:35,608 - [INFO] - HTTP Request: POST https://ytuiqgrpbwdxrmbzssrb.supabase.co/rest/v1/policy_recommendations "HTTP/2 201 Created"
2025-10-08 22:46:35,609 - [INFO] - Forecast for product 25891601: 326 units (MAPE: 33.4%)
2025-10-08 22:46:35,612 - [DEBUG] - cmd: where.exe tbb.dll
cwd: None
2025-10-08 22:46:35,726 - [DEBUG] - TBB already found in load path
2025-10-08 22:46:35,739 - [DEBUG] - input tempfile: C:\Users\peral\AppData\Local\Temp\tmpcvl4psw7\ead4kqht.json
2025-10-08 22:46:35,751 - [DEBUG] - input tempfile: C:\Users\peral\AppData\Local\Temp\tmpcvl4psw7\yla7y7rc.json
2025-10-08 22:46:35,752 - [DEBUG] - idx 0
2025-10-08 22:46:35,752 - [DEBUG] - running CmdStan, num_threads: None
2025-10-08 22:46:35,753 - [DEBUG] - CmdStan args: ['C:\\Users\\peral\\AppData\\Local\\Programs\\Python\\Python313\\Lib\\site-packages\\prophet\\stan_model\\prophet_model.bin', 'random', 'seed=27985', 'data', 'file=C:\\Users\\peral\\AppData\\Local\\Temp\\tmpcvl4psw7\\ead4kqht.json', 'init=C:\\Users\\peral\\AppData\\Local\\Temp\\tmpcvl4psw7\\yla7y7rc.json', 'output', 'file=C:\\Users\\peral\\AppData\\Local\\Temp\\tmpcvl4psw7\\prophet_modeli96h8j0b\\prophet_model-20251008224635.csv', 'method=optimize', 'algorithm=lbfgs', 'iter=10000']
2025-10-08 22:46:35,753 - [INFO] - Chain [1] start processing
2025-10-08 22:46:35,795 - [INFO] - Chain [1] done processing
2025-10-08 22:46:35,860 - [WARNING] - High MAPE (93.0%) for product 25891602 — forecast may be unreliable
2025-10-08 22:46:36,080 - [INFO] - HTTP Request: POST https://ytuiqgrpbwdxrmbzssrb.supabase.co/rest/v1/policy_recommendations "HTTP/2 201 Created"
2025-10-08 22:46:36,082 - [INFO] - Forecast for product 25891602: 122 units (MAPE: 93.0%)
2025-10-08 22:46:36,103 - [DEBUG] - cmd: where.exe tbb.dll
cwd: None
2025-10-08 22:46:36,233 - [DEBUG] - TBB already found in load path
2025-10-08 22:46:36,249 - [DEBUG] - input tempfile: C:\Users\peral\AppData\Local\Temp\tmpcvl4psw7\2tl36of0.json
2025-10-08 22:46:36,262 - [DEBUG] - input tempfile: C:\Users\peral\AppData\Local\Temp\tmpcvl4psw7\0a_d12id.json
2025-10-08 22:46:36,266 - [DEBUG] - idx 0
2025-10-08 22:46:36,266 - [DEBUG] - running CmdStan, num_threads: None
2025-10-08 22:46:36,266 - [DEBUG] - CmdStan args: ['C:\\Users\\peral\\AppData\\Local\\Programs\\Python\\Python313\\Lib\\site-packages\\prophet\\stan_model\\prophet_model.bin', 'random', 'seed=20937', 'data', 'file=C:\\Users\\peral\\AppData\\Local\\Temp\\tmpcvl4psw7\\2tl36of0.json', 'init=C:\\Users\\peral\\AppData\\Local\\Temp\\tmpcvl4psw7\\0a_d12id.json', 'output', 'file=C:\\Users\\peral\\AppData\\Local\\Temp\\tmpcvl4psw7\\prophet_model42vrhhm4\\prophet_model-20251008224636.csv', 'method=optimize', 'algorithm=lbfgs', 'iter=10000']
2025-10-08 22:46:36,267 - [INFO] - Chain [1] start processing
2025-10-08 22:46:36,308 - [INFO] - Chain [1] done processing
2025-10-08 22:46:36,363 - [WARNING] - High MAPE (94.4%) for product 25891603 — forecast may be unreliable
2025-10-08 22:46:36,561 - [INFO] - HTTP Request: POST https://ytuiqgrpbwdxrmbzssrb.supabase.co/rest/v1/policy_recommendations "HTTP/2 201 Created"
2025-10-08 22:46:36,562 - [INFO] - Forecast for product 25891603: 235 units (MAPE: 94.4%)
2025-10-08 22:46:36,563 - [INFO] - Forecasting complete (18 products)
2025-10-08 22:46:36,564 - [INFO] - Forecasting complete (18 products)
2025-10-08 22:46:36,564 - [INFO] - Generating policy recommendations
2025-10-08 22:46:36,564 - [INFO] - Pipeline completed successfully
2025-10-09 00:12:57,133 - [INFO] - Starting analytics pipeline
2025-10-09 00:12:57,150 - [INFO] - Settings loaded (env=default)
2025-10-09 00:12:58,261 - [INFO] - Running Customer KPI Risk Predictions
2025-10-09 00:12:58,261 - [INFO] - Starting Customer KPI Risk Pipeline...
2025-10-09 00:12:58,262 - [INFO] - Calculating real OTIF % from last 180 days of order data...
2025-10-09 00:12:59,678 - [INFO] - HTTP Request: GET https://ytuiqgrpbwdxrmbzssrb.supabase.co/rest/v1/fact_order_line?select=customer_id%2Corder_placement_date%2C%22On+Time%22%2C%22In+Full%22%2C%22On+Time+In+Full%22&order_placement_date=gte.2025-04-12 "HTTP/2 200 OK"
2025-10-09 00:13:00,081 - [INFO] - HTTP Request: GET https://ytuiqgrpbwdxrmbzssrb.supabase.co/rest/v1/dim_targets_order?select=%2A "HTTP/2 200 OK"
2025-10-09 00:13:00,286 - [INFO] - HTTP Request: GET https://ytuiqgrpbwdxrmbzssrb.supabase.co/rest/v1/dim_customers?select=customer_id%2Ccity "HTTP/2 200 OK"
2025-10-09 00:13:00,295 - [INFO] - Calculated OTIF, trends, and time-based features for 35 customers.
2025-10-09 00:13:00,296 - [INFO] - Preparing dataset with engineered features...
2025-10-09 00:13:00,304 - [INFO] - Dataset prepared with 35 rows and features: ['otif_pct', 'on_time_pct', 'in_full_pct', 'total_orders', 'target_otif', 'target_ontime', 'target_infull', 'recent_otif_trend', 'city_encoded', 'avg_days_since_last_order', 'avg_order_day_of_week', 'avg_order_month']
2025-10-09 00:13:00,305 - [INFO] - Generating predictions...
2025-10-09 00:13:00,386 - [INFO] - Uploading risk predictions to Supabase...
2025-10-09 00:13:00,698 - [INFO] - HTTP Request: POST https://ytuiqgrpbwdxrmbzssrb.supabase.co/rest/v1/kpi_risk_predictions?columns=%22customer_id%22%2C%22risk_label%22%2C%22risk_score%22%2C%22prediction_date%22 "HTTP/2 201 Created"
2025-10-09 00:13:00,701 - [INFO] - Successfully inserted 35 predictions.
2025-10-09 00:13:00,701 - [INFO] - Customer risk pipeline completed successfully.
2025-10-09 00:13:00,702 - [INFO] - Running KPI analysis
2025-10-09 00:13:02,335 - [INFO] - HTTP Request: GET https://ytuiqgrpbwdxrmbzssrb.supabase.co/rest/v1/kpi_summary?select=%2A "HTTP/2 200 OK"
2025-10-09 00:13:02,338 - [INFO] - Fetched 35 KPI summary rows
2025-10-09 00:13:02,339 - [INFO] - KPI analysis complete (35 records)
2025-10-09 00:13:02,339 - [INFO] - Running demand forecasting
2025-10-09 00:13:02,340 - [INFO] - Running demand forecasting
2025-10-09 00:13:02,642 - [INFO] - HTTP Request: GET https://ytuiqgrpbwdxrmbzssrb.supabase.co/rest/v1/fact_order_line?select=order_placement_date%2Cproduct_id%2Corder_qty "HTTP/2 200 OK"
2025-10-09 00:13:02,659 - [DEBUG] - cmd: where.exe tbb.dll
cwd: None
2025-10-09 00:13:03,019 - [DEBUG] - TBB already found in load path
2025-10-09 00:13:03,054 - [DEBUG] - input tempfile: C:\Users\peral\AppData\Local\Temp\tmpcvl4psw7\w5xh9_b_.json
2025-10-09 00:13:03,077 - [DEBUG] - input tempfile: C:\Users\peral\AppData\Local\Temp\tmpcvl4psw7\thlck27v.json
2025-10-09 00:13:03,080 - [DEBUG] - idx 0
2025-10-09 00:13:03,080 - [DEBUG] - running CmdStan, num_threads: None
2025-10-09 00:13:03,081 - [DEBUG] - CmdStan args: ['C:\\Users\\peral\\AppData\\Local\\Programs\\Python\\Python313\\Lib\\site-packages\\prophet\\stan_model\\prophet_model.bin', 'random', 'seed=3277', 'data', 'file=C:\\Users\\peral\\AppData\\Local\\Temp\\tmpcvl4psw7\\w5xh9_b_.json', 'init=C:\\Users\\peral\\AppData\\Local\\Temp\\tmpcvl4psw7\\thlck27v.json', 'output', 'file=C:\\Users\\peral\\AppData\\Local\\Temp\\tmpcvl4psw7\\prophet_modeltnuyugtv\\prophet_model-20251009001303.csv', 'method=optimize', 'algorithm=lbfgs', 'iter=10000']
2025-10-09 00:13:03,081 - [INFO] - Chain [1] start processing
2025-10-09 00:13:03,164 - [INFO] - Chain [1] done processing
2025-10-09 00:13:03,295 - [WARNING] - High MAPE (100.0%) for product 25891101 — forecast may be unreliable
2025-10-09 00:13:03,563 - [INFO] - HTTP Request: POST https://ytuiqgrpbwdxrmbzssrb.supabase.co/rest/v1/policy_recommendations "HTTP/2 201 Created"
2025-10-09 00:13:03,565 - [INFO] - Forecast for product 25891101: 117 units (MAPE: 100.0%)
2025-10-09 00:13:03,572 - [DEBUG] - cmd: where.exe tbb.dll
cwd: None
2025-10-09 00:13:03,782 - [DEBUG] - TBB already found in load path
2025-10-09 00:13:03,820 - [DEBUG] - input tempfile: C:\Users\peral\AppData\Local\Temp\tmpcvl4psw7\pjz5rshf.json
2025-10-09 00:13:03,845 - [DEBUG] - input tempfile: C:\Users\peral\AppData\Local\Temp\tmpcvl4psw7\qct5t0p2.json
2025-10-09 00:13:03,847 - [DEBUG] - idx 0
2025-10-09 00:13:03,848 - [DEBUG] - running CmdStan, num_threads: None
2025-10-09 00:13:03,848 - [DEBUG] - CmdStan args: ['C:\\Users\\peral\\AppData\\Local\\Programs\\Python\\Python313\\Lib\\site-packages\\prophet\\stan_model\\prophet_model.bin', 'random', 'seed=95835', 'data', 'file=C:\\Users\\peral\\AppData\\Local\\Temp\\tmpcvl4psw7\\pjz5rshf.json', 'init=C:\\Users\\peral\\AppData\\Local\\Temp\\tmpcvl4psw7\\qct5t0p2.json', 'output', 'file=C:\\Users\\peral\\AppData\\Local\\Temp\\tmpcvl4psw7\\prophet_modelacwc6d38\\prophet_model-20251009001303.csv', 'method=optimize', 'algorithm=lbfgs', 'iter=10000']
2025-10-09 00:13:03,849 - [INFO] - Chain [1] start processing
2025-10-09 00:13:03,923 - [INFO] - Chain [1] done processing
2025-10-09 00:13:04,053 - [WARNING] - High MAPE (62.3%) for product 25891102 — forecast may be unreliable
2025-10-09 00:13:04,283 - [INFO] - HTTP Request: POST https://ytuiqgrpbwdxrmbzssrb.supabase.co/rest/v1/policy_recommendations "HTTP/2 201 Created"
2025-10-09 00:13:04,296 - [INFO] - Forecast for product 25891102: 1527 units (MAPE: 62.3%)
2025-10-09 00:13:04,320 - [DEBUG] - cmd: where.exe tbb.dll
cwd: None
2025-10-09 00:13:04,630 - [DEBUG] - TBB already found in load path
2025-10-09 00:13:04,662 - [DEBUG] - input tempfile: C:\Users\peral\AppData\Local\Temp\tmpcvl4psw7\dz0emegk.json
2025-10-09 00:13:04,682 - [DEBUG] - input tempfile: C:\Users\peral\AppData\Local\Temp\tmpcvl4psw7\dki0uqgg.json
2025-10-09 00:13:04,685 - [DEBUG] - idx 0
2025-10-09 00:13:04,686 - [DEBUG] - running CmdStan, num_threads: None
2025-10-09 00:13:04,686 - [DEBUG] - CmdStan args: ['C:\\Users\\peral\\AppData\\Local\\Programs\\Python\\Python313\\Lib\\site-packages\\prophet\\stan_model\\prophet_model.bin', 'random', 'seed=7311', 'data', 'file=C:\\Users\\peral\\AppData\\Local\\Temp\\tmpcvl4psw7\\dz0emegk.json', 'init=C:\\Users\\peral\\AppData\\Local\\Temp\\tmpcvl4psw7\\dki0uqgg.json', 'output', 'file=C:\\Users\\peral\\AppData\\Local\\Temp\\tmpcvl4psw7\\prophet_modelerh6fle2\\prophet_model-20251009001304.csv', 'method=optimize', 'algorithm=lbfgs', 'iter=10000']
2025-10-09 00:13:04,687 - [INFO] - Chain [1] start processing
2025-10-09 00:13:04,760 - [INFO] - Chain [1] done processing
2025-10-09 00:13:04,889 - [WARNING] - High MAPE (100.0%) for product 25891103 — forecast may be unreliable
2025-10-09 00:13:05,098 - [INFO] - HTTP Request: POST https://ytuiqgrpbwdxrmbzssrb.supabase.co/rest/v1/policy_recommendations "HTTP/2 201 Created"
2025-10-09 00:13:05,100 - [INFO] - Forecast for product 25891103: 42 units (MAPE: 100.0%)
2025-10-09 00:13:05,106 - [DEBUG] - cmd: where.exe tbb.dll
cwd: None
2025-10-09 00:13:05,355 - [DEBUG] - TBB already found in load path
2025-10-09 00:13:05,400 - [DEBUG] - input tempfile: C:\Users\peral\AppData\Local\Temp\tmpcvl4psw7\078hvfi0.json
2025-10-09 00:13:05,427 - [DEBUG] - input tempfile: C:\Users\peral\AppData\Local\Temp\tmpcvl4psw7\osxd405q.json
2025-10-09 00:13:05,431 - [DEBUG] - idx 0
2025-10-09 00:13:05,431 - [DEBUG] - running CmdStan, num_threads: None
2025-10-09 00:13:05,432 - [DEBUG] - CmdStan args: ['C:\\Users\\peral\\AppData\\Local\\Programs\\Python\\Python313\\Lib\\site-packages\\prophet\\stan_model\\prophet_model.bin', 'random', 'seed=44739', 'data', 'file=C:\\Users\\peral\\AppData\\Local\\Temp\\tmpcvl4psw7\\078hvfi0.json', 'init=C:\\Users\\peral\\AppData\\Local\\Temp\\tmpcvl4psw7\\osxd405q.json', 'output', 'file=C:\\Users\\peral\\AppData\\Local\\Temp\\tmpcvl4psw7\\prophet_modelbivdco2j\\prophet_model-20251009001305.csv', 'method=optimize', 'algorithm=lbfgs', 'iter=10000']
2025-10-09 00:13:05,432 - [INFO] - Chain [1] start processing
2025-10-09 00:13:05,519 - [INFO] - Chain [1] done processing
2025-10-09 00:13:05,654 - [WARNING] - High MAPE (100.0%) for product 25891201 — forecast may be unreliable
2025-10-09 00:13:05,881 - [INFO] - HTTP Request: POST https://ytuiqgrpbwdxrmbzssrb.supabase.co/rest/v1/policy_recommendations "HTTP/2 201 Created"
2025-10-09 00:13:05,901 - [INFO] - Forecast for product 25891201: 22 units (MAPE: 100.0%)
2025-10-09 00:13:05,943 - [DEBUG] - cmd: where.exe tbb.dll
cwd: None
2025-10-09 00:13:06,284 - [DEBUG] - TBB already found in load path
2025-10-09 00:13:06,308 - [DEBUG] - input tempfile: C:\Users\peral\AppData\Local\Temp\tmpcvl4psw7\uj6dp769.json
2025-10-09 00:13:06,326 - [DEBUG] - input tempfile: C:\Users\peral\AppData\Local\Temp\tmpcvl4psw7\alzqng9q.json
2025-10-09 00:13:06,328 - [DEBUG] - idx 0
2025-10-09 00:13:06,329 - [DEBUG] - running CmdStan, num_threads: None
2025-10-09 00:13:06,329 - [DEBUG] - CmdStan args: ['C:\\Users\\peral\\AppData\\Local\\Programs\\Python\\Python313\\Lib\\site-packages\\prophet\\stan_model\\prophet_model.bin', 'random', 'seed=80954', 'data', 'file=C:\\Users\\peral\\AppData\\Local\\Temp\\tmpcvl4psw7\\uj6dp769.json', 'init=C:\\Users\\peral\\AppData\\Local\\Temp\\tmpcvl4psw7\\alzqng9q.json', 'output', 'file=C:\\Users\\peral\\AppData\\Local\\Temp\\tmpcvl4psw7\\prophet_modelfbx_ov_p\\prophet_model-20251009001306.csv', 'method=optimize', 'algorithm=lbfgs', 'iter=10000']
2025-10-09 00:13:06,330 - [INFO] - Chain [1] start processing
2025-10-09 00:13:06,395 - [INFO] - Chain [1] done processing
2025-10-09 00:13:06,736 - [INFO] - HTTP Request: POST https://ytuiqgrpbwdxrmbzssrb.supabase.co/rest/v1/policy_recommendations "HTTP/2 201 Created"
2025-10-09 00:13:06,737 - [INFO] - Forecast for product 25891202: 1249 units (MAPE: 38.8%)
2025-10-09 00:13:06,745 - [DEBUG] - cmd: where.exe tbb.dll
cwd: None
2025-10-09 00:13:06,930 - [DEBUG] - TBB already found in load path
2025-10-09 00:13:06,955 - [DEBUG] - input tempfile: C:\Users\peral\AppData\Local\Temp\tmpcvl4psw7\2vz10ssl.json
2025-10-09 00:13:06,976 - [DEBUG] - input tempfile: C:\Users\peral\AppData\Local\Temp\tmpcvl4psw7\a82ukjwt.json
2025-10-09 00:13:06,980 - [DEBUG] - idx 0
2025-10-09 00:13:06,980 - [DEBUG] - running CmdStan, num_threads: None
2025-10-09 00:13:06,981 - [DEBUG] - CmdStan args: ['C:\\Users\\peral\\AppData\\Local\\Programs\\Python\\Python313\\Lib\\site-packages\\prophet\\stan_model\\prophet_model.bin', 'random', 'seed=29932', 'data', 'file=C:\\Users\\peral\\AppData\\Local\\Temp\\tmpcvl4psw7\\2vz10ssl.json', 'init=C:\\Users\\peral\\AppData\\Local\\Temp\\tmpcvl4psw7\\a82ukjwt.json', 'output', 'file=C:\\Users\\peral\\AppData\\Local\\Temp\\tmpcvl4psw7\\prophet_modelcfs8linc\\prophet_model-20251009001306.csv', 'method=optimize', 'algorithm=lbfgs', 'iter=10000']
2025-10-09 00:13:06,981 - [INFO] - Chain [1] start processing
2025-10-09 00:13:07,050 - [INFO] - Chain [1] done processing
2025-10-09 00:13:07,318 - [INFO] - HTTP Request: POST https://ytuiqgrpbwdxrmbzssrb.supabase.co/rest/v1/policy_recommendations "HTTP/2 201 Created"
2025-10-09 00:13:07,320 - [INFO] - Forecast for product 25891203: 828 units (MAPE: 6.3%)
2025-10-09 00:13:07,327 - [DEBUG] - cmd: where.exe tbb.dll
cwd: None
2025-10-09 00:13:07,614 - [DEBUG] - TBB already found in load path
2025-10-09 00:13:07,662 - [DEBUG] - input tempfile: C:\Users\peral\AppData\Local\Temp\tmpcvl4psw7\gp5gau3y.json
2025-10-09 00:13:07,682 - [DEBUG] - input tempfile: C:\Users\peral\AppData\Local\Temp\tmpcvl4psw7\cbu30nrl.json
2025-10-09 00:13:07,684 - [DEBUG] - idx 0
2025-10-09 00:13:07,684 - [DEBUG] - running CmdStan, num_threads: None
2025-10-09 00:13:07,685 - [DEBUG] - CmdStan args: ['C:\\Users\\peral\\AppData\\Local\\Programs\\Python\\Python313\\Lib\\site-packages\\prophet\\stan_model\\prophet_model.bin', 'random', 'seed=998', 'data', 'file=C:\\Users\\peral\\AppData\\Local\\Temp\\tmpcvl4psw7\\gp5gau3y.json', 'init=C:\\Users\\peral\\AppData\\Local\\Temp\\tmpcvl4psw7\\cbu30nrl.json', 'output', 'file=C:\\Users\\peral\\AppData\\Local\\Temp\\tmpcvl4psw7\\prophet_model8vearfj1\\prophet_model-20251009001307.csv', 'method=optimize', 'algorithm=lbfgs', 'iter=10000']
2025-10-09 00:13:07,686 - [INFO] - Chain [1] start processing
2025-10-09 00:13:07,768 - [INFO] - Chain [1] done processing
2025-10-09 00:13:07,869 - [WARNING] - High MAPE (51.6%) for product 25891301 — forecast may be unreliable
2025-10-09 00:13:08,067 - [INFO] - HTTP Request: POST https://ytuiqgrpbwdxrmbzssrb.supabase.co/rest/v1/policy_recommendations "HTTP/2 201 Created"
2025-10-09 00:13:08,069 - [INFO] - Forecast for product 25891301: 264 units (MAPE: 51.6%)
2025-10-09 00:13:08,076 - [DEBUG] - cmd: where.exe tbb.dll
cwd: None
2025-10-09 00:13:08,254 - [DEBUG] - TBB already found in load path
2025-10-09 00:13:08,282 - [DEBUG] - input tempfile: C:\Users\peral\AppData\Local\Temp\tmpcvl4psw7\h3jr6j9c.json
2025-10-09 00:13:08,302 - [DEBUG] - input tempfile: C:\Users\peral\AppData\Local\Temp\tmpcvl4psw7\uihp1yif.json
2025-10-09 00:13:08,304 - [DEBUG] - idx 0
2025-10-09 00:13:08,305 - [DEBUG] - running CmdStan, num_threads: None
2025-10-09 00:13:08,305 - [DEBUG] - CmdStan args: ['C:\\Users\\peral\\AppData\\Local\\Programs\\Python\\Python313\\Lib\\site-packages\\prophet\\stan_model\\prophet_model.bin', 'random', 'seed=26266', 'data', 'file=C:\\Users\\peral\\AppData\\Local\\Temp\\tmpcvl4psw7\\h3jr6j9c.json', 'init=C:\\Users\\peral\\AppData\\Local\\Temp\\tmpcvl4psw7\\uihp1yif.json', 'output', 'file=C:\\Users\\peral\\AppData\\Local\\Temp\\tmpcvl4psw7\\prophet_modelqp48uibn\\prophet_model-20251009001308.csv', 'method=optimize', 'algorithm=lbfgs', 'iter=10000']
2025-10-09 00:13:08,306 - [INFO] - Chain [1] start processing
2025-10-09 00:13:08,371 - [INFO] - Chain [1] done processing
2025-10-09 00:13:08,465 - [WARNING] - High MAPE (90.0%) for product 25891302 — forecast may be unreliable
2025-10-09 00:13:08,684 - [INFO] - HTTP Request: POST https://ytuiqgrpbwdxrmbzssrb.supabase.co/rest/v1/policy_recommendations "HTTP/2 201 Created"
2025-10-09 00:13:08,685 - [INFO] - Forecast for product 25891302: 32 units (MAPE: 90.0%)
2025-10-09 00:13:08,693 - [DEBUG] - cmd: where.exe tbb.dll
cwd: None
2025-10-09 00:13:08,981 - [DEBUG] - TBB already found in load path
2025-10-09 00:13:09,029 - [DEBUG] - input tempfile: C:\Users\peral\AppData\Local\Temp\tmpcvl4psw7\m47wfz8f.json
2025-10-09 00:13:09,048 - [DEBUG] - input tempfile: C:\Users\peral\AppData\Local\Temp\tmpcvl4psw7\2xvt0l8j.json
2025-10-09 00:13:09,050 - [DEBUG] - idx 0
2025-10-09 00:13:09,051 - [DEBUG] - running CmdStan, num_threads: None
2025-10-09 00:13:09,051 - [DEBUG] - CmdStan args: ['C:\\Users\\peral\\AppData\\Local\\Programs\\Python\\Python313\\Lib\\site-packages\\prophet\\stan_model\\prophet_model.bin', 'random', 'seed=99229', 'data', 'file=C:\\Users\\peral\\AppData\\Local\\Temp\\tmpcvl4psw7\\m47wfz8f.json', 'init=C:\\Users\\peral\\AppData\\Local\\Temp\\tmpcvl4psw7\\2xvt0l8j.json', 'output', 'file=C:\\Users\\peral\\AppData\\Local\\Temp\\tmpcvl4psw7\\prophet_modelu4pwmuea\\prophet_model-20251009001309.csv', 'method=optimize', 'algorithm=lbfgs', 'iter=10000']
2025-10-09 00:13:09,052 - [INFO] - Chain [1] start processing
2025-10-09 00:13:09,116 - [INFO] - Chain [1] done processing
2025-10-09 00:13:09,215 - [WARNING] - High MAPE (100.0%) for product 25891303 — forecast may be unreliable
2025-10-09 00:13:09,502 - [INFO] - HTTP Request: POST https://ytuiqgrpbwdxrmbzssrb.supabase.co/rest/v1/policy_recommendations "HTTP/2 201 Created"
2025-10-09 00:13:09,503 - [INFO] - Forecast for product 25891303: 13 units (MAPE: 100.0%)
2025-10-09 00:13:09,512 - [DEBUG] - cmd: where.exe tbb.dll
cwd: None
2025-10-09 00:13:09,688 - [DEBUG] - TBB already found in load path
2025-10-09 00:13:09,727 - [DEBUG] - input tempfile: C:\Users\peral\AppData\Local\Temp\tmpcvl4psw7\3cfi2b1k.json
2025-10-09 00:13:09,749 - [DEBUG] - input tempfile: C:\Users\peral\AppData\Local\Temp\tmpcvl4psw7\7jdbpbqr.json
2025-10-09 00:13:09,752 - [DEBUG] - idx 0
2025-10-09 00:13:09,753 - [DEBUG] - running CmdStan, num_threads: None
2025-10-09 00:13:09,753 - [DEBUG] - CmdStan args: ['C:\\Users\\peral\\AppData\\Local\\Programs\\Python\\Python313\\Lib\\site-packages\\prophet\\stan_model\\prophet_model.bin', 'random', 'seed=23183', 'data', 'file=C:\\Users\\peral\\AppData\\Local\\Temp\\tmpcvl4psw7\\3cfi2b1k.json', 'init=C:\\Users\\peral\\AppData\\Local\\Temp\\tmpcvl4psw7\\7jdbpbqr.json', 'output', 'file=C:\\Users\\peral\\AppData\\Local\\Temp\\tmpcvl4psw7\\prophet_model_0w0z4pl\\prophet_model-20251009001309.csv', 'method=optimize', 'algorithm=lbfgs', 'iter=10000']
2025-10-09 00:13:09,754 - [INFO] - Chain [1] start processing
2025-10-09 00:13:09,829 - [INFO] - Chain [1] done processing
2025-10-09 00:13:09,960 - [WARNING] - High MAPE (298.5%) for product 25891401 — forecast may be unreliable
2025-10-09 00:13:10,141 - [INFO] - HTTP Request: POST https://ytuiqgrpbwdxrmbzssrb.supabase.co/rest/v1/policy_recommendations "HTTP/2 201 Created"
2025-10-09 00:13:10,143 - [INFO] - Forecast for product 25891401: 1704 units (MAPE: 298.5%)
2025-10-09 00:13:10,150 - [DEBUG] - cmd: where.exe tbb.dll
cwd: None
2025-10-09 00:13:10,404 - [DEBUG] - TBB already found in load path
2025-10-09 00:13:10,446 - [DEBUG] - input tempfile: C:\Users\peral\AppData\Local\Temp\tmpcvl4psw7\lgi8sr54.json
2025-10-09 00:13:10,491 - [DEBUG] - input tempfile: C:\Users\peral\AppData\Local\Temp\tmpcvl4psw7\pj_ya74n.json
2025-10-09 00:13:10,494 - [DEBUG] - idx 0
2025-10-09 00:13:10,494 - [DEBUG] - running CmdStan, num_threads: None
2025-10-09 00:13:10,495 - [DEBUG] - CmdStan args: ['C:\\Users\\peral\\AppData\\Local\\Programs\\Python\\Python313\\Lib\\site-packages\\prophet\\stan_model\\prophet_model.bin', 'random', 'seed=20270', 'data', 'file=C:\\Users\\peral\\AppData\\Local\\Temp\\tmpcvl4psw7\\lgi8sr54.json', 'init=C:\\Users\\peral\\AppData\\Local\\Temp\\tmpcvl4psw7\\pj_ya74n.json', 'output', 'file=C:\\Users\\peral\\AppData\\Local\\Temp\\tmpcvl4psw7\\prophet_modely8sha0nb\\prophet_model-20251009001310.csv', 'method=optimize', 'algorithm=lbfgs', 'iter=10000']
2025-10-09 00:13:10,495 - [INFO] - Chain [1] start processing
2025-10-09 00:13:10,559 - [INFO] - Chain [1] done processing
2025-10-09 00:13:10,867 - [INFO] - HTTP Request: POST https://ytuiqgrpbwdxrmbzssrb.supabase.co/rest/v1/policy_recommendations "HTTP/2 201 Created"
2025-10-09 00:13:10,869 - [INFO] - Forecast for product 25891402: 886 units (MAPE: 19.2%)
2025-10-09 00:13:10,877 - [DEBUG] - cmd: where.exe tbb.dll
cwd: None
2025-10-09 00:13:11,065 - [DEBUG] - TBB already found in load path
2025-10-09 00:13:11,096 - [DEBUG] - input tempfile: C:\Users\peral\AppData\Local\Temp\tmpcvl4psw7\un395fgv.json
2025-10-09 00:13:11,114 - [DEBUG] - input tempfile: C:\Users\peral\AppData\Local\Temp\tmpcvl4psw7\2i4j5gd7.json
2025-10-09 00:13:11,117 - [DEBUG] - idx 0
2025-10-09 00:13:11,117 - [DEBUG] - running CmdStan, num_threads: None
2025-10-09 00:13:11,118 - [DEBUG] - CmdStan args: ['C:\\Users\\peral\\AppData\\Local\\Programs\\Python\\Python313\\Lib\\site-packages\\prophet\\stan_model\\prophet_model.bin', 'random', 'seed=40520', 'data', 'file=C:\\Users\\peral\\AppData\\Local\\Temp\\tmpcvl4psw7\\un395fgv.json', 'init=C:\\Users\\peral\\AppData\\Local\\Temp\\tmpcvl4psw7\\2i4j5gd7.json', 'output', 'file=C:\\Users\\peral\\AppData\\Local\\Temp\\tmpcvl4psw7\\prophet_modeljkuvv41z\\prophet_model-20251009001311.csv', 'method=optimize', 'algorithm=lbfgs', 'iter=10000']
2025-10-09 00:13:11,118 - [INFO] - Chain [1] start processing
2025-10-09 00:13:11,183 - [INFO] - Chain [1] done processing
2025-10-09 00:13:11,284 - [WARNING] - High MAPE (100.0%) for product 25891403 — forecast may be unreliable
2025-10-09 00:13:11,550 - [INFO] - HTTP Request: POST https://ytuiqgrpbwdxrmbzssrb.supabase.co/rest/v1/policy_recommendations "HTTP/2 201 Created"
2025-10-09 00:13:11,552 - [INFO] - Forecast for product 25891403: 56 units (MAPE: 100.0%)
2025-10-09 00:13:11,559 - [DEBUG] - cmd: where.exe tbb.dll
cwd: None
2025-10-09 00:13:11,844 - [DEBUG] - TBB already found in load path
2025-10-09 00:13:11,871 - [DEBUG] - input tempfile: C:\Users\peral\AppData\Local\Temp\tmpcvl4psw7\0jjjpl60.json
2025-10-09 00:13:11,888 - [DEBUG] - input tempfile: C:\Users\peral\AppData\Local\Temp\tmpcvl4psw7\taqqmka4.json
2025-10-09 00:13:11,891 - [DEBUG] - idx 0
2025-10-09 00:13:11,892 - [DEBUG] - running CmdStan, num_threads: None
2025-10-09 00:13:11,892 - [DEBUG] - CmdStan args: ['C:\\Users\\peral\\AppData\\Local\\Programs\\Python\\Python313\\Lib\\site-packages\\prophet\\stan_model\\prophet_model.bin', 'random', 'seed=22450', 'data', 'file=C:\\Users\\peral\\AppData\\Local\\Temp\\tmpcvl4psw7\\0jjjpl60.json', 'init=C:\\Users\\peral\\AppData\\Local\\Temp\\tmpcvl4psw7\\taqqmka4.json', 'output', 'file=C:\\Users\\peral\\AppData\\Local\\Temp\\tmpcvl4psw7\\prophet_model8clgt94_\\prophet_model-20251009001311.csv', 'method=optimize', 'algorithm=lbfgs', 'iter=10000']
2025-10-09 00:13:11,893 - [INFO] - Chain [1] start processing
2025-10-09 00:13:11,954 - [INFO] - Chain [1] done processing
2025-10-09 00:13:12,055 - [WARNING] - High MAPE (189.5%) for product 25891501 — forecast may be unreliable
2025-10-09 00:13:12,266 - [INFO] - HTTP Request: POST https://ytuiqgrpbwdxrmbzssrb.supabase.co/rest/v1/policy_recommendations "HTTP/2 201 Created"
2025-10-09 00:13:12,268 - [INFO] - Forecast for product 25891501: 644 units (MAPE: 189.5%)
2025-10-09 00:13:12,276 - [DEBUG] - cmd: where.exe tbb.dll
cwd: None
2025-10-09 00:13:12,450 - [DEBUG] - TBB already found in load path
2025-10-09 00:13:12,480 - [DEBUG] - input tempfile: C:\Users\peral\AppData\Local\Temp\tmpcvl4psw7\fjbp2ccs.json
2025-10-09 00:13:12,499 - [DEBUG] - input tempfile: C:\Users\peral\AppData\Local\Temp\tmpcvl4psw7\334237o3.json
2025-10-09 00:13:12,503 - [DEBUG] - idx 0
2025-10-09 00:13:12,504 - [DEBUG] - running CmdStan, num_threads: None
2025-10-09 00:13:12,504 - [DEBUG] - CmdStan args: ['C:\\Users\\peral\\AppData\\Local\\Programs\\Python\\Python313\\Lib\\site-packages\\prophet\\stan_model\\prophet_model.bin', 'random', 'seed=84703', 'data', 'file=C:\\Users\\peral\\AppData\\Local\\Temp\\tmpcvl4psw7\\fjbp2ccs.json', 'init=C:\\Users\\peral\\AppData\\Local\\Temp\\tmpcvl4psw7\\334237o3.json', 'output', 'file=C:\\Users\\peral\\AppData\\Local\\Temp\\tmpcvl4psw7\\prophet_modela_g26rpf\\prophet_model-20251009001312.csv', 'method=optimize', 'algorithm=lbfgs', 'iter=10000']
2025-10-09 00:13:12,505 - [INFO] - Chain [1] start processing
2025-10-09 00:13:12,567 - [INFO] - Chain [1] done processing
2025-10-09 00:13:12,671 - [WARNING] - High MAPE (100.0%) for product 25891502 — forecast may be unreliable
2025-10-09 00:13:12,880 - [INFO] - HTTP Request: POST https://ytuiqgrpbwdxrmbzssrb.supabase.co/rest/v1/policy_recommendations "HTTP/2 201 Created"
2025-10-09 00:13:12,882 - [INFO] - Forecast for product 25891502: 26 units (MAPE: 100.0%)
2025-10-09 00:13:12,889 - [DEBUG] - cmd: where.exe tbb.dll
cwd: None
2025-10-09 00:13:13,169 - [DEBUG] - TBB already found in load path
2025-10-09 00:13:13,215 - [DEBUG] - input tempfile: C:\Users\peral\AppData\Local\Temp\tmpcvl4psw7\zmzqwnqi.json
2025-10-09 00:13:13,233 - [DEBUG] - input tempfile: C:\Users\peral\AppData\Local\Temp\tmpcvl4psw7\wrp222g_.json
2025-10-09 00:13:13,236 - [DEBUG] - idx 0
2025-10-09 00:13:13,236 - [DEBUG] - running CmdStan, num_threads: None
2025-10-09 00:13:13,237 - [DEBUG] - CmdStan args: ['C:\\Users\\peral\\AppData\\Local\\Programs\\Python\\Python313\\Lib\\site-packages\\prophet\\stan_model\\prophet_model.bin', 'random', 'seed=69121', 'data', 'file=C:\\Users\\peral\\AppData\\Local\\Temp\\tmpcvl4psw7\\zmzqwnqi.json', 'init=C:\\Users\\peral\\AppData\\Local\\Temp\\tmpcvl4psw7\\wrp222g_.json', 'output', 'file=C:\\Users\\peral\\AppData\\Local\\Temp\\tmpcvl4psw7\\prophet_modelj91572kp\\prophet_model-20251009001313.csv', 'method=optimize', 'algorithm=lbfgs', 'iter=10000']
2025-10-09 00:13:13,237 - [INFO] - Chain [1] start processing
2025-10-09 00:13:13,304 - [INFO] - Chain [1] done processing
2025-10-09 00:13:13,701 - [INFO] - HTTP Request: POST https://ytuiqgrpbwdxrmbzssrb.supabase.co/rest/v1/policy_recommendations "HTTP/2 201 Created"
2025-10-09 00:13:13,703 - [INFO] - Forecast for product 25891503: 318 units (MAPE: 23.7%)
2025-10-09 00:13:13,711 - [DEBUG] - cmd: where.exe tbb.dll
cwd: None
2025-10-09 00:13:13,894 - [DEBUG] - TBB already found in load path
2025-10-09 00:13:13,924 - [DEBUG] - input tempfile: C:\Users\peral\AppData\Local\Temp\tmpcvl4psw7\9sdobz09.json
2025-10-09 00:13:13,944 - [DEBUG] - input tempfile: C:\Users\peral\AppData\Local\Temp\tmpcvl4psw7\hp6ywc9g.json
2025-10-09 00:13:13,954 - [DEBUG] - idx 0
2025-10-09 00:13:13,954 - [DEBUG] - running CmdStan, num_threads: None
2025-10-09 00:13:13,955 - [DEBUG] - CmdStan args: ['C:\\Users\\peral\\AppData\\Local\\Programs\\Python\\Python313\\Lib\\site-packages\\prophet\\stan_model\\prophet_model.bin', 'random', 'seed=91824', 'data', 'file=C:\\Users\\peral\\AppData\\Local\\Temp\\tmpcvl4psw7\\9sdobz09.json', 'init=C:\\Users\\peral\\AppData\\Local\\Temp\\tmpcvl4psw7\\hp6ywc9g.json', 'output', 'file=C:\\Users\\peral\\AppData\\Local\\Temp\\tmpcvl4psw7\\prophet_model5g7wue_a\\prophet_model-20251009001313.csv', 'method=optimize', 'algorithm=lbfgs', 'iter=10000']
2025-10-09 00:13:13,955 - [INFO] - Chain [1] start processing
2025-10-09 00:13:14,026 - [INFO] - Chain [1] done processing
2025-10-09 00:13:14,456 - [INFO] - HTTP Request: POST https://ytuiqgrpbwdxrmbzssrb.supabase.co/rest/v1/policy_recommendations "HTTP/2 201 Created"
2025-10-09 00:13:14,459 - [INFO] - Forecast for product 25891601: 326 units (MAPE: 33.4%)
2025-10-09 00:13:14,470 - [DEBUG] - cmd: where.exe tbb.dll
cwd: None
2025-10-09 00:13:14,695 - [DEBUG] - TBB already found in load path
2025-10-09 00:13:14,719 - [DEBUG] - input tempfile: C:\Users\peral\AppData\Local\Temp\tmpcvl4psw7\1ov8rs1q.json
2025-10-09 00:13:14,737 - [DEBUG] - input tempfile: C:\Users\peral\AppData\Local\Temp\tmpcvl4psw7\4qp_yhoz.json
2025-10-09 00:13:14,740 - [DEBUG] - idx 0
2025-10-09 00:13:14,740 - [DEBUG] - running CmdStan, num_threads: None
2025-10-09 00:13:14,741 - [DEBUG] - CmdStan args: ['C:\\Users\\peral\\AppData\\Local\\Programs\\Python\\Python313\\Lib\\site-packages\\prophet\\stan_model\\prophet_model.bin', 'random', 'seed=51642', 'data', 'file=C:\\Users\\peral\\AppData\\Local\\Temp\\tmpcvl4psw7\\1ov8rs1q.json', 'init=C:\\Users\\peral\\AppData\\Local\\Temp\\tmpcvl4psw7\\4qp_yhoz.json', 'output', 'file=C:\\Users\\peral\\AppData\\Local\\Temp\\tmpcvl4psw7\\prophet_model8o4qicq_\\prophet_model-20251009001314.csv', 'method=optimize', 'algorithm=lbfgs', 'iter=10000']
2025-10-09 00:13:14,741 - [INFO] - Chain [1] start processing
2025-10-09 00:13:14,804 - [INFO] - Chain [1] done processing
2025-10-09 00:13:14,908 - [WARNING] - High MAPE (93.0%) for product 25891602 — forecast may be unreliable
2025-10-09 00:13:15,135 - [INFO] - HTTP Request: POST https://ytuiqgrpbwdxrmbzssrb.supabase.co/rest/v1/policy_recommendations "HTTP/2 201 Created"
2025-10-09 00:13:15,137 - [INFO] - Forecast for product 25891602: 122 units (MAPE: 93.0%)
2025-10-09 00:13:15,146 - [DEBUG] - cmd: where.exe tbb.dll
cwd: None
2025-10-09 00:13:15,331 - [DEBUG] - TBB already found in load path
2025-10-09 00:13:15,359 - [DEBUG] - input tempfile: C:\Users\peral\AppData\Local\Temp\tmpcvl4psw7\tb6epsqn.json
2025-10-09 00:13:15,380 - [DEBUG] - input tempfile: C:\Users\peral\AppData\Local\Temp\tmpcvl4psw7\vh2ufej9.json
2025-10-09 00:13:15,383 - [DEBUG] - idx 0
2025-10-09 00:13:15,384 - [DEBUG] - running CmdStan, num_threads: None
2025-10-09 00:13:15,384 - [DEBUG] - CmdStan args: ['C:\\Users\\peral\\AppData\\Local\\Programs\\Python\\Python313\\Lib\\site-packages\\prophet\\stan_model\\prophet_model.bin', 'random', 'seed=74811', 'data', 'file=C:\\Users\\peral\\AppData\\Local\\Temp\\tmpcvl4psw7\\tb6epsqn.json', 'init=C:\\Users\\peral\\AppData\\Local\\Temp\\tmpcvl4psw7\\vh2ufej9.json', 'output', 'file=C:\\Users\\peral\\AppData\\Local\\Temp\\tmpcvl4psw7\\prophet_modelhpu3pqz0\\prophet_model-20251009001315.csv', 'method=optimize', 'algorithm=lbfgs', 'iter=10000']
2025-10-09 00:13:15,385 - [INFO] - Chain [1] start processing
2025-10-09 00:13:15,454 - [INFO] - Chain [1] done processing
2025-10-09 00:13:15,567 - [WARNING] - High MAPE (94.4%) for product 25891603 — forecast may be unreliable
2025-10-09 00:13:15,850 - [INFO] - HTTP Request: POST https://ytuiqgrpbwdxrmbzssrb.supabase.co/rest/v1/policy_recommendations "HTTP/2 201 Created"
2025-10-09 00:13:15,853 - [INFO] - Forecast for product 25891603: 235 units (MAPE: 94.4%)
2025-10-09 00:13:15,854 - [INFO] - Forecasting complete (18 products)
2025-10-09 00:13:15,859 - [INFO] - Forecasting complete (18 products)
2025-10-09 00:13:15,862 - [INFO] - Generating policy recommendations
2025-10-09 00:13:15,864 - [INFO] - Pipeline completed successfully
2025-10-09 12:03:16,335 - [INFO] - Settings loaded (env=default)
2025-10-09 12:03:31,033 - [INFO] - Settings loaded (env=default)
2025-10-09 12:03:31,968 - [INFO] - Starting Customer KPI Risk Pipeline...
2025-10-09 12:03:31,968 - [INFO] - Calculating real OTIF % from last 180 days of order data...
2025-10-09 12:03:34,582 - [INFO] - HTTP Request: GET https://ytuiqgrpbwdxrmbzssrb.supabase.co/rest/v1/fact_order_line?select=customer_id%2Corder_placement_date%2C%22On+Time%22%2C%22In+Full%22%2C%22On+Time+In+Full%22&order_placement_date=gte.2025-04-12 "HTTP/2 200 OK"
2025-10-09 12:03:34,887 - [INFO] - HTTP Request: GET https://ytuiqgrpbwdxrmbzssrb.supabase.co/rest/v1/dim_targets_order?select=%2A "HTTP/2 200 OK"
2025-10-09 12:03:35,149 - [INFO] - HTTP Request: GET https://ytuiqgrpbwdxrmbzssrb.supabase.co/rest/v1/dim_customers?select=customer_id%2Ccity "HTTP/2 200 OK"
2025-10-09 12:03:35,164 - [INFO] - Calculated OTIF, trends, and time-based features for 35 customers.
2025-10-09 12:03:35,165 - [INFO] - Preparing dataset with engineered features...
2025-10-09 12:03:35,175 - [INFO] - Dataset prepared with 35 rows and features: ['otif_pct', 'on_time_pct', 'in_full_pct', 'total_orders', 'target_otif', 'target_ontime', 'target_infull', 'recent_otif_trend', 'city_encoded', 'avg_days_since_last_order', 'avg_order_day_of_week', 'avg_order_month']
2025-10-09 12:03:35,178 - [INFO] - Generating predictions...
2025-10-09 12:03:35,489 - [INFO] - Uploading risk predictions to Supabase...
2025-10-09 12:03:35,817 - [INFO] - HTTP Request: POST https://ytuiqgrpbwdxrmbzssrb.supabase.co/rest/v1/kpi_risk_predictions?columns=%22customer_id%22%2C%22risk_label%22%2C%22risk_score%22%2C%22prediction_date%22 "HTTP/2 201 Created"
2025-10-09 12:03:35,820 - [INFO] - Successfully inserted 35 predictions.
2025-10-09 12:03:35,821 - [INFO] - Customer risk pipeline completed successfully.
2025-10-09 12:06:05,584 - [INFO] - Settings loaded (env=default)
2025-10-09 12:12:09,083 - [INFO] - Settings loaded (env=default)
2025-10-09 12:12:10,007 - [INFO] - Starting Customer KPI Risk Pipeline...
2025-10-09 12:12:10,008 - [INFO] - Calculating real OTIF % from last 180 days of order data...
2025-10-09 12:12:11,710 - [INFO] - HTTP Request: GET https://ytuiqgrpbwdxrmbzssrb.supabase.co/rest/v1/fact_order_line?select=customer_id%2Corder_placement_date%2C%22On+Time%22%2C%22In+Full%22%2C%22On+Time+In+Full%22&order_placement_date=gte.2025-04-12 "HTTP/2 200 OK"
2025-10-09 12:12:11,888 - [INFO] - HTTP Request: GET https://ytuiqgrpbwdxrmbzssrb.supabase.co/rest/v1/dim_targets_order?select=%2A "HTTP/2 200 OK"
2025-10-09 12:12:11,974 - [INFO] - HTTP Request: GET https://ytuiqgrpbwdxrmbzssrb.supabase.co/rest/v1/dim_customers?select=customer_id%2Ccity "HTTP/2 200 OK"
2025-10-09 12:12:11,979 - [INFO] - Calculated OTIF, trends, and time-based features for 35 customers.
2025-10-09 12:12:11,980 - [INFO] - Preparing dataset with engineered features...
2025-10-09 12:12:11,988 - [INFO] - Dataset prepared with 35 rows and features: ['otif_pct', 'on_time_pct', 'in_full_pct', 'total_orders', 'target_otif', 'target_ontime', 'target_infull', 'recent_otif_trend', 'city_encoded', 'avg_days_since_last_order', 'avg_order_day_of_week', 'avg_order_month']
2025-10-09 12:12:11,989 - [INFO] - Generating predictions...
2025-10-09 12:12:12,247 - [INFO] - Uploading risk predictions to Supabase...
2025-10-09 12:12:12,407 - [INFO] - HTTP Request: POST https://ytuiqgrpbwdxrmbzssrb.supabase.co/rest/v1/kpi_risk_predictions?columns=%22customer_id%22%2C%22prediction_date%22%2C%22risk_score%22%2C%22risk_label%22 "HTTP/2 201 Created"
2025-10-09 12:12:12,409 - [INFO] - Successfully inserted 35 predictions.
2025-10-09 12:12:12,409 - [INFO] - Customer risk pipeline completed successfully.
2025-10-09 12:13:28,093 - [INFO] - Settings loaded (env=default)
2025-10-09 19:58:54,578 - [INFO] - Settings loaded (env=default)
2025-10-09 20:42:43,310 - [INFO] - Settings loaded (env=default)
2025-10-09 23:18:02,903 - [INFO] - Starting analytics pipeline
2025-10-09 23:18:02,906 - [INFO] - Settings loaded (env=default)
2025-10-09 23:18:03,915 - [INFO] - Running Customer KPI Risk Predictions
2025-10-09 23:18:03,916 - [INFO] - Starting Customer KPI Risk Pipeline...
2025-10-09 23:18:03,917 - [INFO] - Calculating real OTIF % from last 180 days of order data...
2025-10-09 23:18:06,530 - [INFO] - HTTP Request: GET https://ytuiqgrpbwdxrmbzssrb.supabase.co/rest/v1/fact_order_line?select=customer_id%2Corder_placement_date%2C%22On+Time%22%2C%22In+Full%22%2C%22On+Time+In+Full%22&order_placement_date=gte.2025-04-12 "HTTP/2 200 OK"
2025-10-09 23:18:06,943 - [INFO] - HTTP Request: GET https://ytuiqgrpbwdxrmbzssrb.supabase.co/rest/v1/dim_targets_order?select=%2A "HTTP/2 200 OK"
2025-10-09 23:18:07,268 - [INFO] - HTTP Request: GET https://ytuiqgrpbwdxrmbzssrb.supabase.co/rest/v1/dim_customers?select=customer_id%2Ccity "HTTP/2 200 OK"
2025-10-09 23:18:07,275 - [INFO] - Calculated OTIF, trends, and time-based features for 35 customers.
2025-10-09 23:18:07,276 - [INFO] - Preparing dataset with engineered features...
2025-10-09 23:18:07,294 - [INFO] - Dataset prepared with 35 rows and features: ['otif_pct', 'on_time_pct', 'in_full_pct', 'total_orders', 'target_otif', 'target_ontime', 'target_infull', 'recent_otif_trend', 'city_encoded', 'avg_days_since_last_order', 'avg_order_day_of_week', 'avg_order_month']
2025-10-09 23:18:07,295 - [INFO] - Generating predictions...
2025-10-09 23:18:07,606 - [INFO] - Uploading risk predictions to Supabase...
2025-10-09 23:18:07,930 - [INFO] - HTTP Request: POST https://ytuiqgrpbwdxrmbzssrb.supabase.co/rest/v1/kpi_risk_predictions?columns=%22risk_label%22%2C%22risk_score%22%2C%22customer_id%22%2C%22prediction_date%22 "HTTP/2 201 Created"
2025-10-09 23:18:07,933 - [INFO] - Successfully inserted 35 predictions.
2025-10-09 23:18:07,933 - [INFO] - Customer risk pipeline completed successfully.
2025-10-09 23:18:07,934 - [INFO] - Running KPI analysis
2025-10-09 23:18:09,333 - [INFO] - HTTP Request: GET https://ytuiqgrpbwdxrmbzssrb.supabase.co/rest/v1/kpi_summary?select=%2A "HTTP/2 200 OK"
2025-10-09 23:18:09,336 - [INFO] - Fetched 35 KPI summary rows
2025-10-09 23:18:09,336 - [INFO] - KPI analysis complete (35 records)
2025-10-09 23:18:09,337 - [INFO] - Running demand forecasting
2025-10-09 23:18:09,337 - [INFO] - Running demand forecasting
2025-10-09 23:18:09,597 - [INFO] - HTTP Request: GET https://ytuiqgrpbwdxrmbzssrb.supabase.co/rest/v1/fact_order_line?select=order_placement_date%2Cproduct_id%2Corder_qty "HTTP/2 200 OK"
2025-10-09 23:18:09,742 - [DEBUG] - cmd: where.exe tbb.dll
cwd: None
2025-10-09 23:18:09,970 - [DEBUG] - Adding TBB (c:\Users\peral\AppData\Local\Programs\Python\Python313\Lib\site-packages\prophet\stan_model\cmdstan-2.33.1\stan\lib\stan_math\lib\tbb) to PATH
2025-10-09 23:18:10,020 - [DEBUG] - input tempfile: C:\Users\peral\AppData\Local\Temp\tmpdd85ez9r\tb56qpqe.json
2025-10-09 23:18:10,042 - [DEBUG] - input tempfile: C:\Users\peral\AppData\Local\Temp\tmpdd85ez9r\lmlv2w6d.json
2025-10-09 23:18:10,049 - [DEBUG] - idx 0
2025-10-09 23:18:10,050 - [DEBUG] - running CmdStan, num_threads: None
2025-10-09 23:18:10,050 - [DEBUG] - CmdStan args: ['C:\\Users\\peral\\AppData\\Local\\Programs\\Python\\Python313\\Lib\\site-packages\\prophet\\stan_model\\prophet_model.bin', 'random', 'seed=61048', 'data', 'file=C:\\Users\\peral\\AppData\\Local\\Temp\\tmpdd85ez9r\\tb56qpqe.json', 'init=C:\\Users\\peral\\AppData\\Local\\Temp\\tmpdd85ez9r\\lmlv2w6d.json', 'output', 'file=C:\\Users\\peral\\AppData\\Local\\Temp\\tmpdd85ez9r\\prophet_modell9yonxi1\\prophet_model-20251009231810.csv', 'method=optimize', 'algorithm=lbfgs', 'iter=10000']
2025-10-09 23:18:10,051 - [INFO] - Chain [1] start processing
2025-10-09 23:18:10,137 - [INFO] - Chain [1] done processing
2025-10-09 23:18:10,280 - [WARNING] - High MAPE (100.0%) for product 25891101 — forecast may be unreliable
2025-10-09 23:18:10,565 - [INFO] - HTTP Request: POST https://ytuiqgrpbwdxrmbzssrb.supabase.co/rest/v1/policy_recommendations "HTTP/2 201 Created"
2025-10-09 23:18:10,567 - [INFO] - Forecast for product 25891101: 117 units (MAPE: 100.0%)
2025-10-09 23:18:10,576 - [DEBUG] - cmd: where.exe tbb.dll
cwd: None
2025-10-09 23:18:10,797 - [DEBUG] - TBB already found in load path
2025-10-09 23:18:10,827 - [DEBUG] - input tempfile: C:\Users\peral\AppData\Local\Temp\tmpdd85ez9r\9m0bnq0g.json
2025-10-09 23:18:10,847 - [DEBUG] - input tempfile: C:\Users\peral\AppData\Local\Temp\tmpdd85ez9r\1r0x_glz.json
2025-10-09 23:18:10,850 - [DEBUG] - idx 0
2025-10-09 23:18:10,851 - [DEBUG] - running CmdStan, num_threads: None
2025-10-09 23:18:10,851 - [DEBUG] - CmdStan args: ['C:\\Users\\peral\\AppData\\Local\\Programs\\Python\\Python313\\Lib\\site-packages\\prophet\\stan_model\\prophet_model.bin', 'random', 'seed=57878', 'data', 'file=C:\\Users\\peral\\AppData\\Local\\Temp\\tmpdd85ez9r\\9m0bnq0g.json', 'init=C:\\Users\\peral\\AppData\\Local\\Temp\\tmpdd85ez9r\\1r0x_glz.json', 'output', 'file=C:\\Users\\peral\\AppData\\Local\\Temp\\tmpdd85ez9r\\prophet_modeln41kgt0p\\prophet_model-20251009231810.csv', 'method=optimize', 'algorithm=lbfgs', 'iter=10000']
2025-10-09 23:18:10,852 - [INFO] - Chain [1] start processing
2025-10-09 23:18:10,914 - [INFO] - Chain [1] done processing
2025-10-09 23:18:11,043 - [WARNING] - High MAPE (62.3%) for product 25891102 — forecast may be unreliable
2025-10-09 23:18:11,272 - [INFO] - HTTP Request: POST https://ytuiqgrpbwdxrmbzssrb.supabase.co/rest/v1/policy_recommendations "HTTP/2 201 Created"
2025-10-09 23:18:11,274 - [INFO] - Forecast for product 25891102: 1527 units (MAPE: 62.3%)
2025-10-09 23:18:11,282 - [DEBUG] - cmd: where.exe tbb.dll
cwd: None
2025-10-09 23:18:11,514 - [DEBUG] - TBB already found in load path
2025-10-09 23:18:11,549 - [DEBUG] - input tempfile: C:\Users\peral\AppData\Local\Temp\tmpdd85ez9r\ur98hkpa.json
2025-10-09 23:18:11,576 - [DEBUG] - input tempfile: C:\Users\peral\AppData\Local\Temp\tmpdd85ez9r\2k422x6n.json
2025-10-09 23:18:11,580 - [DEBUG] - idx 0
2025-10-09 23:18:11,580 - [DEBUG] - running CmdStan, num_threads: None
2025-10-09 23:18:11,583 - [DEBUG] - CmdStan args: ['C:\\Users\\peral\\AppData\\Local\\Programs\\Python\\Python313\\Lib\\site-packages\\prophet\\stan_model\\prophet_model.bin', 'random', 'seed=66472', 'data', 'file=C:\\Users\\peral\\AppData\\Local\\Temp\\tmpdd85ez9r\\ur98hkpa.json', 'init=C:\\Users\\peral\\AppData\\Local\\Temp\\tmpdd85ez9r\\2k422x6n.json', 'output', 'file=C:\\Users\\peral\\AppData\\Local\\Temp\\tmpdd85ez9r\\prophet_modelvf4gndj4\\prophet_model-20251009231811.csv', 'method=optimize', 'algorithm=lbfgs', 'iter=10000']
2025-10-09 23:18:11,583 - [INFO] - Chain [1] start processing
2025-10-09 23:18:11,654 - [INFO] - Chain [1] done processing
2025-10-09 23:18:11,779 - [WARNING] - High MAPE (100.0%) for product 25891103 — forecast may be unreliable
2025-10-09 23:18:12,060 - [INFO] - HTTP Request: POST https://ytuiqgrpbwdxrmbzssrb.supabase.co/rest/v1/policy_recommendations "HTTP/2 201 Created"
2025-10-09 23:18:12,062 - [INFO] - Forecast for product 25891103: 42 units (MAPE: 100.0%)
2025-10-09 23:18:12,072 - [DEBUG] - cmd: where.exe tbb.dll
cwd: None
2025-10-09 23:18:12,298 - [DEBUG] - TBB already found in load path
2025-10-09 23:18:12,340 - [DEBUG] - input tempfile: C:\Users\peral\AppData\Local\Temp\tmpdd85ez9r\jrms1ro5.json
2025-10-09 23:18:12,364 - [DEBUG] - input tempfile: C:\Users\peral\AppData\Local\Temp\tmpdd85ez9r\vwdx6w_f.json
2025-10-09 23:18:12,368 - [DEBUG] - idx 0
2025-10-09 23:18:12,368 - [DEBUG] - running CmdStan, num_threads: None
2025-10-09 23:18:12,369 - [DEBUG] - CmdStan args: ['C:\\Users\\peral\\AppData\\Local\\Programs\\Python\\Python313\\Lib\\site-packages\\prophet\\stan_model\\prophet_model.bin', 'random', 'seed=3658', 'data', 'file=C:\\Users\\peral\\AppData\\Local\\Temp\\tmpdd85ez9r\\jrms1ro5.json', 'init=C:\\Users\\peral\\AppData\\Local\\Temp\\tmpdd85ez9r\\vwdx6w_f.json', 'output', 'file=C:\\Users\\peral\\AppData\\Local\\Temp\\tmpdd85ez9r\\prophet_model8fcf3__8\\prophet_model-20251009231812.csv', 'method=optimize', 'algorithm=lbfgs', 'iter=10000']
2025-10-09 23:18:12,370 - [INFO] - Chain [1] start processing
2025-10-09 23:18:12,445 - [INFO] - Chain [1] done processing
2025-10-09 23:18:12,573 - [WARNING] - High MAPE (100.0%) for product 25891201 — forecast may be unreliable
2025-10-09 23:18:12,828 - [INFO] - HTTP Request: POST https://ytuiqgrpbwdxrmbzssrb.supabase.co/rest/v1/policy_recommendations "HTTP/2 201 Created"
2025-10-09 23:18:12,831 - [INFO] - Forecast for product 25891201: 22 units (MAPE: 100.0%)
2025-10-09 23:18:12,838 - [DEBUG] - cmd: where.exe tbb.dll
cwd: None
2025-10-09 23:18:13,059 - [DEBUG] - TBB already found in load path
2025-10-09 23:18:13,093 - [DEBUG] - input tempfile: C:\Users\peral\AppData\Local\Temp\tmpdd85ez9r\wycu0wx8.json
2025-10-09 23:18:13,117 - [DEBUG] - input tempfile: C:\Users\peral\AppData\Local\Temp\tmpdd85ez9r\98lujoma.json
2025-10-09 23:18:13,120 - [DEBUG] - idx 0
2025-10-09 23:18:13,121 - [DEBUG] - running CmdStan, num_threads: None
2025-10-09 23:18:13,121 - [DEBUG] - CmdStan args: ['C:\\Users\\peral\\AppData\\Local\\Programs\\Python\\Python313\\Lib\\site-packages\\prophet\\stan_model\\prophet_model.bin', 'random', 'seed=78917', 'data', 'file=C:\\Users\\peral\\AppData\\Local\\Temp\\tmpdd85ez9r\\wycu0wx8.json', 'init=C:\\Users\\peral\\AppData\\Local\\Temp\\tmpdd85ez9r\\98lujoma.json', 'output', 'file=C:\\Users\\peral\\AppData\\Local\\Temp\\tmpdd85ez9r\\prophet_model3l9zzmuf\\prophet_model-20251009231813.csv', 'method=optimize', 'algorithm=lbfgs', 'iter=10000']
2025-10-09 23:18:13,122 - [INFO] - Chain [1] start processing
2025-10-09 23:18:13,189 - [INFO] - Chain [1] done processing
2025-10-09 23:18:13,560 - [INFO] - HTTP Request: POST https://ytuiqgrpbwdxrmbzssrb.supabase.co/rest/v1/policy_recommendations "HTTP/2 201 Created"
2025-10-09 23:18:13,562 - [INFO] - Forecast for product 25891202: 1249 units (MAPE: 38.8%)
2025-10-09 23:18:13,572 - [DEBUG] - cmd: where.exe tbb.dll
cwd: None
2025-10-09 23:18:13,794 - [DEBUG] - TBB already found in load path
2025-10-09 23:18:13,832 - [DEBUG] - input tempfile: C:\Users\peral\AppData\Local\Temp\tmpdd85ez9r\zio0qldv.json
2025-10-09 23:18:13,851 - [DEBUG] - input tempfile: C:\Users\peral\AppData\Local\Temp\tmpdd85ez9r\6eawuvkg.json
2025-10-09 23:18:13,853 - [DEBUG] - idx 0
2025-10-09 23:18:13,853 - [DEBUG] - running CmdStan, num_threads: None
2025-10-09 23:18:13,854 - [DEBUG] - CmdStan args: ['C:\\Users\\peral\\AppData\\Local\\Programs\\Python\\Python313\\Lib\\site-packages\\prophet\\stan_model\\prophet_model.bin', 'random', 'seed=38537', 'data', 'file=C:\\Users\\peral\\AppData\\Local\\Temp\\tmpdd85ez9r\\zio0qldv.json', 'init=C:\\Users\\peral\\AppData\\Local\\Temp\\tmpdd85ez9r\\6eawuvkg.json', 'output', 'file=C:\\Users\\peral\\AppData\\Local\\Temp\\tmpdd85ez9r\\prophet_modelgodz52r9\\prophet_model-20251009231813.csv', 'method=optimize', 'algorithm=lbfgs', 'iter=10000']
2025-10-09 23:18:13,854 - [INFO] - Chain [1] start processing
2025-10-09 23:18:13,918 - [INFO] - Chain [1] done processing
2025-10-09 23:18:14,301 - [INFO] - HTTP Request: POST https://ytuiqgrpbwdxrmbzssrb.supabase.co/rest/v1/policy_recommendations "HTTP/2 201 Created"
2025-10-09 23:18:14,303 - [INFO] - Forecast for product 25891203: 828 units (MAPE: 6.3%)
2025-10-09 23:18:14,348 - [DEBUG] - cmd: where.exe tbb.dll
cwd: None
2025-10-09 23:18:14,616 - [DEBUG] - TBB already found in load path
2025-10-09 23:18:14,647 - [DEBUG] - input tempfile: C:\Users\peral\AppData\Local\Temp\tmpdd85ez9r\s80cam4v.json
2025-10-09 23:18:14,668 - [DEBUG] - input tempfile: C:\Users\peral\AppData\Local\Temp\tmpdd85ez9r\vil4rjpr.json
2025-10-09 23:18:14,670 - [DEBUG] - idx 0
2025-10-09 23:18:14,671 - [DEBUG] - running CmdStan, num_threads: None
2025-10-09 23:18:14,671 - [DEBUG] - CmdStan args: ['C:\\Users\\peral\\AppData\\Local\\Programs\\Python\\Python313\\Lib\\site-packages\\prophet\\stan_model\\prophet_model.bin', 'random', 'seed=95539', 'data', 'file=C:\\Users\\peral\\AppData\\Local\\Temp\\tmpdd85ez9r\\s80cam4v.json', 'init=C:\\Users\\peral\\AppData\\Local\\Temp\\tmpdd85ez9r\\vil4rjpr.json', 'output', 'file=C:\\Users\\peral\\AppData\\Local\\Temp\\tmpdd85ez9r\\prophet_models7dz8b4c\\prophet_model-20251009231814.csv', 'method=optimize', 'algorithm=lbfgs', 'iter=10000']
2025-10-09 23:18:14,681 - [INFO] - Chain [1] start processing
2025-10-09 23:18:14,755 - [INFO] - Chain [1] done processing
2025-10-09 23:18:14,885 - [WARNING] - High MAPE (51.6%) for product 25891301 — forecast may be unreliable
2025-10-09 23:18:15,135 - [INFO] - HTTP Request: POST https://ytuiqgrpbwdxrmbzssrb.supabase.co/rest/v1/policy_recommendations "HTTP/2 201 Created"
2025-10-09 23:18:15,137 - [INFO] - Forecast for product 25891301: 264 units (MAPE: 51.6%)
2025-10-09 23:18:15,147 - [DEBUG] - cmd: where.exe tbb.dll
cwd: None
2025-10-09 23:18:15,364 - [DEBUG] - TBB already found in load path
2025-10-09 23:18:15,404 - [DEBUG] - input tempfile: C:\Users\peral\AppData\Local\Temp\tmpdd85ez9r\jt1__w64.json
2025-10-09 23:18:15,432 - [DEBUG] - input tempfile: C:\Users\peral\AppData\Local\Temp\tmpdd85ez9r\u2lu0ej6.json
2025-10-09 23:18:15,436 - [DEBUG] - idx 0
2025-10-09 23:18:15,437 - [DEBUG] - running CmdStan, num_threads: None
2025-10-09 23:18:15,437 - [DEBUG] - CmdStan args: ['C:\\Users\\peral\\AppData\\Local\\Programs\\Python\\Python313\\Lib\\site-packages\\prophet\\stan_model\\prophet_model.bin', 'random', 'seed=65786', 'data', 'file=C:\\Users\\peral\\AppData\\Local\\Temp\\tmpdd85ez9r\\jt1__w64.json', 'init=C:\\Users\\peral\\AppData\\Local\\Temp\\tmpdd85ez9r\\u2lu0ej6.json', 'output', 'file=C:\\Users\\peral\\AppData\\Local\\Temp\\tmpdd85ez9r\\prophet_modelqbji3y8e\\prophet_model-20251009231815.csv', 'method=optimize', 'algorithm=lbfgs', 'iter=10000']
2025-10-09 23:18:15,438 - [INFO] - Chain [1] start processing
2025-10-09 23:18:15,514 - [INFO] - Chain [1] done processing
2025-10-09 23:18:15,636 - [WARNING] - High MAPE (90.0%) for product 25891302 — forecast may be unreliable
2025-10-09 23:18:15,914 - [INFO] - HTTP Request: POST https://ytuiqgrpbwdxrmbzssrb.supabase.co/rest/v1/policy_recommendations "HTTP/2 201 Created"
2025-10-09 23:18:15,915 - [INFO] - Forecast for product 25891302: 32 units (MAPE: 90.0%)
2025-10-09 23:18:15,922 - [DEBUG] - cmd: where.exe tbb.dll
cwd: None
2025-10-09 23:18:16,122 - [DEBUG] - TBB already found in load path
2025-10-09 23:18:16,159 - [DEBUG] - input tempfile: C:\Users\peral\AppData\Local\Temp\tmpdd85ez9r\7qy8ttdr.json
2025-10-09 23:18:16,186 - [DEBUG] - input tempfile: C:\Users\peral\AppData\Local\Temp\tmpdd85ez9r\ame7lgto.json
2025-10-09 23:18:16,189 - [DEBUG] - idx 0
2025-10-09 23:18:16,189 - [DEBUG] - running CmdStan, num_threads: None
2025-10-09 23:18:16,190 - [DEBUG] - CmdStan args: ['C:\\Users\\peral\\AppData\\Local\\Programs\\Python\\Python313\\Lib\\site-packages\\prophet\\stan_model\\prophet_model.bin', 'random', 'seed=23225', 'data', 'file=C:\\Users\\peral\\AppData\\Local\\Temp\\tmpdd85ez9r\\7qy8ttdr.json', 'init=C:\\Users\\peral\\AppData\\Local\\Temp\\tmpdd85ez9r\\ame7lgto.json', 'output', 'file=C:\\Users\\peral\\AppData\\Local\\Temp\\tmpdd85ez9r\\prophet_model20u4dh_0\\prophet_model-20251009231816.csv', 'method=optimize', 'algorithm=lbfgs', 'iter=10000']
2025-10-09 23:18:16,190 - [INFO] - Chain [1] start processing
2025-10-09 23:18:16,252 - [INFO] - Chain [1] done processing
2025-10-09 23:18:16,363 - [WARNING] - High MAPE (100.0%) for product 25891303 — forecast may be unreliable
2025-10-09 23:18:16,590 - [INFO] - HTTP Request: POST https://ytuiqgrpbwdxrmbzssrb.supabase.co/rest/v1/policy_recommendations "HTTP/2 201 Created"
2025-10-09 23:18:16,592 - [INFO] - Forecast for product 25891303: 13 units (MAPE: 100.0%)
2025-10-09 23:18:16,602 - [DEBUG] - cmd: where.exe tbb.dll
cwd: None
2025-10-09 23:18:16,813 - [DEBUG] - TBB already found in load path
2025-10-09 23:18:16,853 - [DEBUG] - input tempfile: C:\Users\peral\AppData\Local\Temp\tmpdd85ez9r\j8ylnpve.json
2025-10-09 23:18:16,877 - [DEBUG] - input tempfile: C:\Users\peral\AppData\Local\Temp\tmpdd85ez9r\q_kzzyq_.json
2025-10-09 23:18:16,881 - [DEBUG] - idx 0
2025-10-09 23:18:16,881 - [DEBUG] - running CmdStan, num_threads: None
2025-10-09 23:18:16,882 - [DEBUG] - CmdStan args: ['C:\\Users\\peral\\AppData\\Local\\Programs\\Python\\Python313\\Lib\\site-packages\\prophet\\stan_model\\prophet_model.bin', 'random', 'seed=4665', 'data', 'file=C:\\Users\\peral\\AppData\\Local\\Temp\\tmpdd85ez9r\\j8ylnpve.json', 'init=C:\\Users\\peral\\AppData\\Local\\Temp\\tmpdd85ez9r\\q_kzzyq_.json', 'output', 'file=C:\\Users\\peral\\AppData\\Local\\Temp\\tmpdd85ez9r\\prophet_modelhfgejh7p\\prophet_model-20251009231816.csv', 'method=optimize', 'algorithm=lbfgs', 'iter=10000']
2025-10-09 23:18:16,882 - [INFO] - Chain [1] start processing
2025-10-09 23:18:16,948 - [INFO] - Chain [1] done processing
2025-10-09 23:18:17,082 - [WARNING] - High MAPE (298.5%) for product 25891401 — forecast may be unreliable
2025-10-09 23:18:17,390 - [INFO] - HTTP Request: POST https://ytuiqgrpbwdxrmbzssrb.supabase.co/rest/v1/policy_recommendations "HTTP/2 201 Created"
2025-10-09 23:18:17,392 - [INFO] - Forecast for product 25891401: 1704 units (MAPE: 298.5%)
2025-10-09 23:18:17,403 - [DEBUG] - cmd: where.exe tbb.dll
cwd: None
2025-10-09 23:18:17,642 - [DEBUG] - TBB already found in load path
2025-10-09 23:18:17,675 - [DEBUG] - input tempfile: C:\Users\peral\AppData\Local\Temp\tmpdd85ez9r\r66x30tk.json
2025-10-09 23:18:17,701 - [DEBUG] - input tempfile: C:\Users\peral\AppData\Local\Temp\tmpdd85ez9r\32d4lawd.json
2025-10-09 23:18:17,703 - [DEBUG] - idx 0
2025-10-09 23:18:17,704 - [DEBUG] - running CmdStan, num_threads: None
2025-10-09 23:18:17,704 - [DEBUG] - CmdStan args: ['C:\\Users\\peral\\AppData\\Local\\Programs\\Python\\Python313\\Lib\\site-packages\\prophet\\stan_model\\prophet_model.bin', 'random', 'seed=9488', 'data', 'file=C:\\Users\\peral\\AppData\\Local\\Temp\\tmpdd85ez9r\\r66x30tk.json', 'init=C:\\Users\\peral\\AppData\\Local\\Temp\\tmpdd85ez9r\\32d4lawd.json', 'output', 'file=C:\\Users\\peral\\AppData\\Local\\Temp\\tmpdd85ez9r\\prophet_modelqnu79022\\prophet_model-20251009231817.csv', 'method=optimize', 'algorithm=lbfgs', 'iter=10000']
2025-10-09 23:18:17,705 - [INFO] - Chain [1] start processing
2025-10-09 23:18:17,772 - [INFO] - Chain [1] done processing
2025-10-09 23:18:18,139 - [INFO] - HTTP Request: POST https://ytuiqgrpbwdxrmbzssrb.supabase.co/rest/v1/policy_recommendations "HTTP/2 201 Created"
2025-10-09 23:18:18,140 - [INFO] - Forecast for product 25891402: 886 units (MAPE: 19.2%)
2025-10-09 23:18:18,149 - [DEBUG] - cmd: where.exe tbb.dll
cwd: None
2025-10-09 23:18:18,386 - [DEBUG] - TBB already found in load path
2025-10-09 23:18:18,425 - [DEBUG] - input tempfile: C:\Users\peral\AppData\Local\Temp\tmpdd85ez9r\l94ozzc1.json
2025-10-09 23:18:18,459 - [DEBUG] - input tempfile: C:\Users\peral\AppData\Local\Temp\tmpdd85ez9r\e_tzpqlx.json
2025-10-09 23:18:18,464 - [DEBUG] - idx 0
2025-10-09 23:18:18,465 - [DEBUG] - running CmdStan, num_threads: None
2025-10-09 23:18:18,466 - [DEBUG] - CmdStan args: ['C:\\Users\\peral\\AppData\\Local\\Programs\\Python\\Python313\\Lib\\site-packages\\prophet\\stan_model\\prophet_model.bin', 'random', 'seed=71103', 'data', 'file=C:\\Users\\peral\\AppData\\Local\\Temp\\tmpdd85ez9r\\l94ozzc1.json', 'init=C:\\Users\\peral\\AppData\\Local\\Temp\\tmpdd85ez9r\\e_tzpqlx.json', 'output', 'file=C:\\Users\\peral\\AppData\\Local\\Temp\\tmpdd85ez9r\\prophet_model59ioj9am\\prophet_model-20251009231818.csv', 'method=optimize', 'algorithm=lbfgs', 'iter=10000']
2025-10-09 23:18:18,468 - [INFO] - Chain [1] start processing
2025-10-09 23:18:18,535 - [INFO] - Chain [1] done processing
2025-10-09 23:18:18,647 - [WARNING] - High MAPE (100.0%) for product 25891403 — forecast may be unreliable
2025-10-09 23:18:18,919 - [INFO] - HTTP Request: POST https://ytuiqgrpbwdxrmbzssrb.supabase.co/rest/v1/policy_recommendations "HTTP/2 201 Created"
2025-10-09 23:18:18,921 - [INFO] - Forecast for product 25891403: 56 units (MAPE: 100.0%)
2025-10-09 23:18:18,946 - [DEBUG] - cmd: where.exe tbb.dll
cwd: None
2025-10-09 23:18:19,171 - [DEBUG] - TBB already found in load path
2025-10-09 23:18:19,209 - [DEBUG] - input tempfile: C:\Users\peral\AppData\Local\Temp\tmpdd85ez9r\xgwmg0hj.json
2025-10-09 23:18:19,236 - [DEBUG] - input tempfile: C:\Users\peral\AppData\Local\Temp\tmpdd85ez9r\paksl_l2.json
2025-10-09 23:18:19,239 - [DEBUG] - idx 0
2025-10-09 23:18:19,240 - [DEBUG] - running CmdStan, num_threads: None
2025-10-09 23:18:19,240 - [DEBUG] - CmdStan args: ['C:\\Users\\peral\\AppData\\Local\\Programs\\Python\\Python313\\Lib\\site-packages\\prophet\\stan_model\\prophet_model.bin', 'random', 'seed=25403', 'data', 'file=C:\\Users\\peral\\AppData\\Local\\Temp\\tmpdd85ez9r\\xgwmg0hj.json', 'init=C:\\Users\\peral\\AppData\\Local\\Temp\\tmpdd85ez9r\\paksl_l2.json', 'output', 'file=C:\\Users\\peral\\AppData\\Local\\Temp\\tmpdd85ez9r\\prophet_modele8udaumi\\prophet_model-20251009231819.csv', 'method=optimize', 'algorithm=lbfgs', 'iter=10000']
2025-10-09 23:18:19,240 - [INFO] - Chain [1] start processing
2025-10-09 23:18:19,307 - [INFO] - Chain [1] done processing
2025-10-09 23:18:19,442 - [WARNING] - High MAPE (189.5%) for product 25891501 — forecast may be unreliable
2025-10-09 23:18:19,999 - [INFO] - HTTP Request: POST https://ytuiqgrpbwdxrmbzssrb.supabase.co/rest/v1/policy_recommendations "HTTP/2 201 Created"
2025-10-09 23:18:20,000 - [INFO] - Forecast for product 25891501: 644 units (MAPE: 189.5%)
2025-10-09 23:18:20,009 - [DEBUG] - cmd: where.exe tbb.dll
cwd: None
2025-10-09 23:18:20,224 - [DEBUG] - TBB already found in load path
2025-10-09 23:18:20,264 - [DEBUG] - input tempfile: C:\Users\peral\AppData\Local\Temp\tmpdd85ez9r\dc51uhcl.json
2025-10-09 23:18:20,292 - [DEBUG] - input tempfile: C:\Users\peral\AppData\Local\Temp\tmpdd85ez9r\lrgd_qfw.json
2025-10-09 23:18:20,296 - [DEBUG] - idx 0
2025-10-09 23:18:20,296 - [DEBUG] - running CmdStan, num_threads: None
2025-10-09 23:18:20,297 - [DEBUG] - CmdStan args: ['C:\\Users\\peral\\AppData\\Local\\Programs\\Python\\Python313\\Lib\\site-packages\\prophet\\stan_model\\prophet_model.bin', 'random', 'seed=59560', 'data', 'file=C:\\Users\\peral\\AppData\\Local\\Temp\\tmpdd85ez9r\\dc51uhcl.json', 'init=C:\\Users\\peral\\AppData\\Local\\Temp\\tmpdd85ez9r\\lrgd_qfw.json', 'output', 'file=C:\\Users\\peral\\AppData\\Local\\Temp\\tmpdd85ez9r\\prophet_modelkt15c6b4\\prophet_model-20251009231820.csv', 'method=optimize', 'algorithm=lbfgs', 'iter=10000']
2025-10-09 23:18:20,298 - [INFO] - Chain [1] start processing
2025-10-09 23:18:20,360 - [INFO] - Chain [1] done processing
2025-10-09 23:18:20,478 - [WARNING] - High MAPE (100.0%) for product 25891502 — forecast may be unreliable
2025-10-09 23:18:20,776 - [INFO] - HTTP Request: POST https://ytuiqgrpbwdxrmbzssrb.supabase.co/rest/v1/policy_recommendations "HTTP/2 201 Created"
2025-10-09 23:18:20,777 - [INFO] - Forecast for product 25891502: 26 units (MAPE: 100.0%)
2025-10-09 23:18:20,786 - [DEBUG] - cmd: where.exe tbb.dll
cwd: None
2025-10-09 23:18:21,002 - [DEBUG] - TBB already found in load path
2025-10-09 23:18:21,031 - [DEBUG] - input tempfile: C:\Users\peral\AppData\Local\Temp\tmpdd85ez9r\5g7_p8b6.json
2025-10-09 23:18:21,052 - [DEBUG] - input tempfile: C:\Users\peral\AppData\Local\Temp\tmpdd85ez9r\z__f1w6r.json
2025-10-09 23:18:21,055 - [DEBUG] - idx 0
2025-10-09 23:18:21,056 - [DEBUG] - running CmdStan, num_threads: None
2025-10-09 23:18:21,056 - [DEBUG] - CmdStan args: ['C:\\Users\\peral\\AppData\\Local\\Programs\\Python\\Python313\\Lib\\site-packages\\prophet\\stan_model\\prophet_model.bin', 'random', 'seed=65618', 'data', 'file=C:\\Users\\peral\\AppData\\Local\\Temp\\tmpdd85ez9r\\5g7_p8b6.json', 'init=C:\\Users\\peral\\AppData\\Local\\Temp\\tmpdd85ez9r\\z__f1w6r.json', 'output', 'file=C:\\Users\\peral\\AppData\\Local\\Temp\\tmpdd85ez9r\\prophet_modelvhv1a8n_\\prophet_model-20251009231821.csv', 'method=optimize', 'algorithm=lbfgs', 'iter=10000']
2025-10-09 23:18:21,056 - [INFO] - Chain [1] start processing
2025-10-09 23:18:21,127 - [INFO] - Chain [1] done processing
2025-10-09 23:18:21,531 - [INFO] - HTTP Request: POST https://ytuiqgrpbwdxrmbzssrb.supabase.co/rest/v1/policy_recommendations "HTTP/2 201 Created"
2025-10-09 23:18:21,533 - [INFO] - Forecast for product 25891503: 318 units (MAPE: 23.7%)
2025-10-09 23:18:21,539 - [DEBUG] - cmd: where.exe tbb.dll
cwd: None
2025-10-09 23:18:21,748 - [DEBUG] - TBB already found in load path
2025-10-09 23:18:21,784 - [DEBUG] - input tempfile: C:\Users\peral\AppData\Local\Temp\tmpdd85ez9r\bjnaz0ak.json
2025-10-09 23:18:21,811 - [DEBUG] - input tempfile: C:\Users\peral\AppData\Local\Temp\tmpdd85ez9r\lcilchzk.json
2025-10-09 23:18:21,823 - [DEBUG] - idx 0
2025-10-09 23:18:21,824 - [DEBUG] - running CmdStan, num_threads: None
2025-10-09 23:18:21,825 - [DEBUG] - CmdStan args: ['C:\\Users\\peral\\AppData\\Local\\Programs\\Python\\Python313\\Lib\\site-packages\\prophet\\stan_model\\prophet_model.bin', 'random', 'seed=26533', 'data', 'file=C:\\Users\\peral\\AppData\\Local\\Temp\\tmpdd85ez9r\\bjnaz0ak.json', 'init=C:\\Users\\peral\\AppData\\Local\\Temp\\tmpdd85ez9r\\lcilchzk.json', 'output', 'file=C:\\Users\\peral\\AppData\\Local\\Temp\\tmpdd85ez9r\\prophet_model9ahwexlb\\prophet_model-20251009231821.csv', 'method=optimize', 'algorithm=lbfgs', 'iter=10000']
2025-10-09 23:18:21,826 - [INFO] - Chain [1] start processing
2025-10-09 23:18:21,897 - [INFO] - Chain [1] done processing
2025-10-09 23:18:22,332 - [INFO] - HTTP Request: POST https://ytuiqgrpbwdxrmbzssrb.supabase.co/rest/v1/policy_recommendations "HTTP/2 201 Created"
2025-10-09 23:18:22,334 - [INFO] - Forecast for product 25891601: 326 units (MAPE: 33.4%)
2025-10-09 23:18:22,340 - [DEBUG] - cmd: where.exe tbb.dll
cwd: None
2025-10-09 23:18:22,561 - [DEBUG] - TBB already found in load path
2025-10-09 23:18:22,599 - [DEBUG] - input tempfile: C:\Users\peral\AppData\Local\Temp\tmpdd85ez9r\5fzuiyt4.json
2025-10-09 23:18:22,621 - [DEBUG] - input tempfile: C:\Users\peral\AppData\Local\Temp\tmpdd85ez9r\jdk0my7v.json
2025-10-09 23:18:22,633 - [DEBUG] - idx 0
2025-10-09 23:18:22,633 - [DEBUG] - running CmdStan, num_threads: None
2025-10-09 23:18:22,634 - [DEBUG] - CmdStan args: ['C:\\Users\\peral\\AppData\\Local\\Programs\\Python\\Python313\\Lib\\site-packages\\prophet\\stan_model\\prophet_model.bin', 'random', 'seed=66120', 'data', 'file=C:\\Users\\peral\\AppData\\Local\\Temp\\tmpdd85ez9r\\5fzuiyt4.json', 'init=C:\\Users\\peral\\AppData\\Local\\Temp\\tmpdd85ez9r\\jdk0my7v.json', 'output', 'file=C:\\Users\\peral\\AppData\\Local\\Temp\\tmpdd85ez9r\\prophet_model6su53b5l\\prophet_model-20251009231822.csv', 'method=optimize', 'algorithm=lbfgs', 'iter=10000']
2025-10-09 23:18:22,635 - [INFO] - Chain [1] start processing
2025-10-09 23:18:22,704 - [INFO] - Chain [1] done processing
2025-10-09 23:18:22,829 - [WARNING] - High MAPE (93.0%) for product 25891602 — forecast may be unreliable
2025-10-09 23:18:23,075 - [INFO] - HTTP Request: POST https://ytuiqgrpbwdxrmbzssrb.supabase.co/rest/v1/policy_recommendations "HTTP/2 201 Created"
2025-10-09 23:18:23,077 - [INFO] - Forecast for product 25891602: 122 units (MAPE: 93.0%)
2025-10-09 23:18:23,083 - [DEBUG] - cmd: where.exe tbb.dll
cwd: None
2025-10-09 23:18:23,286 - [DEBUG] - TBB already found in load path
2025-10-09 23:18:23,317 - [DEBUG] - input tempfile: C:\Users\peral\AppData\Local\Temp\tmpdd85ez9r\jbktzgu4.json
2025-10-09 23:18:23,341 - [DEBUG] - input tempfile: C:\Users\peral\AppData\Local\Temp\tmpdd85ez9r\31p880s5.json
2025-10-09 23:18:23,352 - [DEBUG] - idx 0
2025-10-09 23:18:23,353 - [DEBUG] - running CmdStan, num_threads: None
2025-10-09 23:18:23,353 - [DEBUG] - CmdStan args: ['C:\\Users\\peral\\AppData\\Local\\Programs\\Python\\Python313\\Lib\\site-packages\\prophet\\stan_model\\prophet_model.bin', 'random', 'seed=7591', 'data', 'file=C:\\Users\\peral\\AppData\\Local\\Temp\\tmpdd85ez9r\\jbktzgu4.json', 'init=C:\\Users\\peral\\AppData\\Local\\Temp\\tmpdd85ez9r\\31p880s5.json', 'output', 'file=C:\\Users\\peral\\AppData\\Local\\Temp\\tmpdd85ez9r\\prophet_modelw7q4tzrg\\prophet_model-20251009231823.csv', 'method=optimize', 'algorithm=lbfgs', 'iter=10000']
2025-10-09 23:18:23,354 - [INFO] - Chain [1] start processing
2025-10-09 23:18:23,419 - [INFO] - Chain [1] done processing
2025-10-09 23:18:23,534 - [WARNING] - High MAPE (94.4%) for product 25891603 — forecast may be unreliable
2025-10-09 23:18:23,957 - [INFO] - HTTP Request: POST https://ytuiqgrpbwdxrmbzssrb.supabase.co/rest/v1/policy_recommendations "HTTP/2 201 Created"
2025-10-09 23:18:23,959 - [INFO] - Forecast for product 25891603: 235 units (MAPE: 94.4%)
2025-10-09 23:18:23,960 - [INFO] - Forecasting complete (18 products)
2025-10-09 23:18:23,962 - [INFO] - Forecasting complete (18 products)
2025-10-09 23:18:23,962 - [INFO] - Generating policy recommendations
2025-10-09 23:18:23,963 - [INFO] - Pipeline completed successfully
