[2025-09-21T18:46:52.931+0000] {processor.py:161} INFO - Started process (PID=196) to work on /opt/airflow/dags/supplychain_pipeline_dag.py
[2025-09-21T18:46:52.933+0000] {processor.py:830} INFO - Processing file /opt/airflow/dags/supplychain_pipeline_dag.py for tasks to queue
[2025-09-21T18:46:52.937+0000] {logging_mixin.py:188} INFO - [2025-09-21T18:46:52.936+0000] {dagbag.py:545} INFO - Filling up the DagBag from /opt/airflow/dags/supplychain_pipeline_dag.py
[2025-09-21T18:46:54.334+0000] {logging_mixin.py:188} INFO - [2025-09-21T18:46:54.333+0000] {plot.py:39} ERROR - Importing plotly failed. Interactive plots will not work.
[2025-09-21T18:46:55.323+0000] {logging_mixin.py:188} INFO - [2025-09-21T18:46:55.323+0000] {config.py:73} WARNING - ⚠️ No Email credentials found
[2025-09-21T18:46:55.325+0000] {logging_mixin.py:188} INFO - [2025-09-21T18:46:55.324+0000] {config.py:75} INFO - Settings loaded (env=default)
[2025-09-21T18:46:55.502+0000] {logging_mixin.py:188} INFO - [2025-09-21T18:46:55.501+0000] {config.py:73} WARNING - ⚠️ No Email credentials found
[2025-09-21T18:46:55.503+0000] {logging_mixin.py:188} INFO - [2025-09-21T18:46:55.502+0000] {config.py:75} INFO - Settings loaded (env=default)
[2025-09-21T18:46:55.521+0000] {processor.py:840} INFO - DAG(s) 'supplychain_pipeline_dag' retrieved from /opt/airflow/dags/supplychain_pipeline_dag.py
[2025-09-21T18:46:55.580+0000] {logging_mixin.py:188} INFO - [2025-09-21T18:46:55.580+0000] {dag.py:3096} INFO - Sync 1 DAGs
[2025-09-21T18:46:55.614+0000] {logging_mixin.py:188} INFO - [2025-09-21T18:46:55.613+0000] {dag.py:3954} INFO - Setting next_dagrun for supplychain_pipeline_dag to 2025-09-20 00:00:00+00:00, run_after=2025-09-21 00:00:00+00:00
[2025-09-21T18:46:55.649+0000] {processor.py:183} INFO - Processing /opt/airflow/dags/supplychain_pipeline_dag.py took 2.724 seconds
[2025-09-21T18:47:25.923+0000] {processor.py:161} INFO - Started process (PID=218) to work on /opt/airflow/dags/supplychain_pipeline_dag.py
[2025-09-21T18:47:25.924+0000] {processor.py:830} INFO - Processing file /opt/airflow/dags/supplychain_pipeline_dag.py for tasks to queue
[2025-09-21T18:47:25.927+0000] {logging_mixin.py:188} INFO - [2025-09-21T18:47:25.926+0000] {dagbag.py:545} INFO - Filling up the DagBag from /opt/airflow/dags/supplychain_pipeline_dag.py
[2025-09-21T18:47:27.193+0000] {logging_mixin.py:188} INFO - [2025-09-21T18:47:27.193+0000] {plot.py:39} ERROR - Importing plotly failed. Interactive plots will not work.
[2025-09-21T18:47:28.046+0000] {logging_mixin.py:188} INFO - [2025-09-21T18:47:28.046+0000] {config.py:73} WARNING - ⚠️ No Email credentials found
[2025-09-21T18:47:28.047+0000] {logging_mixin.py:188} INFO - [2025-09-21T18:47:28.047+0000] {config.py:75} INFO - Settings loaded (env=default)
[2025-09-21T18:47:28.164+0000] {logging_mixin.py:188} INFO - [2025-09-21T18:47:28.163+0000] {config.py:73} WARNING - ⚠️ No Email credentials found
[2025-09-21T18:47:28.165+0000] {logging_mixin.py:188} INFO - [2025-09-21T18:47:28.165+0000] {config.py:75} INFO - Settings loaded (env=default)
[2025-09-21T18:47:28.181+0000] {processor.py:840} INFO - DAG(s) 'supplychain_pipeline_dag' retrieved from /opt/airflow/dags/supplychain_pipeline_dag.py
[2025-09-21T18:47:28.203+0000] {logging_mixin.py:188} INFO - [2025-09-21T18:47:28.203+0000] {dag.py:3096} INFO - Sync 1 DAGs
[2025-09-21T18:47:28.231+0000] {logging_mixin.py:188} INFO - [2025-09-21T18:47:28.231+0000] {dag.py:3954} INFO - Setting next_dagrun for supplychain_pipeline_dag to 2025-09-20 00:00:00+00:00, run_after=2025-09-21 00:00:00+00:00
[2025-09-21T18:47:28.266+0000] {processor.py:183} INFO - Processing /opt/airflow/dags/supplychain_pipeline_dag.py took 2.350 seconds
[2025-09-21T18:47:58.518+0000] {processor.py:161} INFO - Started process (PID=240) to work on /opt/airflow/dags/supplychain_pipeline_dag.py
[2025-09-21T18:47:58.520+0000] {processor.py:830} INFO - Processing file /opt/airflow/dags/supplychain_pipeline_dag.py for tasks to queue
[2025-09-21T18:47:58.523+0000] {logging_mixin.py:188} INFO - [2025-09-21T18:47:58.522+0000] {dagbag.py:545} INFO - Filling up the DagBag from /opt/airflow/dags/supplychain_pipeline_dag.py
[2025-09-21T18:48:00.093+0000] {logging_mixin.py:188} INFO - [2025-09-21T18:48:00.093+0000] {plot.py:39} ERROR - Importing plotly failed. Interactive plots will not work.
[2025-09-21T18:48:01.071+0000] {logging_mixin.py:188} INFO - [2025-09-21T18:48:01.071+0000] {config.py:73} WARNING - ⚠️ No Email credentials found
[2025-09-21T18:48:01.072+0000] {logging_mixin.py:188} INFO - [2025-09-21T18:48:01.072+0000] {config.py:75} INFO - Settings loaded (env=default)
[2025-09-21T18:48:01.212+0000] {logging_mixin.py:188} INFO - [2025-09-21T18:48:01.211+0000] {config.py:73} WARNING - ⚠️ No Email credentials found
[2025-09-21T18:48:01.212+0000] {logging_mixin.py:188} INFO - [2025-09-21T18:48:01.212+0000] {config.py:75} INFO - Settings loaded (env=default)
[2025-09-21T18:48:01.230+0000] {processor.py:840} INFO - DAG(s) 'supplychain_pipeline_dag' retrieved from /opt/airflow/dags/supplychain_pipeline_dag.py
[2025-09-21T18:48:01.374+0000] {logging_mixin.py:188} INFO - [2025-09-21T18:48:01.373+0000] {dag.py:3096} INFO - Sync 1 DAGs
[2025-09-21T18:48:01.397+0000] {logging_mixin.py:188} INFO - [2025-09-21T18:48:01.396+0000] {dag.py:3954} INFO - Setting next_dagrun for supplychain_pipeline_dag to 2025-09-20 00:00:00+00:00, run_after=2025-09-21 00:00:00+00:00
[2025-09-21T18:48:01.429+0000] {processor.py:183} INFO - Processing /opt/airflow/dags/supplychain_pipeline_dag.py took 2.920 seconds
[2025-09-21T18:48:31.555+0000] {processor.py:161} INFO - Started process (PID=262) to work on /opt/airflow/dags/supplychain_pipeline_dag.py
[2025-09-21T18:48:31.556+0000] {processor.py:830} INFO - Processing file /opt/airflow/dags/supplychain_pipeline_dag.py for tasks to queue
[2025-09-21T18:48:31.561+0000] {logging_mixin.py:188} INFO - [2025-09-21T18:48:31.561+0000] {dagbag.py:545} INFO - Filling up the DagBag from /opt/airflow/dags/supplychain_pipeline_dag.py
[2025-09-21T18:48:32.908+0000] {logging_mixin.py:188} INFO - [2025-09-21T18:48:32.908+0000] {plot.py:39} ERROR - Importing plotly failed. Interactive plots will not work.
[2025-09-21T18:48:33.794+0000] {logging_mixin.py:188} INFO - [2025-09-21T18:48:33.794+0000] {config.py:73} WARNING - ⚠️ No Email credentials found
[2025-09-21T18:48:33.795+0000] {logging_mixin.py:188} INFO - [2025-09-21T18:48:33.794+0000] {config.py:75} INFO - Settings loaded (env=default)
[2025-09-21T18:48:33.913+0000] {logging_mixin.py:188} INFO - [2025-09-21T18:48:33.912+0000] {config.py:73} WARNING - ⚠️ No Email credentials found
[2025-09-21T18:48:33.913+0000] {logging_mixin.py:188} INFO - [2025-09-21T18:48:33.913+0000] {config.py:75} INFO - Settings loaded (env=default)
[2025-09-21T18:48:33.929+0000] {processor.py:840} INFO - DAG(s) 'supplychain_pipeline_dag' retrieved from /opt/airflow/dags/supplychain_pipeline_dag.py
[2025-09-21T18:48:33.985+0000] {logging_mixin.py:188} INFO - [2025-09-21T18:48:33.984+0000] {dag.py:3096} INFO - Sync 1 DAGs
[2025-09-21T18:48:34.012+0000] {logging_mixin.py:188} INFO - [2025-09-21T18:48:34.012+0000] {dag.py:3954} INFO - Setting next_dagrun for supplychain_pipeline_dag to 2025-09-20 00:00:00+00:00, run_after=2025-09-21 00:00:00+00:00
[2025-09-21T18:48:34.041+0000] {processor.py:183} INFO - Processing /opt/airflow/dags/supplychain_pipeline_dag.py took 2.493 seconds
[2025-09-21T18:49:04.318+0000] {processor.py:161} INFO - Started process (PID=284) to work on /opt/airflow/dags/supplychain_pipeline_dag.py
[2025-09-21T18:49:04.320+0000] {processor.py:830} INFO - Processing file /opt/airflow/dags/supplychain_pipeline_dag.py for tasks to queue
[2025-09-21T18:49:04.323+0000] {logging_mixin.py:188} INFO - [2025-09-21T18:49:04.322+0000] {dagbag.py:545} INFO - Filling up the DagBag from /opt/airflow/dags/supplychain_pipeline_dag.py
[2025-09-21T18:49:05.547+0000] {logging_mixin.py:188} INFO - [2025-09-21T18:49:05.546+0000] {plot.py:39} ERROR - Importing plotly failed. Interactive plots will not work.
[2025-09-21T18:49:06.364+0000] {logging_mixin.py:188} INFO - [2025-09-21T18:49:06.364+0000] {config.py:73} WARNING - ⚠️ No Email credentials found
[2025-09-21T18:49:06.365+0000] {logging_mixin.py:188} INFO - [2025-09-21T18:49:06.365+0000] {config.py:75} INFO - Settings loaded (env=default)
[2025-09-21T18:49:06.479+0000] {logging_mixin.py:188} INFO - [2025-09-21T18:49:06.479+0000] {config.py:73} WARNING - ⚠️ No Email credentials found
[2025-09-21T18:49:06.481+0000] {logging_mixin.py:188} INFO - [2025-09-21T18:49:06.480+0000] {config.py:75} INFO - Settings loaded (env=default)
[2025-09-21T18:49:06.496+0000] {processor.py:840} INFO - DAG(s) 'supplychain_pipeline_dag' retrieved from /opt/airflow/dags/supplychain_pipeline_dag.py
[2025-09-21T18:49:06.545+0000] {logging_mixin.py:188} INFO - [2025-09-21T18:49:06.544+0000] {dag.py:3096} INFO - Sync 1 DAGs
[2025-09-21T18:49:06.570+0000] {logging_mixin.py:188} INFO - [2025-09-21T18:49:06.569+0000] {dag.py:3954} INFO - Setting next_dagrun for supplychain_pipeline_dag to 2025-09-20 00:00:00+00:00, run_after=2025-09-21 00:00:00+00:00
[2025-09-21T18:49:06.603+0000] {processor.py:183} INFO - Processing /opt/airflow/dags/supplychain_pipeline_dag.py took 2.291 seconds
[2025-09-21T18:49:36.864+0000] {processor.py:161} INFO - Started process (PID=306) to work on /opt/airflow/dags/supplychain_pipeline_dag.py
[2025-09-21T18:49:36.865+0000] {processor.py:830} INFO - Processing file /opt/airflow/dags/supplychain_pipeline_dag.py for tasks to queue
[2025-09-21T18:49:36.868+0000] {logging_mixin.py:188} INFO - [2025-09-21T18:49:36.868+0000] {dagbag.py:545} INFO - Filling up the DagBag from /opt/airflow/dags/supplychain_pipeline_dag.py
[2025-09-21T18:49:38.255+0000] {logging_mixin.py:188} INFO - [2025-09-21T18:49:38.255+0000] {plot.py:39} ERROR - Importing plotly failed. Interactive plots will not work.
[2025-09-21T18:49:39.384+0000] {logging_mixin.py:188} INFO - [2025-09-21T18:49:39.384+0000] {config.py:73} WARNING - ⚠️ No Email credentials found
[2025-09-21T18:49:39.386+0000] {logging_mixin.py:188} INFO - [2025-09-21T18:49:39.385+0000] {config.py:75} INFO - Settings loaded (env=default)
[2025-09-21T18:49:39.516+0000] {logging_mixin.py:188} INFO - [2025-09-21T18:49:39.516+0000] {config.py:73} WARNING - ⚠️ No Email credentials found
[2025-09-21T18:49:39.518+0000] {logging_mixin.py:188} INFO - [2025-09-21T18:49:39.517+0000] {config.py:75} INFO - Settings loaded (env=default)
[2025-09-21T18:49:39.537+0000] {processor.py:840} INFO - DAG(s) 'supplychain_pipeline_dag' retrieved from /opt/airflow/dags/supplychain_pipeline_dag.py
[2025-09-21T18:49:39.593+0000] {logging_mixin.py:188} INFO - [2025-09-21T18:49:39.592+0000] {dag.py:3096} INFO - Sync 1 DAGs
[2025-09-21T18:49:39.631+0000] {logging_mixin.py:188} INFO - [2025-09-21T18:49:39.630+0000] {dag.py:3954} INFO - Setting next_dagrun for supplychain_pipeline_dag to 2025-09-20 00:00:00+00:00, run_after=2025-09-21 00:00:00+00:00
[2025-09-21T18:49:39.674+0000] {processor.py:183} INFO - Processing /opt/airflow/dags/supplychain_pipeline_dag.py took 2.818 seconds
[2025-09-21T18:50:09.948+0000] {processor.py:161} INFO - Started process (PID=328) to work on /opt/airflow/dags/supplychain_pipeline_dag.py
[2025-09-21T18:50:09.949+0000] {processor.py:830} INFO - Processing file /opt/airflow/dags/supplychain_pipeline_dag.py for tasks to queue
[2025-09-21T18:50:09.953+0000] {logging_mixin.py:188} INFO - [2025-09-21T18:50:09.952+0000] {dagbag.py:545} INFO - Filling up the DagBag from /opt/airflow/dags/supplychain_pipeline_dag.py
[2025-09-21T18:50:11.090+0000] {logging_mixin.py:188} INFO - [2025-09-21T18:50:11.089+0000] {plot.py:39} ERROR - Importing plotly failed. Interactive plots will not work.
[2025-09-21T18:50:11.873+0000] {logging_mixin.py:188} INFO - [2025-09-21T18:50:11.873+0000] {config.py:73} WARNING - ⚠️ No Email credentials found
[2025-09-21T18:50:11.874+0000] {logging_mixin.py:188} INFO - [2025-09-21T18:50:11.874+0000] {config.py:75} INFO - Settings loaded (env=default)
[2025-09-21T18:50:11.982+0000] {logging_mixin.py:188} INFO - [2025-09-21T18:50:11.982+0000] {config.py:73} WARNING - ⚠️ No Email credentials found
[2025-09-21T18:50:11.983+0000] {logging_mixin.py:188} INFO - [2025-09-21T18:50:11.983+0000] {config.py:75} INFO - Settings loaded (env=default)
[2025-09-21T18:50:11.996+0000] {processor.py:840} INFO - DAG(s) 'supplychain_pipeline_dag' retrieved from /opt/airflow/dags/supplychain_pipeline_dag.py
[2025-09-21T18:50:12.041+0000] {logging_mixin.py:188} INFO - [2025-09-21T18:50:12.041+0000] {dag.py:3096} INFO - Sync 1 DAGs
[2025-09-21T18:50:12.066+0000] {logging_mixin.py:188} INFO - [2025-09-21T18:50:12.065+0000] {dag.py:3954} INFO - Setting next_dagrun for supplychain_pipeline_dag to 2025-09-20 00:00:00+00:00, run_after=2025-09-21 00:00:00+00:00
[2025-09-21T18:50:12.093+0000] {processor.py:183} INFO - Processing /opt/airflow/dags/supplychain_pipeline_dag.py took 2.152 seconds
[2025-09-21T18:50:42.347+0000] {processor.py:161} INFO - Started process (PID=350) to work on /opt/airflow/dags/supplychain_pipeline_dag.py
[2025-09-21T18:50:42.348+0000] {processor.py:830} INFO - Processing file /opt/airflow/dags/supplychain_pipeline_dag.py for tasks to queue
[2025-09-21T18:50:42.352+0000] {logging_mixin.py:188} INFO - [2025-09-21T18:50:42.351+0000] {dagbag.py:545} INFO - Filling up the DagBag from /opt/airflow/dags/supplychain_pipeline_dag.py
[2025-09-21T18:50:43.559+0000] {logging_mixin.py:188} INFO - [2025-09-21T18:50:43.559+0000] {plot.py:39} ERROR - Importing plotly failed. Interactive plots will not work.
[2025-09-21T18:50:44.357+0000] {logging_mixin.py:188} INFO - [2025-09-21T18:50:44.356+0000] {config.py:73} WARNING - ⚠️ No Email credentials found
[2025-09-21T18:50:44.358+0000] {logging_mixin.py:188} INFO - [2025-09-21T18:50:44.357+0000] {config.py:75} INFO - Settings loaded (env=default)
[2025-09-21T18:50:44.473+0000] {logging_mixin.py:188} INFO - [2025-09-21T18:50:44.473+0000] {config.py:73} WARNING - ⚠️ No Email credentials found
[2025-09-21T18:50:44.475+0000] {logging_mixin.py:188} INFO - [2025-09-21T18:50:44.474+0000] {config.py:75} INFO - Settings loaded (env=default)
[2025-09-21T18:50:44.488+0000] {processor.py:840} INFO - DAG(s) 'supplychain_pipeline_dag' retrieved from /opt/airflow/dags/supplychain_pipeline_dag.py
[2025-09-21T18:50:44.536+0000] {logging_mixin.py:188} INFO - [2025-09-21T18:50:44.535+0000] {dag.py:3096} INFO - Sync 1 DAGs
[2025-09-21T18:50:44.560+0000] {logging_mixin.py:188} INFO - [2025-09-21T18:50:44.559+0000] {dag.py:3954} INFO - Setting next_dagrun for supplychain_pipeline_dag to 2025-09-20 00:00:00+00:00, run_after=2025-09-21 00:00:00+00:00
[2025-09-21T18:50:44.588+0000] {processor.py:183} INFO - Processing /opt/airflow/dags/supplychain_pipeline_dag.py took 2.250 seconds
[2025-09-21T18:51:14.807+0000] {processor.py:161} INFO - Started process (PID=372) to work on /opt/airflow/dags/supplychain_pipeline_dag.py
[2025-09-21T18:51:14.808+0000] {processor.py:830} INFO - Processing file /opt/airflow/dags/supplychain_pipeline_dag.py for tasks to queue
[2025-09-21T18:51:14.812+0000] {logging_mixin.py:188} INFO - [2025-09-21T18:51:14.811+0000] {dagbag.py:545} INFO - Filling up the DagBag from /opt/airflow/dags/supplychain_pipeline_dag.py
[2025-09-21T18:51:16.070+0000] {logging_mixin.py:188} INFO - [2025-09-21T18:51:16.070+0000] {plot.py:39} ERROR - Importing plotly failed. Interactive plots will not work.
[2025-09-21T18:51:16.847+0000] {logging_mixin.py:188} INFO - [2025-09-21T18:51:16.847+0000] {config.py:73} WARNING - ⚠️ No Email credentials found
[2025-09-21T18:51:16.848+0000] {logging_mixin.py:188} INFO - [2025-09-21T18:51:16.848+0000] {config.py:75} INFO - Settings loaded (env=default)
[2025-09-21T18:51:16.961+0000] {logging_mixin.py:188} INFO - [2025-09-21T18:51:16.960+0000] {config.py:73} WARNING - ⚠️ No Email credentials found
[2025-09-21T18:51:16.962+0000] {logging_mixin.py:188} INFO - [2025-09-21T18:51:16.962+0000] {config.py:75} INFO - Settings loaded (env=default)
[2025-09-21T18:51:16.977+0000] {processor.py:840} INFO - DAG(s) 'supplychain_pipeline_dag' retrieved from /opt/airflow/dags/supplychain_pipeline_dag.py
[2025-09-21T18:51:17.022+0000] {logging_mixin.py:188} INFO - [2025-09-21T18:51:17.021+0000] {dag.py:3096} INFO - Sync 1 DAGs
[2025-09-21T18:51:17.043+0000] {logging_mixin.py:188} INFO - [2025-09-21T18:51:17.043+0000] {dag.py:3954} INFO - Setting next_dagrun for supplychain_pipeline_dag to 2025-09-20 00:00:00+00:00, run_after=2025-09-21 00:00:00+00:00
[2025-09-21T18:51:17.073+0000] {processor.py:183} INFO - Processing /opt/airflow/dags/supplychain_pipeline_dag.py took 2.274 seconds
[2025-09-21T18:51:47.331+0000] {processor.py:161} INFO - Started process (PID=394) to work on /opt/airflow/dags/supplychain_pipeline_dag.py
[2025-09-21T18:51:47.332+0000] {processor.py:830} INFO - Processing file /opt/airflow/dags/supplychain_pipeline_dag.py for tasks to queue
[2025-09-21T18:51:47.335+0000] {logging_mixin.py:188} INFO - [2025-09-21T18:51:47.335+0000] {dagbag.py:545} INFO - Filling up the DagBag from /opt/airflow/dags/supplychain_pipeline_dag.py
[2025-09-21T18:51:48.637+0000] {logging_mixin.py:188} INFO - [2025-09-21T18:51:48.637+0000] {plot.py:39} ERROR - Importing plotly failed. Interactive plots will not work.
[2025-09-21T18:51:49.552+0000] {logging_mixin.py:188} INFO - [2025-09-21T18:51:49.551+0000] {config.py:73} WARNING - ⚠️ No Email credentials found
[2025-09-21T18:51:49.553+0000] {logging_mixin.py:188} INFO - [2025-09-21T18:51:49.552+0000] {config.py:75} INFO - Settings loaded (env=default)
[2025-09-21T18:51:49.705+0000] {logging_mixin.py:188} INFO - [2025-09-21T18:51:49.705+0000] {config.py:73} WARNING - ⚠️ No Email credentials found
[2025-09-21T18:51:49.706+0000] {logging_mixin.py:188} INFO - [2025-09-21T18:51:49.706+0000] {config.py:75} INFO - Settings loaded (env=default)
[2025-09-21T18:51:49.720+0000] {processor.py:840} INFO - DAG(s) 'supplychain_pipeline_dag' retrieved from /opt/airflow/dags/supplychain_pipeline_dag.py
[2025-09-21T18:51:49.765+0000] {logging_mixin.py:188} INFO - [2025-09-21T18:51:49.764+0000] {dag.py:3096} INFO - Sync 1 DAGs
[2025-09-21T18:51:49.788+0000] {logging_mixin.py:188} INFO - [2025-09-21T18:51:49.787+0000] {dag.py:3954} INFO - Setting next_dagrun for supplychain_pipeline_dag to 2025-09-20 00:00:00+00:00, run_after=2025-09-21 00:00:00+00:00
[2025-09-21T18:51:49.817+0000] {processor.py:183} INFO - Processing /opt/airflow/dags/supplychain_pipeline_dag.py took 2.493 seconds
[2025-09-21T18:52:20.069+0000] {processor.py:161} INFO - Started process (PID=416) to work on /opt/airflow/dags/supplychain_pipeline_dag.py
[2025-09-21T18:52:20.072+0000] {processor.py:830} INFO - Processing file /opt/airflow/dags/supplychain_pipeline_dag.py for tasks to queue
[2025-09-21T18:52:20.075+0000] {logging_mixin.py:188} INFO - [2025-09-21T18:52:20.075+0000] {dagbag.py:545} INFO - Filling up the DagBag from /opt/airflow/dags/supplychain_pipeline_dag.py
[2025-09-21T18:52:21.448+0000] {logging_mixin.py:188} INFO - [2025-09-21T18:52:21.448+0000] {plot.py:39} ERROR - Importing plotly failed. Interactive plots will not work.
[2025-09-21T18:52:22.401+0000] {logging_mixin.py:188} INFO - [2025-09-21T18:52:22.401+0000] {config.py:73} WARNING - ⚠️ No Email credentials found
[2025-09-21T18:52:22.403+0000] {logging_mixin.py:188} INFO - [2025-09-21T18:52:22.402+0000] {config.py:75} INFO - Settings loaded (env=default)
[2025-09-21T18:52:22.523+0000] {logging_mixin.py:188} INFO - [2025-09-21T18:52:22.523+0000] {config.py:73} WARNING - ⚠️ No Email credentials found
[2025-09-21T18:52:22.524+0000] {logging_mixin.py:188} INFO - [2025-09-21T18:52:22.524+0000] {config.py:75} INFO - Settings loaded (env=default)
[2025-09-21T18:52:22.539+0000] {processor.py:840} INFO - DAG(s) 'supplychain_pipeline_dag' retrieved from /opt/airflow/dags/supplychain_pipeline_dag.py
[2025-09-21T18:52:22.585+0000] {logging_mixin.py:188} INFO - [2025-09-21T18:52:22.585+0000] {dag.py:3096} INFO - Sync 1 DAGs
[2025-09-21T18:52:22.613+0000] {logging_mixin.py:188} INFO - [2025-09-21T18:52:22.613+0000] {dag.py:3954} INFO - Setting next_dagrun for supplychain_pipeline_dag to 2025-09-20 00:00:00+00:00, run_after=2025-09-21 00:00:00+00:00
[2025-09-21T18:52:22.643+0000] {processor.py:183} INFO - Processing /opt/airflow/dags/supplychain_pipeline_dag.py took 2.580 seconds
[2025-09-21T18:52:52.885+0000] {processor.py:161} INFO - Started process (PID=438) to work on /opt/airflow/dags/supplychain_pipeline_dag.py
[2025-09-21T18:52:52.887+0000] {processor.py:830} INFO - Processing file /opt/airflow/dags/supplychain_pipeline_dag.py for tasks to queue
[2025-09-21T18:52:52.890+0000] {logging_mixin.py:188} INFO - [2025-09-21T18:52:52.889+0000] {dagbag.py:545} INFO - Filling up the DagBag from /opt/airflow/dags/supplychain_pipeline_dag.py
[2025-09-21T18:52:54.265+0000] {logging_mixin.py:188} INFO - [2025-09-21T18:52:54.264+0000] {plot.py:39} ERROR - Importing plotly failed. Interactive plots will not work.
[2025-09-21T18:52:55.294+0000] {logging_mixin.py:188} INFO - [2025-09-21T18:52:55.294+0000] {config.py:73} WARNING - ⚠️ No Email credentials found
[2025-09-21T18:52:55.295+0000] {logging_mixin.py:188} INFO - [2025-09-21T18:52:55.295+0000] {config.py:75} INFO - Settings loaded (env=default)
[2025-09-21T18:52:55.417+0000] {logging_mixin.py:188} INFO - [2025-09-21T18:52:55.417+0000] {config.py:73} WARNING - ⚠️ No Email credentials found
[2025-09-21T18:52:55.418+0000] {logging_mixin.py:188} INFO - [2025-09-21T18:52:55.418+0000] {config.py:75} INFO - Settings loaded (env=default)
[2025-09-21T18:52:55.432+0000] {processor.py:840} INFO - DAG(s) 'supplychain_pipeline_dag' retrieved from /opt/airflow/dags/supplychain_pipeline_dag.py
[2025-09-21T18:52:55.484+0000] {logging_mixin.py:188} INFO - [2025-09-21T18:52:55.483+0000] {dag.py:3096} INFO - Sync 1 DAGs
[2025-09-21T18:52:55.511+0000] {logging_mixin.py:188} INFO - [2025-09-21T18:52:55.511+0000] {dag.py:3954} INFO - Setting next_dagrun for supplychain_pipeline_dag to 2025-09-20 00:00:00+00:00, run_after=2025-09-21 00:00:00+00:00
[2025-09-21T18:52:55.555+0000] {processor.py:183} INFO - Processing /opt/airflow/dags/supplychain_pipeline_dag.py took 2.677 seconds
[2025-09-21T18:53:25.797+0000] {processor.py:161} INFO - Started process (PID=460) to work on /opt/airflow/dags/supplychain_pipeline_dag.py
[2025-09-21T18:53:25.799+0000] {processor.py:830} INFO - Processing file /opt/airflow/dags/supplychain_pipeline_dag.py for tasks to queue
[2025-09-21T18:53:25.803+0000] {logging_mixin.py:188} INFO - [2025-09-21T18:53:25.802+0000] {dagbag.py:545} INFO - Filling up the DagBag from /opt/airflow/dags/supplychain_pipeline_dag.py
[2025-09-21T18:53:27.067+0000] {logging_mixin.py:188} INFO - [2025-09-21T18:53:27.066+0000] {plot.py:39} ERROR - Importing plotly failed. Interactive plots will not work.
[2025-09-21T18:53:27.908+0000] {logging_mixin.py:188} INFO - [2025-09-21T18:53:27.908+0000] {config.py:73} WARNING - ⚠️ No Email credentials found
[2025-09-21T18:53:27.909+0000] {logging_mixin.py:188} INFO - [2025-09-21T18:53:27.909+0000] {config.py:75} INFO - Settings loaded (env=default)
[2025-09-21T18:53:28.020+0000] {logging_mixin.py:188} INFO - [2025-09-21T18:53:28.020+0000] {config.py:73} WARNING - ⚠️ No Email credentials found
[2025-09-21T18:53:28.021+0000] {logging_mixin.py:188} INFO - [2025-09-21T18:53:28.021+0000] {config.py:75} INFO - Settings loaded (env=default)
[2025-09-21T18:53:28.035+0000] {processor.py:840} INFO - DAG(s) 'supplychain_pipeline_dag' retrieved from /opt/airflow/dags/supplychain_pipeline_dag.py
[2025-09-21T18:53:28.081+0000] {logging_mixin.py:188} INFO - [2025-09-21T18:53:28.081+0000] {dag.py:3096} INFO - Sync 1 DAGs
[2025-09-21T18:53:28.105+0000] {logging_mixin.py:188} INFO - [2025-09-21T18:53:28.105+0000] {dag.py:3954} INFO - Setting next_dagrun for supplychain_pipeline_dag to 2025-09-20 00:00:00+00:00, run_after=2025-09-21 00:00:00+00:00
[2025-09-21T18:53:28.132+0000] {processor.py:183} INFO - Processing /opt/airflow/dags/supplychain_pipeline_dag.py took 2.344 seconds
[2025-09-21T18:53:58.344+0000] {processor.py:161} INFO - Started process (PID=482) to work on /opt/airflow/dags/supplychain_pipeline_dag.py
[2025-09-21T18:53:58.346+0000] {processor.py:830} INFO - Processing file /opt/airflow/dags/supplychain_pipeline_dag.py for tasks to queue
[2025-09-21T18:53:58.348+0000] {logging_mixin.py:188} INFO - [2025-09-21T18:53:58.348+0000] {dagbag.py:545} INFO - Filling up the DagBag from /opt/airflow/dags/supplychain_pipeline_dag.py
[2025-09-21T18:53:59.697+0000] {logging_mixin.py:188} INFO - [2025-09-21T18:53:59.696+0000] {plot.py:39} ERROR - Importing plotly failed. Interactive plots will not work.
[2025-09-21T18:54:00.523+0000] {logging_mixin.py:188} INFO - [2025-09-21T18:54:00.523+0000] {config.py:73} WARNING - ⚠️ No Email credentials found
[2025-09-21T18:54:00.524+0000] {logging_mixin.py:188} INFO - [2025-09-21T18:54:00.524+0000] {config.py:75} INFO - Settings loaded (env=default)
[2025-09-21T18:54:00.639+0000] {logging_mixin.py:188} INFO - [2025-09-21T18:54:00.639+0000] {config.py:73} WARNING - ⚠️ No Email credentials found
[2025-09-21T18:54:00.641+0000] {logging_mixin.py:188} INFO - [2025-09-21T18:54:00.640+0000] {config.py:75} INFO - Settings loaded (env=default)
[2025-09-21T18:54:00.656+0000] {processor.py:840} INFO - DAG(s) 'supplychain_pipeline_dag' retrieved from /opt/airflow/dags/supplychain_pipeline_dag.py
[2025-09-21T18:54:01.191+0000] {logging_mixin.py:188} INFO - [2025-09-21T18:54:01.191+0000] {dag.py:3096} INFO - Sync 1 DAGs
[2025-09-21T18:54:01.215+0000] {logging_mixin.py:188} INFO - [2025-09-21T18:54:01.215+0000] {dag.py:3954} INFO - Setting next_dagrun for supplychain_pipeline_dag to 2025-09-20 00:00:00+00:00, run_after=2025-09-21 00:00:00+00:00
[2025-09-21T18:54:01.243+0000] {processor.py:183} INFO - Processing /opt/airflow/dags/supplychain_pipeline_dag.py took 2.417 seconds
[2025-09-21T18:54:31.525+0000] {processor.py:161} INFO - Started process (PID=504) to work on /opt/airflow/dags/supplychain_pipeline_dag.py
[2025-09-21T18:54:31.527+0000] {processor.py:830} INFO - Processing file /opt/airflow/dags/supplychain_pipeline_dag.py for tasks to queue
[2025-09-21T18:54:31.530+0000] {logging_mixin.py:188} INFO - [2025-09-21T18:54:31.530+0000] {dagbag.py:545} INFO - Filling up the DagBag from /opt/airflow/dags/supplychain_pipeline_dag.py
[2025-09-21T18:54:33.679+0000] {logging_mixin.py:188} INFO - [2025-09-21T18:54:33.678+0000] {plot.py:39} ERROR - Importing plotly failed. Interactive plots will not work.
[2025-09-21T18:54:34.511+0000] {logging_mixin.py:188} INFO - [2025-09-21T18:54:34.511+0000] {config.py:73} WARNING - ⚠️ No Email credentials found
[2025-09-21T18:54:34.512+0000] {logging_mixin.py:188} INFO - [2025-09-21T18:54:34.512+0000] {config.py:75} INFO - Settings loaded (env=default)
[2025-09-21T18:54:34.626+0000] {logging_mixin.py:188} INFO - [2025-09-21T18:54:34.626+0000] {config.py:73} WARNING - ⚠️ No Email credentials found
[2025-09-21T18:54:34.627+0000] {logging_mixin.py:188} INFO - [2025-09-21T18:54:34.627+0000] {config.py:75} INFO - Settings loaded (env=default)
[2025-09-21T18:54:34.641+0000] {processor.py:840} INFO - DAG(s) 'supplychain_pipeline_dag' retrieved from /opt/airflow/dags/supplychain_pipeline_dag.py
[2025-09-21T18:54:34.686+0000] {logging_mixin.py:188} INFO - [2025-09-21T18:54:34.685+0000] {dag.py:3096} INFO - Sync 1 DAGs
[2025-09-21T18:54:34.709+0000] {logging_mixin.py:188} INFO - [2025-09-21T18:54:34.709+0000] {dag.py:3954} INFO - Setting next_dagrun for supplychain_pipeline_dag to 2025-09-20 00:00:00+00:00, run_after=2025-09-21 00:00:00+00:00
[2025-09-21T18:54:34.747+0000] {processor.py:183} INFO - Processing /opt/airflow/dags/supplychain_pipeline_dag.py took 2.268 seconds
[2025-09-21T18:55:05.005+0000] {processor.py:161} INFO - Started process (PID=544) to work on /opt/airflow/dags/supplychain_pipeline_dag.py
[2025-09-21T18:55:05.007+0000] {processor.py:830} INFO - Processing file /opt/airflow/dags/supplychain_pipeline_dag.py for tasks to queue
[2025-09-21T18:55:05.015+0000] {logging_mixin.py:188} INFO - [2025-09-21T18:55:05.014+0000] {dagbag.py:545} INFO - Filling up the DagBag from /opt/airflow/dags/supplychain_pipeline_dag.py
[2025-09-21T18:55:07.000+0000] {logging_mixin.py:188} INFO - [2025-09-21T18:55:06.999+0000] {plot.py:39} ERROR - Importing plotly failed. Interactive plots will not work.
[2025-09-21T18:55:08.227+0000] {logging_mixin.py:188} INFO - [2025-09-21T18:55:08.227+0000] {config.py:73} WARNING - ⚠️ No Email credentials found
[2025-09-21T18:55:08.228+0000] {logging_mixin.py:188} INFO - [2025-09-21T18:55:08.228+0000] {config.py:75} INFO - Settings loaded (env=default)
[2025-09-21T18:55:08.378+0000] {logging_mixin.py:188} INFO - [2025-09-21T18:55:08.378+0000] {config.py:73} WARNING - ⚠️ No Email credentials found
[2025-09-21T18:55:08.379+0000] {logging_mixin.py:188} INFO - [2025-09-21T18:55:08.379+0000] {config.py:75} INFO - Settings loaded (env=default)
[2025-09-21T18:55:08.401+0000] {processor.py:840} INFO - DAG(s) 'supplychain_pipeline_dag' retrieved from /opt/airflow/dags/supplychain_pipeline_dag.py
[2025-09-21T18:55:08.461+0000] {logging_mixin.py:188} INFO - [2025-09-21T18:55:08.461+0000] {dag.py:3096} INFO - Sync 1 DAGs
[2025-09-21T18:55:08.494+0000] {logging_mixin.py:188} INFO - [2025-09-21T18:55:08.493+0000] {dag.py:3954} INFO - Setting next_dagrun for supplychain_pipeline_dag to 2025-09-21 00:00:00+00:00, run_after=2025-09-22 00:00:00+00:00
[2025-09-21T18:55:08.530+0000] {processor.py:183} INFO - Processing /opt/airflow/dags/supplychain_pipeline_dag.py took 3.543 seconds
[2025-09-21T18:55:38.800+0000] {processor.py:161} INFO - Started process (PID=607) to work on /opt/airflow/dags/supplychain_pipeline_dag.py
[2025-09-21T18:55:38.807+0000] {processor.py:830} INFO - Processing file /opt/airflow/dags/supplychain_pipeline_dag.py for tasks to queue
[2025-09-21T18:55:38.819+0000] {logging_mixin.py:188} INFO - [2025-09-21T18:55:38.816+0000] {dagbag.py:545} INFO - Filling up the DagBag from /opt/airflow/dags/supplychain_pipeline_dag.py
[2025-09-21T18:55:41.224+0000] {logging_mixin.py:188} INFO - [2025-09-21T18:55:41.223+0000] {plot.py:39} ERROR - Importing plotly failed. Interactive plots will not work.
[2025-09-21T18:55:42.656+0000] {logging_mixin.py:188} INFO - [2025-09-21T18:55:42.655+0000] {config.py:73} WARNING - ⚠️ No Email credentials found
[2025-09-21T18:55:42.657+0000] {logging_mixin.py:188} INFO - [2025-09-21T18:55:42.657+0000] {config.py:75} INFO - Settings loaded (env=default)
[2025-09-21T18:55:42.887+0000] {logging_mixin.py:188} INFO - [2025-09-21T18:55:42.886+0000] {config.py:73} WARNING - ⚠️ No Email credentials found
[2025-09-21T18:55:42.889+0000] {logging_mixin.py:188} INFO - [2025-09-21T18:55:42.889+0000] {config.py:75} INFO - Settings loaded (env=default)
[2025-09-21T18:55:42.923+0000] {processor.py:840} INFO - DAG(s) 'supplychain_pipeline_dag' retrieved from /opt/airflow/dags/supplychain_pipeline_dag.py
[2025-09-21T18:55:42.991+0000] {logging_mixin.py:188} INFO - [2025-09-21T18:55:42.990+0000] {dag.py:3096} INFO - Sync 1 DAGs
[2025-09-21T18:55:43.026+0000] {logging_mixin.py:188} INFO - [2025-09-21T18:55:43.025+0000] {dag.py:3954} INFO - Setting next_dagrun for supplychain_pipeline_dag to 2025-09-21 00:00:00+00:00, run_after=2025-09-22 00:00:00+00:00
[2025-09-21T18:55:43.059+0000] {processor.py:183} INFO - Processing /opt/airflow/dags/supplychain_pipeline_dag.py took 4.277 seconds
[2025-09-21T18:56:13.308+0000] {processor.py:161} INFO - Started process (PID=645) to work on /opt/airflow/dags/supplychain_pipeline_dag.py
[2025-09-21T18:56:13.310+0000] {processor.py:830} INFO - Processing file /opt/airflow/dags/supplychain_pipeline_dag.py for tasks to queue
[2025-09-21T18:56:13.313+0000] {logging_mixin.py:188} INFO - [2025-09-21T18:56:13.313+0000] {dagbag.py:545} INFO - Filling up the DagBag from /opt/airflow/dags/supplychain_pipeline_dag.py
[2025-09-21T18:56:14.600+0000] {logging_mixin.py:188} INFO - [2025-09-21T18:56:14.600+0000] {plot.py:39} ERROR - Importing plotly failed. Interactive plots will not work.
[2025-09-21T18:56:15.518+0000] {logging_mixin.py:188} INFO - [2025-09-21T18:56:15.518+0000] {config.py:73} WARNING - ⚠️ No Email credentials found
[2025-09-21T18:56:15.519+0000] {logging_mixin.py:188} INFO - [2025-09-21T18:56:15.519+0000] {config.py:75} INFO - Settings loaded (env=default)
[2025-09-21T18:56:15.632+0000] {logging_mixin.py:188} INFO - [2025-09-21T18:56:15.632+0000] {config.py:73} WARNING - ⚠️ No Email credentials found
[2025-09-21T18:56:15.633+0000] {logging_mixin.py:188} INFO - [2025-09-21T18:56:15.633+0000] {config.py:75} INFO - Settings loaded (env=default)
[2025-09-21T18:56:15.646+0000] {processor.py:840} INFO - DAG(s) 'supplychain_pipeline_dag' retrieved from /opt/airflow/dags/supplychain_pipeline_dag.py
[2025-09-21T18:56:15.690+0000] {logging_mixin.py:188} INFO - [2025-09-21T18:56:15.689+0000] {dag.py:3096} INFO - Sync 1 DAGs
[2025-09-21T18:56:15.715+0000] {logging_mixin.py:188} INFO - [2025-09-21T18:56:15.715+0000] {dag.py:3954} INFO - Setting next_dagrun for supplychain_pipeline_dag to 2025-09-21 00:00:00+00:00, run_after=2025-09-22 00:00:00+00:00
[2025-09-21T18:56:15.753+0000] {processor.py:183} INFO - Processing /opt/airflow/dags/supplychain_pipeline_dag.py took 2.454 seconds
[2025-09-21T18:56:46.050+0000] {processor.py:161} INFO - Started process (PID=667) to work on /opt/airflow/dags/supplychain_pipeline_dag.py
[2025-09-21T18:56:46.052+0000] {processor.py:830} INFO - Processing file /opt/airflow/dags/supplychain_pipeline_dag.py for tasks to queue
[2025-09-21T18:56:46.056+0000] {logging_mixin.py:188} INFO - [2025-09-21T18:56:46.056+0000] {dagbag.py:545} INFO - Filling up the DagBag from /opt/airflow/dags/supplychain_pipeline_dag.py
[2025-09-21T18:56:47.182+0000] {logging_mixin.py:188} INFO - [2025-09-21T18:56:47.182+0000] {plot.py:39} ERROR - Importing plotly failed. Interactive plots will not work.
[2025-09-21T18:56:47.998+0000] {logging_mixin.py:188} INFO - [2025-09-21T18:56:47.997+0000] {config.py:73} WARNING - ⚠️ No Email credentials found
[2025-09-21T18:56:47.999+0000] {logging_mixin.py:188} INFO - [2025-09-21T18:56:47.998+0000] {config.py:75} INFO - Settings loaded (env=default)
[2025-09-21T18:56:48.123+0000] {logging_mixin.py:188} INFO - [2025-09-21T18:56:48.123+0000] {config.py:73} WARNING - ⚠️ No Email credentials found
[2025-09-21T18:56:48.125+0000] {logging_mixin.py:188} INFO - [2025-09-21T18:56:48.124+0000] {config.py:75} INFO - Settings loaded (env=default)
[2025-09-21T18:56:48.141+0000] {processor.py:840} INFO - DAG(s) 'supplychain_pipeline_dag' retrieved from /opt/airflow/dags/supplychain_pipeline_dag.py
[2025-09-21T18:56:48.191+0000] {logging_mixin.py:188} INFO - [2025-09-21T18:56:48.191+0000] {dag.py:3096} INFO - Sync 1 DAGs
[2025-09-21T18:56:48.218+0000] {logging_mixin.py:188} INFO - [2025-09-21T18:56:48.217+0000] {dag.py:3954} INFO - Setting next_dagrun for supplychain_pipeline_dag to 2025-09-21 00:00:00+00:00, run_after=2025-09-22 00:00:00+00:00
[2025-09-21T18:56:48.255+0000] {processor.py:183} INFO - Processing /opt/airflow/dags/supplychain_pipeline_dag.py took 2.212 seconds
[2025-09-21T18:57:18.511+0000] {processor.py:161} INFO - Started process (PID=689) to work on /opt/airflow/dags/supplychain_pipeline_dag.py
[2025-09-21T18:57:18.513+0000] {processor.py:830} INFO - Processing file /opt/airflow/dags/supplychain_pipeline_dag.py for tasks to queue
[2025-09-21T18:57:18.516+0000] {logging_mixin.py:188} INFO - [2025-09-21T18:57:18.516+0000] {dagbag.py:545} INFO - Filling up the DagBag from /opt/airflow/dags/supplychain_pipeline_dag.py
[2025-09-21T18:57:19.699+0000] {logging_mixin.py:188} INFO - [2025-09-21T18:57:19.699+0000] {plot.py:39} ERROR - Importing plotly failed. Interactive plots will not work.
[2025-09-21T18:57:20.589+0000] {logging_mixin.py:188} INFO - [2025-09-21T18:57:20.589+0000] {config.py:73} WARNING - ⚠️ No Email credentials found
[2025-09-21T18:57:20.590+0000] {logging_mixin.py:188} INFO - [2025-09-21T18:57:20.590+0000] {config.py:75} INFO - Settings loaded (env=default)
[2025-09-21T18:57:20.713+0000] {logging_mixin.py:188} INFO - [2025-09-21T18:57:20.713+0000] {config.py:73} WARNING - ⚠️ No Email credentials found
[2025-09-21T18:57:20.714+0000] {logging_mixin.py:188} INFO - [2025-09-21T18:57:20.714+0000] {config.py:75} INFO - Settings loaded (env=default)
[2025-09-21T18:57:20.730+0000] {processor.py:840} INFO - DAG(s) 'supplychain_pipeline_dag' retrieved from /opt/airflow/dags/supplychain_pipeline_dag.py
[2025-09-21T18:57:20.779+0000] {logging_mixin.py:188} INFO - [2025-09-21T18:57:20.778+0000] {dag.py:3096} INFO - Sync 1 DAGs
[2025-09-21T18:57:20.804+0000] {logging_mixin.py:188} INFO - [2025-09-21T18:57:20.804+0000] {dag.py:3954} INFO - Setting next_dagrun for supplychain_pipeline_dag to 2025-09-21 00:00:00+00:00, run_after=2025-09-22 00:00:00+00:00
[2025-09-21T18:57:20.832+0000] {processor.py:183} INFO - Processing /opt/airflow/dags/supplychain_pipeline_dag.py took 2.329 seconds
[2025-09-21T18:57:51.070+0000] {processor.py:161} INFO - Started process (PID=711) to work on /opt/airflow/dags/supplychain_pipeline_dag.py
[2025-09-21T18:57:51.072+0000] {processor.py:830} INFO - Processing file /opt/airflow/dags/supplychain_pipeline_dag.py for tasks to queue
[2025-09-21T18:57:51.076+0000] {logging_mixin.py:188} INFO - [2025-09-21T18:57:51.076+0000] {dagbag.py:545} INFO - Filling up the DagBag from /opt/airflow/dags/supplychain_pipeline_dag.py
[2025-09-21T18:57:52.208+0000] {logging_mixin.py:188} INFO - [2025-09-21T18:57:52.207+0000] {plot.py:39} ERROR - Importing plotly failed. Interactive plots will not work.
[2025-09-21T18:57:52.954+0000] {logging_mixin.py:188} INFO - [2025-09-21T18:57:52.954+0000] {config.py:73} WARNING - ⚠️ No Email credentials found
[2025-09-21T18:57:52.956+0000] {logging_mixin.py:188} INFO - [2025-09-21T18:57:52.955+0000] {config.py:75} INFO - Settings loaded (env=default)
[2025-09-21T18:57:53.058+0000] {logging_mixin.py:188} INFO - [2025-09-21T18:57:53.058+0000] {config.py:73} WARNING - ⚠️ No Email credentials found
[2025-09-21T18:57:53.059+0000] {logging_mixin.py:188} INFO - [2025-09-21T18:57:53.059+0000] {config.py:75} INFO - Settings loaded (env=default)
[2025-09-21T18:57:53.072+0000] {processor.py:840} INFO - DAG(s) 'supplychain_pipeline_dag' retrieved from /opt/airflow/dags/supplychain_pipeline_dag.py
[2025-09-21T18:57:53.118+0000] {logging_mixin.py:188} INFO - [2025-09-21T18:57:53.117+0000] {dag.py:3096} INFO - Sync 1 DAGs
[2025-09-21T18:57:53.140+0000] {logging_mixin.py:188} INFO - [2025-09-21T18:57:53.140+0000] {dag.py:3954} INFO - Setting next_dagrun for supplychain_pipeline_dag to 2025-09-21 00:00:00+00:00, run_after=2025-09-22 00:00:00+00:00
[2025-09-21T18:57:53.168+0000] {processor.py:183} INFO - Processing /opt/airflow/dags/supplychain_pipeline_dag.py took 2.106 seconds
[2025-09-21T18:58:23.402+0000] {processor.py:161} INFO - Started process (PID=733) to work on /opt/airflow/dags/supplychain_pipeline_dag.py
[2025-09-21T18:58:23.403+0000] {processor.py:830} INFO - Processing file /opt/airflow/dags/supplychain_pipeline_dag.py for tasks to queue
[2025-09-21T18:58:23.406+0000] {logging_mixin.py:188} INFO - [2025-09-21T18:58:23.406+0000] {dagbag.py:545} INFO - Filling up the DagBag from /opt/airflow/dags/supplychain_pipeline_dag.py
[2025-09-21T18:58:24.610+0000] {logging_mixin.py:188} INFO - [2025-09-21T18:58:24.610+0000] {plot.py:39} ERROR - Importing plotly failed. Interactive plots will not work.
[2025-09-21T18:58:25.434+0000] {logging_mixin.py:188} INFO - [2025-09-21T18:58:25.412+0000] {dagbag.py:355} ERROR - Failed to import: /opt/airflow/dags/supplychain_pipeline_dag.py
Traceback (most recent call last):
  File "/home/airflow/.local/lib/python3.12/site-packages/airflow/models/dagbag.py", line 351, in parse
    loader.exec_module(new_module)
  File "<frozen importlib._bootstrap_external>", line 995, in exec_module
  File "<frozen importlib._bootstrap>", line 488, in _call_with_frames_removed
  File "/opt/airflow/dags/supplychain_pipeline_dag.py", line 11, in <module>
    from analytics.pipeline import run_pipeline
  File "/opt/airflow/analytics/pipeline.py", line 7, in <module>
    from analytics.customer_risk import run_customer_risk_pipeline
  File "/opt/airflow/analytics/customer_risk.py", line 11, in <module>
    settings = load_settings()
               ^^^^^^^^^^^^^^^
  File "/opt/airflow/ingestion/config.py", line 71, in load_settings
    log.warning("⚠️ No Supabase credentials found")
    ^^^^^^^^^^^^^^^
  File "/opt/airflow/ingestion/config.py", line 20, in __init__
    values = {}
                
NameError: name 'values' is not defined
[2025-09-21T18:58:25.438+0000] {processor.py:842} WARNING - No viable dags retrieved from /opt/airflow/dags/supplychain_pipeline_dag.py
[2025-09-21T18:58:25.468+0000] {processor.py:183} INFO - Processing /opt/airflow/dags/supplychain_pipeline_dag.py took 2.072 seconds
[2025-09-21T18:58:55.678+0000] {processor.py:161} INFO - Started process (PID=755) to work on /opt/airflow/dags/supplychain_pipeline_dag.py
[2025-09-21T18:58:55.680+0000] {processor.py:830} INFO - Processing file /opt/airflow/dags/supplychain_pipeline_dag.py for tasks to queue
[2025-09-21T18:58:55.684+0000] {logging_mixin.py:188} INFO - [2025-09-21T18:58:55.683+0000] {dagbag.py:545} INFO - Filling up the DagBag from /opt/airflow/dags/supplychain_pipeline_dag.py
[2025-09-21T18:58:56.915+0000] {logging_mixin.py:188} INFO - [2025-09-21T18:58:56.915+0000] {plot.py:39} ERROR - Importing plotly failed. Interactive plots will not work.
[2025-09-21T18:58:57.709+0000] {logging_mixin.py:188} INFO - [2025-09-21T18:58:57.709+0000] {config.py:73} WARNING - ⚠️ No Email credentials found
[2025-09-21T18:58:57.710+0000] {logging_mixin.py:188} INFO - [2025-09-21T18:58:57.710+0000] {config.py:75} INFO - Settings loaded (env=default)
[2025-09-21T18:58:57.834+0000] {logging_mixin.py:188} INFO - [2025-09-21T18:58:57.834+0000] {config.py:73} WARNING - ⚠️ No Email credentials found
[2025-09-21T18:58:57.835+0000] {logging_mixin.py:188} INFO - [2025-09-21T18:58:57.835+0000] {config.py:75} INFO - Settings loaded (env=default)
[2025-09-21T18:58:57.850+0000] {processor.py:840} INFO - DAG(s) 'supplychain_pipeline_dag' retrieved from /opt/airflow/dags/supplychain_pipeline_dag.py
[2025-09-21T18:58:57.893+0000] {logging_mixin.py:188} INFO - [2025-09-21T18:58:57.892+0000] {dag.py:3096} INFO - Sync 1 DAGs
[2025-09-21T18:58:57.926+0000] {logging_mixin.py:188} INFO - [2025-09-21T18:58:57.925+0000] {dag.py:3954} INFO - Setting next_dagrun for supplychain_pipeline_dag to 2025-09-21 00:00:00+00:00, run_after=2025-09-22 00:00:00+00:00
[2025-09-21T18:58:57.957+0000] {processor.py:183} INFO - Processing /opt/airflow/dags/supplychain_pipeline_dag.py took 2.286 seconds
[2025-09-21T18:59:28.209+0000] {processor.py:161} INFO - Started process (PID=777) to work on /opt/airflow/dags/supplychain_pipeline_dag.py
[2025-09-21T18:59:28.211+0000] {processor.py:830} INFO - Processing file /opt/airflow/dags/supplychain_pipeline_dag.py for tasks to queue
[2025-09-21T18:59:28.214+0000] {logging_mixin.py:188} INFO - [2025-09-21T18:59:28.213+0000] {dagbag.py:545} INFO - Filling up the DagBag from /opt/airflow/dags/supplychain_pipeline_dag.py
[2025-09-21T18:59:29.376+0000] {logging_mixin.py:188} INFO - [2025-09-21T18:59:29.376+0000] {plot.py:39} ERROR - Importing plotly failed. Interactive plots will not work.
[2025-09-21T18:59:30.219+0000] {logging_mixin.py:188} INFO - [2025-09-21T18:59:30.219+0000] {config.py:75} INFO - Settings loaded (env=default)
[2025-09-21T18:59:30.328+0000] {logging_mixin.py:188} INFO - [2025-09-21T18:59:30.328+0000] {config.py:75} INFO - Settings loaded (env=default)
[2025-09-21T18:59:30.341+0000] {processor.py:840} INFO - DAG(s) 'supplychain_pipeline_dag' retrieved from /opt/airflow/dags/supplychain_pipeline_dag.py
[2025-09-21T18:59:30.385+0000] {logging_mixin.py:188} INFO - [2025-09-21T18:59:30.384+0000] {dag.py:3096} INFO - Sync 1 DAGs
[2025-09-21T18:59:30.408+0000] {logging_mixin.py:188} INFO - [2025-09-21T18:59:30.407+0000] {dag.py:3954} INFO - Setting next_dagrun for supplychain_pipeline_dag to 2025-09-21 00:00:00+00:00, run_after=2025-09-22 00:00:00+00:00
[2025-09-21T18:59:30.443+0000] {processor.py:183} INFO - Processing /opt/airflow/dags/supplychain_pipeline_dag.py took 2.240 seconds
[2025-09-21T19:00:00.680+0000] {processor.py:161} INFO - Started process (PID=799) to work on /opt/airflow/dags/supplychain_pipeline_dag.py
[2025-09-21T19:00:00.682+0000] {processor.py:830} INFO - Processing file /opt/airflow/dags/supplychain_pipeline_dag.py for tasks to queue
[2025-09-21T19:00:00.686+0000] {logging_mixin.py:188} INFO - [2025-09-21T19:00:00.686+0000] {dagbag.py:545} INFO - Filling up the DagBag from /opt/airflow/dags/supplychain_pipeline_dag.py
[2025-09-21T19:00:01.787+0000] {logging_mixin.py:188} INFO - [2025-09-21T19:00:01.786+0000] {plot.py:39} ERROR - Importing plotly failed. Interactive plots will not work.
[2025-09-21T19:00:02.542+0000] {logging_mixin.py:188} INFO - [2025-09-21T19:00:02.542+0000] {config.py:75} INFO - Settings loaded (env=default)
[2025-09-21T19:00:02.651+0000] {logging_mixin.py:188} INFO - [2025-09-21T19:00:02.651+0000] {config.py:75} INFO - Settings loaded (env=default)
[2025-09-21T19:00:02.666+0000] {processor.py:840} INFO - DAG(s) 'supplychain_pipeline_dag' retrieved from /opt/airflow/dags/supplychain_pipeline_dag.py
[2025-09-21T19:00:02.713+0000] {logging_mixin.py:188} INFO - [2025-09-21T19:00:02.713+0000] {dag.py:3096} INFO - Sync 1 DAGs
[2025-09-21T19:00:02.735+0000] {logging_mixin.py:188} INFO - [2025-09-21T19:00:02.734+0000] {dag.py:3954} INFO - Setting next_dagrun for supplychain_pipeline_dag to 2025-09-21 00:00:00+00:00, run_after=2025-09-22 00:00:00+00:00
[2025-09-21T19:00:02.764+0000] {processor.py:183} INFO - Processing /opt/airflow/dags/supplychain_pipeline_dag.py took 2.092 seconds
[2025-09-21T19:01:20.836+0000] {processor.py:161} INFO - Started process (PID=172) to work on /opt/airflow/dags/supplychain_pipeline_dag.py
[2025-09-21T19:01:20.838+0000] {processor.py:830} INFO - Processing file /opt/airflow/dags/supplychain_pipeline_dag.py for tasks to queue
[2025-09-21T19:01:20.842+0000] {logging_mixin.py:188} INFO - [2025-09-21T19:01:20.841+0000] {dagbag.py:545} INFO - Filling up the DagBag from /opt/airflow/dags/supplychain_pipeline_dag.py
[2025-09-21T19:01:22.347+0000] {logging_mixin.py:188} INFO - [2025-09-21T19:01:22.347+0000] {font_manager.py:1639} INFO - generated new fontManager
[2025-09-21T19:01:22.591+0000] {logging_mixin.py:188} INFO - [2025-09-21T19:01:22.590+0000] {plot.py:39} ERROR - Importing plotly failed. Interactive plots will not work.
[2025-09-21T19:01:23.845+0000] {logging_mixin.py:188} INFO - [2025-09-21T19:01:23.844+0000] {config.py:75} INFO - Settings loaded (env=default)
[2025-09-21T19:01:24.101+0000] {logging_mixin.py:188} INFO - [2025-09-21T19:01:24.100+0000] {config.py:75} INFO - Settings loaded (env=default)
[2025-09-21T19:01:24.136+0000] {processor.py:840} INFO - DAG(s) 'supplychain_pipeline_dag' retrieved from /opt/airflow/dags/supplychain_pipeline_dag.py
[2025-09-21T19:01:24.397+0000] {logging_mixin.py:188} INFO - [2025-09-21T19:01:24.396+0000] {override.py:1829} INFO - Created Permission View: can delete on DAG:supplychain_pipeline_dag
[2025-09-21T19:01:24.411+0000] {logging_mixin.py:188} INFO - [2025-09-21T19:01:24.411+0000] {override.py:1829} INFO - Created Permission View: can read on DAG:supplychain_pipeline_dag
[2025-09-21T19:01:24.426+0000] {logging_mixin.py:188} INFO - [2025-09-21T19:01:24.425+0000] {override.py:1829} INFO - Created Permission View: can edit on DAG:supplychain_pipeline_dag
[2025-09-21T19:01:24.427+0000] {logging_mixin.py:188} INFO - [2025-09-21T19:01:24.427+0000] {dag.py:3096} INFO - Sync 1 DAGs
[2025-09-21T19:01:24.439+0000] {logging_mixin.py:188} INFO - [2025-09-21T19:01:24.438+0000] {dag.py:3118} INFO - Creating ORM DAG for supplychain_pipeline_dag
[2025-09-21T19:01:24.450+0000] {logging_mixin.py:188} INFO - [2025-09-21T19:01:24.450+0000] {dag.py:3954} INFO - Setting next_dagrun for supplychain_pipeline_dag to 2025-09-20 00:00:00+00:00, run_after=2025-09-21 00:00:00+00:00
[2025-09-21T19:01:24.485+0000] {processor.py:183} INFO - Processing /opt/airflow/dags/supplychain_pipeline_dag.py took 3.655 seconds
[2025-09-21T19:01:55.173+0000] {processor.py:161} INFO - Started process (PID=196) to work on /opt/airflow/dags/supplychain_pipeline_dag.py
[2025-09-21T19:01:55.175+0000] {processor.py:830} INFO - Processing file /opt/airflow/dags/supplychain_pipeline_dag.py for tasks to queue
[2025-09-21T19:01:55.179+0000] {logging_mixin.py:188} INFO - [2025-09-21T19:01:55.178+0000] {dagbag.py:545} INFO - Filling up the DagBag from /opt/airflow/dags/supplychain_pipeline_dag.py
[2025-09-21T19:01:56.400+0000] {logging_mixin.py:188} INFO - [2025-09-21T19:01:56.400+0000] {plot.py:39} ERROR - Importing plotly failed. Interactive plots will not work.
[2025-09-21T19:01:57.274+0000] {logging_mixin.py:188} INFO - [2025-09-21T19:01:57.274+0000] {config.py:75} INFO - Settings loaded (env=default)
[2025-09-21T19:01:57.389+0000] {logging_mixin.py:188} INFO - [2025-09-21T19:01:57.389+0000] {config.py:75} INFO - Settings loaded (env=default)
[2025-09-21T19:01:57.402+0000] {processor.py:840} INFO - DAG(s) 'supplychain_pipeline_dag' retrieved from /opt/airflow/dags/supplychain_pipeline_dag.py
[2025-09-21T19:01:57.446+0000] {logging_mixin.py:188} INFO - [2025-09-21T19:01:57.445+0000] {dag.py:3096} INFO - Sync 1 DAGs
[2025-09-21T19:01:57.470+0000] {logging_mixin.py:188} INFO - [2025-09-21T19:01:57.470+0000] {dag.py:3954} INFO - Setting next_dagrun for supplychain_pipeline_dag to 2025-09-20 00:00:00+00:00, run_after=2025-09-21 00:00:00+00:00
[2025-09-21T19:01:57.502+0000] {processor.py:183} INFO - Processing /opt/airflow/dags/supplychain_pipeline_dag.py took 2.337 seconds
[2025-09-21T19:02:27.642+0000] {processor.py:161} INFO - Started process (PID=218) to work on /opt/airflow/dags/supplychain_pipeline_dag.py
[2025-09-21T19:02:27.643+0000] {processor.py:830} INFO - Processing file /opt/airflow/dags/supplychain_pipeline_dag.py for tasks to queue
[2025-09-21T19:02:27.646+0000] {logging_mixin.py:188} INFO - [2025-09-21T19:02:27.645+0000] {dagbag.py:545} INFO - Filling up the DagBag from /opt/airflow/dags/supplychain_pipeline_dag.py
[2025-09-21T19:02:28.818+0000] {logging_mixin.py:188} INFO - [2025-09-21T19:02:28.818+0000] {plot.py:39} ERROR - Importing plotly failed. Interactive plots will not work.
[2025-09-21T19:02:29.748+0000] {logging_mixin.py:188} INFO - [2025-09-21T19:02:29.747+0000] {config.py:75} INFO - Settings loaded (env=default)
[2025-09-21T19:02:29.867+0000] {logging_mixin.py:188} INFO - [2025-09-21T19:02:29.867+0000] {config.py:75} INFO - Settings loaded (env=default)
[2025-09-21T19:02:29.882+0000] {processor.py:840} INFO - DAG(s) 'supplychain_pipeline_dag' retrieved from /opt/airflow/dags/supplychain_pipeline_dag.py
[2025-09-21T19:02:29.932+0000] {logging_mixin.py:188} INFO - [2025-09-21T19:02:29.932+0000] {dag.py:3096} INFO - Sync 1 DAGs
[2025-09-21T19:02:29.956+0000] {logging_mixin.py:188} INFO - [2025-09-21T19:02:29.956+0000] {dag.py:3954} INFO - Setting next_dagrun for supplychain_pipeline_dag to 2025-09-20 00:00:00+00:00, run_after=2025-09-21 00:00:00+00:00
[2025-09-21T19:02:29.992+0000] {processor.py:183} INFO - Processing /opt/airflow/dags/supplychain_pipeline_dag.py took 2.356 seconds
[2025-09-21T19:03:00.214+0000] {processor.py:161} INFO - Started process (PID=315) to work on /opt/airflow/dags/supplychain_pipeline_dag.py
[2025-09-21T19:03:00.217+0000] {processor.py:830} INFO - Processing file /opt/airflow/dags/supplychain_pipeline_dag.py for tasks to queue
[2025-09-21T19:03:00.220+0000] {logging_mixin.py:188} INFO - [2025-09-21T19:03:00.219+0000] {dagbag.py:545} INFO - Filling up the DagBag from /opt/airflow/dags/supplychain_pipeline_dag.py
[2025-09-21T19:03:01.422+0000] {logging_mixin.py:188} INFO - [2025-09-21T19:03:01.422+0000] {plot.py:39} ERROR - Importing plotly failed. Interactive plots will not work.
[2025-09-21T19:03:02.328+0000] {logging_mixin.py:188} INFO - [2025-09-21T19:03:02.328+0000] {config.py:75} INFO - Settings loaded (env=default)
[2025-09-21T19:03:02.446+0000] {logging_mixin.py:188} INFO - [2025-09-21T19:03:02.445+0000] {config.py:75} INFO - Settings loaded (env=default)
[2025-09-21T19:03:02.463+0000] {processor.py:840} INFO - DAG(s) 'supplychain_pipeline_dag' retrieved from /opt/airflow/dags/supplychain_pipeline_dag.py
[2025-09-21T19:03:02.516+0000] {logging_mixin.py:188} INFO - [2025-09-21T19:03:02.515+0000] {dag.py:3096} INFO - Sync 1 DAGs
[2025-09-21T19:03:02.542+0000] {logging_mixin.py:188} INFO - [2025-09-21T19:03:02.541+0000] {dag.py:3954} INFO - Setting next_dagrun for supplychain_pipeline_dag to 2025-09-21 00:00:00+00:00, run_after=2025-09-22 00:00:00+00:00
[2025-09-21T19:03:02.576+0000] {processor.py:183} INFO - Processing /opt/airflow/dags/supplychain_pipeline_dag.py took 2.371 seconds
[2025-09-21T19:03:32.809+0000] {processor.py:161} INFO - Started process (PID=337) to work on /opt/airflow/dags/supplychain_pipeline_dag.py
[2025-09-21T19:03:32.811+0000] {processor.py:830} INFO - Processing file /opt/airflow/dags/supplychain_pipeline_dag.py for tasks to queue
[2025-09-21T19:03:32.815+0000] {logging_mixin.py:188} INFO - [2025-09-21T19:03:32.814+0000] {dagbag.py:545} INFO - Filling up the DagBag from /opt/airflow/dags/supplychain_pipeline_dag.py
[2025-09-21T19:03:34.036+0000] {logging_mixin.py:188} INFO - [2025-09-21T19:03:34.036+0000] {plot.py:39} ERROR - Importing plotly failed. Interactive plots will not work.
[2025-09-21T19:03:34.812+0000] {logging_mixin.py:188} INFO - [2025-09-21T19:03:34.812+0000] {config.py:75} INFO - Settings loaded (env=default)
[2025-09-21T19:03:34.927+0000] {logging_mixin.py:188} INFO - [2025-09-21T19:03:34.926+0000] {config.py:75} INFO - Settings loaded (env=default)
[2025-09-21T19:03:34.941+0000] {processor.py:840} INFO - DAG(s) 'supplychain_pipeline_dag' retrieved from /opt/airflow/dags/supplychain_pipeline_dag.py
[2025-09-21T19:03:34.983+0000] {logging_mixin.py:188} INFO - [2025-09-21T19:03:34.983+0000] {dag.py:3096} INFO - Sync 1 DAGs
[2025-09-21T19:03:35.008+0000] {logging_mixin.py:188} INFO - [2025-09-21T19:03:35.007+0000] {dag.py:3954} INFO - Setting next_dagrun for supplychain_pipeline_dag to 2025-09-21 00:00:00+00:00, run_after=2025-09-22 00:00:00+00:00
[2025-09-21T19:03:35.036+0000] {processor.py:183} INFO - Processing /opt/airflow/dags/supplychain_pipeline_dag.py took 2.233 seconds
[2025-09-21T19:04:05.248+0000] {processor.py:161} INFO - Started process (PID=359) to work on /opt/airflow/dags/supplychain_pipeline_dag.py
[2025-09-21T19:04:05.250+0000] {processor.py:830} INFO - Processing file /opt/airflow/dags/supplychain_pipeline_dag.py for tasks to queue
[2025-09-21T19:04:05.252+0000] {logging_mixin.py:188} INFO - [2025-09-21T19:04:05.252+0000] {dagbag.py:545} INFO - Filling up the DagBag from /opt/airflow/dags/supplychain_pipeline_dag.py
[2025-09-21T19:04:06.425+0000] {logging_mixin.py:188} INFO - [2025-09-21T19:04:06.424+0000] {plot.py:39} ERROR - Importing plotly failed. Interactive plots will not work.
[2025-09-21T19:04:07.184+0000] {logging_mixin.py:188} INFO - [2025-09-21T19:04:07.184+0000] {config.py:75} INFO - Settings loaded (env=default)
[2025-09-21T19:04:07.293+0000] {logging_mixin.py:188} INFO - [2025-09-21T19:04:07.293+0000] {config.py:75} INFO - Settings loaded (env=default)
[2025-09-21T19:04:07.306+0000] {processor.py:840} INFO - DAG(s) 'supplychain_pipeline_dag' retrieved from /opt/airflow/dags/supplychain_pipeline_dag.py
[2025-09-21T19:04:07.355+0000] {logging_mixin.py:188} INFO - [2025-09-21T19:04:07.354+0000] {dag.py:3096} INFO - Sync 1 DAGs
[2025-09-21T19:04:07.377+0000] {logging_mixin.py:188} INFO - [2025-09-21T19:04:07.377+0000] {dag.py:3954} INFO - Setting next_dagrun for supplychain_pipeline_dag to 2025-09-21 00:00:00+00:00, run_after=2025-09-22 00:00:00+00:00
[2025-09-21T19:04:07.406+0000] {processor.py:183} INFO - Processing /opt/airflow/dags/supplychain_pipeline_dag.py took 2.165 seconds
[2025-09-21T19:04:37.610+0000] {processor.py:161} INFO - Started process (PID=381) to work on /opt/airflow/dags/supplychain_pipeline_dag.py
[2025-09-21T19:04:37.612+0000] {processor.py:830} INFO - Processing file /opt/airflow/dags/supplychain_pipeline_dag.py for tasks to queue
[2025-09-21T19:04:37.615+0000] {logging_mixin.py:188} INFO - [2025-09-21T19:04:37.615+0000] {dagbag.py:545} INFO - Filling up the DagBag from /opt/airflow/dags/supplychain_pipeline_dag.py
[2025-09-21T19:04:38.748+0000] {logging_mixin.py:188} INFO - [2025-09-21T19:04:38.747+0000] {plot.py:39} ERROR - Importing plotly failed. Interactive plots will not work.
[2025-09-21T19:04:39.520+0000] {logging_mixin.py:188} INFO - [2025-09-21T19:04:39.520+0000] {config.py:75} INFO - Settings loaded (env=default)
[2025-09-21T19:04:39.632+0000] {logging_mixin.py:188} INFO - [2025-09-21T19:04:39.632+0000] {config.py:75} INFO - Settings loaded (env=default)
[2025-09-21T19:04:39.646+0000] {processor.py:840} INFO - DAG(s) 'supplychain_pipeline_dag' retrieved from /opt/airflow/dags/supplychain_pipeline_dag.py
[2025-09-21T19:04:39.691+0000] {logging_mixin.py:188} INFO - [2025-09-21T19:04:39.690+0000] {dag.py:3096} INFO - Sync 1 DAGs
[2025-09-21T19:04:39.716+0000] {logging_mixin.py:188} INFO - [2025-09-21T19:04:39.716+0000] {dag.py:3954} INFO - Setting next_dagrun for supplychain_pipeline_dag to 2025-09-21 00:00:00+00:00, run_after=2025-09-22 00:00:00+00:00
[2025-09-21T19:04:39.753+0000] {processor.py:183} INFO - Processing /opt/airflow/dags/supplychain_pipeline_dag.py took 2.150 seconds
[2025-09-21T19:05:09.960+0000] {processor.py:161} INFO - Started process (PID=403) to work on /opt/airflow/dags/supplychain_pipeline_dag.py
[2025-09-21T19:05:09.962+0000] {processor.py:830} INFO - Processing file /opt/airflow/dags/supplychain_pipeline_dag.py for tasks to queue
[2025-09-21T19:05:09.965+0000] {logging_mixin.py:188} INFO - [2025-09-21T19:05:09.965+0000] {dagbag.py:545} INFO - Filling up the DagBag from /opt/airflow/dags/supplychain_pipeline_dag.py
[2025-09-21T19:05:11.070+0000] {logging_mixin.py:188} INFO - [2025-09-21T19:05:11.070+0000] {plot.py:39} ERROR - Importing plotly failed. Interactive plots will not work.
[2025-09-21T19:05:11.880+0000] {logging_mixin.py:188} INFO - [2025-09-21T19:05:11.880+0000] {config.py:75} INFO - Settings loaded (env=default)
[2025-09-21T19:05:11.992+0000] {logging_mixin.py:188} INFO - [2025-09-21T19:05:11.991+0000] {config.py:75} INFO - Settings loaded (env=default)
[2025-09-21T19:05:12.005+0000] {processor.py:840} INFO - DAG(s) 'supplychain_pipeline_dag' retrieved from /opt/airflow/dags/supplychain_pipeline_dag.py
[2025-09-21T19:05:12.051+0000] {logging_mixin.py:188} INFO - [2025-09-21T19:05:12.050+0000] {dag.py:3096} INFO - Sync 1 DAGs
[2025-09-21T19:05:12.076+0000] {logging_mixin.py:188} INFO - [2025-09-21T19:05:12.075+0000] {dag.py:3954} INFO - Setting next_dagrun for supplychain_pipeline_dag to 2025-09-21 00:00:00+00:00, run_after=2025-09-22 00:00:00+00:00
[2025-09-21T19:05:12.104+0000] {processor.py:183} INFO - Processing /opt/airflow/dags/supplychain_pipeline_dag.py took 2.150 seconds
[2025-09-21T19:05:42.314+0000] {processor.py:161} INFO - Started process (PID=425) to work on /opt/airflow/dags/supplychain_pipeline_dag.py
[2025-09-21T19:05:42.317+0000] {processor.py:830} INFO - Processing file /opt/airflow/dags/supplychain_pipeline_dag.py for tasks to queue
[2025-09-21T19:05:42.321+0000] {logging_mixin.py:188} INFO - [2025-09-21T19:05:42.320+0000] {dagbag.py:545} INFO - Filling up the DagBag from /opt/airflow/dags/supplychain_pipeline_dag.py
[2025-09-21T19:05:43.699+0000] {logging_mixin.py:188} INFO - [2025-09-21T19:05:43.698+0000] {plot.py:39} ERROR - Importing plotly failed. Interactive plots will not work.
[2025-09-21T19:05:44.680+0000] {logging_mixin.py:188} INFO - [2025-09-21T19:05:44.680+0000] {config.py:75} INFO - Settings loaded (env=default)
[2025-09-21T19:05:44.794+0000] {logging_mixin.py:188} INFO - [2025-09-21T19:05:44.794+0000] {config.py:75} INFO - Settings loaded (env=default)
[2025-09-21T19:05:44.821+0000] {processor.py:840} INFO - DAG(s) 'supplychain_pipeline_dag' retrieved from /opt/airflow/dags/supplychain_pipeline_dag.py
[2025-09-21T19:05:44.868+0000] {logging_mixin.py:188} INFO - [2025-09-21T19:05:44.868+0000] {dag.py:3096} INFO - Sync 1 DAGs
[2025-09-21T19:05:44.892+0000] {logging_mixin.py:188} INFO - [2025-09-21T19:05:44.892+0000] {dag.py:3954} INFO - Setting next_dagrun for supplychain_pipeline_dag to 2025-09-21 00:00:00+00:00, run_after=2025-09-22 00:00:00+00:00
[2025-09-21T19:05:44.935+0000] {processor.py:183} INFO - Processing /opt/airflow/dags/supplychain_pipeline_dag.py took 2.629 seconds
[2025-09-21T19:06:15.158+0000] {processor.py:161} INFO - Started process (PID=447) to work on /opt/airflow/dags/supplychain_pipeline_dag.py
[2025-09-21T19:06:15.160+0000] {processor.py:830} INFO - Processing file /opt/airflow/dags/supplychain_pipeline_dag.py for tasks to queue
[2025-09-21T19:06:15.163+0000] {logging_mixin.py:188} INFO - [2025-09-21T19:06:15.162+0000] {dagbag.py:545} INFO - Filling up the DagBag from /opt/airflow/dags/supplychain_pipeline_dag.py
[2025-09-21T19:06:16.359+0000] {logging_mixin.py:188} INFO - [2025-09-21T19:06:16.358+0000] {plot.py:39} ERROR - Importing plotly failed. Interactive plots will not work.
[2025-09-21T19:06:17.176+0000] {logging_mixin.py:188} INFO - [2025-09-21T19:06:17.176+0000] {config.py:75} INFO - Settings loaded (env=default)
[2025-09-21T19:06:17.290+0000] {logging_mixin.py:188} INFO - [2025-09-21T19:06:17.290+0000] {config.py:75} INFO - Settings loaded (env=default)
[2025-09-21T19:06:17.304+0000] {processor.py:840} INFO - DAG(s) 'supplychain_pipeline_dag' retrieved from /opt/airflow/dags/supplychain_pipeline_dag.py
[2025-09-21T19:06:17.346+0000] {logging_mixin.py:188} INFO - [2025-09-21T19:06:17.345+0000] {dag.py:3096} INFO - Sync 1 DAGs
[2025-09-21T19:06:17.370+0000] {logging_mixin.py:188} INFO - [2025-09-21T19:06:17.369+0000] {dag.py:3954} INFO - Setting next_dagrun for supplychain_pipeline_dag to 2025-09-21 00:00:00+00:00, run_after=2025-09-22 00:00:00+00:00
[2025-09-21T19:06:17.396+0000] {processor.py:183} INFO - Processing /opt/airflow/dags/supplychain_pipeline_dag.py took 2.244 seconds
[2025-09-21T19:06:47.644+0000] {processor.py:161} INFO - Started process (PID=469) to work on /opt/airflow/dags/supplychain_pipeline_dag.py
[2025-09-21T19:06:47.646+0000] {processor.py:830} INFO - Processing file /opt/airflow/dags/supplychain_pipeline_dag.py for tasks to queue
[2025-09-21T19:06:47.648+0000] {logging_mixin.py:188} INFO - [2025-09-21T19:06:47.648+0000] {dagbag.py:545} INFO - Filling up the DagBag from /opt/airflow/dags/supplychain_pipeline_dag.py
[2025-09-21T19:06:48.833+0000] {logging_mixin.py:188} INFO - [2025-09-21T19:06:48.833+0000] {plot.py:39} ERROR - Importing plotly failed. Interactive plots will not work.
[2025-09-21T19:06:49.645+0000] {logging_mixin.py:188} INFO - [2025-09-21T19:06:49.645+0000] {config.py:75} INFO - Settings loaded (env=default)
[2025-09-21T19:06:49.787+0000] {logging_mixin.py:188} INFO - [2025-09-21T19:06:49.786+0000] {config.py:75} INFO - Settings loaded (env=default)
[2025-09-21T19:06:49.799+0000] {processor.py:840} INFO - DAG(s) 'supplychain_pipeline_dag' retrieved from /opt/airflow/dags/supplychain_pipeline_dag.py
[2025-09-21T19:06:49.836+0000] {logging_mixin.py:188} INFO - [2025-09-21T19:06:49.836+0000] {dag.py:3096} INFO - Sync 1 DAGs
[2025-09-21T19:06:49.859+0000] {logging_mixin.py:188} INFO - [2025-09-21T19:06:49.859+0000] {dag.py:3954} INFO - Setting next_dagrun for supplychain_pipeline_dag to 2025-09-21 00:00:00+00:00, run_after=2025-09-22 00:00:00+00:00
[2025-09-21T19:06:49.889+0000] {processor.py:183} INFO - Processing /opt/airflow/dags/supplychain_pipeline_dag.py took 2.251 seconds
[2025-09-21T19:07:20.104+0000] {processor.py:161} INFO - Started process (PID=491) to work on /opt/airflow/dags/supplychain_pipeline_dag.py
[2025-09-21T19:07:20.106+0000] {processor.py:830} INFO - Processing file /opt/airflow/dags/supplychain_pipeline_dag.py for tasks to queue
[2025-09-21T19:07:20.109+0000] {logging_mixin.py:188} INFO - [2025-09-21T19:07:20.109+0000] {dagbag.py:545} INFO - Filling up the DagBag from /opt/airflow/dags/supplychain_pipeline_dag.py
[2025-09-21T19:07:21.223+0000] {logging_mixin.py:188} INFO - [2025-09-21T19:07:21.223+0000] {plot.py:39} ERROR - Importing plotly failed. Interactive plots will not work.
[2025-09-21T19:07:21.995+0000] {logging_mixin.py:188} INFO - [2025-09-21T19:07:21.994+0000] {config.py:75} INFO - Settings loaded (env=default)
[2025-09-21T19:07:22.105+0000] {logging_mixin.py:188} INFO - [2025-09-21T19:07:22.104+0000] {config.py:75} INFO - Settings loaded (env=default)
[2025-09-21T19:07:22.118+0000] {processor.py:840} INFO - DAG(s) 'supplychain_pipeline_dag' retrieved from /opt/airflow/dags/supplychain_pipeline_dag.py
[2025-09-21T19:07:22.161+0000] {logging_mixin.py:188} INFO - [2025-09-21T19:07:22.160+0000] {dag.py:3096} INFO - Sync 1 DAGs
[2025-09-21T19:07:22.185+0000] {logging_mixin.py:188} INFO - [2025-09-21T19:07:22.185+0000] {dag.py:3954} INFO - Setting next_dagrun for supplychain_pipeline_dag to 2025-09-21 00:00:00+00:00, run_after=2025-09-22 00:00:00+00:00
[2025-09-21T19:07:22.212+0000] {processor.py:183} INFO - Processing /opt/airflow/dags/supplychain_pipeline_dag.py took 2.115 seconds
[2025-09-21T19:07:52.415+0000] {processor.py:161} INFO - Started process (PID=513) to work on /opt/airflow/dags/supplychain_pipeline_dag.py
[2025-09-21T19:07:52.417+0000] {processor.py:830} INFO - Processing file /opt/airflow/dags/supplychain_pipeline_dag.py for tasks to queue
[2025-09-21T19:07:52.421+0000] {logging_mixin.py:188} INFO - [2025-09-21T19:07:52.420+0000] {dagbag.py:545} INFO - Filling up the DagBag from /opt/airflow/dags/supplychain_pipeline_dag.py
[2025-09-21T19:07:53.579+0000] {logging_mixin.py:188} INFO - [2025-09-21T19:07:53.578+0000] {plot.py:39} ERROR - Importing plotly failed. Interactive plots will not work.
[2025-09-21T19:07:54.368+0000] {logging_mixin.py:188} INFO - [2025-09-21T19:07:54.367+0000] {config.py:75} INFO - Settings loaded (env=default)
[2025-09-21T19:07:54.473+0000] {logging_mixin.py:188} INFO - [2025-09-21T19:07:54.472+0000] {config.py:75} INFO - Settings loaded (env=default)
[2025-09-21T19:07:54.486+0000] {processor.py:840} INFO - DAG(s) 'supplychain_pipeline_dag' retrieved from /opt/airflow/dags/supplychain_pipeline_dag.py
[2025-09-21T19:07:54.530+0000] {logging_mixin.py:188} INFO - [2025-09-21T19:07:54.529+0000] {dag.py:3096} INFO - Sync 1 DAGs
[2025-09-21T19:07:54.553+0000] {logging_mixin.py:188} INFO - [2025-09-21T19:07:54.553+0000] {dag.py:3954} INFO - Setting next_dagrun for supplychain_pipeline_dag to 2025-09-21 00:00:00+00:00, run_after=2025-09-22 00:00:00+00:00
[2025-09-21T19:07:54.589+0000] {processor.py:183} INFO - Processing /opt/airflow/dags/supplychain_pipeline_dag.py took 2.181 seconds
[2025-09-21T19:08:24.803+0000] {processor.py:161} INFO - Started process (PID=535) to work on /opt/airflow/dags/supplychain_pipeline_dag.py
[2025-09-21T19:08:24.804+0000] {processor.py:830} INFO - Processing file /opt/airflow/dags/supplychain_pipeline_dag.py for tasks to queue
[2025-09-21T19:08:24.808+0000] {logging_mixin.py:188} INFO - [2025-09-21T19:08:24.808+0000] {dagbag.py:545} INFO - Filling up the DagBag from /opt/airflow/dags/supplychain_pipeline_dag.py
[2025-09-21T19:08:25.898+0000] {logging_mixin.py:188} INFO - [2025-09-21T19:08:25.898+0000] {plot.py:39} ERROR - Importing plotly failed. Interactive plots will not work.
[2025-09-21T19:08:26.649+0000] {logging_mixin.py:188} INFO - [2025-09-21T19:08:26.649+0000] {config.py:75} INFO - Settings loaded (env=default)
[2025-09-21T19:08:26.753+0000] {logging_mixin.py:188} INFO - [2025-09-21T19:08:26.752+0000] {config.py:75} INFO - Settings loaded (env=default)
[2025-09-21T19:08:26.766+0000] {processor.py:840} INFO - DAG(s) 'supplychain_pipeline_dag' retrieved from /opt/airflow/dags/supplychain_pipeline_dag.py
[2025-09-21T19:08:26.811+0000] {logging_mixin.py:188} INFO - [2025-09-21T19:08:26.810+0000] {dag.py:3096} INFO - Sync 1 DAGs
[2025-09-21T19:08:26.832+0000] {logging_mixin.py:188} INFO - [2025-09-21T19:08:26.832+0000] {dag.py:3954} INFO - Setting next_dagrun for supplychain_pipeline_dag to 2025-09-21 00:00:00+00:00, run_after=2025-09-22 00:00:00+00:00
[2025-09-21T19:08:26.867+0000] {processor.py:183} INFO - Processing /opt/airflow/dags/supplychain_pipeline_dag.py took 2.073 seconds
[2025-09-21T19:08:57.072+0000] {processor.py:161} INFO - Started process (PID=557) to work on /opt/airflow/dags/supplychain_pipeline_dag.py
[2025-09-21T19:08:57.073+0000] {processor.py:830} INFO - Processing file /opt/airflow/dags/supplychain_pipeline_dag.py for tasks to queue
[2025-09-21T19:08:57.077+0000] {logging_mixin.py:188} INFO - [2025-09-21T19:08:57.076+0000] {dagbag.py:545} INFO - Filling up the DagBag from /opt/airflow/dags/supplychain_pipeline_dag.py
[2025-09-21T19:08:59.208+0000] {logging_mixin.py:188} INFO - [2025-09-21T19:08:59.208+0000] {plot.py:39} ERROR - Importing plotly failed. Interactive plots will not work.
[2025-09-21T19:09:00.034+0000] {logging_mixin.py:188} INFO - [2025-09-21T19:09:00.034+0000] {config.py:75} INFO - Settings loaded (env=default)
[2025-09-21T19:09:00.150+0000] {logging_mixin.py:188} INFO - [2025-09-21T19:09:00.150+0000] {config.py:75} INFO - Settings loaded (env=default)
[2025-09-21T19:09:00.165+0000] {processor.py:840} INFO - DAG(s) 'supplychain_pipeline_dag' retrieved from /opt/airflow/dags/supplychain_pipeline_dag.py
[2025-09-21T19:09:00.214+0000] {logging_mixin.py:188} INFO - [2025-09-21T19:09:00.213+0000] {dag.py:3096} INFO - Sync 1 DAGs
[2025-09-21T19:09:00.237+0000] {logging_mixin.py:188} INFO - [2025-09-21T19:09:00.236+0000] {dag.py:3954} INFO - Setting next_dagrun for supplychain_pipeline_dag to 2025-09-21 00:00:00+00:00, run_after=2025-09-22 00:00:00+00:00
[2025-09-21T19:09:00.271+0000] {processor.py:183} INFO - Processing /opt/airflow/dags/supplychain_pipeline_dag.py took 2.290 seconds
[2025-09-21T19:09:30.489+0000] {processor.py:161} INFO - Started process (PID=579) to work on /opt/airflow/dags/supplychain_pipeline_dag.py
[2025-09-21T19:09:30.492+0000] {processor.py:830} INFO - Processing file /opt/airflow/dags/supplychain_pipeline_dag.py for tasks to queue
[2025-09-21T19:09:30.496+0000] {logging_mixin.py:188} INFO - [2025-09-21T19:09:30.495+0000] {dagbag.py:545} INFO - Filling up the DagBag from /opt/airflow/dags/supplychain_pipeline_dag.py
[2025-09-21T19:09:31.653+0000] {logging_mixin.py:188} INFO - [2025-09-21T19:09:31.653+0000] {plot.py:39} ERROR - Importing plotly failed. Interactive plots will not work.
[2025-09-21T19:09:32.463+0000] {logging_mixin.py:188} INFO - [2025-09-21T19:09:32.463+0000] {config.py:75} INFO - Settings loaded (env=default)
[2025-09-21T19:09:32.567+0000] {logging_mixin.py:188} INFO - [2025-09-21T19:09:32.567+0000] {config.py:75} INFO - Settings loaded (env=default)
[2025-09-21T19:09:32.581+0000] {processor.py:840} INFO - DAG(s) 'supplychain_pipeline_dag' retrieved from /opt/airflow/dags/supplychain_pipeline_dag.py
[2025-09-21T19:09:32.626+0000] {logging_mixin.py:188} INFO - [2025-09-21T19:09:32.626+0000] {dag.py:3096} INFO - Sync 1 DAGs
[2025-09-21T19:09:32.649+0000] {logging_mixin.py:188} INFO - [2025-09-21T19:09:32.649+0000] {dag.py:3954} INFO - Setting next_dagrun for supplychain_pipeline_dag to 2025-09-21 00:00:00+00:00, run_after=2025-09-22 00:00:00+00:00
[2025-09-21T19:09:32.687+0000] {processor.py:183} INFO - Processing /opt/airflow/dags/supplychain_pipeline_dag.py took 2.205 seconds
[2025-09-21T19:10:02.917+0000] {processor.py:161} INFO - Started process (PID=601) to work on /opt/airflow/dags/supplychain_pipeline_dag.py
[2025-09-21T19:10:02.919+0000] {processor.py:830} INFO - Processing file /opt/airflow/dags/supplychain_pipeline_dag.py for tasks to queue
[2025-09-21T19:10:02.923+0000] {logging_mixin.py:188} INFO - [2025-09-21T19:10:02.922+0000] {dagbag.py:545} INFO - Filling up the DagBag from /opt/airflow/dags/supplychain_pipeline_dag.py
[2025-09-21T19:10:04.124+0000] {logging_mixin.py:188} INFO - [2025-09-21T19:10:04.124+0000] {plot.py:39} ERROR - Importing plotly failed. Interactive plots will not work.
[2025-09-21T19:10:05.078+0000] {logging_mixin.py:188} INFO - [2025-09-21T19:10:05.078+0000] {config.py:75} INFO - Settings loaded (env=default)
[2025-09-21T19:10:05.188+0000] {logging_mixin.py:188} INFO - [2025-09-21T19:10:05.188+0000] {config.py:75} INFO - Settings loaded (env=default)
[2025-09-21T19:10:05.203+0000] {processor.py:840} INFO - DAG(s) 'supplychain_pipeline_dag' retrieved from /opt/airflow/dags/supplychain_pipeline_dag.py
[2025-09-21T19:10:05.251+0000] {logging_mixin.py:188} INFO - [2025-09-21T19:10:05.250+0000] {dag.py:3096} INFO - Sync 1 DAGs
[2025-09-21T19:10:05.274+0000] {logging_mixin.py:188} INFO - [2025-09-21T19:10:05.273+0000] {dag.py:3954} INFO - Setting next_dagrun for supplychain_pipeline_dag to 2025-09-21 00:00:00+00:00, run_after=2025-09-22 00:00:00+00:00
[2025-09-21T19:10:05.305+0000] {processor.py:183} INFO - Processing /opt/airflow/dags/supplychain_pipeline_dag.py took 2.398 seconds
[2025-09-21T19:10:35.490+0000] {processor.py:161} INFO - Started process (PID=623) to work on /opt/airflow/dags/supplychain_pipeline_dag.py
[2025-09-21T19:10:35.492+0000] {processor.py:830} INFO - Processing file /opt/airflow/dags/supplychain_pipeline_dag.py for tasks to queue
[2025-09-21T19:10:35.495+0000] {logging_mixin.py:188} INFO - [2025-09-21T19:10:35.494+0000] {dagbag.py:545} INFO - Filling up the DagBag from /opt/airflow/dags/supplychain_pipeline_dag.py
[2025-09-21T19:10:36.620+0000] {logging_mixin.py:188} INFO - [2025-09-21T19:10:36.620+0000] {plot.py:39} ERROR - Importing plotly failed. Interactive plots will not work.
[2025-09-21T19:10:37.469+0000] {logging_mixin.py:188} INFO - [2025-09-21T19:10:37.469+0000] {config.py:75} INFO - Settings loaded (env=default)
[2025-09-21T19:10:37.576+0000] {logging_mixin.py:188} INFO - [2025-09-21T19:10:37.576+0000] {config.py:75} INFO - Settings loaded (env=default)
[2025-09-21T19:10:37.591+0000] {processor.py:840} INFO - DAG(s) 'supplychain_pipeline_dag' retrieved from /opt/airflow/dags/supplychain_pipeline_dag.py
[2025-09-21T19:10:37.633+0000] {logging_mixin.py:188} INFO - [2025-09-21T19:10:37.632+0000] {dag.py:3096} INFO - Sync 1 DAGs
[2025-09-21T19:10:37.656+0000] {logging_mixin.py:188} INFO - [2025-09-21T19:10:37.656+0000] {dag.py:3954} INFO - Setting next_dagrun for supplychain_pipeline_dag to 2025-09-21 00:00:00+00:00, run_after=2025-09-22 00:00:00+00:00
[2025-09-21T19:10:37.681+0000] {processor.py:183} INFO - Processing /opt/airflow/dags/supplychain_pipeline_dag.py took 2.199 seconds
[2025-09-21T19:11:07.881+0000] {processor.py:161} INFO - Started process (PID=645) to work on /opt/airflow/dags/supplychain_pipeline_dag.py
[2025-09-21T19:11:07.883+0000] {processor.py:830} INFO - Processing file /opt/airflow/dags/supplychain_pipeline_dag.py for tasks to queue
[2025-09-21T19:11:07.887+0000] {logging_mixin.py:188} INFO - [2025-09-21T19:11:07.886+0000] {dagbag.py:545} INFO - Filling up the DagBag from /opt/airflow/dags/supplychain_pipeline_dag.py
[2025-09-21T19:11:09.203+0000] {logging_mixin.py:188} INFO - [2025-09-21T19:11:09.203+0000] {plot.py:39} ERROR - Importing plotly failed. Interactive plots will not work.
[2025-09-21T19:11:10.080+0000] {logging_mixin.py:188} INFO - [2025-09-21T19:11:10.080+0000] {config.py:75} INFO - Settings loaded (env=default)
[2025-09-21T19:11:10.199+0000] {logging_mixin.py:188} INFO - [2025-09-21T19:11:10.199+0000] {config.py:75} INFO - Settings loaded (env=default)
[2025-09-21T19:11:10.219+0000] {processor.py:840} INFO - DAG(s) 'supplychain_pipeline_dag' retrieved from /opt/airflow/dags/supplychain_pipeline_dag.py
[2025-09-21T19:11:10.270+0000] {logging_mixin.py:188} INFO - [2025-09-21T19:11:10.269+0000] {dag.py:3096} INFO - Sync 1 DAGs
[2025-09-21T19:11:10.298+0000] {logging_mixin.py:188} INFO - [2025-09-21T19:11:10.297+0000] {dag.py:3954} INFO - Setting next_dagrun for supplychain_pipeline_dag to 2025-09-21 00:00:00+00:00, run_after=2025-09-22 00:00:00+00:00
[2025-09-21T19:11:10.323+0000] {processor.py:183} INFO - Processing /opt/airflow/dags/supplychain_pipeline_dag.py took 2.450 seconds
[2025-09-21T19:11:40.584+0000] {processor.py:161} INFO - Started process (PID=667) to work on /opt/airflow/dags/supplychain_pipeline_dag.py
[2025-09-21T19:11:40.587+0000] {processor.py:830} INFO - Processing file /opt/airflow/dags/supplychain_pipeline_dag.py for tasks to queue
[2025-09-21T19:11:40.590+0000] {logging_mixin.py:188} INFO - [2025-09-21T19:11:40.589+0000] {dagbag.py:545} INFO - Filling up the DagBag from /opt/airflow/dags/supplychain_pipeline_dag.py
[2025-09-21T19:11:41.846+0000] {logging_mixin.py:188} INFO - [2025-09-21T19:11:41.846+0000] {plot.py:39} ERROR - Importing plotly failed. Interactive plots will not work.
[2025-09-21T19:11:42.629+0000] {logging_mixin.py:188} INFO - [2025-09-21T19:11:42.629+0000] {config.py:75} INFO - Settings loaded (env=default)
[2025-09-21T19:11:42.737+0000] {logging_mixin.py:188} INFO - [2025-09-21T19:11:42.737+0000] {config.py:75} INFO - Settings loaded (env=default)
[2025-09-21T19:11:42.752+0000] {processor.py:840} INFO - DAG(s) 'supplychain_pipeline_dag' retrieved from /opt/airflow/dags/supplychain_pipeline_dag.py
[2025-09-21T19:11:42.799+0000] {logging_mixin.py:188} INFO - [2025-09-21T19:11:42.799+0000] {dag.py:3096} INFO - Sync 1 DAGs
[2025-09-21T19:11:42.821+0000] {logging_mixin.py:188} INFO - [2025-09-21T19:11:42.821+0000] {dag.py:3954} INFO - Setting next_dagrun for supplychain_pipeline_dag to 2025-09-21 00:00:00+00:00, run_after=2025-09-22 00:00:00+00:00
[2025-09-21T19:11:42.858+0000] {processor.py:183} INFO - Processing /opt/airflow/dags/supplychain_pipeline_dag.py took 2.282 seconds
[2025-09-21T19:12:13.074+0000] {processor.py:161} INFO - Started process (PID=689) to work on /opt/airflow/dags/supplychain_pipeline_dag.py
[2025-09-21T19:12:13.075+0000] {processor.py:830} INFO - Processing file /opt/airflow/dags/supplychain_pipeline_dag.py for tasks to queue
[2025-09-21T19:12:13.079+0000] {logging_mixin.py:188} INFO - [2025-09-21T19:12:13.078+0000] {dagbag.py:545} INFO - Filling up the DagBag from /opt/airflow/dags/supplychain_pipeline_dag.py
[2025-09-21T19:12:14.187+0000] {logging_mixin.py:188} INFO - [2025-09-21T19:12:14.186+0000] {plot.py:39} ERROR - Importing plotly failed. Interactive plots will not work.
[2025-09-21T19:12:14.976+0000] {logging_mixin.py:188} INFO - [2025-09-21T19:12:14.976+0000] {config.py:75} INFO - Settings loaded (env=default)
[2025-09-21T19:12:15.083+0000] {logging_mixin.py:188} INFO - [2025-09-21T19:12:15.083+0000] {config.py:75} INFO - Settings loaded (env=default)
[2025-09-21T19:12:15.097+0000] {processor.py:840} INFO - DAG(s) 'supplychain_pipeline_dag' retrieved from /opt/airflow/dags/supplychain_pipeline_dag.py
[2025-09-21T19:12:15.144+0000] {logging_mixin.py:188} INFO - [2025-09-21T19:12:15.144+0000] {dag.py:3096} INFO - Sync 1 DAGs
[2025-09-21T19:12:15.167+0000] {logging_mixin.py:188} INFO - [2025-09-21T19:12:15.167+0000] {dag.py:3954} INFO - Setting next_dagrun for supplychain_pipeline_dag to 2025-09-21 00:00:00+00:00, run_after=2025-09-22 00:00:00+00:00
[2025-09-21T19:12:15.202+0000] {processor.py:183} INFO - Processing /opt/airflow/dags/supplychain_pipeline_dag.py took 2.135 seconds
[2025-09-21T19:12:45.403+0000] {processor.py:161} INFO - Started process (PID=711) to work on /opt/airflow/dags/supplychain_pipeline_dag.py
[2025-09-21T19:12:45.405+0000] {processor.py:830} INFO - Processing file /opt/airflow/dags/supplychain_pipeline_dag.py for tasks to queue
[2025-09-21T19:12:45.408+0000] {logging_mixin.py:188} INFO - [2025-09-21T19:12:45.407+0000] {dagbag.py:545} INFO - Filling up the DagBag from /opt/airflow/dags/supplychain_pipeline_dag.py
[2025-09-21T19:12:46.658+0000] {logging_mixin.py:188} INFO - [2025-09-21T19:12:46.658+0000] {plot.py:39} ERROR - Importing plotly failed. Interactive plots will not work.
[2025-09-21T19:12:47.462+0000] {logging_mixin.py:188} INFO - [2025-09-21T19:12:47.462+0000] {config.py:75} INFO - Settings loaded (env=default)
[2025-09-21T19:12:47.576+0000] {logging_mixin.py:188} INFO - [2025-09-21T19:12:47.576+0000] {config.py:75} INFO - Settings loaded (env=default)
[2025-09-21T19:12:47.590+0000] {processor.py:840} INFO - DAG(s) 'supplychain_pipeline_dag' retrieved from /opt/airflow/dags/supplychain_pipeline_dag.py
[2025-09-21T19:12:47.635+0000] {logging_mixin.py:188} INFO - [2025-09-21T19:12:47.635+0000] {dag.py:3096} INFO - Sync 1 DAGs
[2025-09-21T19:12:47.660+0000] {logging_mixin.py:188} INFO - [2025-09-21T19:12:47.660+0000] {dag.py:3954} INFO - Setting next_dagrun for supplychain_pipeline_dag to 2025-09-21 00:00:00+00:00, run_after=2025-09-22 00:00:00+00:00
[2025-09-21T19:12:47.692+0000] {processor.py:183} INFO - Processing /opt/airflow/dags/supplychain_pipeline_dag.py took 2.296 seconds
[2025-09-21T19:13:17.899+0000] {processor.py:161} INFO - Started process (PID=733) to work on /opt/airflow/dags/supplychain_pipeline_dag.py
[2025-09-21T19:13:17.901+0000] {processor.py:830} INFO - Processing file /opt/airflow/dags/supplychain_pipeline_dag.py for tasks to queue
[2025-09-21T19:13:17.905+0000] {logging_mixin.py:188} INFO - [2025-09-21T19:13:17.904+0000] {dagbag.py:545} INFO - Filling up the DagBag from /opt/airflow/dags/supplychain_pipeline_dag.py
[2025-09-21T19:13:19.206+0000] {logging_mixin.py:188} INFO - [2025-09-21T19:13:19.205+0000] {plot.py:39} ERROR - Importing plotly failed. Interactive plots will not work.
[2025-09-21T19:13:20.167+0000] {logging_mixin.py:188} INFO - [2025-09-21T19:13:20.167+0000] {config.py:75} INFO - Settings loaded (env=default)
[2025-09-21T19:13:20.293+0000] {logging_mixin.py:188} INFO - [2025-09-21T19:13:20.293+0000] {config.py:75} INFO - Settings loaded (env=default)
[2025-09-21T19:13:20.308+0000] {processor.py:840} INFO - DAG(s) 'supplychain_pipeline_dag' retrieved from /opt/airflow/dags/supplychain_pipeline_dag.py
[2025-09-21T19:13:20.357+0000] {logging_mixin.py:188} INFO - [2025-09-21T19:13:20.356+0000] {dag.py:3096} INFO - Sync 1 DAGs
[2025-09-21T19:13:20.386+0000] {logging_mixin.py:188} INFO - [2025-09-21T19:13:20.386+0000] {dag.py:3954} INFO - Setting next_dagrun for supplychain_pipeline_dag to 2025-09-21 00:00:00+00:00, run_after=2025-09-22 00:00:00+00:00
[2025-09-21T19:13:20.426+0000] {processor.py:183} INFO - Processing /opt/airflow/dags/supplychain_pipeline_dag.py took 2.536 seconds
[2025-09-21T19:13:50.640+0000] {processor.py:161} INFO - Started process (PID=755) to work on /opt/airflow/dags/supplychain_pipeline_dag.py
[2025-09-21T19:13:50.642+0000] {processor.py:830} INFO - Processing file /opt/airflow/dags/supplychain_pipeline_dag.py for tasks to queue
[2025-09-21T19:13:50.645+0000] {logging_mixin.py:188} INFO - [2025-09-21T19:13:50.644+0000] {dagbag.py:545} INFO - Filling up the DagBag from /opt/airflow/dags/supplychain_pipeline_dag.py
[2025-09-21T19:13:51.911+0000] {logging_mixin.py:188} INFO - [2025-09-21T19:13:51.910+0000] {plot.py:39} ERROR - Importing plotly failed. Interactive plots will not work.
[2025-09-21T19:13:52.812+0000] {logging_mixin.py:188} INFO - [2025-09-21T19:13:52.812+0000] {config.py:75} INFO - Settings loaded (env=default)
[2025-09-21T19:13:52.927+0000] {logging_mixin.py:188} INFO - [2025-09-21T19:13:52.927+0000] {config.py:75} INFO - Settings loaded (env=default)
[2025-09-21T19:13:52.941+0000] {processor.py:840} INFO - DAG(s) 'supplychain_pipeline_dag' retrieved from /opt/airflow/dags/supplychain_pipeline_dag.py
[2025-09-21T19:13:52.988+0000] {logging_mixin.py:188} INFO - [2025-09-21T19:13:52.988+0000] {dag.py:3096} INFO - Sync 1 DAGs
[2025-09-21T19:13:53.013+0000] {logging_mixin.py:188} INFO - [2025-09-21T19:13:53.013+0000] {dag.py:3954} INFO - Setting next_dagrun for supplychain_pipeline_dag to 2025-09-21 00:00:00+00:00, run_after=2025-09-22 00:00:00+00:00
[2025-09-21T19:13:53.042+0000] {processor.py:183} INFO - Processing /opt/airflow/dags/supplychain_pipeline_dag.py took 2.411 seconds
[2025-09-21T19:14:23.165+0000] {processor.py:161} INFO - Started process (PID=777) to work on /opt/airflow/dags/supplychain_pipeline_dag.py
[2025-09-21T19:14:23.166+0000] {processor.py:830} INFO - Processing file /opt/airflow/dags/supplychain_pipeline_dag.py for tasks to queue
[2025-09-21T19:14:23.169+0000] {logging_mixin.py:188} INFO - [2025-09-21T19:14:23.168+0000] {dagbag.py:545} INFO - Filling up the DagBag from /opt/airflow/dags/supplychain_pipeline_dag.py
[2025-09-21T19:14:24.353+0000] {logging_mixin.py:188} INFO - [2025-09-21T19:14:24.353+0000] {plot.py:39} ERROR - Importing plotly failed. Interactive plots will not work.
[2025-09-21T19:14:25.094+0000] {logging_mixin.py:188} INFO - [2025-09-21T19:14:25.094+0000] {config.py:75} INFO - Settings loaded (env=default)
[2025-09-21T19:14:25.201+0000] {logging_mixin.py:188} INFO - [2025-09-21T19:14:25.201+0000] {config.py:75} INFO - Settings loaded (env=default)
[2025-09-21T19:14:25.215+0000] {processor.py:840} INFO - DAG(s) 'supplychain_pipeline_dag' retrieved from /opt/airflow/dags/supplychain_pipeline_dag.py
[2025-09-21T19:14:25.261+0000] {logging_mixin.py:188} INFO - [2025-09-21T19:14:25.260+0000] {dag.py:3096} INFO - Sync 1 DAGs
[2025-09-21T19:14:25.284+0000] {logging_mixin.py:188} INFO - [2025-09-21T19:14:25.284+0000] {dag.py:3954} INFO - Setting next_dagrun for supplychain_pipeline_dag to 2025-09-21 00:00:00+00:00, run_after=2025-09-22 00:00:00+00:00
[2025-09-21T19:14:25.313+0000] {processor.py:183} INFO - Processing /opt/airflow/dags/supplychain_pipeline_dag.py took 2.155 seconds
[2025-09-21T19:14:55.503+0000] {processor.py:161} INFO - Started process (PID=799) to work on /opt/airflow/dags/supplychain_pipeline_dag.py
[2025-09-21T19:14:55.505+0000] {processor.py:830} INFO - Processing file /opt/airflow/dags/supplychain_pipeline_dag.py for tasks to queue
[2025-09-21T19:14:55.509+0000] {logging_mixin.py:188} INFO - [2025-09-21T19:14:55.508+0000] {dagbag.py:545} INFO - Filling up the DagBag from /opt/airflow/dags/supplychain_pipeline_dag.py
[2025-09-21T19:14:56.719+0000] {logging_mixin.py:188} INFO - [2025-09-21T19:14:56.719+0000] {plot.py:39} ERROR - Importing plotly failed. Interactive plots will not work.
[2025-09-21T19:14:57.677+0000] {logging_mixin.py:188} INFO - [2025-09-21T19:14:57.677+0000] {config.py:75} INFO - Settings loaded (env=default)
[2025-09-21T19:14:57.811+0000] {logging_mixin.py:188} INFO - [2025-09-21T19:14:57.810+0000] {config.py:75} INFO - Settings loaded (env=default)
[2025-09-21T19:14:57.829+0000] {processor.py:840} INFO - DAG(s) 'supplychain_pipeline_dag' retrieved from /opt/airflow/dags/supplychain_pipeline_dag.py
[2025-09-21T19:14:57.883+0000] {logging_mixin.py:188} INFO - [2025-09-21T19:14:57.883+0000] {dag.py:3096} INFO - Sync 1 DAGs
[2025-09-21T19:14:57.914+0000] {logging_mixin.py:188} INFO - [2025-09-21T19:14:57.914+0000] {dag.py:3954} INFO - Setting next_dagrun for supplychain_pipeline_dag to 2025-09-21 00:00:00+00:00, run_after=2025-09-22 00:00:00+00:00
[2025-09-21T19:14:57.947+0000] {processor.py:183} INFO - Processing /opt/airflow/dags/supplychain_pipeline_dag.py took 2.454 seconds
[2025-09-21T19:15:28.153+0000] {processor.py:161} INFO - Started process (PID=821) to work on /opt/airflow/dags/supplychain_pipeline_dag.py
[2025-09-21T19:15:28.155+0000] {processor.py:830} INFO - Processing file /opt/airflow/dags/supplychain_pipeline_dag.py for tasks to queue
[2025-09-21T19:15:28.158+0000] {logging_mixin.py:188} INFO - [2025-09-21T19:15:28.157+0000] {dagbag.py:545} INFO - Filling up the DagBag from /opt/airflow/dags/supplychain_pipeline_dag.py
[2025-09-21T19:15:29.540+0000] {logging_mixin.py:188} INFO - [2025-09-21T19:15:29.540+0000] {plot.py:39} ERROR - Importing plotly failed. Interactive plots will not work.
[2025-09-21T19:15:30.522+0000] {logging_mixin.py:188} INFO - [2025-09-21T19:15:30.521+0000] {config.py:75} INFO - Settings loaded (env=default)
[2025-09-21T19:15:30.633+0000] {logging_mixin.py:188} INFO - [2025-09-21T19:15:30.633+0000] {config.py:75} INFO - Settings loaded (env=default)
[2025-09-21T19:15:30.649+0000] {processor.py:840} INFO - DAG(s) 'supplychain_pipeline_dag' retrieved from /opt/airflow/dags/supplychain_pipeline_dag.py
[2025-09-21T19:15:30.700+0000] {logging_mixin.py:188} INFO - [2025-09-21T19:15:30.700+0000] {dag.py:3096} INFO - Sync 1 DAGs
[2025-09-21T19:15:30.725+0000] {logging_mixin.py:188} INFO - [2025-09-21T19:15:30.725+0000] {dag.py:3954} INFO - Setting next_dagrun for supplychain_pipeline_dag to 2025-09-21 00:00:00+00:00, run_after=2025-09-22 00:00:00+00:00
[2025-09-21T19:15:30.761+0000] {processor.py:183} INFO - Processing /opt/airflow/dags/supplychain_pipeline_dag.py took 2.618 seconds
[2025-09-21T19:16:00.948+0000] {processor.py:161} INFO - Started process (PID=843) to work on /opt/airflow/dags/supplychain_pipeline_dag.py
[2025-09-21T19:16:00.949+0000] {processor.py:830} INFO - Processing file /opt/airflow/dags/supplychain_pipeline_dag.py for tasks to queue
[2025-09-21T19:16:00.952+0000] {logging_mixin.py:188} INFO - [2025-09-21T19:16:00.952+0000] {dagbag.py:545} INFO - Filling up the DagBag from /opt/airflow/dags/supplychain_pipeline_dag.py
[2025-09-21T19:16:02.180+0000] {logging_mixin.py:188} INFO - [2025-09-21T19:16:02.180+0000] {plot.py:39} ERROR - Importing plotly failed. Interactive plots will not work.
[2025-09-21T19:16:03.006+0000] {logging_mixin.py:188} INFO - [2025-09-21T19:16:03.006+0000] {config.py:75} INFO - Settings loaded (env=default)
[2025-09-21T19:16:03.121+0000] {logging_mixin.py:188} INFO - [2025-09-21T19:16:03.121+0000] {config.py:75} INFO - Settings loaded (env=default)
[2025-09-21T19:16:03.139+0000] {processor.py:840} INFO - DAG(s) 'supplychain_pipeline_dag' retrieved from /opt/airflow/dags/supplychain_pipeline_dag.py
[2025-09-21T19:16:03.189+0000] {logging_mixin.py:188} INFO - [2025-09-21T19:16:03.189+0000] {dag.py:3096} INFO - Sync 1 DAGs
[2025-09-21T19:16:03.213+0000] {logging_mixin.py:188} INFO - [2025-09-21T19:16:03.213+0000] {dag.py:3954} INFO - Setting next_dagrun for supplychain_pipeline_dag to 2025-09-21 00:00:00+00:00, run_after=2025-09-22 00:00:00+00:00
[2025-09-21T19:16:03.242+0000] {processor.py:183} INFO - Processing /opt/airflow/dags/supplychain_pipeline_dag.py took 2.302 seconds
[2025-09-21T19:16:33.447+0000] {processor.py:161} INFO - Started process (PID=865) to work on /opt/airflow/dags/supplychain_pipeline_dag.py
[2025-09-21T19:16:33.449+0000] {processor.py:830} INFO - Processing file /opt/airflow/dags/supplychain_pipeline_dag.py for tasks to queue
[2025-09-21T19:16:33.452+0000] {logging_mixin.py:188} INFO - [2025-09-21T19:16:33.452+0000] {dagbag.py:545} INFO - Filling up the DagBag from /opt/airflow/dags/supplychain_pipeline_dag.py
[2025-09-21T19:16:34.728+0000] {logging_mixin.py:188} INFO - [2025-09-21T19:16:34.728+0000] {plot.py:39} ERROR - Importing plotly failed. Interactive plots will not work.
[2025-09-21T19:16:35.504+0000] {logging_mixin.py:188} INFO - [2025-09-21T19:16:35.503+0000] {config.py:75} INFO - Settings loaded (env=default)
[2025-09-21T19:16:35.628+0000] {logging_mixin.py:188} INFO - [2025-09-21T19:16:35.628+0000] {config.py:75} INFO - Settings loaded (env=default)
[2025-09-21T19:16:35.642+0000] {processor.py:840} INFO - DAG(s) 'supplychain_pipeline_dag' retrieved from /opt/airflow/dags/supplychain_pipeline_dag.py
[2025-09-21T19:16:35.687+0000] {logging_mixin.py:188} INFO - [2025-09-21T19:16:35.686+0000] {dag.py:3096} INFO - Sync 1 DAGs
[2025-09-21T19:16:35.709+0000] {logging_mixin.py:188} INFO - [2025-09-21T19:16:35.709+0000] {dag.py:3954} INFO - Setting next_dagrun for supplychain_pipeline_dag to 2025-09-21 00:00:00+00:00, run_after=2025-09-22 00:00:00+00:00
[2025-09-21T19:16:35.736+0000] {processor.py:183} INFO - Processing /opt/airflow/dags/supplychain_pipeline_dag.py took 2.295 seconds
[2025-09-21T19:17:05.939+0000] {processor.py:161} INFO - Started process (PID=887) to work on /opt/airflow/dags/supplychain_pipeline_dag.py
[2025-09-21T19:17:05.941+0000] {processor.py:830} INFO - Processing file /opt/airflow/dags/supplychain_pipeline_dag.py for tasks to queue
[2025-09-21T19:17:05.943+0000] {logging_mixin.py:188} INFO - [2025-09-21T19:17:05.943+0000] {dagbag.py:545} INFO - Filling up the DagBag from /opt/airflow/dags/supplychain_pipeline_dag.py
[2025-09-21T19:17:07.069+0000] {logging_mixin.py:188} INFO - [2025-09-21T19:17:07.069+0000] {plot.py:39} ERROR - Importing plotly failed. Interactive plots will not work.
[2025-09-21T19:17:07.813+0000] {logging_mixin.py:188} INFO - [2025-09-21T19:17:07.813+0000] {config.py:75} INFO - Settings loaded (env=default)
[2025-09-21T19:17:07.918+0000] {logging_mixin.py:188} INFO - [2025-09-21T19:17:07.918+0000] {config.py:75} INFO - Settings loaded (env=default)
[2025-09-21T19:17:07.932+0000] {processor.py:840} INFO - DAG(s) 'supplychain_pipeline_dag' retrieved from /opt/airflow/dags/supplychain_pipeline_dag.py
[2025-09-21T19:17:07.975+0000] {logging_mixin.py:188} INFO - [2025-09-21T19:17:07.975+0000] {dag.py:3096} INFO - Sync 1 DAGs
[2025-09-21T19:17:07.999+0000] {logging_mixin.py:188} INFO - [2025-09-21T19:17:07.999+0000] {dag.py:3954} INFO - Setting next_dagrun for supplychain_pipeline_dag to 2025-09-21 00:00:00+00:00, run_after=2025-09-22 00:00:00+00:00
[2025-09-21T19:17:08.037+0000] {processor.py:183} INFO - Processing /opt/airflow/dags/supplychain_pipeline_dag.py took 2.104 seconds
[2025-09-21T19:17:38.208+0000] {processor.py:161} INFO - Started process (PID=909) to work on /opt/airflow/dags/supplychain_pipeline_dag.py
[2025-09-21T19:17:38.209+0000] {processor.py:830} INFO - Processing file /opt/airflow/dags/supplychain_pipeline_dag.py for tasks to queue
[2025-09-21T19:17:38.213+0000] {logging_mixin.py:188} INFO - [2025-09-21T19:17:38.212+0000] {dagbag.py:545} INFO - Filling up the DagBag from /opt/airflow/dags/supplychain_pipeline_dag.py
[2025-09-21T19:17:39.309+0000] {logging_mixin.py:188} INFO - [2025-09-21T19:17:39.309+0000] {plot.py:39} ERROR - Importing plotly failed. Interactive plots will not work.
[2025-09-21T19:17:40.068+0000] {logging_mixin.py:188} INFO - [2025-09-21T19:17:40.068+0000] {config.py:75} INFO - Settings loaded (env=default)
[2025-09-21T19:17:40.178+0000] {logging_mixin.py:188} INFO - [2025-09-21T19:17:40.178+0000] {config.py:75} INFO - Settings loaded (env=default)
[2025-09-21T19:17:40.191+0000] {processor.py:840} INFO - DAG(s) 'supplychain_pipeline_dag' retrieved from /opt/airflow/dags/supplychain_pipeline_dag.py
[2025-09-21T19:17:40.236+0000] {logging_mixin.py:188} INFO - [2025-09-21T19:17:40.235+0000] {dag.py:3096} INFO - Sync 1 DAGs
[2025-09-21T19:17:40.261+0000] {logging_mixin.py:188} INFO - [2025-09-21T19:17:40.261+0000] {dag.py:3954} INFO - Setting next_dagrun for supplychain_pipeline_dag to 2025-09-21 00:00:00+00:00, run_after=2025-09-22 00:00:00+00:00
[2025-09-21T19:17:40.288+0000] {processor.py:183} INFO - Processing /opt/airflow/dags/supplychain_pipeline_dag.py took 2.087 seconds
[2025-09-21T19:18:10.466+0000] {processor.py:161} INFO - Started process (PID=931) to work on /opt/airflow/dags/supplychain_pipeline_dag.py
[2025-09-21T19:18:10.468+0000] {processor.py:830} INFO - Processing file /opt/airflow/dags/supplychain_pipeline_dag.py for tasks to queue
[2025-09-21T19:18:10.472+0000] {logging_mixin.py:188} INFO - [2025-09-21T19:18:10.471+0000] {dagbag.py:545} INFO - Filling up the DagBag from /opt/airflow/dags/supplychain_pipeline_dag.py
[2025-09-21T19:18:11.605+0000] {logging_mixin.py:188} INFO - [2025-09-21T19:18:11.605+0000] {plot.py:39} ERROR - Importing plotly failed. Interactive plots will not work.
[2025-09-21T19:18:12.375+0000] {logging_mixin.py:188} INFO - [2025-09-21T19:18:12.375+0000] {config.py:75} INFO - Settings loaded (env=default)
[2025-09-21T19:18:12.482+0000] {logging_mixin.py:188} INFO - [2025-09-21T19:18:12.481+0000] {config.py:75} INFO - Settings loaded (env=default)
[2025-09-21T19:18:12.495+0000] {processor.py:840} INFO - DAG(s) 'supplychain_pipeline_dag' retrieved from /opt/airflow/dags/supplychain_pipeline_dag.py
[2025-09-21T19:18:12.539+0000] {logging_mixin.py:188} INFO - [2025-09-21T19:18:12.538+0000] {dag.py:3096} INFO - Sync 1 DAGs
[2025-09-21T19:18:12.560+0000] {logging_mixin.py:188} INFO - [2025-09-21T19:18:12.560+0000] {dag.py:3954} INFO - Setting next_dagrun for supplychain_pipeline_dag to 2025-09-21 00:00:00+00:00, run_after=2025-09-22 00:00:00+00:00
[2025-09-21T19:18:12.589+0000] {processor.py:183} INFO - Processing /opt/airflow/dags/supplychain_pipeline_dag.py took 2.130 seconds
[2025-09-21T19:18:42.744+0000] {processor.py:161} INFO - Started process (PID=953) to work on /opt/airflow/dags/supplychain_pipeline_dag.py
[2025-09-21T19:18:42.745+0000] {processor.py:830} INFO - Processing file /opt/airflow/dags/supplychain_pipeline_dag.py for tasks to queue
[2025-09-21T19:18:42.748+0000] {logging_mixin.py:188} INFO - [2025-09-21T19:18:42.747+0000] {dagbag.py:545} INFO - Filling up the DagBag from /opt/airflow/dags/supplychain_pipeline_dag.py
[2025-09-21T19:18:43.991+0000] {logging_mixin.py:188} INFO - [2025-09-21T19:18:43.991+0000] {plot.py:39} ERROR - Importing plotly failed. Interactive plots will not work.
[2025-09-21T19:18:44.916+0000] {logging_mixin.py:188} INFO - [2025-09-21T19:18:44.915+0000] {config.py:75} INFO - Settings loaded (env=default)
[2025-09-21T19:18:45.029+0000] {logging_mixin.py:188} INFO - [2025-09-21T19:18:45.029+0000] {config.py:75} INFO - Settings loaded (env=default)
[2025-09-21T19:18:45.044+0000] {processor.py:840} INFO - DAG(s) 'supplychain_pipeline_dag' retrieved from /opt/airflow/dags/supplychain_pipeline_dag.py
[2025-09-21T19:18:45.088+0000] {logging_mixin.py:188} INFO - [2025-09-21T19:18:45.087+0000] {dag.py:3096} INFO - Sync 1 DAGs
[2025-09-21T19:18:45.113+0000] {logging_mixin.py:188} INFO - [2025-09-21T19:18:45.113+0000] {dag.py:3954} INFO - Setting next_dagrun for supplychain_pipeline_dag to 2025-09-21 00:00:00+00:00, run_after=2025-09-22 00:00:00+00:00
[2025-09-21T19:18:45.141+0000] {processor.py:183} INFO - Processing /opt/airflow/dags/supplychain_pipeline_dag.py took 2.404 seconds
[2025-09-21T19:19:42.609+0000] {processor.py:161} INFO - Started process (PID=172) to work on /opt/airflow/dags/supplychain_pipeline_dag.py
[2025-09-21T19:19:42.611+0000] {processor.py:830} INFO - Processing file /opt/airflow/dags/supplychain_pipeline_dag.py for tasks to queue
[2025-09-21T19:19:42.615+0000] {logging_mixin.py:188} INFO - [2025-09-21T19:19:42.614+0000] {dagbag.py:545} INFO - Filling up the DagBag from /opt/airflow/dags/supplychain_pipeline_dag.py
[2025-09-21T19:19:44.210+0000] {logging_mixin.py:188} INFO - [2025-09-21T19:19:44.209+0000] {font_manager.py:1639} INFO - generated new fontManager
[2025-09-21T19:19:44.489+0000] {logging_mixin.py:188} INFO - [2025-09-21T19:19:44.489+0000] {plot.py:39} ERROR - Importing plotly failed. Interactive plots will not work.
[2025-09-21T19:19:45.797+0000] {logging_mixin.py:188} INFO - [2025-09-21T19:19:45.796+0000] {config.py:75} INFO - Settings loaded (env=default)
[2025-09-21T19:19:46.041+0000] {logging_mixin.py:188} INFO - [2025-09-21T19:19:46.041+0000] {config.py:75} INFO - Settings loaded (env=default)
[2025-09-21T19:19:46.083+0000] {processor.py:840} INFO - DAG(s) 'supplychain_pipeline_dag' retrieved from /opt/airflow/dags/supplychain_pipeline_dag.py
[2025-09-21T19:19:46.354+0000] {logging_mixin.py:188} INFO - [2025-09-21T19:19:46.353+0000] {override.py:1829} INFO - Created Permission View: can edit on DAG:supplychain_pipeline_dag
[2025-09-21T19:19:46.369+0000] {logging_mixin.py:188} INFO - [2025-09-21T19:19:46.368+0000] {override.py:1829} INFO - Created Permission View: can read on DAG:supplychain_pipeline_dag
[2025-09-21T19:19:46.383+0000] {logging_mixin.py:188} INFO - [2025-09-21T19:19:46.382+0000] {override.py:1829} INFO - Created Permission View: can delete on DAG:supplychain_pipeline_dag
[2025-09-21T19:19:46.384+0000] {logging_mixin.py:188} INFO - [2025-09-21T19:19:46.383+0000] {dag.py:3096} INFO - Sync 1 DAGs
[2025-09-21T19:19:46.397+0000] {logging_mixin.py:188} INFO - [2025-09-21T19:19:46.396+0000] {dag.py:3118} INFO - Creating ORM DAG for supplychain_pipeline_dag
[2025-09-21T19:19:46.408+0000] {logging_mixin.py:188} INFO - [2025-09-21T19:19:46.408+0000] {dag.py:3954} INFO - Setting next_dagrun for supplychain_pipeline_dag to 2025-09-20 00:00:00+00:00, run_after=2025-09-21 00:00:00+00:00
[2025-09-21T19:19:46.442+0000] {processor.py:183} INFO - Processing /opt/airflow/dags/supplychain_pipeline_dag.py took 3.842 seconds
[2025-09-21T19:20:16.641+0000] {processor.py:161} INFO - Started process (PID=196) to work on /opt/airflow/dags/supplychain_pipeline_dag.py
[2025-09-21T19:20:16.643+0000] {processor.py:830} INFO - Processing file /opt/airflow/dags/supplychain_pipeline_dag.py for tasks to queue
[2025-09-21T19:20:16.646+0000] {logging_mixin.py:188} INFO - [2025-09-21T19:20:16.645+0000] {dagbag.py:545} INFO - Filling up the DagBag from /opt/airflow/dags/supplychain_pipeline_dag.py
[2025-09-21T19:20:17.791+0000] {logging_mixin.py:188} INFO - [2025-09-21T19:20:17.791+0000] {plot.py:39} ERROR - Importing plotly failed. Interactive plots will not work.
[2025-09-21T19:20:19.429+0000] {logging_mixin.py:188} INFO - [2025-09-21T19:20:19.428+0000] {config.py:75} INFO - Settings loaded (env=default)
[2025-09-21T19:20:19.537+0000] {logging_mixin.py:188} INFO - [2025-09-21T19:20:19.536+0000] {config.py:75} INFO - Settings loaded (env=default)
[2025-09-21T19:20:19.550+0000] {processor.py:840} INFO - DAG(s) 'supplychain_pipeline_dag' retrieved from /opt/airflow/dags/supplychain_pipeline_dag.py
[2025-09-21T19:20:19.594+0000] {logging_mixin.py:188} INFO - [2025-09-21T19:20:19.594+0000] {dag.py:3096} INFO - Sync 1 DAGs
[2025-09-21T19:20:19.617+0000] {logging_mixin.py:188} INFO - [2025-09-21T19:20:19.617+0000] {dag.py:3954} INFO - Setting next_dagrun for supplychain_pipeline_dag to 2025-09-20 00:00:00+00:00, run_after=2025-09-21 00:00:00+00:00
[2025-09-21T19:20:19.651+0000] {processor.py:183} INFO - Processing /opt/airflow/dags/supplychain_pipeline_dag.py took 2.139 seconds
[2025-09-21T19:20:50.802+0000] {processor.py:161} INFO - Started process (PID=255) to work on /opt/airflow/dags/supplychain_pipeline_dag.py
[2025-09-21T19:20:50.804+0000] {processor.py:830} INFO - Processing file /opt/airflow/dags/supplychain_pipeline_dag.py for tasks to queue
[2025-09-21T19:20:50.808+0000] {logging_mixin.py:188} INFO - [2025-09-21T19:20:50.807+0000] {dagbag.py:545} INFO - Filling up the DagBag from /opt/airflow/dags/supplychain_pipeline_dag.py
[2025-09-21T19:20:52.044+0000] {logging_mixin.py:188} INFO - [2025-09-21T19:20:52.044+0000] {plot.py:39} ERROR - Importing plotly failed. Interactive plots will not work.
[2025-09-21T19:20:52.854+0000] {logging_mixin.py:188} INFO - [2025-09-21T19:20:52.854+0000] {config.py:75} INFO - Settings loaded (env=default)
[2025-09-21T19:20:52.973+0000] {logging_mixin.py:188} INFO - [2025-09-21T19:20:52.973+0000] {config.py:75} INFO - Settings loaded (env=default)
[2025-09-21T19:20:52.988+0000] {processor.py:840} INFO - DAG(s) 'supplychain_pipeline_dag' retrieved from /opt/airflow/dags/supplychain_pipeline_dag.py
[2025-09-21T19:20:53.038+0000] {logging_mixin.py:188} INFO - [2025-09-21T19:20:53.038+0000] {dag.py:3096} INFO - Sync 1 DAGs
[2025-09-21T19:20:53.061+0000] {logging_mixin.py:188} INFO - [2025-09-21T19:20:53.060+0000] {dag.py:3954} INFO - Setting next_dagrun for supplychain_pipeline_dag to 2025-09-21 00:00:00+00:00, run_after=2025-09-22 00:00:00+00:00
[2025-09-21T19:20:53.089+0000] {processor.py:183} INFO - Processing /opt/airflow/dags/supplychain_pipeline_dag.py took 2.296 seconds
[2025-09-21T19:21:23.253+0000] {processor.py:161} INFO - Started process (PID=315) to work on /opt/airflow/dags/supplychain_pipeline_dag.py
[2025-09-21T19:21:23.255+0000] {processor.py:830} INFO - Processing file /opt/airflow/dags/supplychain_pipeline_dag.py for tasks to queue
[2025-09-21T19:21:23.258+0000] {logging_mixin.py:188} INFO - [2025-09-21T19:21:23.258+0000] {dagbag.py:545} INFO - Filling up the DagBag from /opt/airflow/dags/supplychain_pipeline_dag.py
[2025-09-21T19:21:24.405+0000] {logging_mixin.py:188} INFO - [2025-09-21T19:21:24.405+0000] {plot.py:39} ERROR - Importing plotly failed. Interactive plots will not work.
[2025-09-21T19:21:25.195+0000] {logging_mixin.py:188} INFO - [2025-09-21T19:21:25.195+0000] {config.py:75} INFO - Settings loaded (env=default)
[2025-09-21T19:21:25.309+0000] {logging_mixin.py:188} INFO - [2025-09-21T19:21:25.309+0000] {config.py:75} INFO - Settings loaded (env=default)
[2025-09-21T19:21:25.325+0000] {processor.py:840} INFO - DAG(s) 'supplychain_pipeline_dag' retrieved from /opt/airflow/dags/supplychain_pipeline_dag.py
[2025-09-21T19:21:25.372+0000] {logging_mixin.py:188} INFO - [2025-09-21T19:21:25.372+0000] {dag.py:3096} INFO - Sync 1 DAGs
[2025-09-21T19:21:25.395+0000] {logging_mixin.py:188} INFO - [2025-09-21T19:21:25.395+0000] {dag.py:3954} INFO - Setting next_dagrun for supplychain_pipeline_dag to 2025-09-21 00:00:00+00:00, run_after=2025-09-22 00:00:00+00:00
[2025-09-21T19:21:25.424+0000] {processor.py:183} INFO - Processing /opt/airflow/dags/supplychain_pipeline_dag.py took 2.177 seconds
[2025-09-21T19:21:55.597+0000] {processor.py:161} INFO - Started process (PID=337) to work on /opt/airflow/dags/supplychain_pipeline_dag.py
[2025-09-21T19:21:55.598+0000] {processor.py:830} INFO - Processing file /opt/airflow/dags/supplychain_pipeline_dag.py for tasks to queue
[2025-09-21T19:21:55.601+0000] {logging_mixin.py:188} INFO - [2025-09-21T19:21:55.600+0000] {dagbag.py:545} INFO - Filling up the DagBag from /opt/airflow/dags/supplychain_pipeline_dag.py
[2025-09-21T19:21:56.836+0000] {logging_mixin.py:188} INFO - [2025-09-21T19:21:56.835+0000] {plot.py:39} ERROR - Importing plotly failed. Interactive plots will not work.
[2025-09-21T19:21:57.624+0000] {logging_mixin.py:188} INFO - [2025-09-21T19:21:57.623+0000] {config.py:75} INFO - Settings loaded (env=default)
[2025-09-21T19:21:57.738+0000] {logging_mixin.py:188} INFO - [2025-09-21T19:21:57.737+0000] {config.py:75} INFO - Settings loaded (env=default)
[2025-09-21T19:21:57.753+0000] {processor.py:840} INFO - DAG(s) 'supplychain_pipeline_dag' retrieved from /opt/airflow/dags/supplychain_pipeline_dag.py
[2025-09-21T19:21:57.800+0000] {logging_mixin.py:188} INFO - [2025-09-21T19:21:57.800+0000] {dag.py:3096} INFO - Sync 1 DAGs
[2025-09-21T19:21:57.824+0000] {logging_mixin.py:188} INFO - [2025-09-21T19:21:57.824+0000] {dag.py:3954} INFO - Setting next_dagrun for supplychain_pipeline_dag to 2025-09-21 00:00:00+00:00, run_after=2025-09-22 00:00:00+00:00
[2025-09-21T19:21:57.853+0000] {processor.py:183} INFO - Processing /opt/airflow/dags/supplychain_pipeline_dag.py took 2.263 seconds
[2025-09-21T19:22:28.033+0000] {processor.py:161} INFO - Started process (PID=359) to work on /opt/airflow/dags/supplychain_pipeline_dag.py
[2025-09-21T19:22:28.034+0000] {processor.py:830} INFO - Processing file /opt/airflow/dags/supplychain_pipeline_dag.py for tasks to queue
[2025-09-21T19:22:28.038+0000] {logging_mixin.py:188} INFO - [2025-09-21T19:22:28.037+0000] {dagbag.py:545} INFO - Filling up the DagBag from /opt/airflow/dags/supplychain_pipeline_dag.py
[2025-09-21T19:22:29.189+0000] {logging_mixin.py:188} INFO - [2025-09-21T19:22:29.188+0000] {plot.py:39} ERROR - Importing plotly failed. Interactive plots will not work.
[2025-09-21T19:22:30.002+0000] {logging_mixin.py:188} INFO - [2025-09-21T19:22:30.002+0000] {config.py:75} INFO - Settings loaded (env=default)
[2025-09-21T19:22:30.124+0000] {logging_mixin.py:188} INFO - [2025-09-21T19:22:30.123+0000] {config.py:75} INFO - Settings loaded (env=default)
[2025-09-21T19:22:30.138+0000] {processor.py:840} INFO - DAG(s) 'supplychain_pipeline_dag' retrieved from /opt/airflow/dags/supplychain_pipeline_dag.py
[2025-09-21T19:22:30.181+0000] {logging_mixin.py:188} INFO - [2025-09-21T19:22:30.181+0000] {dag.py:3096} INFO - Sync 1 DAGs
[2025-09-21T19:22:30.206+0000] {logging_mixin.py:188} INFO - [2025-09-21T19:22:30.206+0000] {dag.py:3954} INFO - Setting next_dagrun for supplychain_pipeline_dag to 2025-09-21 00:00:00+00:00, run_after=2025-09-22 00:00:00+00:00
[2025-09-21T19:22:30.241+0000] {processor.py:183} INFO - Processing /opt/airflow/dags/supplychain_pipeline_dag.py took 2.216 seconds
[2025-09-21T19:23:00.418+0000] {processor.py:161} INFO - Started process (PID=381) to work on /opt/airflow/dags/supplychain_pipeline_dag.py
[2025-09-21T19:23:00.420+0000] {processor.py:830} INFO - Processing file /opt/airflow/dags/supplychain_pipeline_dag.py for tasks to queue
[2025-09-21T19:23:00.424+0000] {logging_mixin.py:188} INFO - [2025-09-21T19:23:00.423+0000] {dagbag.py:545} INFO - Filling up the DagBag from /opt/airflow/dags/supplychain_pipeline_dag.py
[2025-09-21T19:23:01.743+0000] {logging_mixin.py:188} INFO - [2025-09-21T19:23:01.742+0000] {plot.py:39} ERROR - Importing plotly failed. Interactive plots will not work.
[2025-09-21T19:23:02.576+0000] {logging_mixin.py:188} INFO - [2025-09-21T19:23:02.575+0000] {config.py:75} INFO - Settings loaded (env=default)
[2025-09-21T19:23:02.685+0000] {logging_mixin.py:188} INFO - [2025-09-21T19:23:02.684+0000] {config.py:75} INFO - Settings loaded (env=default)
[2025-09-21T19:23:02.698+0000] {processor.py:840} INFO - DAG(s) 'supplychain_pipeline_dag' retrieved from /opt/airflow/dags/supplychain_pipeline_dag.py
[2025-09-21T19:23:02.745+0000] {logging_mixin.py:188} INFO - [2025-09-21T19:23:02.744+0000] {dag.py:3096} INFO - Sync 1 DAGs
[2025-09-21T19:23:02.777+0000] {logging_mixin.py:188} INFO - [2025-09-21T19:23:02.776+0000] {dag.py:3954} INFO - Setting next_dagrun for supplychain_pipeline_dag to 2025-09-21 00:00:00+00:00, run_after=2025-09-22 00:00:00+00:00
[2025-09-21T19:23:02.811+0000] {processor.py:183} INFO - Processing /opt/airflow/dags/supplychain_pipeline_dag.py took 2.401 seconds
[2025-09-21T19:23:33.008+0000] {processor.py:161} INFO - Started process (PID=403) to work on /opt/airflow/dags/supplychain_pipeline_dag.py
[2025-09-21T19:23:33.010+0000] {processor.py:830} INFO - Processing file /opt/airflow/dags/supplychain_pipeline_dag.py for tasks to queue
[2025-09-21T19:23:33.013+0000] {logging_mixin.py:188} INFO - [2025-09-21T19:23:33.012+0000] {dagbag.py:545} INFO - Filling up the DagBag from /opt/airflow/dags/supplychain_pipeline_dag.py
[2025-09-21T19:23:34.153+0000] {logging_mixin.py:188} INFO - [2025-09-21T19:23:34.153+0000] {plot.py:39} ERROR - Importing plotly failed. Interactive plots will not work.
[2025-09-21T19:23:35.000+0000] {logging_mixin.py:188} INFO - [2025-09-21T19:23:35.000+0000] {config.py:75} INFO - Settings loaded (env=default)
[2025-09-21T19:23:35.112+0000] {logging_mixin.py:188} INFO - [2025-09-21T19:23:35.111+0000] {config.py:75} INFO - Settings loaded (env=default)
[2025-09-21T19:23:35.126+0000] {processor.py:840} INFO - DAG(s) 'supplychain_pipeline_dag' retrieved from /opt/airflow/dags/supplychain_pipeline_dag.py
[2025-09-21T19:23:35.171+0000] {logging_mixin.py:188} INFO - [2025-09-21T19:23:35.170+0000] {dag.py:3096} INFO - Sync 1 DAGs
[2025-09-21T19:23:35.196+0000] {logging_mixin.py:188} INFO - [2025-09-21T19:23:35.195+0000] {dag.py:3954} INFO - Setting next_dagrun for supplychain_pipeline_dag to 2025-09-21 00:00:00+00:00, run_after=2025-09-22 00:00:00+00:00
[2025-09-21T19:23:35.223+0000] {processor.py:183} INFO - Processing /opt/airflow/dags/supplychain_pipeline_dag.py took 2.221 seconds
[2025-09-21T19:24:05.411+0000] {processor.py:161} INFO - Started process (PID=425) to work on /opt/airflow/dags/supplychain_pipeline_dag.py
[2025-09-21T19:24:05.413+0000] {processor.py:830} INFO - Processing file /opt/airflow/dags/supplychain_pipeline_dag.py for tasks to queue
[2025-09-21T19:24:05.416+0000] {logging_mixin.py:188} INFO - [2025-09-21T19:24:05.416+0000] {dagbag.py:545} INFO - Filling up the DagBag from /opt/airflow/dags/supplychain_pipeline_dag.py
[2025-09-21T19:24:06.854+0000] {logging_mixin.py:188} INFO - [2025-09-21T19:24:06.854+0000] {plot.py:39} ERROR - Importing plotly failed. Interactive plots will not work.
[2025-09-21T19:24:07.967+0000] {logging_mixin.py:188} INFO - [2025-09-21T19:24:07.966+0000] {config.py:75} INFO - Settings loaded (env=default)
[2025-09-21T19:24:08.098+0000] {logging_mixin.py:188} INFO - [2025-09-21T19:24:08.098+0000] {config.py:75} INFO - Settings loaded (env=default)
[2025-09-21T19:24:08.115+0000] {processor.py:840} INFO - DAG(s) 'supplychain_pipeline_dag' retrieved from /opt/airflow/dags/supplychain_pipeline_dag.py
[2025-09-21T19:24:08.169+0000] {logging_mixin.py:188} INFO - [2025-09-21T19:24:08.168+0000] {dag.py:3096} INFO - Sync 1 DAGs
[2025-09-21T19:24:08.206+0000] {logging_mixin.py:188} INFO - [2025-09-21T19:24:08.205+0000] {dag.py:3954} INFO - Setting next_dagrun for supplychain_pipeline_dag to 2025-09-21 00:00:00+00:00, run_after=2025-09-22 00:00:00+00:00
[2025-09-21T19:24:08.235+0000] {processor.py:183} INFO - Processing /opt/airflow/dags/supplychain_pipeline_dag.py took 2.832 seconds
[2025-09-21T19:24:38.410+0000] {processor.py:161} INFO - Started process (PID=447) to work on /opt/airflow/dags/supplychain_pipeline_dag.py
[2025-09-21T19:24:38.412+0000] {processor.py:830} INFO - Processing file /opt/airflow/dags/supplychain_pipeline_dag.py for tasks to queue
[2025-09-21T19:24:38.414+0000] {logging_mixin.py:188} INFO - [2025-09-21T19:24:38.414+0000] {dagbag.py:545} INFO - Filling up the DagBag from /opt/airflow/dags/supplychain_pipeline_dag.py
[2025-09-21T19:24:39.582+0000] {logging_mixin.py:188} INFO - [2025-09-21T19:24:39.582+0000] {plot.py:39} ERROR - Importing plotly failed. Interactive plots will not work.
[2025-09-21T19:24:40.387+0000] {logging_mixin.py:188} INFO - [2025-09-21T19:24:40.387+0000] {config.py:75} INFO - Settings loaded (env=default)
[2025-09-21T19:24:40.506+0000] {logging_mixin.py:188} INFO - [2025-09-21T19:24:40.505+0000] {config.py:75} INFO - Settings loaded (env=default)
[2025-09-21T19:24:40.521+0000] {processor.py:840} INFO - DAG(s) 'supplychain_pipeline_dag' retrieved from /opt/airflow/dags/supplychain_pipeline_dag.py
[2025-09-21T19:24:40.567+0000] {logging_mixin.py:188} INFO - [2025-09-21T19:24:40.566+0000] {dag.py:3096} INFO - Sync 1 DAGs
[2025-09-21T19:24:40.590+0000] {logging_mixin.py:188} INFO - [2025-09-21T19:24:40.589+0000] {dag.py:3954} INFO - Setting next_dagrun for supplychain_pipeline_dag to 2025-09-21 00:00:00+00:00, run_after=2025-09-22 00:00:00+00:00
[2025-09-21T19:24:40.628+0000] {processor.py:183} INFO - Processing /opt/airflow/dags/supplychain_pipeline_dag.py took 2.225 seconds
[2025-09-21T19:25:10.847+0000] {processor.py:161} INFO - Started process (PID=469) to work on /opt/airflow/dags/supplychain_pipeline_dag.py
[2025-09-21T19:25:10.849+0000] {processor.py:830} INFO - Processing file /opt/airflow/dags/supplychain_pipeline_dag.py for tasks to queue
[2025-09-21T19:25:10.851+0000] {logging_mixin.py:188} INFO - [2025-09-21T19:25:10.851+0000] {dagbag.py:545} INFO - Filling up the DagBag from /opt/airflow/dags/supplychain_pipeline_dag.py
[2025-09-21T19:25:12.040+0000] {logging_mixin.py:188} INFO - [2025-09-21T19:25:12.039+0000] {plot.py:39} ERROR - Importing plotly failed. Interactive plots will not work.
[2025-09-21T19:25:12.806+0000] {logging_mixin.py:188} INFO - [2025-09-21T19:25:12.806+0000] {config.py:75} INFO - Settings loaded (env=default)
[2025-09-21T19:25:12.920+0000] {logging_mixin.py:188} INFO - [2025-09-21T19:25:12.919+0000] {config.py:75} INFO - Settings loaded (env=default)
[2025-09-21T19:25:12.933+0000] {processor.py:840} INFO - DAG(s) 'supplychain_pipeline_dag' retrieved from /opt/airflow/dags/supplychain_pipeline_dag.py
[2025-09-21T19:25:12.981+0000] {logging_mixin.py:188} INFO - [2025-09-21T19:25:12.980+0000] {dag.py:3096} INFO - Sync 1 DAGs
[2025-09-21T19:25:13.005+0000] {logging_mixin.py:188} INFO - [2025-09-21T19:25:13.004+0000] {dag.py:3954} INFO - Setting next_dagrun for supplychain_pipeline_dag to 2025-09-21 00:00:00+00:00, run_after=2025-09-22 00:00:00+00:00
[2025-09-21T19:25:13.029+0000] {processor.py:183} INFO - Processing /opt/airflow/dags/supplychain_pipeline_dag.py took 2.188 seconds
[2025-09-21T19:25:43.214+0000] {processor.py:161} INFO - Started process (PID=491) to work on /opt/airflow/dags/supplychain_pipeline_dag.py
[2025-09-21T19:25:43.215+0000] {processor.py:830} INFO - Processing file /opt/airflow/dags/supplychain_pipeline_dag.py for tasks to queue
[2025-09-21T19:25:43.218+0000] {logging_mixin.py:188} INFO - [2025-09-21T19:25:43.218+0000] {dagbag.py:545} INFO - Filling up the DagBag from /opt/airflow/dags/supplychain_pipeline_dag.py
[2025-09-21T19:25:44.578+0000] {logging_mixin.py:188} INFO - [2025-09-21T19:25:44.578+0000] {plot.py:39} ERROR - Importing plotly failed. Interactive plots will not work.
[2025-09-21T19:25:45.535+0000] {logging_mixin.py:188} INFO - [2025-09-21T19:25:45.535+0000] {config.py:75} INFO - Settings loaded (env=default)
[2025-09-21T19:25:45.660+0000] {logging_mixin.py:188} INFO - [2025-09-21T19:25:45.660+0000] {config.py:75} INFO - Settings loaded (env=default)
[2025-09-21T19:25:45.674+0000] {processor.py:840} INFO - DAG(s) 'supplychain_pipeline_dag' retrieved from /opt/airflow/dags/supplychain_pipeline_dag.py
[2025-09-21T19:25:45.720+0000] {logging_mixin.py:188} INFO - [2025-09-21T19:25:45.719+0000] {dag.py:3096} INFO - Sync 1 DAGs
[2025-09-21T19:25:45.758+0000] {logging_mixin.py:188} INFO - [2025-09-21T19:25:45.757+0000] {dag.py:3954} INFO - Setting next_dagrun for supplychain_pipeline_dag to 2025-09-21 00:00:00+00:00, run_after=2025-09-22 00:00:00+00:00
[2025-09-21T19:25:45.787+0000] {processor.py:183} INFO - Processing /opt/airflow/dags/supplychain_pipeline_dag.py took 2.581 seconds
[2025-09-21T19:26:15.968+0000] {processor.py:161} INFO - Started process (PID=513) to work on /opt/airflow/dags/supplychain_pipeline_dag.py
[2025-09-21T19:26:15.969+0000] {processor.py:830} INFO - Processing file /opt/airflow/dags/supplychain_pipeline_dag.py for tasks to queue
[2025-09-21T19:26:15.972+0000] {logging_mixin.py:188} INFO - [2025-09-21T19:26:15.972+0000] {dagbag.py:545} INFO - Filling up the DagBag from /opt/airflow/dags/supplychain_pipeline_dag.py
[2025-09-21T19:26:17.144+0000] {logging_mixin.py:188} INFO - [2025-09-21T19:26:17.143+0000] {plot.py:39} ERROR - Importing plotly failed. Interactive plots will not work.
[2025-09-21T19:26:17.923+0000] {logging_mixin.py:188} INFO - [2025-09-21T19:26:17.923+0000] {config.py:75} INFO - Settings loaded (env=default)
[2025-09-21T19:26:18.029+0000] {logging_mixin.py:188} INFO - [2025-09-21T19:26:18.029+0000] {config.py:75} INFO - Settings loaded (env=default)
[2025-09-21T19:26:18.042+0000] {processor.py:840} INFO - DAG(s) 'supplychain_pipeline_dag' retrieved from /opt/airflow/dags/supplychain_pipeline_dag.py
[2025-09-21T19:26:18.088+0000] {logging_mixin.py:188} INFO - [2025-09-21T19:26:18.087+0000] {dag.py:3096} INFO - Sync 1 DAGs
[2025-09-21T19:26:18.113+0000] {logging_mixin.py:188} INFO - [2025-09-21T19:26:18.113+0000] {dag.py:3954} INFO - Setting next_dagrun for supplychain_pipeline_dag to 2025-09-21 00:00:00+00:00, run_after=2025-09-22 00:00:00+00:00
[2025-09-21T19:26:18.140+0000] {processor.py:183} INFO - Processing /opt/airflow/dags/supplychain_pipeline_dag.py took 2.181 seconds
[2025-09-21T19:26:48.298+0000] {processor.py:161} INFO - Started process (PID=535) to work on /opt/airflow/dags/supplychain_pipeline_dag.py
[2025-09-21T19:26:48.300+0000] {processor.py:830} INFO - Processing file /opt/airflow/dags/supplychain_pipeline_dag.py for tasks to queue
[2025-09-21T19:26:48.302+0000] {logging_mixin.py:188} INFO - [2025-09-21T19:26:48.302+0000] {dagbag.py:545} INFO - Filling up the DagBag from /opt/airflow/dags/supplychain_pipeline_dag.py
[2025-09-21T19:26:49.413+0000] {logging_mixin.py:188} INFO - [2025-09-21T19:26:49.412+0000] {plot.py:39} ERROR - Importing plotly failed. Interactive plots will not work.
[2025-09-21T19:26:50.235+0000] {logging_mixin.py:188} INFO - [2025-09-21T19:26:50.235+0000] {config.py:75} INFO - Settings loaded (env=default)
[2025-09-21T19:26:50.351+0000] {logging_mixin.py:188} INFO - [2025-09-21T19:26:50.351+0000] {config.py:75} INFO - Settings loaded (env=default)
[2025-09-21T19:26:50.367+0000] {processor.py:840} INFO - DAG(s) 'supplychain_pipeline_dag' retrieved from /opt/airflow/dags/supplychain_pipeline_dag.py
[2025-09-21T19:26:50.411+0000] {logging_mixin.py:188} INFO - [2025-09-21T19:26:50.411+0000] {dag.py:3096} INFO - Sync 1 DAGs
[2025-09-21T19:26:50.434+0000] {logging_mixin.py:188} INFO - [2025-09-21T19:26:50.434+0000] {dag.py:3954} INFO - Setting next_dagrun for supplychain_pipeline_dag to 2025-09-21 00:00:00+00:00, run_after=2025-09-22 00:00:00+00:00
[2025-09-21T19:26:50.463+0000] {processor.py:183} INFO - Processing /opt/airflow/dags/supplychain_pipeline_dag.py took 2.172 seconds
[2025-09-21T19:28:20.216+0000] {processor.py:161} INFO - Started process (PID=172) to work on /opt/airflow/dags/supplychain_pipeline_dag.py
[2025-09-21T19:28:20.218+0000] {processor.py:830} INFO - Processing file /opt/airflow/dags/supplychain_pipeline_dag.py for tasks to queue
[2025-09-21T19:28:20.221+0000] {logging_mixin.py:188} INFO - [2025-09-21T19:28:20.221+0000] {dagbag.py:545} INFO - Filling up the DagBag from /opt/airflow/dags/supplychain_pipeline_dag.py
[2025-09-21T19:28:21.595+0000] {logging_mixin.py:188} INFO - [2025-09-21T19:28:21.595+0000] {font_manager.py:1639} INFO - generated new fontManager
[2025-09-21T19:28:21.819+0000] {logging_mixin.py:188} INFO - [2025-09-21T19:28:21.818+0000] {plot.py:39} ERROR - Importing plotly failed. Interactive plots will not work.
[2025-09-21T19:28:22.985+0000] {logging_mixin.py:188} INFO - [2025-09-21T19:28:22.985+0000] {config.py:75} INFO - Settings loaded (env=default)
[2025-09-21T19:28:23.375+0000] {logging_mixin.py:188} INFO - [2025-09-21T19:28:23.375+0000] {config.py:75} INFO - Settings loaded (env=default)
[2025-09-21T19:28:23.418+0000] {processor.py:840} INFO - DAG(s) 'supplychain_pipeline_dag' retrieved from /opt/airflow/dags/supplychain_pipeline_dag.py
[2025-09-21T19:28:23.715+0000] {logging_mixin.py:188} INFO - [2025-09-21T19:28:23.714+0000] {override.py:1829} INFO - Created Permission View: can delete on DAG:supplychain_pipeline_dag
[2025-09-21T19:28:23.730+0000] {logging_mixin.py:188} INFO - [2025-09-21T19:28:23.729+0000] {override.py:1829} INFO - Created Permission View: can edit on DAG:supplychain_pipeline_dag
[2025-09-21T19:28:23.741+0000] {logging_mixin.py:188} INFO - [2025-09-21T19:28:23.740+0000] {override.py:1829} INFO - Created Permission View: can read on DAG:supplychain_pipeline_dag
[2025-09-21T19:28:23.742+0000] {logging_mixin.py:188} INFO - [2025-09-21T19:28:23.741+0000] {dag.py:3096} INFO - Sync 1 DAGs
[2025-09-21T19:28:23.756+0000] {logging_mixin.py:188} INFO - [2025-09-21T19:28:23.756+0000] {dag.py:3118} INFO - Creating ORM DAG for supplychain_pipeline_dag
[2025-09-21T19:28:23.769+0000] {logging_mixin.py:188} INFO - [2025-09-21T19:28:23.768+0000] {dag.py:3954} INFO - Setting next_dagrun for supplychain_pipeline_dag to 2025-09-20 00:00:00+00:00, run_after=2025-09-21 00:00:00+00:00
[2025-09-21T19:28:23.804+0000] {processor.py:183} INFO - Processing /opt/airflow/dags/supplychain_pipeline_dag.py took 3.593 seconds
[2025-09-21T19:28:53.998+0000] {processor.py:161} INFO - Started process (PID=196) to work on /opt/airflow/dags/supplychain_pipeline_dag.py
[2025-09-21T19:28:54.000+0000] {processor.py:830} INFO - Processing file /opt/airflow/dags/supplychain_pipeline_dag.py for tasks to queue
[2025-09-21T19:28:54.003+0000] {logging_mixin.py:188} INFO - [2025-09-21T19:28:54.002+0000] {dagbag.py:545} INFO - Filling up the DagBag from /opt/airflow/dags/supplychain_pipeline_dag.py
[2025-09-21T19:28:55.180+0000] {logging_mixin.py:188} INFO - [2025-09-21T19:28:55.179+0000] {plot.py:39} ERROR - Importing plotly failed. Interactive plots will not work.
[2025-09-21T19:28:56.102+0000] {logging_mixin.py:188} INFO - [2025-09-21T19:28:56.102+0000] {config.py:75} INFO - Settings loaded (env=default)
[2025-09-21T19:28:56.214+0000] {logging_mixin.py:188} INFO - [2025-09-21T19:28:56.214+0000] {config.py:75} INFO - Settings loaded (env=default)
[2025-09-21T19:28:56.226+0000] {processor.py:840} INFO - DAG(s) 'supplychain_pipeline_dag' retrieved from /opt/airflow/dags/supplychain_pipeline_dag.py
[2025-09-21T19:28:56.271+0000] {logging_mixin.py:188} INFO - [2025-09-21T19:28:56.270+0000] {dag.py:3096} INFO - Sync 1 DAGs
[2025-09-21T19:28:56.293+0000] {logging_mixin.py:188} INFO - [2025-09-21T19:28:56.293+0000] {dag.py:3954} INFO - Setting next_dagrun for supplychain_pipeline_dag to 2025-09-20 00:00:00+00:00, run_after=2025-09-21 00:00:00+00:00
[2025-09-21T19:28:56.321+0000] {processor.py:183} INFO - Processing /opt/airflow/dags/supplychain_pipeline_dag.py took 2.331 seconds
[2025-09-21T19:29:26.477+0000] {processor.py:161} INFO - Started process (PID=293) to work on /opt/airflow/dags/supplychain_pipeline_dag.py
[2025-09-21T19:29:26.478+0000] {processor.py:830} INFO - Processing file /opt/airflow/dags/supplychain_pipeline_dag.py for tasks to queue
[2025-09-21T19:29:26.481+0000] {logging_mixin.py:188} INFO - [2025-09-21T19:29:26.480+0000] {dagbag.py:545} INFO - Filling up the DagBag from /opt/airflow/dags/supplychain_pipeline_dag.py
[2025-09-21T19:29:27.627+0000] {logging_mixin.py:188} INFO - [2025-09-21T19:29:27.627+0000] {plot.py:39} ERROR - Importing plotly failed. Interactive plots will not work.
[2025-09-21T19:29:28.398+0000] {logging_mixin.py:188} INFO - [2025-09-21T19:29:28.398+0000] {config.py:75} INFO - Settings loaded (env=default)
[2025-09-21T19:29:28.513+0000] {logging_mixin.py:188} INFO - [2025-09-21T19:29:28.512+0000] {config.py:75} INFO - Settings loaded (env=default)
[2025-09-21T19:29:28.527+0000] {processor.py:840} INFO - DAG(s) 'supplychain_pipeline_dag' retrieved from /opt/airflow/dags/supplychain_pipeline_dag.py
[2025-09-21T19:29:28.574+0000] {logging_mixin.py:188} INFO - [2025-09-21T19:29:28.573+0000] {dag.py:3096} INFO - Sync 1 DAGs
[2025-09-21T19:29:28.598+0000] {logging_mixin.py:188} INFO - [2025-09-21T19:29:28.598+0000] {dag.py:3954} INFO - Setting next_dagrun for supplychain_pipeline_dag to 2025-09-21 00:00:00+00:00, run_after=2025-09-22 00:00:00+00:00
[2025-09-21T19:29:28.629+0000] {processor.py:183} INFO - Processing /opt/airflow/dags/supplychain_pipeline_dag.py took 2.159 seconds
[2025-09-21T19:29:58.782+0000] {processor.py:161} INFO - Started process (PID=315) to work on /opt/airflow/dags/supplychain_pipeline_dag.py
[2025-09-21T19:29:58.784+0000] {processor.py:830} INFO - Processing file /opt/airflow/dags/supplychain_pipeline_dag.py for tasks to queue
[2025-09-21T19:29:58.787+0000] {logging_mixin.py:188} INFO - [2025-09-21T19:29:58.786+0000] {dagbag.py:545} INFO - Filling up the DagBag from /opt/airflow/dags/supplychain_pipeline_dag.py
[2025-09-21T19:29:59.970+0000] {logging_mixin.py:188} INFO - [2025-09-21T19:29:59.969+0000] {plot.py:39} ERROR - Importing plotly failed. Interactive plots will not work.
[2025-09-21T19:30:00.833+0000] {logging_mixin.py:188} INFO - [2025-09-21T19:30:00.833+0000] {config.py:75} INFO - Settings loaded (env=default)
[2025-09-21T19:30:00.946+0000] {logging_mixin.py:188} INFO - [2025-09-21T19:30:00.946+0000] {config.py:75} INFO - Settings loaded (env=default)
[2025-09-21T19:30:00.961+0000] {processor.py:840} INFO - DAG(s) 'supplychain_pipeline_dag' retrieved from /opt/airflow/dags/supplychain_pipeline_dag.py
[2025-09-21T19:30:01.004+0000] {logging_mixin.py:188} INFO - [2025-09-21T19:30:01.004+0000] {dag.py:3096} INFO - Sync 1 DAGs
[2025-09-21T19:30:01.027+0000] {logging_mixin.py:188} INFO - [2025-09-21T19:30:01.027+0000] {dag.py:3954} INFO - Setting next_dagrun for supplychain_pipeline_dag to 2025-09-21 00:00:00+00:00, run_after=2025-09-22 00:00:00+00:00
[2025-09-21T19:30:01.057+0000] {processor.py:183} INFO - Processing /opt/airflow/dags/supplychain_pipeline_dag.py took 2.281 seconds
[2025-09-21T19:30:31.230+0000] {processor.py:161} INFO - Started process (PID=337) to work on /opt/airflow/dags/supplychain_pipeline_dag.py
[2025-09-21T19:30:31.232+0000] {processor.py:830} INFO - Processing file /opt/airflow/dags/supplychain_pipeline_dag.py for tasks to queue
[2025-09-21T19:30:31.235+0000] {logging_mixin.py:188} INFO - [2025-09-21T19:30:31.234+0000] {dagbag.py:545} INFO - Filling up the DagBag from /opt/airflow/dags/supplychain_pipeline_dag.py
[2025-09-21T19:30:32.712+0000] {logging_mixin.py:188} INFO - [2025-09-21T19:30:32.711+0000] {plot.py:39} ERROR - Importing plotly failed. Interactive plots will not work.
[2025-09-21T19:30:33.891+0000] {logging_mixin.py:188} INFO - [2025-09-21T19:30:33.890+0000] {config.py:75} INFO - Settings loaded (env=default)
[2025-09-21T19:30:34.026+0000] {logging_mixin.py:188} INFO - [2025-09-21T19:30:34.026+0000] {config.py:75} INFO - Settings loaded (env=default)
[2025-09-21T19:30:34.042+0000] {processor.py:840} INFO - DAG(s) 'supplychain_pipeline_dag' retrieved from /opt/airflow/dags/supplychain_pipeline_dag.py
[2025-09-21T19:30:34.112+0000] {logging_mixin.py:188} INFO - [2025-09-21T19:30:34.111+0000] {dag.py:3096} INFO - Sync 1 DAGs
[2025-09-21T19:30:34.145+0000] {logging_mixin.py:188} INFO - [2025-09-21T19:30:34.145+0000] {dag.py:3954} INFO - Setting next_dagrun for supplychain_pipeline_dag to 2025-09-21 00:00:00+00:00, run_after=2025-09-22 00:00:00+00:00
[2025-09-21T19:30:34.180+0000] {processor.py:183} INFO - Processing /opt/airflow/dags/supplychain_pipeline_dag.py took 2.958 seconds
[2025-09-21T19:31:04.378+0000] {processor.py:161} INFO - Started process (PID=359) to work on /opt/airflow/dags/supplychain_pipeline_dag.py
[2025-09-21T19:31:04.379+0000] {processor.py:830} INFO - Processing file /opt/airflow/dags/supplychain_pipeline_dag.py for tasks to queue
[2025-09-21T19:31:04.384+0000] {logging_mixin.py:188} INFO - [2025-09-21T19:31:04.383+0000] {dagbag.py:545} INFO - Filling up the DagBag from /opt/airflow/dags/supplychain_pipeline_dag.py
[2025-09-21T19:31:05.925+0000] {logging_mixin.py:188} INFO - [2025-09-21T19:31:05.925+0000] {plot.py:39} ERROR - Importing plotly failed. Interactive plots will not work.
[2025-09-21T19:31:07.414+0000] {logging_mixin.py:188} INFO - [2025-09-21T19:31:07.414+0000] {config.py:75} INFO - Settings loaded (env=default)
[2025-09-21T19:31:07.969+0000] {logging_mixin.py:188} INFO - [2025-09-21T19:31:07.969+0000] {config.py:75} INFO - Settings loaded (env=default)
[2025-09-21T19:31:07.991+0000] {processor.py:840} INFO - DAG(s) 'supplychain_pipeline_dag' retrieved from /opt/airflow/dags/supplychain_pipeline_dag.py
[2025-09-21T19:31:08.062+0000] {logging_mixin.py:188} INFO - [2025-09-21T19:31:08.062+0000] {dag.py:3096} INFO - Sync 1 DAGs
[2025-09-21T19:31:08.090+0000] {logging_mixin.py:188} INFO - [2025-09-21T19:31:08.089+0000] {dag.py:3954} INFO - Setting next_dagrun for supplychain_pipeline_dag to 2025-09-21 00:00:00+00:00, run_after=2025-09-22 00:00:00+00:00
[2025-09-21T19:31:08.128+0000] {processor.py:183} INFO - Processing /opt/airflow/dags/supplychain_pipeline_dag.py took 2.893 seconds
[2025-09-21T19:31:39.348+0000] {processor.py:161} INFO - Started process (PID=381) to work on /opt/airflow/dags/supplychain_pipeline_dag.py
[2025-09-21T19:31:39.350+0000] {processor.py:830} INFO - Processing file /opt/airflow/dags/supplychain_pipeline_dag.py for tasks to queue
[2025-09-21T19:31:39.354+0000] {logging_mixin.py:188} INFO - [2025-09-21T19:31:39.353+0000] {dagbag.py:545} INFO - Filling up the DagBag from /opt/airflow/dags/supplychain_pipeline_dag.py
[2025-09-21T19:31:40.802+0000] {logging_mixin.py:188} INFO - [2025-09-21T19:31:40.802+0000] {plot.py:39} ERROR - Importing plotly failed. Interactive plots will not work.
[2025-09-21T19:31:41.892+0000] {logging_mixin.py:188} INFO - [2025-09-21T19:31:41.892+0000] {config.py:75} INFO - Settings loaded (env=default)
[2025-09-21T19:31:42.073+0000] {logging_mixin.py:188} INFO - [2025-09-21T19:31:42.073+0000] {config.py:75} INFO - Settings loaded (env=default)
[2025-09-21T19:31:42.088+0000] {processor.py:840} INFO - DAG(s) 'supplychain_pipeline_dag' retrieved from /opt/airflow/dags/supplychain_pipeline_dag.py
[2025-09-21T19:31:42.140+0000] {logging_mixin.py:188} INFO - [2025-09-21T19:31:42.140+0000] {dag.py:3096} INFO - Sync 1 DAGs
[2025-09-21T19:31:42.169+0000] {logging_mixin.py:188} INFO - [2025-09-21T19:31:42.169+0000] {dag.py:3954} INFO - Setting next_dagrun for supplychain_pipeline_dag to 2025-09-21 00:00:00+00:00, run_after=2025-09-22 00:00:00+00:00
[2025-09-21T19:31:42.202+0000] {processor.py:183} INFO - Processing /opt/airflow/dags/supplychain_pipeline_dag.py took 2.861 seconds
[2025-09-21T19:32:13.169+0000] {processor.py:161} INFO - Started process (PID=403) to work on /opt/airflow/dags/supplychain_pipeline_dag.py
[2025-09-21T19:32:13.172+0000] {processor.py:830} INFO - Processing file /opt/airflow/dags/supplychain_pipeline_dag.py for tasks to queue
[2025-09-21T19:32:13.179+0000] {logging_mixin.py:188} INFO - [2025-09-21T19:32:13.178+0000] {dagbag.py:545} INFO - Filling up the DagBag from /opt/airflow/dags/supplychain_pipeline_dag.py
[2025-09-21T19:32:16.296+0000] {logging_mixin.py:188} INFO - [2025-09-21T19:32:16.296+0000] {plot.py:39} ERROR - Importing plotly failed. Interactive plots will not work.
[2025-09-21T19:32:18.102+0000] {logging_mixin.py:188} INFO - [2025-09-21T19:32:18.102+0000] {config.py:75} INFO - Settings loaded (env=default)
[2025-09-21T19:32:18.359+0000] {logging_mixin.py:188} INFO - [2025-09-21T19:32:18.358+0000] {config.py:75} INFO - Settings loaded (env=default)
[2025-09-21T19:32:18.386+0000] {processor.py:840} INFO - DAG(s) 'supplychain_pipeline_dag' retrieved from /opt/airflow/dags/supplychain_pipeline_dag.py
[2025-09-21T19:32:18.470+0000] {logging_mixin.py:188} INFO - [2025-09-21T19:32:18.469+0000] {dag.py:3096} INFO - Sync 1 DAGs
[2025-09-21T19:32:18.518+0000] {logging_mixin.py:188} INFO - [2025-09-21T19:32:18.518+0000] {dag.py:3954} INFO - Setting next_dagrun for supplychain_pipeline_dag to 2025-09-21 00:00:00+00:00, run_after=2025-09-22 00:00:00+00:00
[2025-09-21T19:32:18.562+0000] {processor.py:183} INFO - Processing /opt/airflow/dags/supplychain_pipeline_dag.py took 5.415 seconds
[2025-09-21T19:32:49.028+0000] {processor.py:161} INFO - Started process (PID=425) to work on /opt/airflow/dags/supplychain_pipeline_dag.py
[2025-09-21T19:32:49.031+0000] {processor.py:830} INFO - Processing file /opt/airflow/dags/supplychain_pipeline_dag.py for tasks to queue
[2025-09-21T19:32:49.036+0000] {logging_mixin.py:188} INFO - [2025-09-21T19:32:49.036+0000] {dagbag.py:545} INFO - Filling up the DagBag from /opt/airflow/dags/supplychain_pipeline_dag.py
[2025-09-21T19:32:52.090+0000] {logging_mixin.py:188} INFO - [2025-09-21T19:32:52.089+0000] {plot.py:39} ERROR - Importing plotly failed. Interactive plots will not work.
[2025-09-21T19:32:54.085+0000] {logging_mixin.py:188} INFO - [2025-09-21T19:32:54.085+0000] {config.py:75} INFO - Settings loaded (env=default)
[2025-09-21T19:32:54.320+0000] {logging_mixin.py:188} INFO - [2025-09-21T19:32:54.320+0000] {config.py:75} INFO - Settings loaded (env=default)
[2025-09-21T19:32:54.347+0000] {processor.py:840} INFO - DAG(s) 'supplychain_pipeline_dag' retrieved from /opt/airflow/dags/supplychain_pipeline_dag.py
[2025-09-21T19:32:54.432+0000] {logging_mixin.py:188} INFO - [2025-09-21T19:32:54.431+0000] {dag.py:3096} INFO - Sync 1 DAGs
[2025-09-21T19:32:54.505+0000] {logging_mixin.py:188} INFO - [2025-09-21T19:32:54.504+0000] {dag.py:3954} INFO - Setting next_dagrun for supplychain_pipeline_dag to 2025-09-21 00:00:00+00:00, run_after=2025-09-22 00:00:00+00:00
[2025-09-21T19:32:54.564+0000] {processor.py:183} INFO - Processing /opt/airflow/dags/supplychain_pipeline_dag.py took 5.553 seconds
[2025-09-21T19:33:24.915+0000] {processor.py:161} INFO - Started process (PID=447) to work on /opt/airflow/dags/supplychain_pipeline_dag.py
[2025-09-21T19:33:24.918+0000] {processor.py:830} INFO - Processing file /opt/airflow/dags/supplychain_pipeline_dag.py for tasks to queue
[2025-09-21T19:33:24.924+0000] {logging_mixin.py:188} INFO - [2025-09-21T19:33:24.923+0000] {dagbag.py:545} INFO - Filling up the DagBag from /opt/airflow/dags/supplychain_pipeline_dag.py
[2025-09-21T19:33:27.626+0000] {logging_mixin.py:188} INFO - [2025-09-21T19:33:27.625+0000] {plot.py:39} ERROR - Importing plotly failed. Interactive plots will not work.
[2025-09-21T19:33:29.272+0000] {logging_mixin.py:188} INFO - [2025-09-21T19:33:29.271+0000] {config.py:75} INFO - Settings loaded (env=default)
[2025-09-21T19:33:29.515+0000] {logging_mixin.py:188} INFO - [2025-09-21T19:33:29.514+0000] {config.py:75} INFO - Settings loaded (env=default)
[2025-09-21T19:33:29.552+0000] {processor.py:840} INFO - DAG(s) 'supplychain_pipeline_dag' retrieved from /opt/airflow/dags/supplychain_pipeline_dag.py
[2025-09-21T19:33:29.628+0000] {logging_mixin.py:188} INFO - [2025-09-21T19:33:29.627+0000] {dag.py:3096} INFO - Sync 1 DAGs
[2025-09-21T19:33:29.676+0000] {logging_mixin.py:188} INFO - [2025-09-21T19:33:29.676+0000] {dag.py:3954} INFO - Setting next_dagrun for supplychain_pipeline_dag to 2025-09-21 00:00:00+00:00, run_after=2025-09-22 00:00:00+00:00
[2025-09-21T19:33:29.720+0000] {processor.py:183} INFO - Processing /opt/airflow/dags/supplychain_pipeline_dag.py took 4.823 seconds
[2025-09-21T19:34:00.058+0000] {processor.py:161} INFO - Started process (PID=469) to work on /opt/airflow/dags/supplychain_pipeline_dag.py
[2025-09-21T19:34:00.061+0000] {processor.py:830} INFO - Processing file /opt/airflow/dags/supplychain_pipeline_dag.py for tasks to queue
[2025-09-21T19:34:00.065+0000] {logging_mixin.py:188} INFO - [2025-09-21T19:34:00.064+0000] {dagbag.py:545} INFO - Filling up the DagBag from /opt/airflow/dags/supplychain_pipeline_dag.py
[2025-09-21T19:34:02.645+0000] {logging_mixin.py:188} INFO - [2025-09-21T19:34:02.644+0000] {plot.py:39} ERROR - Importing plotly failed. Interactive plots will not work.
[2025-09-21T19:34:04.795+0000] {logging_mixin.py:188} INFO - [2025-09-21T19:34:04.794+0000] {config.py:75} INFO - Settings loaded (env=default)
[2025-09-21T19:34:05.078+0000] {logging_mixin.py:188} INFO - [2025-09-21T19:34:05.077+0000] {config.py:75} INFO - Settings loaded (env=default)
[2025-09-21T19:34:05.105+0000] {processor.py:840} INFO - DAG(s) 'supplychain_pipeline_dag' retrieved from /opt/airflow/dags/supplychain_pipeline_dag.py
[2025-09-21T19:34:05.195+0000] {logging_mixin.py:188} INFO - [2025-09-21T19:34:05.194+0000] {dag.py:3096} INFO - Sync 1 DAGs
[2025-09-21T19:34:05.249+0000] {logging_mixin.py:188} INFO - [2025-09-21T19:34:05.248+0000] {dag.py:3954} INFO - Setting next_dagrun for supplychain_pipeline_dag to 2025-09-21 00:00:00+00:00, run_after=2025-09-22 00:00:00+00:00
[2025-09-21T19:34:05.292+0000] {processor.py:183} INFO - Processing /opt/airflow/dags/supplychain_pipeline_dag.py took 5.249 seconds
[2025-09-21T19:34:36.029+0000] {processor.py:161} INFO - Started process (PID=491) to work on /opt/airflow/dags/supplychain_pipeline_dag.py
[2025-09-21T19:34:36.032+0000] {processor.py:830} INFO - Processing file /opt/airflow/dags/supplychain_pipeline_dag.py for tasks to queue
[2025-09-21T19:34:36.037+0000] {logging_mixin.py:188} INFO - [2025-09-21T19:34:36.036+0000] {dagbag.py:545} INFO - Filling up the DagBag from /opt/airflow/dags/supplychain_pipeline_dag.py
[2025-09-21T19:34:38.768+0000] {logging_mixin.py:188} INFO - [2025-09-21T19:34:38.767+0000] {plot.py:39} ERROR - Importing plotly failed. Interactive plots will not work.
[2025-09-21T19:34:40.582+0000] {logging_mixin.py:188} INFO - [2025-09-21T19:34:40.582+0000] {config.py:75} INFO - Settings loaded (env=default)
[2025-09-21T19:34:40.841+0000] {logging_mixin.py:188} INFO - [2025-09-21T19:34:40.841+0000] {config.py:75} INFO - Settings loaded (env=default)
[2025-09-21T19:34:40.866+0000] {processor.py:840} INFO - DAG(s) 'supplychain_pipeline_dag' retrieved from /opt/airflow/dags/supplychain_pipeline_dag.py
[2025-09-21T19:34:40.954+0000] {logging_mixin.py:188} INFO - [2025-09-21T19:34:40.953+0000] {dag.py:3096} INFO - Sync 1 DAGs
[2025-09-21T19:34:41.005+0000] {logging_mixin.py:188} INFO - [2025-09-21T19:34:41.004+0000] {dag.py:3954} INFO - Setting next_dagrun for supplychain_pipeline_dag to 2025-09-21 00:00:00+00:00, run_after=2025-09-22 00:00:00+00:00
[2025-09-21T19:34:41.057+0000] {processor.py:183} INFO - Processing /opt/airflow/dags/supplychain_pipeline_dag.py took 5.041 seconds
[2025-09-21T19:35:11.416+0000] {processor.py:161} INFO - Started process (PID=513) to work on /opt/airflow/dags/supplychain_pipeline_dag.py
[2025-09-21T19:35:11.419+0000] {processor.py:830} INFO - Processing file /opt/airflow/dags/supplychain_pipeline_dag.py for tasks to queue
[2025-09-21T19:35:11.425+0000] {logging_mixin.py:188} INFO - [2025-09-21T19:35:11.424+0000] {dagbag.py:545} INFO - Filling up the DagBag from /opt/airflow/dags/supplychain_pipeline_dag.py
[2025-09-21T19:35:15.220+0000] {logging_mixin.py:188} INFO - [2025-09-21T19:35:15.219+0000] {plot.py:39} ERROR - Importing plotly failed. Interactive plots will not work.
[2025-09-21T19:35:17.235+0000] {logging_mixin.py:188} INFO - [2025-09-21T19:35:17.235+0000] {config.py:75} INFO - Settings loaded (env=default)
[2025-09-21T19:35:17.570+0000] {logging_mixin.py:188} INFO - [2025-09-21T19:35:17.570+0000] {config.py:75} INFO - Settings loaded (env=default)
[2025-09-21T19:35:17.602+0000] {processor.py:840} INFO - DAG(s) 'supplychain_pipeline_dag' retrieved from /opt/airflow/dags/supplychain_pipeline_dag.py
[2025-09-21T19:35:17.693+0000] {logging_mixin.py:188} INFO - [2025-09-21T19:35:17.692+0000] {dag.py:3096} INFO - Sync 1 DAGs
[2025-09-21T19:35:17.743+0000] {logging_mixin.py:188} INFO - [2025-09-21T19:35:17.742+0000] {dag.py:3954} INFO - Setting next_dagrun for supplychain_pipeline_dag to 2025-09-21 00:00:00+00:00, run_after=2025-09-22 00:00:00+00:00
[2025-09-21T19:35:17.790+0000] {processor.py:183} INFO - Processing /opt/airflow/dags/supplychain_pipeline_dag.py took 5.979 seconds
[2025-09-21T19:35:48.292+0000] {processor.py:161} INFO - Started process (PID=535) to work on /opt/airflow/dags/supplychain_pipeline_dag.py
[2025-09-21T19:35:48.295+0000] {processor.py:830} INFO - Processing file /opt/airflow/dags/supplychain_pipeline_dag.py for tasks to queue
[2025-09-21T19:35:48.300+0000] {logging_mixin.py:188} INFO - [2025-09-21T19:35:48.299+0000] {dagbag.py:545} INFO - Filling up the DagBag from /opt/airflow/dags/supplychain_pipeline_dag.py
[2025-09-21T19:35:51.041+0000] {logging_mixin.py:188} INFO - [2025-09-21T19:35:51.041+0000] {plot.py:39} ERROR - Importing plotly failed. Interactive plots will not work.
[2025-09-21T19:35:52.766+0000] {logging_mixin.py:188} INFO - [2025-09-21T19:35:52.766+0000] {config.py:75} INFO - Settings loaded (env=default)
[2025-09-21T19:35:53.042+0000] {logging_mixin.py:188} INFO - [2025-09-21T19:35:53.041+0000] {config.py:75} INFO - Settings loaded (env=default)
[2025-09-21T19:35:53.072+0000] {processor.py:840} INFO - DAG(s) 'supplychain_pipeline_dag' retrieved from /opt/airflow/dags/supplychain_pipeline_dag.py
[2025-09-21T19:35:53.167+0000] {logging_mixin.py:188} INFO - [2025-09-21T19:35:53.166+0000] {dag.py:3096} INFO - Sync 1 DAGs
[2025-09-21T19:35:53.230+0000] {logging_mixin.py:188} INFO - [2025-09-21T19:35:53.229+0000] {dag.py:3954} INFO - Setting next_dagrun for supplychain_pipeline_dag to 2025-09-21 00:00:00+00:00, run_after=2025-09-22 00:00:00+00:00
[2025-09-21T19:35:53.280+0000] {processor.py:183} INFO - Processing /opt/airflow/dags/supplychain_pipeline_dag.py took 5.002 seconds
[2025-09-21T19:36:24.175+0000] {processor.py:161} INFO - Started process (PID=557) to work on /opt/airflow/dags/supplychain_pipeline_dag.py
[2025-09-21T19:36:24.178+0000] {processor.py:830} INFO - Processing file /opt/airflow/dags/supplychain_pipeline_dag.py for tasks to queue
[2025-09-21T19:36:24.183+0000] {logging_mixin.py:188} INFO - [2025-09-21T19:36:24.182+0000] {dagbag.py:545} INFO - Filling up the DagBag from /opt/airflow/dags/supplychain_pipeline_dag.py
[2025-09-21T19:36:26.876+0000] {logging_mixin.py:188} INFO - [2025-09-21T19:36:26.876+0000] {plot.py:39} ERROR - Importing plotly failed. Interactive plots will not work.
[2025-09-21T19:36:28.642+0000] {logging_mixin.py:188} INFO - [2025-09-21T19:36:28.641+0000] {config.py:75} INFO - Settings loaded (env=default)
[2025-09-21T19:36:28.915+0000] {logging_mixin.py:188} INFO - [2025-09-21T19:36:28.914+0000] {config.py:75} INFO - Settings loaded (env=default)
[2025-09-21T19:36:28.943+0000] {processor.py:840} INFO - DAG(s) 'supplychain_pipeline_dag' retrieved from /opt/airflow/dags/supplychain_pipeline_dag.py
[2025-09-21T19:36:29.024+0000] {logging_mixin.py:188} INFO - [2025-09-21T19:36:29.023+0000] {dag.py:3096} INFO - Sync 1 DAGs
[2025-09-21T19:36:29.070+0000] {logging_mixin.py:188} INFO - [2025-09-21T19:36:29.069+0000] {dag.py:3954} INFO - Setting next_dagrun for supplychain_pipeline_dag to 2025-09-21 00:00:00+00:00, run_after=2025-09-22 00:00:00+00:00
[2025-09-21T19:36:29.124+0000] {processor.py:183} INFO - Processing /opt/airflow/dags/supplychain_pipeline_dag.py took 4.960 seconds
[2025-09-21T19:36:59.345+0000] {processor.py:161} INFO - Started process (PID=579) to work on /opt/airflow/dags/supplychain_pipeline_dag.py
[2025-09-21T19:36:59.347+0000] {processor.py:830} INFO - Processing file /opt/airflow/dags/supplychain_pipeline_dag.py for tasks to queue
[2025-09-21T19:36:59.354+0000] {logging_mixin.py:188} INFO - [2025-09-21T19:36:59.352+0000] {dagbag.py:545} INFO - Filling up the DagBag from /opt/airflow/dags/supplychain_pipeline_dag.py
[2025-09-21T19:37:02.013+0000] {logging_mixin.py:188} INFO - [2025-09-21T19:37:02.013+0000] {plot.py:39} ERROR - Importing plotly failed. Interactive plots will not work.
[2025-09-21T19:37:03.968+0000] {logging_mixin.py:188} INFO - [2025-09-21T19:37:03.967+0000] {config.py:75} INFO - Settings loaded (env=default)
[2025-09-21T19:37:04.336+0000] {logging_mixin.py:188} INFO - [2025-09-21T19:37:04.335+0000] {config.py:75} INFO - Settings loaded (env=default)
[2025-09-21T19:37:04.388+0000] {processor.py:840} INFO - DAG(s) 'supplychain_pipeline_dag' retrieved from /opt/airflow/dags/supplychain_pipeline_dag.py
[2025-09-21T19:37:04.509+0000] {logging_mixin.py:188} INFO - [2025-09-21T19:37:04.508+0000] {dag.py:3096} INFO - Sync 1 DAGs
[2025-09-21T19:37:04.576+0000] {logging_mixin.py:188} INFO - [2025-09-21T19:37:04.576+0000] {dag.py:3954} INFO - Setting next_dagrun for supplychain_pipeline_dag to 2025-09-21 00:00:00+00:00, run_after=2025-09-22 00:00:00+00:00
[2025-09-21T19:37:04.622+0000] {processor.py:183} INFO - Processing /opt/airflow/dags/supplychain_pipeline_dag.py took 5.291 seconds
[2025-09-21T19:37:34.880+0000] {processor.py:161} INFO - Started process (PID=601) to work on /opt/airflow/dags/supplychain_pipeline_dag.py
[2025-09-21T19:37:34.883+0000] {processor.py:830} INFO - Processing file /opt/airflow/dags/supplychain_pipeline_dag.py for tasks to queue
[2025-09-21T19:37:34.888+0000] {logging_mixin.py:188} INFO - [2025-09-21T19:37:34.887+0000] {dagbag.py:545} INFO - Filling up the DagBag from /opt/airflow/dags/supplychain_pipeline_dag.py
[2025-09-21T19:37:38.045+0000] {logging_mixin.py:188} INFO - [2025-09-21T19:37:38.044+0000] {plot.py:39} ERROR - Importing plotly failed. Interactive plots will not work.
[2025-09-21T19:37:39.939+0000] {logging_mixin.py:188} INFO - [2025-09-21T19:37:39.939+0000] {config.py:75} INFO - Settings loaded (env=default)
[2025-09-21T19:37:40.239+0000] {logging_mixin.py:188} INFO - [2025-09-21T19:37:40.239+0000] {config.py:75} INFO - Settings loaded (env=default)
[2025-09-21T19:37:40.271+0000] {processor.py:840} INFO - DAG(s) 'supplychain_pipeline_dag' retrieved from /opt/airflow/dags/supplychain_pipeline_dag.py
[2025-09-21T19:37:40.354+0000] {logging_mixin.py:188} INFO - [2025-09-21T19:37:40.353+0000] {dag.py:3096} INFO - Sync 1 DAGs
[2025-09-21T19:37:40.421+0000] {logging_mixin.py:188} INFO - [2025-09-21T19:37:40.420+0000] {dag.py:3954} INFO - Setting next_dagrun for supplychain_pipeline_dag to 2025-09-21 00:00:00+00:00, run_after=2025-09-22 00:00:00+00:00
[2025-09-21T19:37:40.472+0000] {processor.py:183} INFO - Processing /opt/airflow/dags/supplychain_pipeline_dag.py took 5.608 seconds
[2025-09-21T19:38:10.746+0000] {processor.py:161} INFO - Started process (PID=623) to work on /opt/airflow/dags/supplychain_pipeline_dag.py
[2025-09-21T19:38:10.749+0000] {processor.py:830} INFO - Processing file /opt/airflow/dags/supplychain_pipeline_dag.py for tasks to queue
[2025-09-21T19:38:10.754+0000] {logging_mixin.py:188} INFO - [2025-09-21T19:38:10.753+0000] {dagbag.py:545} INFO - Filling up the DagBag from /opt/airflow/dags/supplychain_pipeline_dag.py
[2025-09-21T19:38:13.448+0000] {logging_mixin.py:188} INFO - [2025-09-21T19:38:13.447+0000] {plot.py:39} ERROR - Importing plotly failed. Interactive plots will not work.
[2025-09-21T19:38:15.370+0000] {logging_mixin.py:188} INFO - [2025-09-21T19:38:15.369+0000] {config.py:75} INFO - Settings loaded (env=default)
[2025-09-21T19:38:15.676+0000] {logging_mixin.py:188} INFO - [2025-09-21T19:38:15.676+0000] {config.py:75} INFO - Settings loaded (env=default)
[2025-09-21T19:38:15.703+0000] {processor.py:840} INFO - DAG(s) 'supplychain_pipeline_dag' retrieved from /opt/airflow/dags/supplychain_pipeline_dag.py
[2025-09-21T19:38:15.979+0000] {logging_mixin.py:188} INFO - [2025-09-21T19:38:15.978+0000] {dag.py:3096} INFO - Sync 1 DAGs
[2025-09-21T19:38:16.023+0000] {logging_mixin.py:188} INFO - [2025-09-21T19:38:16.023+0000] {dag.py:3954} INFO - Setting next_dagrun for supplychain_pipeline_dag to 2025-09-21 00:00:00+00:00, run_after=2025-09-22 00:00:00+00:00
[2025-09-21T19:38:16.064+0000] {processor.py:183} INFO - Processing /opt/airflow/dags/supplychain_pipeline_dag.py took 5.139 seconds
[2025-09-21T19:38:46.820+0000] {processor.py:161} INFO - Started process (PID=664) to work on /opt/airflow/dags/supplychain_pipeline_dag.py
[2025-09-21T19:38:46.823+0000] {processor.py:830} INFO - Processing file /opt/airflow/dags/supplychain_pipeline_dag.py for tasks to queue
[2025-09-21T19:38:46.828+0000] {logging_mixin.py:188} INFO - [2025-09-21T19:38:46.827+0000] {dagbag.py:545} INFO - Filling up the DagBag from /opt/airflow/dags/supplychain_pipeline_dag.py
[2025-09-21T19:38:49.053+0000] {logging_mixin.py:188} INFO - [2025-09-21T19:38:49.052+0000] {plot.py:39} ERROR - Importing plotly failed. Interactive plots will not work.
[2025-09-21T19:38:51.021+0000] {logging_mixin.py:188} INFO - [2025-09-21T19:38:51.020+0000] {config.py:75} INFO - Settings loaded (env=default)
[2025-09-21T19:38:51.275+0000] {logging_mixin.py:188} INFO - [2025-09-21T19:38:51.274+0000] {config.py:75} INFO - Settings loaded (env=default)
[2025-09-21T19:38:51.320+0000] {processor.py:840} INFO - DAG(s) 'supplychain_pipeline_dag' retrieved from /opt/airflow/dags/supplychain_pipeline_dag.py
[2025-09-21T19:38:51.434+0000] {logging_mixin.py:188} INFO - [2025-09-21T19:38:51.433+0000] {dag.py:3096} INFO - Sync 1 DAGs
[2025-09-21T19:38:51.500+0000] {logging_mixin.py:188} INFO - [2025-09-21T19:38:51.499+0000] {dag.py:3954} INFO - Setting next_dagrun for supplychain_pipeline_dag to 2025-09-21 00:00:00+00:00, run_after=2025-09-22 00:00:00+00:00
[2025-09-21T19:38:51.565+0000] {processor.py:183} INFO - Processing /opt/airflow/dags/supplychain_pipeline_dag.py took 5.344 seconds
[2025-09-21T19:39:21.829+0000] {processor.py:161} INFO - Started process (PID=686) to work on /opt/airflow/dags/supplychain_pipeline_dag.py
[2025-09-21T19:39:21.834+0000] {processor.py:830} INFO - Processing file /opt/airflow/dags/supplychain_pipeline_dag.py for tasks to queue
[2025-09-21T19:39:21.841+0000] {logging_mixin.py:188} INFO - [2025-09-21T19:39:21.840+0000] {dagbag.py:545} INFO - Filling up the DagBag from /opt/airflow/dags/supplychain_pipeline_dag.py
[2025-09-21T19:39:25.481+0000] {logging_mixin.py:188} INFO - [2025-09-21T19:39:25.481+0000] {plot.py:39} ERROR - Importing plotly failed. Interactive plots will not work.
[2025-09-21T19:39:27.829+0000] {logging_mixin.py:188} INFO - [2025-09-21T19:39:27.828+0000] {config.py:75} INFO - Settings loaded (env=default)
[2025-09-21T19:39:28.156+0000] {logging_mixin.py:188} INFO - [2025-09-21T19:39:28.155+0000] {config.py:75} INFO - Settings loaded (env=default)
[2025-09-21T19:39:28.191+0000] {processor.py:840} INFO - DAG(s) 'supplychain_pipeline_dag' retrieved from /opt/airflow/dags/supplychain_pipeline_dag.py
[2025-09-21T19:39:28.292+0000] {logging_mixin.py:188} INFO - [2025-09-21T19:39:28.291+0000] {dag.py:3096} INFO - Sync 1 DAGs
[2025-09-21T19:39:28.349+0000] {logging_mixin.py:188} INFO - [2025-09-21T19:39:28.348+0000] {dag.py:3954} INFO - Setting next_dagrun for supplychain_pipeline_dag to 2025-09-21 00:00:00+00:00, run_after=2025-09-22 00:00:00+00:00
[2025-09-21T19:39:28.418+0000] {processor.py:183} INFO - Processing /opt/airflow/dags/supplychain_pipeline_dag.py took 6.618 seconds
[2025-09-21T19:39:59.298+0000] {processor.py:161} INFO - Started process (PID=708) to work on /opt/airflow/dags/supplychain_pipeline_dag.py
[2025-09-21T19:39:59.301+0000] {processor.py:830} INFO - Processing file /opt/airflow/dags/supplychain_pipeline_dag.py for tasks to queue
[2025-09-21T19:39:59.307+0000] {logging_mixin.py:188} INFO - [2025-09-21T19:39:59.305+0000] {dagbag.py:545} INFO - Filling up the DagBag from /opt/airflow/dags/supplychain_pipeline_dag.py
[2025-09-21T19:40:02.366+0000] {logging_mixin.py:188} INFO - [2025-09-21T19:40:02.365+0000] {plot.py:39} ERROR - Importing plotly failed. Interactive plots will not work.
[2025-09-21T19:40:04.553+0000] {logging_mixin.py:188} INFO - [2025-09-21T19:40:04.552+0000] {config.py:75} INFO - Settings loaded (env=default)
[2025-09-21T19:40:04.815+0000] {logging_mixin.py:188} INFO - [2025-09-21T19:40:04.814+0000] {config.py:75} INFO - Settings loaded (env=default)
[2025-09-21T19:40:04.842+0000] {processor.py:840} INFO - DAG(s) 'supplychain_pipeline_dag' retrieved from /opt/airflow/dags/supplychain_pipeline_dag.py
[2025-09-21T19:40:04.926+0000] {logging_mixin.py:188} INFO - [2025-09-21T19:40:04.925+0000] {dag.py:3096} INFO - Sync 1 DAGs
[2025-09-21T19:40:04.970+0000] {logging_mixin.py:188} INFO - [2025-09-21T19:40:04.969+0000] {dag.py:3954} INFO - Setting next_dagrun for supplychain_pipeline_dag to 2025-09-21 00:00:00+00:00, run_after=2025-09-22 00:00:00+00:00
[2025-09-21T19:40:05.019+0000] {processor.py:183} INFO - Processing /opt/airflow/dags/supplychain_pipeline_dag.py took 5.739 seconds
[2025-09-21T19:40:35.470+0000] {processor.py:161} INFO - Started process (PID=730) to work on /opt/airflow/dags/supplychain_pipeline_dag.py
[2025-09-21T19:40:35.473+0000] {processor.py:830} INFO - Processing file /opt/airflow/dags/supplychain_pipeline_dag.py for tasks to queue
[2025-09-21T19:40:35.478+0000] {logging_mixin.py:188} INFO - [2025-09-21T19:40:35.477+0000] {dagbag.py:545} INFO - Filling up the DagBag from /opt/airflow/dags/supplychain_pipeline_dag.py
[2025-09-21T19:42:16.656+0000] {processor.py:161} INFO - Started process (PID=172) to work on /opt/airflow/dags/supplychain_pipeline_dag.py
[2025-09-21T19:42:16.659+0000] {processor.py:830} INFO - Processing file /opt/airflow/dags/supplychain_pipeline_dag.py for tasks to queue
[2025-09-21T19:42:16.668+0000] {logging_mixin.py:188} INFO - [2025-09-21T19:42:16.667+0000] {dagbag.py:545} INFO - Filling up the DagBag from /opt/airflow/dags/supplychain_pipeline_dag.py
[2025-09-21T19:42:20.390+0000] {logging_mixin.py:188} INFO - [2025-09-21T19:42:20.389+0000] {font_manager.py:1639} INFO - generated new fontManager
[2025-09-21T19:42:20.963+0000] {logging_mixin.py:188} INFO - [2025-09-21T19:42:20.962+0000] {plot.py:39} ERROR - Importing plotly failed. Interactive plots will not work.
[2025-09-21T19:42:23.406+0000] {logging_mixin.py:188} INFO - [2025-09-21T19:42:23.406+0000] {config.py:75} INFO - Settings loaded (env=default)
[2025-09-21T19:42:23.940+0000] {logging_mixin.py:188} INFO - [2025-09-21T19:42:23.940+0000] {config.py:75} INFO - Settings loaded (env=default)
[2025-09-21T19:42:24.003+0000] {processor.py:840} INFO - DAG(s) 'supplychain_pipeline_dag' retrieved from /opt/airflow/dags/supplychain_pipeline_dag.py
[2025-09-21T19:42:24.658+0000] {logging_mixin.py:188} INFO - [2025-09-21T19:42:24.657+0000] {override.py:1829} INFO - Created Permission View: can read on DAG:supplychain_pipeline_dag
[2025-09-21T19:42:24.685+0000] {logging_mixin.py:188} INFO - [2025-09-21T19:42:24.685+0000] {override.py:1829} INFO - Created Permission View: can delete on DAG:supplychain_pipeline_dag
[2025-09-21T19:42:24.706+0000] {logging_mixin.py:188} INFO - [2025-09-21T19:42:24.705+0000] {override.py:1829} INFO - Created Permission View: can edit on DAG:supplychain_pipeline_dag
[2025-09-21T19:42:24.708+0000] {logging_mixin.py:188} INFO - [2025-09-21T19:42:24.707+0000] {dag.py:3096} INFO - Sync 1 DAGs
[2025-09-21T19:42:24.730+0000] {logging_mixin.py:188} INFO - [2025-09-21T19:42:24.728+0000] {dag.py:3118} INFO - Creating ORM DAG for supplychain_pipeline_dag
[2025-09-21T19:42:24.758+0000] {logging_mixin.py:188} INFO - [2025-09-21T19:42:24.758+0000] {dag.py:3954} INFO - Setting next_dagrun for supplychain_pipeline_dag to 2025-09-20 00:00:00+00:00, run_after=2025-09-21 00:00:00+00:00
[2025-09-21T19:42:24.811+0000] {processor.py:183} INFO - Processing /opt/airflow/dags/supplychain_pipeline_dag.py took 7.870 seconds
[2025-09-21T19:42:55.286+0000] {processor.py:161} INFO - Started process (PID=196) to work on /opt/airflow/dags/supplychain_pipeline_dag.py
[2025-09-21T19:42:55.292+0000] {processor.py:830} INFO - Processing file /opt/airflow/dags/supplychain_pipeline_dag.py for tasks to queue
[2025-09-21T19:42:55.301+0000] {logging_mixin.py:188} INFO - [2025-09-21T19:42:55.299+0000] {dagbag.py:545} INFO - Filling up the DagBag from /opt/airflow/dags/supplychain_pipeline_dag.py
[2025-09-21T19:42:58.279+0000] {logging_mixin.py:188} INFO - [2025-09-21T19:42:58.278+0000] {plot.py:39} ERROR - Importing plotly failed. Interactive plots will not work.
[2025-09-21T19:43:00.638+0000] {logging_mixin.py:188} INFO - [2025-09-21T19:43:00.637+0000] {config.py:75} INFO - Settings loaded (env=default)
[2025-09-21T19:43:00.889+0000] {logging_mixin.py:188} INFO - [2025-09-21T19:43:00.888+0000] {config.py:75} INFO - Settings loaded (env=default)
[2025-09-21T19:43:00.916+0000] {processor.py:840} INFO - DAG(s) 'supplychain_pipeline_dag' retrieved from /opt/airflow/dags/supplychain_pipeline_dag.py
[2025-09-21T19:43:00.998+0000] {logging_mixin.py:188} INFO - [2025-09-21T19:43:00.997+0000] {dag.py:3096} INFO - Sync 1 DAGs
[2025-09-21T19:43:01.046+0000] {logging_mixin.py:188} INFO - [2025-09-21T19:43:01.046+0000] {dag.py:3954} INFO - Setting next_dagrun for supplychain_pipeline_dag to 2025-09-20 00:00:00+00:00, run_after=2025-09-21 00:00:00+00:00
[2025-09-21T19:43:01.097+0000] {processor.py:183} INFO - Processing /opt/airflow/dags/supplychain_pipeline_dag.py took 5.836 seconds
[2025-09-21T19:43:31.380+0000] {processor.py:161} INFO - Started process (PID=218) to work on /opt/airflow/dags/supplychain_pipeline_dag.py
[2025-09-21T19:43:31.382+0000] {processor.py:830} INFO - Processing file /opt/airflow/dags/supplychain_pipeline_dag.py for tasks to queue
[2025-09-21T19:43:31.389+0000] {logging_mixin.py:188} INFO - [2025-09-21T19:43:31.388+0000] {dagbag.py:545} INFO - Filling up the DagBag from /opt/airflow/dags/supplychain_pipeline_dag.py
[2025-09-21T19:43:34.209+0000] {logging_mixin.py:188} INFO - [2025-09-21T19:43:34.208+0000] {plot.py:39} ERROR - Importing plotly failed. Interactive plots will not work.
[2025-09-21T19:43:35.982+0000] {logging_mixin.py:188} INFO - [2025-09-21T19:43:35.981+0000] {config.py:75} INFO - Settings loaded (env=default)
[2025-09-21T19:43:36.244+0000] {logging_mixin.py:188} INFO - [2025-09-21T19:43:36.244+0000] {config.py:75} INFO - Settings loaded (env=default)
[2025-09-21T19:43:36.273+0000] {processor.py:840} INFO - DAG(s) 'supplychain_pipeline_dag' retrieved from /opt/airflow/dags/supplychain_pipeline_dag.py
[2025-09-21T19:43:36.358+0000] {logging_mixin.py:188} INFO - [2025-09-21T19:43:36.357+0000] {dag.py:3096} INFO - Sync 1 DAGs
[2025-09-21T19:43:36.406+0000] {logging_mixin.py:188} INFO - [2025-09-21T19:43:36.405+0000] {dag.py:3954} INFO - Setting next_dagrun for supplychain_pipeline_dag to 2025-09-20 00:00:00+00:00, run_after=2025-09-21 00:00:00+00:00
[2025-09-21T19:43:36.459+0000] {processor.py:183} INFO - Processing /opt/airflow/dags/supplychain_pipeline_dag.py took 5.100 seconds
[2025-09-21T19:44:07.096+0000] {processor.py:161} INFO - Started process (PID=261) to work on /opt/airflow/dags/supplychain_pipeline_dag.py
[2025-09-21T19:44:07.100+0000] {processor.py:830} INFO - Processing file /opt/airflow/dags/supplychain_pipeline_dag.py for tasks to queue
[2025-09-21T19:44:07.107+0000] {logging_mixin.py:188} INFO - [2025-09-21T19:44:07.106+0000] {dagbag.py:545} INFO - Filling up the DagBag from /opt/airflow/dags/supplychain_pipeline_dag.py
[2025-09-21T19:44:10.214+0000] {logging_mixin.py:188} INFO - [2025-09-21T19:44:10.214+0000] {plot.py:39} ERROR - Importing plotly failed. Interactive plots will not work.
[2025-09-21T19:44:12.048+0000] {logging_mixin.py:188} INFO - [2025-09-21T19:44:12.047+0000] {config.py:75} INFO - Settings loaded (env=default)
[2025-09-21T19:44:12.322+0000] {logging_mixin.py:188} INFO - [2025-09-21T19:44:12.322+0000] {config.py:75} INFO - Settings loaded (env=default)
[2025-09-21T19:44:12.352+0000] {processor.py:840} INFO - DAG(s) 'supplychain_pipeline_dag' retrieved from /opt/airflow/dags/supplychain_pipeline_dag.py
[2025-09-21T19:44:12.432+0000] {logging_mixin.py:188} INFO - [2025-09-21T19:44:12.431+0000] {dag.py:3096} INFO - Sync 1 DAGs
[2025-09-21T19:44:12.479+0000] {logging_mixin.py:188} INFO - [2025-09-21T19:44:12.478+0000] {dag.py:3954} INFO - Setting next_dagrun for supplychain_pipeline_dag to 2025-09-21 00:00:00+00:00, run_after=2025-09-22 00:00:00+00:00
[2025-09-21T19:44:12.521+0000] {processor.py:183} INFO - Processing /opt/airflow/dags/supplychain_pipeline_dag.py took 5.445 seconds
[2025-09-21T19:44:43.153+0000] {processor.py:161} INFO - Started process (PID=337) to work on /opt/airflow/dags/supplychain_pipeline_dag.py
[2025-09-21T19:44:43.156+0000] {processor.py:830} INFO - Processing file /opt/airflow/dags/supplychain_pipeline_dag.py for tasks to queue
[2025-09-21T19:44:43.162+0000] {logging_mixin.py:188} INFO - [2025-09-21T19:44:43.161+0000] {dagbag.py:545} INFO - Filling up the DagBag from /opt/airflow/dags/supplychain_pipeline_dag.py
[2025-09-21T19:44:45.732+0000] {logging_mixin.py:188} INFO - [2025-09-21T19:44:45.731+0000] {plot.py:39} ERROR - Importing plotly failed. Interactive plots will not work.
[2025-09-21T19:44:47.529+0000] {logging_mixin.py:188} INFO - [2025-09-21T19:44:47.528+0000] {config.py:75} INFO - Settings loaded (env=default)
[2025-09-21T19:44:47.796+0000] {logging_mixin.py:188} INFO - [2025-09-21T19:44:47.795+0000] {config.py:75} INFO - Settings loaded (env=default)
[2025-09-21T19:44:47.823+0000] {processor.py:840} INFO - DAG(s) 'supplychain_pipeline_dag' retrieved from /opt/airflow/dags/supplychain_pipeline_dag.py
[2025-09-21T19:44:47.904+0000] {logging_mixin.py:188} INFO - [2025-09-21T19:44:47.903+0000] {dag.py:3096} INFO - Sync 1 DAGs
[2025-09-21T19:44:47.949+0000] {logging_mixin.py:188} INFO - [2025-09-21T19:44:47.949+0000] {dag.py:3954} INFO - Setting next_dagrun for supplychain_pipeline_dag to 2025-09-21 00:00:00+00:00, run_after=2025-09-22 00:00:00+00:00
[2025-09-21T19:44:48.002+0000] {processor.py:183} INFO - Processing /opt/airflow/dags/supplychain_pipeline_dag.py took 4.864 seconds
[2025-09-21T19:45:18.223+0000] {processor.py:161} INFO - Started process (PID=359) to work on /opt/airflow/dags/supplychain_pipeline_dag.py
[2025-09-21T19:45:18.227+0000] {processor.py:830} INFO - Processing file /opt/airflow/dags/supplychain_pipeline_dag.py for tasks to queue
[2025-09-21T19:45:18.232+0000] {logging_mixin.py:188} INFO - [2025-09-21T19:45:18.231+0000] {dagbag.py:545} INFO - Filling up the DagBag from /opt/airflow/dags/supplychain_pipeline_dag.py
[2025-09-21T19:45:21.271+0000] {logging_mixin.py:188} INFO - [2025-09-21T19:45:21.270+0000] {plot.py:39} ERROR - Importing plotly failed. Interactive plots will not work.
[2025-09-21T19:45:23.586+0000] {logging_mixin.py:188} INFO - [2025-09-21T19:45:23.586+0000] {config.py:75} INFO - Settings loaded (env=default)
[2025-09-21T19:45:23.847+0000] {logging_mixin.py:188} INFO - [2025-09-21T19:45:23.846+0000] {config.py:75} INFO - Settings loaded (env=default)
[2025-09-21T19:45:23.876+0000] {processor.py:840} INFO - DAG(s) 'supplychain_pipeline_dag' retrieved from /opt/airflow/dags/supplychain_pipeline_dag.py
[2025-09-21T19:45:23.960+0000] {logging_mixin.py:188} INFO - [2025-09-21T19:45:23.959+0000] {dag.py:3096} INFO - Sync 1 DAGs
[2025-09-21T19:45:24.007+0000] {logging_mixin.py:188} INFO - [2025-09-21T19:45:24.007+0000] {dag.py:3954} INFO - Setting next_dagrun for supplychain_pipeline_dag to 2025-09-21 00:00:00+00:00, run_after=2025-09-22 00:00:00+00:00
[2025-09-21T19:45:24.061+0000] {processor.py:183} INFO - Processing /opt/airflow/dags/supplychain_pipeline_dag.py took 5.498 seconds
[2025-09-21T19:45:54.351+0000] {processor.py:161} INFO - Started process (PID=381) to work on /opt/airflow/dags/supplychain_pipeline_dag.py
[2025-09-21T19:45:54.360+0000] {processor.py:830} INFO - Processing file /opt/airflow/dags/supplychain_pipeline_dag.py for tasks to queue
[2025-09-21T19:45:54.367+0000] {logging_mixin.py:188} INFO - [2025-09-21T19:45:54.366+0000] {dagbag.py:545} INFO - Filling up the DagBag from /opt/airflow/dags/supplychain_pipeline_dag.py
[2025-09-21T19:45:57.091+0000] {logging_mixin.py:188} INFO - [2025-09-21T19:45:57.090+0000] {plot.py:39} ERROR - Importing plotly failed. Interactive plots will not work.
[2025-09-21T19:45:58.878+0000] {logging_mixin.py:188} INFO - [2025-09-21T19:45:58.878+0000] {config.py:75} INFO - Settings loaded (env=default)
[2025-09-21T19:45:59.135+0000] {logging_mixin.py:188} INFO - [2025-09-21T19:45:59.135+0000] {config.py:75} INFO - Settings loaded (env=default)
[2025-09-21T19:45:59.164+0000] {processor.py:840} INFO - DAG(s) 'supplychain_pipeline_dag' retrieved from /opt/airflow/dags/supplychain_pipeline_dag.py
[2025-09-21T19:45:59.260+0000] {logging_mixin.py:188} INFO - [2025-09-21T19:45:59.258+0000] {dag.py:3096} INFO - Sync 1 DAGs
[2025-09-21T19:45:59.348+0000] {logging_mixin.py:188} INFO - [2025-09-21T19:45:59.347+0000] {dag.py:3954} INFO - Setting next_dagrun for supplychain_pipeline_dag to 2025-09-21 00:00:00+00:00, run_after=2025-09-22 00:00:00+00:00
[2025-09-21T19:45:59.416+0000] {processor.py:183} INFO - Processing /opt/airflow/dags/supplychain_pipeline_dag.py took 5.090 seconds
[2025-09-21T19:46:30.041+0000] {processor.py:161} INFO - Started process (PID=403) to work on /opt/airflow/dags/supplychain_pipeline_dag.py
[2025-09-21T19:46:30.045+0000] {processor.py:830} INFO - Processing file /opt/airflow/dags/supplychain_pipeline_dag.py for tasks to queue
[2025-09-21T19:46:30.050+0000] {logging_mixin.py:188} INFO - [2025-09-21T19:46:30.049+0000] {dagbag.py:545} INFO - Filling up the DagBag from /opt/airflow/dags/supplychain_pipeline_dag.py
[2025-09-21T19:46:32.837+0000] {logging_mixin.py:188} INFO - [2025-09-21T19:46:32.836+0000] {plot.py:39} ERROR - Importing plotly failed. Interactive plots will not work.
[2025-09-21T19:46:34.676+0000] {logging_mixin.py:188} INFO - [2025-09-21T19:46:34.676+0000] {config.py:75} INFO - Settings loaded (env=default)
[2025-09-21T19:46:34.921+0000] {logging_mixin.py:188} INFO - [2025-09-21T19:46:34.920+0000] {config.py:75} INFO - Settings loaded (env=default)
[2025-09-21T19:46:34.951+0000] {processor.py:840} INFO - DAG(s) 'supplychain_pipeline_dag' retrieved from /opt/airflow/dags/supplychain_pipeline_dag.py
[2025-09-21T19:46:35.037+0000] {logging_mixin.py:188} INFO - [2025-09-21T19:46:35.036+0000] {dag.py:3096} INFO - Sync 1 DAGs
[2025-09-21T19:46:35.084+0000] {logging_mixin.py:188} INFO - [2025-09-21T19:46:35.084+0000] {dag.py:3954} INFO - Setting next_dagrun for supplychain_pipeline_dag to 2025-09-21 00:00:00+00:00, run_after=2025-09-22 00:00:00+00:00
[2025-09-21T19:46:35.147+0000] {processor.py:183} INFO - Processing /opt/airflow/dags/supplychain_pipeline_dag.py took 5.128 seconds
[2025-09-21T19:47:05.947+0000] {processor.py:161} INFO - Started process (PID=425) to work on /opt/airflow/dags/supplychain_pipeline_dag.py
[2025-09-21T19:47:05.950+0000] {processor.py:830} INFO - Processing file /opt/airflow/dags/supplychain_pipeline_dag.py for tasks to queue
[2025-09-21T19:47:05.956+0000] {logging_mixin.py:188} INFO - [2025-09-21T19:47:05.955+0000] {dagbag.py:545} INFO - Filling up the DagBag from /opt/airflow/dags/supplychain_pipeline_dag.py
[2025-09-21T19:47:08.733+0000] {logging_mixin.py:188} INFO - [2025-09-21T19:47:08.732+0000] {plot.py:39} ERROR - Importing plotly failed. Interactive plots will not work.
[2025-09-21T19:47:10.756+0000] {logging_mixin.py:188} INFO - [2025-09-21T19:47:10.755+0000] {config.py:75} INFO - Settings loaded (env=default)
[2025-09-21T19:47:10.996+0000] {logging_mixin.py:188} INFO - [2025-09-21T19:47:10.995+0000] {config.py:75} INFO - Settings loaded (env=default)
[2025-09-21T19:47:11.027+0000] {processor.py:840} INFO - DAG(s) 'supplychain_pipeline_dag' retrieved from /opt/airflow/dags/supplychain_pipeline_dag.py
[2025-09-21T19:47:11.115+0000] {logging_mixin.py:188} INFO - [2025-09-21T19:47:11.115+0000] {dag.py:3096} INFO - Sync 1 DAGs
[2025-09-21T19:47:11.174+0000] {logging_mixin.py:188} INFO - [2025-09-21T19:47:11.173+0000] {dag.py:3954} INFO - Setting next_dagrun for supplychain_pipeline_dag to 2025-09-21 00:00:00+00:00, run_after=2025-09-22 00:00:00+00:00
[2025-09-21T19:47:11.232+0000] {processor.py:183} INFO - Processing /opt/airflow/dags/supplychain_pipeline_dag.py took 5.300 seconds
[2025-09-21T19:47:41.940+0000] {processor.py:161} INFO - Started process (PID=447) to work on /opt/airflow/dags/supplychain_pipeline_dag.py
[2025-09-21T19:47:41.943+0000] {processor.py:830} INFO - Processing file /opt/airflow/dags/supplychain_pipeline_dag.py for tasks to queue
[2025-09-21T19:47:41.950+0000] {logging_mixin.py:188} INFO - [2025-09-21T19:47:41.949+0000] {dagbag.py:545} INFO - Filling up the DagBag from /opt/airflow/dags/supplychain_pipeline_dag.py
[2025-09-21T19:47:44.767+0000] {logging_mixin.py:188} INFO - [2025-09-21T19:47:44.767+0000] {plot.py:39} ERROR - Importing plotly failed. Interactive plots will not work.
[2025-09-21T19:47:46.521+0000] {logging_mixin.py:188} INFO - [2025-09-21T19:47:46.520+0000] {config.py:75} INFO - Settings loaded (env=default)
[2025-09-21T19:47:46.758+0000] {logging_mixin.py:188} INFO - [2025-09-21T19:47:46.757+0000] {config.py:75} INFO - Settings loaded (env=default)
[2025-09-21T19:47:46.784+0000] {processor.py:840} INFO - DAG(s) 'supplychain_pipeline_dag' retrieved from /opt/airflow/dags/supplychain_pipeline_dag.py
[2025-09-21T19:47:46.860+0000] {logging_mixin.py:188} INFO - [2025-09-21T19:47:46.859+0000] {dag.py:3096} INFO - Sync 1 DAGs
[2025-09-21T19:47:46.904+0000] {logging_mixin.py:188} INFO - [2025-09-21T19:47:46.903+0000] {dag.py:3954} INFO - Setting next_dagrun for supplychain_pipeline_dag to 2025-09-21 00:00:00+00:00, run_after=2025-09-22 00:00:00+00:00
[2025-09-21T19:47:46.958+0000] {processor.py:183} INFO - Processing /opt/airflow/dags/supplychain_pipeline_dag.py took 5.035 seconds
[2025-09-21T19:48:17.935+0000] {processor.py:161} INFO - Started process (PID=469) to work on /opt/airflow/dags/supplychain_pipeline_dag.py
[2025-09-21T19:48:17.937+0000] {processor.py:830} INFO - Processing file /opt/airflow/dags/supplychain_pipeline_dag.py for tasks to queue
[2025-09-21T19:48:17.942+0000] {logging_mixin.py:188} INFO - [2025-09-21T19:48:17.942+0000] {dagbag.py:545} INFO - Filling up the DagBag from /opt/airflow/dags/supplychain_pipeline_dag.py
[2025-09-21T19:48:20.889+0000] {logging_mixin.py:188} INFO - [2025-09-21T19:48:20.889+0000] {plot.py:39} ERROR - Importing plotly failed. Interactive plots will not work.
[2025-09-21T19:48:22.761+0000] {logging_mixin.py:188} INFO - [2025-09-21T19:48:22.761+0000] {config.py:75} INFO - Settings loaded (env=default)
[2025-09-21T19:48:23.026+0000] {logging_mixin.py:188} INFO - [2025-09-21T19:48:23.025+0000] {config.py:75} INFO - Settings loaded (env=default)
[2025-09-21T19:48:23.055+0000] {processor.py:840} INFO - DAG(s) 'supplychain_pipeline_dag' retrieved from /opt/airflow/dags/supplychain_pipeline_dag.py
[2025-09-21T19:48:23.149+0000] {logging_mixin.py:188} INFO - [2025-09-21T19:48:23.148+0000] {dag.py:3096} INFO - Sync 1 DAGs
[2025-09-21T19:48:23.198+0000] {logging_mixin.py:188} INFO - [2025-09-21T19:48:23.197+0000] {dag.py:3954} INFO - Setting next_dagrun for supplychain_pipeline_dag to 2025-09-21 00:00:00+00:00, run_after=2025-09-22 00:00:00+00:00
[2025-09-21T19:48:23.240+0000] {processor.py:183} INFO - Processing /opt/airflow/dags/supplychain_pipeline_dag.py took 5.330 seconds
[2025-09-21T19:48:53.740+0000] {processor.py:161} INFO - Started process (PID=491) to work on /opt/airflow/dags/supplychain_pipeline_dag.py
[2025-09-21T19:48:53.743+0000] {processor.py:830} INFO - Processing file /opt/airflow/dags/supplychain_pipeline_dag.py for tasks to queue
[2025-09-21T19:48:53.748+0000] {logging_mixin.py:188} INFO - [2025-09-21T19:48:53.747+0000] {dagbag.py:545} INFO - Filling up the DagBag from /opt/airflow/dags/supplychain_pipeline_dag.py
[2025-09-21T19:48:56.932+0000] {logging_mixin.py:188} INFO - [2025-09-21T19:48:56.931+0000] {plot.py:39} ERROR - Importing plotly failed. Interactive plots will not work.
[2025-09-21T19:48:58.914+0000] {logging_mixin.py:188} INFO - [2025-09-21T19:48:58.914+0000] {config.py:75} INFO - Settings loaded (env=default)
[2025-09-21T19:48:59.241+0000] {logging_mixin.py:188} INFO - [2025-09-21T19:48:59.241+0000] {config.py:75} INFO - Settings loaded (env=default)
[2025-09-21T19:48:59.280+0000] {processor.py:840} INFO - DAG(s) 'supplychain_pipeline_dag' retrieved from /opt/airflow/dags/supplychain_pipeline_dag.py
[2025-09-21T19:48:59.381+0000] {logging_mixin.py:188} INFO - [2025-09-21T19:48:59.380+0000] {dag.py:3096} INFO - Sync 1 DAGs
[2025-09-21T19:48:59.449+0000] {logging_mixin.py:188} INFO - [2025-09-21T19:48:59.449+0000] {dag.py:3954} INFO - Setting next_dagrun for supplychain_pipeline_dag to 2025-09-21 00:00:00+00:00, run_after=2025-09-22 00:00:00+00:00
[2025-09-21T19:48:59.526+0000] {processor.py:183} INFO - Processing /opt/airflow/dags/supplychain_pipeline_dag.py took 5.453 seconds
[2025-09-21T19:49:30.019+0000] {processor.py:161} INFO - Started process (PID=513) to work on /opt/airflow/dags/supplychain_pipeline_dag.py
[2025-09-21T19:49:30.022+0000] {processor.py:830} INFO - Processing file /opt/airflow/dags/supplychain_pipeline_dag.py for tasks to queue
[2025-09-21T19:49:30.031+0000] {logging_mixin.py:188} INFO - [2025-09-21T19:49:30.029+0000] {dagbag.py:545} INFO - Filling up the DagBag from /opt/airflow/dags/supplychain_pipeline_dag.py
[2025-09-21T19:49:32.897+0000] {logging_mixin.py:188} INFO - [2025-09-21T19:49:32.896+0000] {plot.py:39} ERROR - Importing plotly failed. Interactive plots will not work.
[2025-09-21T19:49:34.678+0000] {logging_mixin.py:188} INFO - [2025-09-21T19:49:34.678+0000] {config.py:75} INFO - Settings loaded (env=default)
[2025-09-21T19:49:34.930+0000] {logging_mixin.py:188} INFO - [2025-09-21T19:49:34.930+0000] {config.py:75} INFO - Settings loaded (env=default)
[2025-09-21T19:49:34.965+0000] {processor.py:840} INFO - DAG(s) 'supplychain_pipeline_dag' retrieved from /opt/airflow/dags/supplychain_pipeline_dag.py
[2025-09-21T19:49:35.059+0000] {logging_mixin.py:188} INFO - [2025-09-21T19:49:35.058+0000] {dag.py:3096} INFO - Sync 1 DAGs
[2025-09-21T19:49:35.112+0000] {logging_mixin.py:188} INFO - [2025-09-21T19:49:35.111+0000] {dag.py:3954} INFO - Setting next_dagrun for supplychain_pipeline_dag to 2025-09-21 00:00:00+00:00, run_after=2025-09-22 00:00:00+00:00
[2025-09-21T19:49:35.177+0000] {processor.py:183} INFO - Processing /opt/airflow/dags/supplychain_pipeline_dag.py took 5.174 seconds
[2025-09-21T19:50:05.922+0000] {processor.py:161} INFO - Started process (PID=535) to work on /opt/airflow/dags/supplychain_pipeline_dag.py
[2025-09-21T19:50:05.925+0000] {processor.py:830} INFO - Processing file /opt/airflow/dags/supplychain_pipeline_dag.py for tasks to queue
[2025-09-21T19:50:05.930+0000] {logging_mixin.py:188} INFO - [2025-09-21T19:50:05.929+0000] {dagbag.py:545} INFO - Filling up the DagBag from /opt/airflow/dags/supplychain_pipeline_dag.py
[2025-09-21T19:50:08.628+0000] {logging_mixin.py:188} INFO - [2025-09-21T19:50:08.628+0000] {plot.py:39} ERROR - Importing plotly failed. Interactive plots will not work.
[2025-09-21T19:50:10.566+0000] {logging_mixin.py:188} INFO - [2025-09-21T19:50:10.566+0000] {config.py:75} INFO - Settings loaded (env=default)
[2025-09-21T19:50:10.802+0000] {logging_mixin.py:188} INFO - [2025-09-21T19:50:10.801+0000] {config.py:75} INFO - Settings loaded (env=default)
[2025-09-21T19:50:10.830+0000] {processor.py:840} INFO - DAG(s) 'supplychain_pipeline_dag' retrieved from /opt/airflow/dags/supplychain_pipeline_dag.py
[2025-09-21T19:50:10.908+0000] {logging_mixin.py:188} INFO - [2025-09-21T19:50:10.907+0000] {dag.py:3096} INFO - Sync 1 DAGs
[2025-09-21T19:50:10.952+0000] {logging_mixin.py:188} INFO - [2025-09-21T19:50:10.952+0000] {dag.py:3954} INFO - Setting next_dagrun for supplychain_pipeline_dag to 2025-09-21 00:00:00+00:00, run_after=2025-09-22 00:00:00+00:00
[2025-09-21T19:50:10.992+0000] {processor.py:183} INFO - Processing /opt/airflow/dags/supplychain_pipeline_dag.py took 5.086 seconds
[2025-09-21T19:50:41.871+0000] {processor.py:161} INFO - Started process (PID=557) to work on /opt/airflow/dags/supplychain_pipeline_dag.py
[2025-09-21T19:50:41.874+0000] {processor.py:830} INFO - Processing file /opt/airflow/dags/supplychain_pipeline_dag.py for tasks to queue
[2025-09-21T19:50:41.880+0000] {logging_mixin.py:188} INFO - [2025-09-21T19:50:41.879+0000] {dagbag.py:545} INFO - Filling up the DagBag from /opt/airflow/dags/supplychain_pipeline_dag.py
[2025-09-21T19:50:44.618+0000] {logging_mixin.py:188} INFO - [2025-09-21T19:50:44.617+0000] {plot.py:39} ERROR - Importing plotly failed. Interactive plots will not work.
[2025-09-21T19:50:46.551+0000] {logging_mixin.py:188} INFO - [2025-09-21T19:50:46.551+0000] {config.py:75} INFO - Settings loaded (env=default)
[2025-09-21T19:50:46.840+0000] {logging_mixin.py:188} INFO - [2025-09-21T19:50:46.840+0000] {config.py:75} INFO - Settings loaded (env=default)
[2025-09-21T19:50:46.869+0000] {processor.py:840} INFO - DAG(s) 'supplychain_pipeline_dag' retrieved from /opt/airflow/dags/supplychain_pipeline_dag.py
[2025-09-21T19:50:46.958+0000] {logging_mixin.py:188} INFO - [2025-09-21T19:50:46.957+0000] {dag.py:3096} INFO - Sync 1 DAGs
[2025-09-21T19:50:47.009+0000] {logging_mixin.py:188} INFO - [2025-09-21T19:50:47.009+0000] {dag.py:3954} INFO - Setting next_dagrun for supplychain_pipeline_dag to 2025-09-21 00:00:00+00:00, run_after=2025-09-22 00:00:00+00:00
[2025-09-21T19:50:47.070+0000] {processor.py:183} INFO - Processing /opt/airflow/dags/supplychain_pipeline_dag.py took 5.215 seconds
[2025-09-21T19:52:17.000+0000] {processor.py:161} INFO - Started process (PID=172) to work on /opt/airflow/dags/supplychain_pipeline_dag.py
[2025-09-21T19:52:17.003+0000] {processor.py:830} INFO - Processing file /opt/airflow/dags/supplychain_pipeline_dag.py for tasks to queue
[2025-09-21T19:52:17.008+0000] {logging_mixin.py:188} INFO - [2025-09-21T19:52:17.007+0000] {dagbag.py:545} INFO - Filling up the DagBag from /opt/airflow/dags/supplychain_pipeline_dag.py
[2025-09-21T19:52:20.069+0000] {logging_mixin.py:188} INFO - [2025-09-21T19:52:20.068+0000] {font_manager.py:1639} INFO - generated new fontManager
[2025-09-21T19:52:20.626+0000] {logging_mixin.py:188} INFO - [2025-09-21T19:52:20.626+0000] {plot.py:39} ERROR - Importing plotly failed. Interactive plots will not work.
[2025-09-21T19:52:23.191+0000] {logging_mixin.py:188} INFO - [2025-09-21T19:52:23.191+0000] {config.py:75} INFO - Settings loaded (env=default)
[2025-09-21T19:52:23.671+0000] {logging_mixin.py:188} INFO - [2025-09-21T19:52:23.670+0000] {config.py:75} INFO - Settings loaded (env=default)
[2025-09-21T19:52:23.753+0000] {processor.py:840} INFO - DAG(s) 'supplychain_pipeline_dag' retrieved from /opt/airflow/dags/supplychain_pipeline_dag.py
[2025-09-21T19:52:24.325+0000] {logging_mixin.py:188} INFO - [2025-09-21T19:52:24.324+0000] {override.py:1829} INFO - Created Permission View: can delete on DAG:supplychain_pipeline_dag
[2025-09-21T19:52:24.350+0000] {logging_mixin.py:188} INFO - [2025-09-21T19:52:24.349+0000] {override.py:1829} INFO - Created Permission View: can read on DAG:supplychain_pipeline_dag
[2025-09-21T19:52:24.368+0000] {logging_mixin.py:188} INFO - [2025-09-21T19:52:24.367+0000] {override.py:1829} INFO - Created Permission View: can edit on DAG:supplychain_pipeline_dag
[2025-09-21T19:52:24.370+0000] {logging_mixin.py:188} INFO - [2025-09-21T19:52:24.369+0000] {dag.py:3096} INFO - Sync 1 DAGs
[2025-09-21T19:52:24.393+0000] {logging_mixin.py:188} INFO - [2025-09-21T19:52:24.393+0000] {dag.py:3118} INFO - Creating ORM DAG for supplychain_pipeline_dag
[2025-09-21T19:52:24.415+0000] {logging_mixin.py:188} INFO - [2025-09-21T19:52:24.414+0000] {dag.py:3954} INFO - Setting next_dagrun for supplychain_pipeline_dag to 2025-09-20 00:00:00+00:00, run_after=2025-09-21 00:00:00+00:00
[2025-09-21T19:52:24.468+0000] {processor.py:183} INFO - Processing /opt/airflow/dags/supplychain_pipeline_dag.py took 7.485 seconds
[2025-09-21T19:52:54.740+0000] {processor.py:161} INFO - Started process (PID=196) to work on /opt/airflow/dags/supplychain_pipeline_dag.py
[2025-09-21T19:52:54.744+0000] {processor.py:830} INFO - Processing file /opt/airflow/dags/supplychain_pipeline_dag.py for tasks to queue
[2025-09-21T19:52:54.750+0000] {logging_mixin.py:188} INFO - [2025-09-21T19:52:54.748+0000] {dagbag.py:545} INFO - Filling up the DagBag from /opt/airflow/dags/supplychain_pipeline_dag.py
[2025-09-21T19:52:57.614+0000] {logging_mixin.py:188} INFO - [2025-09-21T19:52:57.613+0000] {plot.py:39} ERROR - Importing plotly failed. Interactive plots will not work.
[2025-09-21T19:52:59.930+0000] {logging_mixin.py:188} INFO - [2025-09-21T19:52:59.930+0000] {config.py:75} INFO - Settings loaded (env=default)
[2025-09-21T19:53:00.201+0000] {logging_mixin.py:188} INFO - [2025-09-21T19:53:00.201+0000] {config.py:75} INFO - Settings loaded (env=default)
[2025-09-21T19:53:00.229+0000] {processor.py:840} INFO - DAG(s) 'supplychain_pipeline_dag' retrieved from /opt/airflow/dags/supplychain_pipeline_dag.py
[2025-09-21T19:53:00.309+0000] {logging_mixin.py:188} INFO - [2025-09-21T19:53:00.308+0000] {dag.py:3096} INFO - Sync 1 DAGs
[2025-09-21T19:53:00.362+0000] {logging_mixin.py:188} INFO - [2025-09-21T19:53:00.362+0000] {dag.py:3954} INFO - Setting next_dagrun for supplychain_pipeline_dag to 2025-09-20 00:00:00+00:00, run_after=2025-09-21 00:00:00+00:00
[2025-09-21T19:53:00.423+0000] {processor.py:183} INFO - Processing /opt/airflow/dags/supplychain_pipeline_dag.py took 5.474 seconds
[2025-09-21T19:53:31.062+0000] {processor.py:161} INFO - Started process (PID=218) to work on /opt/airflow/dags/supplychain_pipeline_dag.py
[2025-09-21T19:53:31.065+0000] {processor.py:830} INFO - Processing file /opt/airflow/dags/supplychain_pipeline_dag.py for tasks to queue
[2025-09-21T19:53:31.072+0000] {logging_mixin.py:188} INFO - [2025-09-21T19:53:31.071+0000] {dagbag.py:545} INFO - Filling up the DagBag from /opt/airflow/dags/supplychain_pipeline_dag.py
[2025-09-21T19:53:34.092+0000] {logging_mixin.py:188} INFO - [2025-09-21T19:53:34.091+0000] {plot.py:39} ERROR - Importing plotly failed. Interactive plots will not work.
[2025-09-21T19:53:35.959+0000] {logging_mixin.py:188} INFO - [2025-09-21T19:53:35.959+0000] {config.py:75} INFO - Settings loaded (env=default)
[2025-09-21T19:53:36.204+0000] {logging_mixin.py:188} INFO - [2025-09-21T19:53:36.204+0000] {config.py:75} INFO - Settings loaded (env=default)
[2025-09-21T19:53:36.233+0000] {processor.py:840} INFO - DAG(s) 'supplychain_pipeline_dag' retrieved from /opt/airflow/dags/supplychain_pipeline_dag.py
[2025-09-21T19:53:36.327+0000] {logging_mixin.py:188} INFO - [2025-09-21T19:53:36.326+0000] {dag.py:3096} INFO - Sync 1 DAGs
[2025-09-21T19:53:36.372+0000] {logging_mixin.py:188} INFO - [2025-09-21T19:53:36.372+0000] {dag.py:3954} INFO - Setting next_dagrun for supplychain_pipeline_dag to 2025-09-20 00:00:00+00:00, run_after=2025-09-21 00:00:00+00:00
[2025-09-21T19:53:36.416+0000] {processor.py:183} INFO - Processing /opt/airflow/dags/supplychain_pipeline_dag.py took 5.369 seconds
[2025-09-21T19:54:06.707+0000] {processor.py:161} INFO - Started process (PID=240) to work on /opt/airflow/dags/supplychain_pipeline_dag.py
[2025-09-21T19:54:06.711+0000] {processor.py:830} INFO - Processing file /opt/airflow/dags/supplychain_pipeline_dag.py for tasks to queue
[2025-09-21T19:54:06.717+0000] {logging_mixin.py:188} INFO - [2025-09-21T19:54:06.716+0000] {dagbag.py:545} INFO - Filling up the DagBag from /opt/airflow/dags/supplychain_pipeline_dag.py
[2025-09-21T19:54:09.499+0000] {logging_mixin.py:188} INFO - [2025-09-21T19:54:09.499+0000] {plot.py:39} ERROR - Importing plotly failed. Interactive plots will not work.
[2025-09-21T19:54:11.303+0000] {logging_mixin.py:188} INFO - [2025-09-21T19:54:11.302+0000] {config.py:75} INFO - Settings loaded (env=default)
[2025-09-21T19:54:11.566+0000] {logging_mixin.py:188} INFO - [2025-09-21T19:54:11.565+0000] {config.py:75} INFO - Settings loaded (env=default)
[2025-09-21T19:54:11.592+0000] {processor.py:840} INFO - DAG(s) 'supplychain_pipeline_dag' retrieved from /opt/airflow/dags/supplychain_pipeline_dag.py
[2025-09-21T19:54:11.669+0000] {logging_mixin.py:188} INFO - [2025-09-21T19:54:11.668+0000] {dag.py:3096} INFO - Sync 1 DAGs
[2025-09-21T19:54:11.711+0000] {logging_mixin.py:188} INFO - [2025-09-21T19:54:11.711+0000] {dag.py:3954} INFO - Setting next_dagrun for supplychain_pipeline_dag to 2025-09-20 00:00:00+00:00, run_after=2025-09-21 00:00:00+00:00
[2025-09-21T19:54:11.761+0000] {processor.py:183} INFO - Processing /opt/airflow/dags/supplychain_pipeline_dag.py took 5.073 seconds
[2025-09-21T19:54:42.455+0000] {processor.py:161} INFO - Started process (PID=262) to work on /opt/airflow/dags/supplychain_pipeline_dag.py
[2025-09-21T19:54:42.459+0000] {processor.py:830} INFO - Processing file /opt/airflow/dags/supplychain_pipeline_dag.py for tasks to queue
[2025-09-21T19:54:42.467+0000] {logging_mixin.py:188} INFO - [2025-09-21T19:54:42.465+0000] {dagbag.py:545} INFO - Filling up the DagBag from /opt/airflow/dags/supplychain_pipeline_dag.py
[2025-09-21T19:54:45.333+0000] {logging_mixin.py:188} INFO - [2025-09-21T19:54:45.333+0000] {plot.py:39} ERROR - Importing plotly failed. Interactive plots will not work.
[2025-09-21T19:54:47.196+0000] {logging_mixin.py:188} INFO - [2025-09-21T19:54:47.195+0000] {config.py:75} INFO - Settings loaded (env=default)
[2025-09-21T19:54:47.485+0000] {logging_mixin.py:188} INFO - [2025-09-21T19:54:47.485+0000] {config.py:75} INFO - Settings loaded (env=default)
[2025-09-21T19:54:47.518+0000] {processor.py:840} INFO - DAG(s) 'supplychain_pipeline_dag' retrieved from /opt/airflow/dags/supplychain_pipeline_dag.py
[2025-09-21T19:54:47.610+0000] {logging_mixin.py:188} INFO - [2025-09-21T19:54:47.609+0000] {dag.py:3096} INFO - Sync 1 DAGs
[2025-09-21T19:54:47.663+0000] {logging_mixin.py:188} INFO - [2025-09-21T19:54:47.662+0000] {dag.py:3954} INFO - Setting next_dagrun for supplychain_pipeline_dag to 2025-09-21 00:00:00+00:00, run_after=2025-09-22 00:00:00+00:00
[2025-09-21T19:54:47.723+0000] {processor.py:183} INFO - Processing /opt/airflow/dags/supplychain_pipeline_dag.py took 5.291 seconds
[2025-09-21T19:55:18.154+0000] {processor.py:161} INFO - Started process (PID=358) to work on /opt/airflow/dags/supplychain_pipeline_dag.py
[2025-09-21T19:55:18.158+0000] {processor.py:830} INFO - Processing file /opt/airflow/dags/supplychain_pipeline_dag.py for tasks to queue
[2025-09-21T19:55:18.165+0000] {logging_mixin.py:188} INFO - [2025-09-21T19:55:18.164+0000] {dagbag.py:545} INFO - Filling up the DagBag from /opt/airflow/dags/supplychain_pipeline_dag.py
[2025-09-21T19:55:21.019+0000] {logging_mixin.py:188} INFO - [2025-09-21T19:55:21.018+0000] {plot.py:39} ERROR - Importing plotly failed. Interactive plots will not work.
[2025-09-21T19:55:22.776+0000] {logging_mixin.py:188} INFO - [2025-09-21T19:55:22.776+0000] {config.py:75} INFO - Settings loaded (env=default)
[2025-09-21T19:55:23.010+0000] {logging_mixin.py:188} INFO - [2025-09-21T19:55:23.010+0000] {config.py:75} INFO - Settings loaded (env=default)
[2025-09-21T19:55:23.036+0000] {processor.py:840} INFO - DAG(s) 'supplychain_pipeline_dag' retrieved from /opt/airflow/dags/supplychain_pipeline_dag.py
[2025-09-21T19:55:23.119+0000] {logging_mixin.py:188} INFO - [2025-09-21T19:55:23.118+0000] {dag.py:3096} INFO - Sync 1 DAGs
[2025-09-21T19:55:23.174+0000] {logging_mixin.py:188} INFO - [2025-09-21T19:55:23.173+0000] {dag.py:3954} INFO - Setting next_dagrun for supplychain_pipeline_dag to 2025-09-21 00:00:00+00:00, run_after=2025-09-22 00:00:00+00:00
[2025-09-21T19:55:23.217+0000] {processor.py:183} INFO - Processing /opt/airflow/dags/supplychain_pipeline_dag.py took 5.085 seconds
[2025-09-21T19:55:53.966+0000] {processor.py:161} INFO - Started process (PID=381) to work on /opt/airflow/dags/supplychain_pipeline_dag.py
[2025-09-21T19:55:53.970+0000] {processor.py:830} INFO - Processing file /opt/airflow/dags/supplychain_pipeline_dag.py for tasks to queue
[2025-09-21T19:55:53.976+0000] {logging_mixin.py:188} INFO - [2025-09-21T19:55:53.975+0000] {dagbag.py:545} INFO - Filling up the DagBag from /opt/airflow/dags/supplychain_pipeline_dag.py
[2025-09-21T19:55:56.621+0000] {logging_mixin.py:188} INFO - [2025-09-21T19:55:56.621+0000] {plot.py:39} ERROR - Importing plotly failed. Interactive plots will not work.
[2025-09-21T19:55:58.503+0000] {logging_mixin.py:188} INFO - [2025-09-21T19:55:58.502+0000] {config.py:75} INFO - Settings loaded (env=default)
[2025-09-21T19:55:58.767+0000] {logging_mixin.py:188} INFO - [2025-09-21T19:55:58.767+0000] {config.py:75} INFO - Settings loaded (env=default)
[2025-09-21T19:55:58.793+0000] {processor.py:840} INFO - DAG(s) 'supplychain_pipeline_dag' retrieved from /opt/airflow/dags/supplychain_pipeline_dag.py
[2025-09-21T19:55:58.870+0000] {logging_mixin.py:188} INFO - [2025-09-21T19:55:58.870+0000] {dag.py:3096} INFO - Sync 1 DAGs
[2025-09-21T19:55:58.917+0000] {logging_mixin.py:188} INFO - [2025-09-21T19:55:58.916+0000] {dag.py:3954} INFO - Setting next_dagrun for supplychain_pipeline_dag to 2025-09-21 00:00:00+00:00, run_after=2025-09-22 00:00:00+00:00
[2025-09-21T19:55:58.980+0000] {processor.py:183} INFO - Processing /opt/airflow/dags/supplychain_pipeline_dag.py took 5.030 seconds
[2025-09-21T19:56:29.826+0000] {processor.py:161} INFO - Started process (PID=403) to work on /opt/airflow/dags/supplychain_pipeline_dag.py
[2025-09-21T19:56:29.829+0000] {processor.py:830} INFO - Processing file /opt/airflow/dags/supplychain_pipeline_dag.py for tasks to queue
[2025-09-21T19:56:29.835+0000] {logging_mixin.py:188} INFO - [2025-09-21T19:56:29.834+0000] {dagbag.py:545} INFO - Filling up the DagBag from /opt/airflow/dags/supplychain_pipeline_dag.py
[2025-09-21T19:56:32.987+0000] {logging_mixin.py:188} INFO - [2025-09-21T19:56:32.986+0000] {plot.py:39} ERROR - Importing plotly failed. Interactive plots will not work.
[2025-09-21T19:56:34.752+0000] {logging_mixin.py:188} INFO - [2025-09-21T19:56:34.751+0000] {config.py:75} INFO - Settings loaded (env=default)
[2025-09-21T19:56:34.991+0000] {logging_mixin.py:188} INFO - [2025-09-21T19:56:34.991+0000] {config.py:75} INFO - Settings loaded (env=default)
[2025-09-21T19:56:35.031+0000] {processor.py:840} INFO - DAG(s) 'supplychain_pipeline_dag' retrieved from /opt/airflow/dags/supplychain_pipeline_dag.py
[2025-09-21T19:56:35.116+0000] {logging_mixin.py:188} INFO - [2025-09-21T19:56:35.115+0000] {dag.py:3096} INFO - Sync 1 DAGs
[2025-09-21T19:56:35.160+0000] {logging_mixin.py:188} INFO - [2025-09-21T19:56:35.159+0000] {dag.py:3954} INFO - Setting next_dagrun for supplychain_pipeline_dag to 2025-09-21 00:00:00+00:00, run_after=2025-09-22 00:00:00+00:00
[2025-09-21T19:56:35.203+0000] {processor.py:183} INFO - Processing /opt/airflow/dags/supplychain_pipeline_dag.py took 5.035 seconds
[2025-09-21T19:57:05.957+0000] {processor.py:161} INFO - Started process (PID=425) to work on /opt/airflow/dags/supplychain_pipeline_dag.py
[2025-09-21T19:57:05.960+0000] {processor.py:830} INFO - Processing file /opt/airflow/dags/supplychain_pipeline_dag.py for tasks to queue
[2025-09-21T19:57:05.966+0000] {logging_mixin.py:188} INFO - [2025-09-21T19:57:05.965+0000] {dagbag.py:545} INFO - Filling up the DagBag from /opt/airflow/dags/supplychain_pipeline_dag.py
[2025-09-21T19:57:08.717+0000] {logging_mixin.py:188} INFO - [2025-09-21T19:57:08.717+0000] {plot.py:39} ERROR - Importing plotly failed. Interactive plots will not work.
[2025-09-21T19:57:10.571+0000] {logging_mixin.py:188} INFO - [2025-09-21T19:57:10.571+0000] {config.py:75} INFO - Settings loaded (env=default)
[2025-09-21T19:57:10.865+0000] {logging_mixin.py:188} INFO - [2025-09-21T19:57:10.865+0000] {config.py:75} INFO - Settings loaded (env=default)
[2025-09-21T19:57:10.894+0000] {processor.py:840} INFO - DAG(s) 'supplychain_pipeline_dag' retrieved from /opt/airflow/dags/supplychain_pipeline_dag.py
[2025-09-21T19:57:10.965+0000] {logging_mixin.py:188} INFO - [2025-09-21T19:57:10.964+0000] {dag.py:3096} INFO - Sync 1 DAGs
[2025-09-21T19:57:11.012+0000] {logging_mixin.py:188} INFO - [2025-09-21T19:57:11.011+0000] {dag.py:3954} INFO - Setting next_dagrun for supplychain_pipeline_dag to 2025-09-21 00:00:00+00:00, run_after=2025-09-22 00:00:00+00:00
[2025-09-21T19:57:11.064+0000] {processor.py:183} INFO - Processing /opt/airflow/dags/supplychain_pipeline_dag.py took 5.123 seconds
[2025-09-21T19:57:41.636+0000] {processor.py:161} INFO - Started process (PID=447) to work on /opt/airflow/dags/supplychain_pipeline_dag.py
[2025-09-21T19:57:41.639+0000] {processor.py:830} INFO - Processing file /opt/airflow/dags/supplychain_pipeline_dag.py for tasks to queue
[2025-09-21T19:57:41.644+0000] {logging_mixin.py:188} INFO - [2025-09-21T19:57:41.643+0000] {dagbag.py:545} INFO - Filling up the DagBag from /opt/airflow/dags/supplychain_pipeline_dag.py
[2025-09-21T19:57:44.352+0000] {logging_mixin.py:188} INFO - [2025-09-21T19:57:44.351+0000] {plot.py:39} ERROR - Importing plotly failed. Interactive plots will not work.
[2025-09-21T19:57:46.140+0000] {logging_mixin.py:188} INFO - [2025-09-21T19:57:46.139+0000] {config.py:75} INFO - Settings loaded (env=default)
[2025-09-21T19:57:46.441+0000] {logging_mixin.py:188} INFO - [2025-09-21T19:57:46.440+0000] {config.py:75} INFO - Settings loaded (env=default)
[2025-09-21T19:57:46.472+0000] {processor.py:840} INFO - DAG(s) 'supplychain_pipeline_dag' retrieved from /opt/airflow/dags/supplychain_pipeline_dag.py
[2025-09-21T19:57:46.569+0000] {logging_mixin.py:188} INFO - [2025-09-21T19:57:46.568+0000] {dag.py:3096} INFO - Sync 1 DAGs
[2025-09-21T19:57:46.625+0000] {logging_mixin.py:188} INFO - [2025-09-21T19:57:46.625+0000] {dag.py:3954} INFO - Setting next_dagrun for supplychain_pipeline_dag to 2025-09-21 00:00:00+00:00, run_after=2025-09-22 00:00:00+00:00
[2025-09-21T19:57:46.673+0000] {processor.py:183} INFO - Processing /opt/airflow/dags/supplychain_pipeline_dag.py took 5.050 seconds
[2025-09-21T19:58:17.551+0000] {processor.py:161} INFO - Started process (PID=469) to work on /opt/airflow/dags/supplychain_pipeline_dag.py
[2025-09-21T19:58:17.554+0000] {processor.py:830} INFO - Processing file /opt/airflow/dags/supplychain_pipeline_dag.py for tasks to queue
[2025-09-21T19:58:17.558+0000] {logging_mixin.py:188} INFO - [2025-09-21T19:58:17.557+0000] {dagbag.py:545} INFO - Filling up the DagBag from /opt/airflow/dags/supplychain_pipeline_dag.py
[2025-09-21T19:58:20.074+0000] {logging_mixin.py:188} INFO - [2025-09-21T19:58:20.074+0000] {plot.py:39} ERROR - Importing plotly failed. Interactive plots will not work.
[2025-09-21T19:58:21.873+0000] {logging_mixin.py:188} INFO - [2025-09-21T19:58:21.873+0000] {config.py:75} INFO - Settings loaded (env=default)
[2025-09-21T19:58:22.099+0000] {logging_mixin.py:188} INFO - [2025-09-21T19:58:22.098+0000] {config.py:75} INFO - Settings loaded (env=default)
[2025-09-21T19:58:22.124+0000] {processor.py:840} INFO - DAG(s) 'supplychain_pipeline_dag' retrieved from /opt/airflow/dags/supplychain_pipeline_dag.py
[2025-09-21T19:58:22.197+0000] {logging_mixin.py:188} INFO - [2025-09-21T19:58:22.197+0000] {dag.py:3096} INFO - Sync 1 DAGs
[2025-09-21T19:58:22.243+0000] {logging_mixin.py:188} INFO - [2025-09-21T19:58:22.243+0000] {dag.py:3954} INFO - Setting next_dagrun for supplychain_pipeline_dag to 2025-09-21 00:00:00+00:00, run_after=2025-09-22 00:00:00+00:00
[2025-09-21T19:58:22.292+0000] {processor.py:183} INFO - Processing /opt/airflow/dags/supplychain_pipeline_dag.py took 4.755 seconds
[2025-09-21T19:58:53.087+0000] {processor.py:161} INFO - Started process (PID=491) to work on /opt/airflow/dags/supplychain_pipeline_dag.py
[2025-09-21T19:58:53.090+0000] {processor.py:830} INFO - Processing file /opt/airflow/dags/supplychain_pipeline_dag.py for tasks to queue
[2025-09-21T19:58:53.095+0000] {logging_mixin.py:188} INFO - [2025-09-21T19:58:53.094+0000] {dagbag.py:545} INFO - Filling up the DagBag from /opt/airflow/dags/supplychain_pipeline_dag.py
[2025-09-21T19:58:55.693+0000] {logging_mixin.py:188} INFO - [2025-09-21T19:58:55.692+0000] {plot.py:39} ERROR - Importing plotly failed. Interactive plots will not work.
[2025-09-21T19:58:57.455+0000] {logging_mixin.py:188} INFO - [2025-09-21T19:58:57.454+0000] {config.py:75} INFO - Settings loaded (env=default)
[2025-09-21T19:58:57.749+0000] {logging_mixin.py:188} INFO - [2025-09-21T19:58:57.748+0000] {config.py:75} INFO - Settings loaded (env=default)
[2025-09-21T19:58:57.775+0000] {processor.py:840} INFO - DAG(s) 'supplychain_pipeline_dag' retrieved from /opt/airflow/dags/supplychain_pipeline_dag.py
[2025-09-21T19:58:57.853+0000] {logging_mixin.py:188} INFO - [2025-09-21T19:58:57.852+0000] {dag.py:3096} INFO - Sync 1 DAGs
[2025-09-21T19:58:57.899+0000] {logging_mixin.py:188} INFO - [2025-09-21T19:58:57.898+0000] {dag.py:3954} INFO - Setting next_dagrun for supplychain_pipeline_dag to 2025-09-21 00:00:00+00:00, run_after=2025-09-22 00:00:00+00:00
[2025-09-21T19:58:57.948+0000] {processor.py:183} INFO - Processing /opt/airflow/dags/supplychain_pipeline_dag.py took 4.876 seconds
