[2025-10-05T18:23:44.858+0000] {manager.py:878} INFO - 
================================================================================
DAG File Processing Stats

File Path                                      PID    Runtime      # DAGs    # Errors  Last Runtime    Last Run
---------------------------------------------  -----  ---------  --------  ----------  --------------  -------------------
/opt/airflow/dags/supplychain_pipeline_dag.py                           1           0  5.97s           2025-10-05T18:23:21
================================================================================
[2025-10-05T18:24:18.554+0000] {manager.py:878} INFO - 
================================================================================
DAG File Processing Stats

File Path                                      PID    Runtime      # DAGs    # Errors  Last Runtime    Last Run
---------------------------------------------  -----  ---------  --------  ----------  --------------  -------------------
/opt/airflow/dags/supplychain_pipeline_dag.py                           1           0  5.27s           2025-10-05T18:23:57
================================================================================
[2025-10-05T18:24:52.178+0000] {manager.py:878} INFO - 
================================================================================
DAG File Processing Stats

File Path                                      PID    Runtime      # DAGs    # Errors  Last Runtime    Last Run
---------------------------------------------  -----  ---------  --------  ----------  --------------  -------------------
/opt/airflow/dags/supplychain_pipeline_dag.py                           1           0  5.10s           2025-10-05T18:24:32
================================================================================
[2025-10-05T18:25:25.915+0000] {manager.py:878} INFO - 
================================================================================
DAG File Processing Stats

File Path                                      PID    Runtime      # DAGs    # Errors  Last Runtime    Last Run
---------------------------------------------  -----  ---------  --------  ----------  --------------  -------------------
/opt/airflow/dags/supplychain_pipeline_dag.py                           1           0  5.25s           2025-10-05T18:25:08
================================================================================
[2025-10-05T18:25:59.216+0000] {manager.py:878} INFO - 
================================================================================
DAG File Processing Stats

File Path                                      PID    Runtime      # DAGs    # Errors  Last Runtime    Last Run
---------------------------------------------  -----  ---------  --------  ----------  --------------  -------------------
/opt/airflow/dags/supplychain_pipeline_dag.py                           1           0  4.75s           2025-10-05T18:25:43
================================================================================
[2025-10-05T18:26:32.911+0000] {manager.py:878} INFO - 
================================================================================
DAG File Processing Stats

File Path                                      PID    Runtime      # DAGs    # Errors  Last Runtime    Last Run
---------------------------------------------  -----  ---------  --------  ----------  --------------  -------------------
/opt/airflow/dags/supplychain_pipeline_dag.py                           1           0  5.10s           2025-10-05T18:26:19
================================================================================
[2025-10-05T18:27:06.525+0000] {manager.py:878} INFO - 
================================================================================
DAG File Processing Stats

File Path                                      PID    Runtime      # DAGs    # Errors  Last Runtime    Last Run
---------------------------------------------  -----  ---------  --------  ----------  --------------  -------------------
/opt/airflow/dags/supplychain_pipeline_dag.py                           1           0  5.18s           2025-10-05T18:26:55
================================================================================
[2025-10-05T18:27:23.096+0000] {manager.py:452} INFO - Exiting gracefully upon receiving signal 15
[2025-10-05T18:35:24.505+0000] {manager.py:470} INFO - Processing files using up to 2 processes at a time 
[2025-10-05T18:35:24.508+0000] {manager.py:471} INFO - Process each file at most once every 30 seconds
[2025-10-05T18:35:24.511+0000] {manager.py:472} INFO - Checking for new files in /opt/airflow/dags every 300 seconds
[2025-10-05T18:35:24.515+0000] {manager.py:737} INFO - Searching for files in /opt/airflow/dags
[2025-10-05T18:35:24.596+0000] {manager.py:740} INFO - There are 1 files in /opt/airflow/dags
[2025-10-05T18:35:24.883+0000] {manager.py:878} INFO - 
================================================================================
DAG File Processing Stats

File Path                                        PID  Runtime      # DAGs    # Errors  Last Runtime    Last Run
---------------------------------------------  -----  ---------  --------  ----------  --------------  ----------
/opt/airflow/dags/supplychain_pipeline_dag.py    172  0.11s             0           0
================================================================================
[2025-10-05T18:35:58.475+0000] {manager.py:878} INFO - 
================================================================================
DAG File Processing Stats

File Path                                      PID    Runtime      # DAGs    # Errors  Last Runtime    Last Run
---------------------------------------------  -----  ---------  --------  ----------  --------------  -------------------
/opt/airflow/dags/supplychain_pipeline_dag.py                           1           0  7.35s           2025-10-05T18:35:32
================================================================================
[2025-10-05T18:36:32.246+0000] {manager.py:878} INFO - 
================================================================================
DAG File Processing Stats

File Path                                      PID    Runtime      # DAGs    # Errors  Last Runtime    Last Run
---------------------------------------------  -----  ---------  --------  ----------  --------------  -------------------
/opt/airflow/dags/supplychain_pipeline_dag.py                           1           0  5.34s           2025-10-05T18:36:07
================================================================================
[2025-10-05T18:37:05.769+0000] {manager.py:878} INFO - 
================================================================================
DAG File Processing Stats

File Path                                      PID    Runtime      # DAGs    # Errors  Last Runtime    Last Run
---------------------------------------------  -----  ---------  --------  ----------  --------------  -------------------
/opt/airflow/dags/supplychain_pipeline_dag.py                           1           0  4.93s           2025-10-05T18:36:43
================================================================================
[2025-10-05T18:37:39.595+0000] {manager.py:878} INFO - 
================================================================================
DAG File Processing Stats

File Path                                      PID    Runtime      # DAGs    # Errors  Last Runtime    Last Run
---------------------------------------------  -----  ---------  --------  ----------  --------------  -------------------
/opt/airflow/dags/supplychain_pipeline_dag.py                           1           0  5.52s           2025-10-05T18:37:19
================================================================================
[2025-10-05T18:38:13.516+0000] {manager.py:878} INFO - 
================================================================================
DAG File Processing Stats

File Path                                      PID    Runtime      # DAGs    # Errors  Last Runtime    Last Run
---------------------------------------------  -----  ---------  --------  ----------  --------------  -------------------
/opt/airflow/dags/supplychain_pipeline_dag.py                           1           0  6.76s           2025-10-05T18:37:56
================================================================================
[2025-10-05T18:38:47.128+0000] {manager.py:878} INFO - 
================================================================================
DAG File Processing Stats

File Path                                      PID    Runtime      # DAGs    # Errors  Last Runtime    Last Run
---------------------------------------------  -----  ---------  --------  ----------  --------------  -------------------
/opt/airflow/dags/supplychain_pipeline_dag.py                           1           0  4.97s           2025-10-05T18:38:31
================================================================================
[2025-10-05T18:39:21.169+0000] {manager.py:878} INFO - 
================================================================================
DAG File Processing Stats

File Path                                      PID    Runtime      # DAGs    # Errors  Last Runtime    Last Run
---------------------------------------------  -----  ---------  --------  ----------  --------------  -------------------
/opt/airflow/dags/supplychain_pipeline_dag.py                           1           0  6.11s           2025-10-05T18:39:07
================================================================================
[2025-10-05T18:39:54.590+0000] {manager.py:878} INFO - 
================================================================================
DAG File Processing Stats

File Path                                      PID    Runtime      # DAGs    # Errors  Last Runtime    Last Run
---------------------------------------------  -----  ---------  --------  ----------  --------------  -------------------
/opt/airflow/dags/supplychain_pipeline_dag.py                           1           0  5.83s           2025-10-05T18:39:44
================================================================================
[2025-10-05T18:40:25.154+0000] {manager.py:737} INFO - Searching for files in /opt/airflow/dags
[2025-10-05T18:40:25.222+0000] {manager.py:740} INFO - There are 1 files in /opt/airflow/dags
[2025-10-05T18:40:28.280+0000] {manager.py:878} INFO - 
================================================================================
DAG File Processing Stats

File Path                                      PID    Runtime      # DAGs    # Errors  Last Runtime    Last Run
---------------------------------------------  -----  ---------  --------  ----------  --------------  -------------------
/opt/airflow/dags/supplychain_pipeline_dag.py                           1           0  5.10s           2025-10-05T18:40:00
================================================================================
[2025-10-05T18:41:01.949+0000] {manager.py:878} INFO - 
================================================================================
DAG File Processing Stats

File Path                                      PID    Runtime      # DAGs    # Errors  Last Runtime    Last Run
---------------------------------------------  -----  ---------  --------  ----------  --------------  -------------------
/opt/airflow/dags/supplychain_pipeline_dag.py                           1           0  4.53s           2025-10-05T18:40:35
================================================================================
[2025-10-05T18:41:31.429+0000] {manager.py:452} INFO - Exiting gracefully upon receiving signal 15
[2025-10-05T18:43:01.529+0000] {manager.py:470} INFO - Processing files using up to 2 processes at a time 
[2025-10-05T18:43:01.532+0000] {manager.py:471} INFO - Process each file at most once every 30 seconds
[2025-10-05T18:43:01.535+0000] {manager.py:472} INFO - Checking for new files in /opt/airflow/dags every 300 seconds
[2025-10-05T18:43:01.539+0000] {manager.py:737} INFO - Searching for files in /opt/airflow/dags
[2025-10-05T18:43:01.610+0000] {manager.py:740} INFO - There are 1 files in /opt/airflow/dags
[2025-10-05T18:43:01.906+0000] {manager.py:878} INFO - 
================================================================================
DAG File Processing Stats

File Path                                        PID  Runtime      # DAGs    # Errors  Last Runtime    Last Run
---------------------------------------------  -----  ---------  --------  ----------  --------------  ----------
/opt/airflow/dags/supplychain_pipeline_dag.py    171  0.12s             0           0
================================================================================
[2025-10-05T18:43:35.461+0000] {manager.py:878} INFO - 
================================================================================
DAG File Processing Stats

File Path                                      PID    Runtime      # DAGs    # Errors  Last Runtime    Last Run
---------------------------------------------  -----  ---------  --------  ----------  --------------  -------------------
/opt/airflow/dags/supplychain_pipeline_dag.py                           1           0  9.69s           2025-10-05T18:43:11
================================================================================
[2025-10-05T18:44:08.968+0000] {manager.py:878} INFO - 
================================================================================
DAG File Processing Stats

File Path                                      PID    Runtime      # DAGs    # Errors  Last Runtime    Last Run
---------------------------------------------  -----  ---------  --------  ----------  --------------  -------------------
/opt/airflow/dags/supplychain_pipeline_dag.py                           1           0  5.86s           2025-10-05T18:43:47
================================================================================
[2025-10-05T18:44:42.551+0000] {manager.py:878} INFO - 
================================================================================
DAG File Processing Stats

File Path                                      PID    Runtime      # DAGs    # Errors  Last Runtime    Last Run
---------------------------------------------  -----  ---------  --------  ----------  --------------  -------------------
/opt/airflow/dags/supplychain_pipeline_dag.py                           1           0  5.00s           2025-10-05T18:44:23
================================================================================
[2025-10-05T18:45:16.125+0000] {manager.py:878} INFO - 
================================================================================
DAG File Processing Stats

File Path                                      PID    Runtime      # DAGs    # Errors  Last Runtime    Last Run
---------------------------------------------  -----  ---------  --------  ----------  --------------  -------------------
/opt/airflow/dags/supplychain_pipeline_dag.py                           1           0  5.13s           2025-10-05T18:44:59
================================================================================
[2025-10-05T18:45:50.753+0000] {manager.py:878} INFO - 
================================================================================
DAG File Processing Stats

File Path                                      PID    Runtime      # DAGs    # Errors  Last Runtime    Last Run
---------------------------------------------  -----  ---------  --------  ----------  --------------  -------------------
/opt/airflow/dags/supplychain_pipeline_dag.py                           1           0  5.11s           2025-10-05T18:45:34
================================================================================
[2025-10-05T18:46:26.643+0000] {manager.py:878} INFO - 
================================================================================
DAG File Processing Stats

File Path                                      PID    Runtime      # DAGs    # Errors  Last Runtime    Last Run
---------------------------------------------  -----  ---------  --------  ----------  --------------  -------------------
/opt/airflow/dags/supplychain_pipeline_dag.py                           1           0  5.00s           2025-10-05T18:46:10
================================================================================
[2025-10-05T18:47:00.214+0000] {manager.py:878} INFO - 
================================================================================
DAG File Processing Stats

File Path                                      PID    Runtime      # DAGs    # Errors  Last Runtime    Last Run
---------------------------------------------  -----  ---------  --------  ----------  --------------  -------------------
/opt/airflow/dags/supplychain_pipeline_dag.py                           1           0  4.93s           2025-10-05T18:46:45
================================================================================
[2025-10-05T18:47:33.925+0000] {manager.py:878} INFO - 
================================================================================
DAG File Processing Stats

File Path                                      PID    Runtime      # DAGs    # Errors  Last Runtime    Last Run
---------------------------------------------  -----  ---------  --------  ----------  --------------  -------------------
/opt/airflow/dags/supplychain_pipeline_dag.py                           1           0  4.76s           2025-10-05T18:47:21
================================================================================
[2025-10-05T18:48:01.629+0000] {manager.py:737} INFO - Searching for files in /opt/airflow/dags
[2025-10-05T18:48:01.700+0000] {manager.py:740} INFO - There are 1 files in /opt/airflow/dags
[2025-10-05T18:48:07.485+0000] {manager.py:878} INFO - 
================================================================================
DAG File Processing Stats

File Path                                      PID    Runtime      # DAGs    # Errors  Last Runtime    Last Run
---------------------------------------------  -----  ---------  --------  ----------  --------------  -------------------
/opt/airflow/dags/supplychain_pipeline_dag.py                           1           0  4.90s           2025-10-05T18:47:56
================================================================================
[2025-10-05T18:48:40.978+0000] {manager.py:878} INFO - 
================================================================================
DAG File Processing Stats

File Path                                        PID  Runtime      # DAGs    # Errors  Last Runtime    Last Run
---------------------------------------------  -----  ---------  --------  ----------  --------------  -------------------
/opt/airflow/dags/supplychain_pipeline_dag.py    763  5.40s             1           0  4.82s           2025-10-05T18:48:31
================================================================================
[2025-10-05T18:49:14.359+0000] {manager.py:878} INFO - 
================================================================================
DAG File Processing Stats

File Path                                        PID  Runtime      # DAGs    # Errors  Last Runtime    Last Run
---------------------------------------------  -----  ---------  --------  ----------  --------------  -------------------
/opt/airflow/dags/supplychain_pipeline_dag.py    814  0.02s             1           0  8.41s           2025-10-05T18:48:43
================================================================================
[2025-10-05T18:49:48.198+0000] {manager.py:878} INFO - 
================================================================================
DAG File Processing Stats

File Path                                      PID    Runtime      # DAGs    # Errors  Last Runtime    Last Run
---------------------------------------------  -----  ---------  --------  ----------  --------------  -------------------
/opt/airflow/dags/supplychain_pipeline_dag.py                           1           0  5.65s           2025-10-05T18:49:19
================================================================================
[2025-10-05T18:49:59.840+0000] {manager.py:452} INFO - Exiting gracefully upon receiving signal 15
[2025-10-05T18:50:26.090+0000] {manager.py:470} INFO - Processing files using up to 2 processes at a time 
[2025-10-05T18:50:26.094+0000] {manager.py:471} INFO - Process each file at most once every 30 seconds
[2025-10-05T18:50:26.096+0000] {manager.py:472} INFO - Checking for new files in /opt/airflow/dags every 300 seconds
[2025-10-05T18:50:26.099+0000] {manager.py:737} INFO - Searching for files in /opt/airflow/dags
[2025-10-05T18:50:26.171+0000] {manager.py:740} INFO - There are 1 files in /opt/airflow/dags
[2025-10-05T18:50:26.383+0000] {manager.py:878} INFO - 
================================================================================
DAG File Processing Stats

File Path                                        PID  Runtime      # DAGs    # Errors  Last Runtime    Last Run
---------------------------------------------  -----  ---------  --------  ----------  --------------  ----------
/opt/airflow/dags/supplychain_pipeline_dag.py    171  0.10s             0           0
================================================================================
[2025-10-05T18:50:59.915+0000] {manager.py:878} INFO - 
================================================================================
DAG File Processing Stats

File Path                                      PID    Runtime      # DAGs    # Errors  Last Runtime    Last Run
---------------------------------------------  -----  ---------  --------  ----------  --------------  -------------------
/opt/airflow/dags/supplychain_pipeline_dag.py                           1           0  5.25s           2025-10-05T18:50:31
================================================================================
[2025-10-05T18:51:33.395+0000] {manager.py:878} INFO - 
================================================================================
DAG File Processing Stats

File Path                                      PID    Runtime      # DAGs    # Errors  Last Runtime    Last Run
---------------------------------------------  -----  ---------  --------  ----------  --------------  -------------------
/opt/airflow/dags/supplychain_pipeline_dag.py                           1           0  4.88s           2025-10-05T18:51:06
================================================================================
[2025-10-05T18:52:06.884+0000] {manager.py:878} INFO - 
================================================================================
DAG File Processing Stats

File Path                                      PID    Runtime      # DAGs    # Errors  Last Runtime    Last Run
---------------------------------------------  -----  ---------  --------  ----------  --------------  -------------------
/opt/airflow/dags/supplychain_pipeline_dag.py                           1           0  4.82s           2025-10-05T18:51:42
================================================================================
[2025-10-05T18:52:40.441+0000] {manager.py:878} INFO - 
================================================================================
DAG File Processing Stats

File Path                                      PID    Runtime      # DAGs    # Errors  Last Runtime    Last Run
---------------------------------------------  -----  ---------  --------  ----------  --------------  -------------------
/opt/airflow/dags/supplychain_pipeline_dag.py                           1           0  4.91s           2025-10-05T18:52:17
================================================================================
[2025-10-05T18:53:13.859+0000] {manager.py:878} INFO - 
================================================================================
DAG File Processing Stats

File Path                                      PID    Runtime      # DAGs    # Errors  Last Runtime    Last Run
---------------------------------------------  -----  ---------  --------  ----------  --------------  -------------------
/opt/airflow/dags/supplychain_pipeline_dag.py                           1           0  4.77s           2025-10-05T18:52:52
================================================================================
[2025-10-05T18:53:47.467+0000] {manager.py:878} INFO - 
================================================================================
DAG File Processing Stats

File Path                                      PID    Runtime      # DAGs    # Errors  Last Runtime    Last Run
---------------------------------------------  -----  ---------  --------  ----------  --------------  -------------------
/opt/airflow/dags/supplychain_pipeline_dag.py                           1           0  4.67s           2025-10-05T18:53:27
================================================================================
[2025-10-05T18:54:21.028+0000] {manager.py:878} INFO - 
================================================================================
DAG File Processing Stats

File Path                                      PID    Runtime      # DAGs    # Errors  Last Runtime    Last Run
---------------------------------------------  -----  ---------  --------  ----------  --------------  -------------------
/opt/airflow/dags/supplychain_pipeline_dag.py                           1           0  4.99s           2025-10-05T18:54:02
================================================================================
[2025-10-05T18:54:54.670+0000] {manager.py:878} INFO - 
================================================================================
DAG File Processing Stats

File Path                                      PID    Runtime      # DAGs    # Errors  Last Runtime    Last Run
---------------------------------------------  -----  ---------  --------  ----------  --------------  -------------------
/opt/airflow/dags/supplychain_pipeline_dag.py                           1           0  5.07s           2025-10-05T18:54:38
================================================================================
[2025-10-05T18:55:26.292+0000] {manager.py:737} INFO - Searching for files in /opt/airflow/dags
[2025-10-05T18:55:26.364+0000] {manager.py:740} INFO - There are 1 files in /opt/airflow/dags
[2025-10-05T18:55:28.103+0000] {manager.py:878} INFO - 
================================================================================
DAG File Processing Stats

File Path                                      PID    Runtime      # DAGs    # Errors  Last Runtime    Last Run
---------------------------------------------  -----  ---------  --------  ----------  --------------  -------------------
/opt/airflow/dags/supplychain_pipeline_dag.py                           1           0  4.86s           2025-10-05T18:55:13
================================================================================
[2025-10-05T18:56:01.501+0000] {manager.py:878} INFO - 
================================================================================
DAG File Processing Stats

File Path                                      PID    Runtime      # DAGs    # Errors  Last Runtime    Last Run
---------------------------------------------  -----  ---------  --------  ----------  --------------  -------------------
/opt/airflow/dags/supplychain_pipeline_dag.py                           1           0  4.80s           2025-10-05T18:55:49
================================================================================
[2025-10-05T18:56:35.095+0000] {manager.py:878} INFO - 
================================================================================
DAG File Processing Stats

File Path                                      PID    Runtime      # DAGs    # Errors  Last Runtime    Last Run
---------------------------------------------  -----  ---------  --------  ----------  --------------  -------------------
/opt/airflow/dags/supplychain_pipeline_dag.py                           1           0  7.90s           2025-10-05T18:56:27
================================================================================
[2025-10-05T18:57:08.616+0000] {manager.py:878} INFO - 
================================================================================
DAG File Processing Stats

File Path                                      PID    Runtime      # DAGs    # Errors  Last Runtime    Last Run
---------------------------------------------  -----  ---------  --------  ----------  --------------  -------------------
/opt/airflow/dags/supplychain_pipeline_dag.py                           1           0  7.16s           2025-10-05T18:57:04
================================================================================
[2025-10-05T18:57:42.125+0000] {manager.py:878} INFO - 
================================================================================
DAG File Processing Stats

File Path                                      PID    Runtime      # DAGs    # Errors  Last Runtime    Last Run
---------------------------------------------  -----  ---------  --------  ----------  --------------  -------------------
/opt/airflow/dags/supplychain_pipeline_dag.py                           1           0  4.94s           2025-10-05T18:57:40
================================================================================
[2025-10-05T18:58:15.697+0000] {manager.py:878} INFO - 
================================================================================
DAG File Processing Stats

File Path                                      PID    Runtime      # DAGs    # Errors  Last Runtime    Last Run
---------------------------------------------  -----  ---------  --------  ----------  --------------  -------------------
/opt/airflow/dags/supplychain_pipeline_dag.py                           1           0  4.95s           2025-10-05T18:58:15
================================================================================
[2025-10-05T18:58:49.263+0000] {manager.py:878} INFO - 
================================================================================
DAG File Processing Stats

File Path                                        PID  Runtime      # DAGs    # Errors  Last Runtime    Last Run
---------------------------------------------  -----  ---------  --------  ----------  --------------  -------------------
/opt/airflow/dags/supplychain_pipeline_dag.py    535  3.04s             1           0  4.95s           2025-10-05T18:58:15
================================================================================
[2025-10-05T18:59:22.711+0000] {manager.py:878} INFO - 
================================================================================
DAG File Processing Stats

File Path                                        PID  Runtime      # DAGs    # Errors  Last Runtime    Last Run
---------------------------------------------  -----  ---------  --------  ----------  --------------  -------------------
/opt/airflow/dags/supplychain_pipeline_dag.py    557  1.50s             1           0  4.84s           2025-10-05T18:58:51
================================================================================
[2025-10-05T18:59:56.345+0000] {manager.py:878} INFO - 
================================================================================
DAG File Processing Stats

File Path                                        PID  Runtime      # DAGs    # Errors  Last Runtime    Last Run
---------------------------------------------  -----  ---------  --------  ----------  --------------  -------------------
/opt/airflow/dags/supplychain_pipeline_dag.py    579  0.01s             1           0  4.98s           2025-10-05T18:59:26
================================================================================
[2025-10-05T19:00:26.377+0000] {manager.py:737} INFO - Searching for files in /opt/airflow/dags
[2025-10-05T19:00:26.441+0000] {manager.py:740} INFO - There are 1 files in /opt/airflow/dags
[2025-10-05T19:00:29.727+0000] {manager.py:878} INFO - 
================================================================================
DAG File Processing Stats

File Path                                      PID    Runtime      # DAGs    # Errors  Last Runtime    Last Run
---------------------------------------------  -----  ---------  --------  ----------  --------------  -------------------
/opt/airflow/dags/supplychain_pipeline_dag.py                           1           0  4.81s           2025-10-05T19:00:01
================================================================================
[2025-10-05T19:01:03.285+0000] {manager.py:878} INFO - 
================================================================================
DAG File Processing Stats

File Path                                      PID    Runtime      # DAGs    # Errors  Last Runtime    Last Run
---------------------------------------------  -----  ---------  --------  ----------  --------------  -------------------
/opt/airflow/dags/supplychain_pipeline_dag.py                           1           0  4.95s           2025-10-05T19:00:36
================================================================================
[2025-10-05T19:01:36.666+0000] {manager.py:878} INFO - 
================================================================================
DAG File Processing Stats

File Path                                      PID    Runtime      # DAGs    # Errors  Last Runtime    Last Run
---------------------------------------------  -----  ---------  --------  ----------  --------------  -------------------
/opt/airflow/dags/supplychain_pipeline_dag.py                           1           0  5.15s           2025-10-05T19:01:12
================================================================================
[2025-10-05T19:02:10.357+0000] {manager.py:878} INFO - 
================================================================================
DAG File Processing Stats

File Path                                      PID    Runtime      # DAGs    # Errors  Last Runtime    Last Run
---------------------------------------------  -----  ---------  --------  ----------  --------------  -------------------
/opt/airflow/dags/supplychain_pipeline_dag.py                           1           0  5.13s           2025-10-05T19:01:47
================================================================================
[2025-10-05T19:02:43.951+0000] {manager.py:878} INFO - 
================================================================================
DAG File Processing Stats

File Path                                      PID    Runtime      # DAGs    # Errors  Last Runtime    Last Run
---------------------------------------------  -----  ---------  --------  ----------  --------------  -------------------
/opt/airflow/dags/supplychain_pipeline_dag.py                           1           0  4.98s           2025-10-05T19:02:23
================================================================================
[2025-10-05T19:03:17.551+0000] {manager.py:878} INFO - 
================================================================================
DAG File Processing Stats

File Path                                      PID    Runtime      # DAGs    # Errors  Last Runtime    Last Run
---------------------------------------------  -----  ---------  --------  ----------  --------------  -------------------
/opt/airflow/dags/supplychain_pipeline_dag.py                           1           0  4.99s           2025-10-05T19:02:59
================================================================================
[2025-10-05T19:03:51.041+0000] {manager.py:878} INFO - 
================================================================================
DAG File Processing Stats

File Path                                      PID    Runtime      # DAGs    # Errors  Last Runtime    Last Run
---------------------------------------------  -----  ---------  --------  ----------  --------------  -------------------
/opt/airflow/dags/supplychain_pipeline_dag.py                           1           0  4.92s           2025-10-05T19:03:34
================================================================================
[2025-10-05T19:04:24.568+0000] {manager.py:878} INFO - 
================================================================================
DAG File Processing Stats

File Path                                      PID    Runtime      # DAGs    # Errors  Last Runtime    Last Run
---------------------------------------------  -----  ---------  --------  ----------  --------------  -------------------
/opt/airflow/dags/supplychain_pipeline_dag.py                           1           0  8.27s           2025-10-05T19:04:13
================================================================================
[2025-10-05T19:04:58.207+0000] {manager.py:878} INFO - 
================================================================================
DAG File Processing Stats

File Path                                      PID    Runtime      # DAGs    # Errors  Last Runtime    Last Run
---------------------------------------------  -----  ---------  --------  ----------  --------------  -------------------
/opt/airflow/dags/supplychain_pipeline_dag.py                           1           0  5.07s           2025-10-05T19:04:52
================================================================================
[2025-10-05T19:05:26.871+0000] {manager.py:737} INFO - Searching for files in /opt/airflow/dags
[2025-10-05T19:05:26.948+0000] {manager.py:740} INFO - There are 1 files in /opt/airflow/dags
[2025-10-05T19:05:31.641+0000] {manager.py:878} INFO - 
================================================================================
DAG File Processing Stats

File Path                                      PID    Runtime      # DAGs    # Errors  Last Runtime    Last Run
---------------------------------------------  -----  ---------  --------  ----------  --------------  -------------------
/opt/airflow/dags/supplychain_pipeline_dag.py                           1           0  4.77s           2025-10-05T19:05:27
================================================================================
[2025-10-05T19:06:02.676+0000] {manager.py:878} INFO - 
================================================================================
DAG File Processing Stats

File Path                                      PID    Runtime      # DAGs    # Errors  Last Runtime    Last Run
---------------------------------------------  -----  ---------  --------  ----------  --------------  -------------------
/opt/airflow/dags/supplychain_pipeline_dag.py                           1           0  4.79s           2025-10-05T19:06:02
================================================================================
[2025-10-05T19:06:38.329+0000] {manager.py:878} INFO - 
================================================================================
DAG File Processing Stats

File Path                                        PID  Runtime      # DAGs    # Errors  Last Runtime    Last Run
---------------------------------------------  -----  ---------  --------  ----------  --------------  -------------------
/opt/airflow/dags/supplychain_pipeline_dag.py    821  5.09s             1           0  4.79s           2025-10-05T19:06:02
================================================================================
[2025-10-05T19:07:12.004+0000] {manager.py:878} INFO - 
================================================================================
DAG File Processing Stats

File Path                                        PID  Runtime      # DAGs    # Errors  Last Runtime    Last Run
---------------------------------------------  -----  ---------  --------  ----------  --------------  -------------------
/opt/airflow/dags/supplychain_pipeline_dag.py    843  3.06s             1           0  5.17s           2025-10-05T19:06:38
================================================================================
[2025-10-05T19:07:45.500+0000] {manager.py:878} INFO - 
================================================================================
DAG File Processing Stats

File Path                                        PID  Runtime      # DAGs    # Errors  Last Runtime    Last Run
---------------------------------------------  -----  ---------  --------  ----------  --------------  -------------------
/opt/airflow/dags/supplychain_pipeline_dag.py    865  1.03s             1           0  4.94s           2025-10-05T19:07:13
================================================================================
[2025-10-05T19:08:18.897+0000] {manager.py:878} INFO - 
================================================================================
DAG File Processing Stats

File Path                                      PID    Runtime      # DAGs    # Errors  Last Runtime    Last Run
---------------------------------------------  -----  ---------  --------  ----------  --------------  -------------------
/opt/airflow/dags/supplychain_pipeline_dag.py                           1           0  4.84s           2025-10-05T19:07:49
================================================================================
[2025-10-05T19:08:52.360+0000] {manager.py:878} INFO - 
================================================================================
DAG File Processing Stats

File Path                                      PID    Runtime      # DAGs    # Errors  Last Runtime    Last Run
---------------------------------------------  -----  ---------  --------  ----------  --------------  -------------------
/opt/airflow/dags/supplychain_pipeline_dag.py                           1           0  4.91s           2025-10-05T19:08:24
================================================================================
[2025-10-05T19:09:25.737+0000] {manager.py:878} INFO - 
================================================================================
DAG File Processing Stats

File Path                                      PID    Runtime      # DAGs    # Errors  Last Runtime    Last Run
---------------------------------------------  -----  ---------  --------  ----------  --------------  -------------------
/opt/airflow/dags/supplychain_pipeline_dag.py                           1           0  4.79s           2025-10-05T19:09:00
================================================================================
[2025-10-05T19:09:59.331+0000] {manager.py:878} INFO - 
================================================================================
DAG File Processing Stats

File Path                                      PID    Runtime      # DAGs    # Errors  Last Runtime    Last Run
---------------------------------------------  -----  ---------  --------  ----------  --------------  -------------------
/opt/airflow/dags/supplychain_pipeline_dag.py                           1           0  4.82s           2025-10-05T19:09:35
================================================================================
[2025-10-05T19:10:26.979+0000] {manager.py:737} INFO - Searching for files in /opt/airflow/dags
[2025-10-05T19:10:27.072+0000] {manager.py:740} INFO - There are 1 files in /opt/airflow/dags
[2025-10-05T19:10:33.157+0000] {manager.py:878} INFO - 
================================================================================
DAG File Processing Stats

File Path                                      PID    Runtime      # DAGs    # Errors  Last Runtime    Last Run
---------------------------------------------  -----  ---------  --------  ----------  --------------  -------------------
/opt/airflow/dags/supplychain_pipeline_dag.py                           1           0  5.26s           2025-10-05T19:10:10
================================================================================
[2025-10-05T19:11:06.807+0000] {manager.py:878} INFO - 
================================================================================
DAG File Processing Stats

File Path                                      PID    Runtime      # DAGs    # Errors  Last Runtime    Last Run
---------------------------------------------  -----  ---------  --------  ----------  --------------  -------------------
/opt/airflow/dags/supplychain_pipeline_dag.py                           1           0  5.20s           2025-10-05T19:10:46
================================================================================
[2025-10-05T19:11:40.551+0000] {manager.py:878} INFO - 
================================================================================
DAG File Processing Stats

File Path                                      PID    Runtime      # DAGs    # Errors  Last Runtime    Last Run
---------------------------------------------  -----  ---------  --------  ----------  --------------  -------------------
/opt/airflow/dags/supplychain_pipeline_dag.py                           1           0  5.18s           2025-10-05T19:11:22
================================================================================
[2025-10-05T19:12:14.191+0000] {manager.py:878} INFO - 
================================================================================
DAG File Processing Stats

File Path                                      PID    Runtime      # DAGs    # Errors  Last Runtime    Last Run
---------------------------------------------  -----  ---------  --------  ----------  --------------  -------------------
/opt/airflow/dags/supplychain_pipeline_dag.py                           1           0  8.39s           2025-10-05T19:12:01
================================================================================
[2025-10-05T19:12:47.930+0000] {manager.py:878} INFO - 
================================================================================
DAG File Processing Stats

File Path                                      PID    Runtime      # DAGs    # Errors  Last Runtime    Last Run
---------------------------------------------  -----  ---------  --------  ----------  --------------  -------------------
/opt/airflow/dags/supplychain_pipeline_dag.py                           1           0  5.08s           2025-10-05T19:12:38
================================================================================
[2025-10-05T19:13:21.568+0000] {manager.py:878} INFO - 
================================================================================
DAG File Processing Stats

File Path                                      PID    Runtime      # DAGs    # Errors  Last Runtime    Last Run
---------------------------------------------  -----  ---------  --------  ----------  --------------  -------------------
/opt/airflow/dags/supplychain_pipeline_dag.py                           1           0  5.17s           2025-10-05T19:13:14
================================================================================
[2025-10-05T19:13:55.234+0000] {manager.py:878} INFO - 
================================================================================
DAG File Processing Stats

File Path                                      PID    Runtime      # DAGs    # Errors  Last Runtime    Last Run
---------------------------------------------  -----  ---------  --------  ----------  --------------  -------------------
/opt/airflow/dags/supplychain_pipeline_dag.py                           1           0  5.09s           2025-10-05T19:13:50
================================================================================
[2025-10-05T19:14:28.942+0000] {manager.py:878} INFO - 
================================================================================
DAG File Processing Stats

File Path                                      PID    Runtime      # DAGs    # Errors  Last Runtime    Last Run
---------------------------------------------  -----  ---------  --------  ----------  --------------  -------------------
/opt/airflow/dags/supplychain_pipeline_dag.py                           1           0  5.34s           2025-10-05T19:14:26
================================================================================
[2025-10-05T19:15:02.581+0000] {manager.py:878} INFO - 
================================================================================
DAG File Processing Stats

File Path                                      PID    Runtime      # DAGs    # Errors  Last Runtime    Last Run
---------------------------------------------  -----  ---------  --------  ----------  --------------  -------------------
/opt/airflow/dags/supplychain_pipeline_dag.py                           1           0  5.09s           2025-10-05T19:15:01
================================================================================
[2025-10-05T19:15:27.078+0000] {manager.py:737} INFO - Searching for files in /opt/airflow/dags
[2025-10-05T19:15:27.167+0000] {manager.py:740} INFO - There are 1 files in /opt/airflow/dags
[2025-10-05T19:15:36.322+0000] {manager.py:878} INFO - 
================================================================================
DAG File Processing Stats

File Path                                        PID  Runtime      # DAGs    # Errors  Last Runtime    Last Run
---------------------------------------------  -----  ---------  --------  ----------  --------------  -------------------
/opt/airflow/dags/supplychain_pipeline_dag.py   1151  4.06s             1           0  5.09s           2025-10-05T19:15:01
================================================================================
[2025-10-05T19:16:09.848+0000] {manager.py:878} INFO - 
================================================================================
DAG File Processing Stats

File Path                                        PID  Runtime      # DAGs    # Errors  Last Runtime    Last Run
---------------------------------------------  -----  ---------  --------  ----------  --------------  -------------------
/opt/airflow/dags/supplychain_pipeline_dag.py   1173  2.03s             1           0  4.90s           2025-10-05T19:15:37
================================================================================
[2025-10-05T19:16:43.297+0000] {manager.py:878} INFO - 
================================================================================
DAG File Processing Stats

File Path                                        PID  Runtime      # DAGs    # Errors  Last Runtime    Last Run
---------------------------------------------  -----  ---------  --------  ----------  --------------  -------------------
/opt/airflow/dags/supplychain_pipeline_dag.py   1195  0.02s             1           0  4.84s           2025-10-05T19:16:12
================================================================================
[2025-10-05T19:17:16.970+0000] {manager.py:878} INFO - 
================================================================================
DAG File Processing Stats

File Path                                      PID    Runtime      # DAGs    # Errors  Last Runtime    Last Run
---------------------------------------------  -----  ---------  --------  ----------  --------------  -------------------
/opt/airflow/dags/supplychain_pipeline_dag.py                           1           0  5.15s           2025-10-05T19:16:48
================================================================================
[2025-10-05T19:17:50.543+0000] {manager.py:878} INFO - 
================================================================================
DAG File Processing Stats

File Path                                      PID    Runtime      # DAGs    # Errors  Last Runtime    Last Run
---------------------------------------------  -----  ---------  --------  ----------  --------------  -------------------
/opt/airflow/dags/supplychain_pipeline_dag.py                           1           0  4.98s           2025-10-05T19:17:23
================================================================================
[2025-10-05T19:18:24.199+0000] {manager.py:878} INFO - 
================================================================================
DAG File Processing Stats

File Path                                      PID    Runtime      # DAGs    # Errors  Last Runtime    Last Run
---------------------------------------------  -----  ---------  --------  ----------  --------------  -------------------
/opt/airflow/dags/supplychain_pipeline_dag.py                           1           0  5.06s           2025-10-05T19:17:59
================================================================================
[2025-10-05T19:18:57.877+0000] {manager.py:878} INFO - 
================================================================================
DAG File Processing Stats

File Path                                      PID    Runtime      # DAGs    # Errors  Last Runtime    Last Run
---------------------------------------------  -----  ---------  --------  ----------  --------------  -------------------
/opt/airflow/dags/supplychain_pipeline_dag.py                           1           0  5.39s           2025-10-05T19:18:35
================================================================================
[2025-10-05T19:19:31.553+0000] {manager.py:878} INFO - 
================================================================================
DAG File Processing Stats

File Path                                      PID    Runtime      # DAGs    # Errors  Last Runtime    Last Run
---------------------------------------------  -----  ---------  --------  ----------  --------------  -------------------
/opt/airflow/dags/supplychain_pipeline_dag.py                           1           0  8.50s           2025-10-05T19:19:14
================================================================================
[2025-10-05T19:20:05.177+0000] {manager.py:878} INFO - 
================================================================================
DAG File Processing Stats

File Path                                      PID    Runtime      # DAGs    # Errors  Last Runtime    Last Run
---------------------------------------------  -----  ---------  --------  ----------  --------------  -------------------
/opt/airflow/dags/supplychain_pipeline_dag.py                           1           0  4.99s           2025-10-05T19:19:52
================================================================================
[2025-10-05T19:20:27.781+0000] {manager.py:737} INFO - Searching for files in /opt/airflow/dags
[2025-10-05T19:20:27.875+0000] {manager.py:740} INFO - There are 1 files in /opt/airflow/dags
[2025-10-05T19:20:39.003+0000] {manager.py:878} INFO - 
================================================================================
DAG File Processing Stats

File Path                                      PID    Runtime      # DAGs    # Errors  Last Runtime    Last Run
---------------------------------------------  -----  ---------  --------  ----------  --------------  -------------------
/opt/airflow/dags/supplychain_pipeline_dag.py                           1           0  5.22s           2025-10-05T19:20:27
================================================================================
[2025-10-05T19:21:12.659+0000] {manager.py:878} INFO - 
================================================================================
DAG File Processing Stats

File Path                                      PID    Runtime      # DAGs    # Errors  Last Runtime    Last Run
---------------------------------------------  -----  ---------  --------  ----------  --------------  -------------------
/opt/airflow/dags/supplychain_pipeline_dag.py                           1           0  5.22s           2025-10-05T19:21:03
================================================================================
[2025-10-05T19:22:50.096+0000] {manager.py:878} INFO - 
================================================================================
DAG File Processing Stats

File Path                                      PID    Runtime      # DAGs    # Errors  Last Runtime    Last Run
---------------------------------------------  -----  ---------  --------  ----------  --------------  -------------------
/opt/airflow/dags/supplychain_pipeline_dag.py                           1           0  10.07s          2025-10-05T19:22:27
================================================================================
[2025-10-05T19:23:23.025+0000] {manager.py:878} INFO - 
================================================================================
DAG File Processing Stats

File Path                                      PID    Runtime      # DAGs    # Errors  Last Runtime    Last Run
---------------------------------------------  -----  ---------  --------  ----------  --------------  -------------------
/opt/airflow/dags/supplychain_pipeline_dag.py                           1           0  2.30s           2025-10-05T19:23:00
================================================================================
[2025-10-05T19:23:56.677+0000] {manager.py:878} INFO - 
================================================================================
DAG File Processing Stats

File Path                                      PID    Runtime      # DAGs    # Errors  Last Runtime    Last Run
---------------------------------------------  -----  ---------  --------  ----------  --------------  -------------------
/opt/airflow/dags/supplychain_pipeline_dag.py                           1           0  5.60s           2025-10-05T19:23:36
================================================================================
[2025-10-05T19:24:30.147+0000] {manager.py:878} INFO - 
================================================================================
DAG File Processing Stats

File Path                                      PID    Runtime      # DAGs    # Errors  Last Runtime    Last Run
---------------------------------------------  -----  ---------  --------  ----------  --------------  -------------------
/opt/airflow/dags/supplychain_pipeline_dag.py                           1           0  2.42s           2025-10-05T19:24:12
================================================================================
[2025-10-05T19:25:03.701+0000] {manager.py:878} INFO - 
================================================================================
DAG File Processing Stats

File Path                                      PID    Runtime      # DAGs    # Errors  Last Runtime    Last Run
---------------------------------------------  -----  ---------  --------  ----------  --------------  -------------------
/opt/airflow/dags/supplychain_pipeline_dag.py                           1           0  2.28s           2025-10-05T19:24:45
================================================================================
[2025-10-05T19:25:28.412+0000] {manager.py:737} INFO - Searching for files in /opt/airflow/dags
[2025-10-05T19:25:28.459+0000] {manager.py:740} INFO - There are 1 files in /opt/airflow/dags
[2025-10-05T19:25:37.537+0000] {manager.py:878} INFO - 
================================================================================
DAG File Processing Stats

File Path                                      PID    Runtime      # DAGs    # Errors  Last Runtime    Last Run
---------------------------------------------  -----  ---------  --------  ----------  --------------  -------------------
/opt/airflow/dags/supplychain_pipeline_dag.py                           1           0  2.47s           2025-10-05T19:25:19
================================================================================
[2025-10-05T19:26:11.205+0000] {manager.py:878} INFO - 
================================================================================
DAG File Processing Stats

File Path                                      PID    Runtime      # DAGs    # Errors  Last Runtime    Last Run
---------------------------------------------  -----  ---------  --------  ----------  --------------  -------------------
/opt/airflow/dags/supplychain_pipeline_dag.py                           1           0  2.37s           2025-10-05T19:25:52
================================================================================
[2025-10-05T19:26:44.931+0000] {manager.py:878} INFO - 
================================================================================
DAG File Processing Stats

File Path                                      PID    Runtime      # DAGs    # Errors  Last Runtime    Last Run
---------------------------------------------  -----  ---------  --------  ----------  --------------  -------------------
/opt/airflow/dags/supplychain_pipeline_dag.py                           1           0  2.38s           2025-10-05T19:26:25
================================================================================
[2025-10-05T19:27:18.608+0000] {manager.py:878} INFO - 
================================================================================
DAG File Processing Stats

File Path                                      PID    Runtime      # DAGs    # Errors  Last Runtime    Last Run
---------------------------------------------  -----  ---------  --------  ----------  --------------  -------------------
/opt/airflow/dags/supplychain_pipeline_dag.py                           1           0  2.26s           2025-10-05T19:26:59
================================================================================
[2025-10-05T19:27:52.190+0000] {manager.py:878} INFO - 
================================================================================
DAG File Processing Stats

File Path                                      PID    Runtime      # DAGs    # Errors  Last Runtime    Last Run
---------------------------------------------  -----  ---------  --------  ----------  --------------  -------------------
/opt/airflow/dags/supplychain_pipeline_dag.py                           1           0  2.64s           2025-10-05T19:27:32
================================================================================
[2025-10-05T19:28:25.774+0000] {manager.py:878} INFO - 
================================================================================
DAG File Processing Stats

File Path                                      PID    Runtime      # DAGs    # Errors  Last Runtime    Last Run
---------------------------------------------  -----  ---------  --------  ----------  --------------  -------------------
/opt/airflow/dags/supplychain_pipeline_dag.py                           1           0  2.30s           2025-10-05T19:28:05
================================================================================
[2025-10-05T19:28:59.588+0000] {manager.py:878} INFO - 
================================================================================
DAG File Processing Stats

File Path                                      PID    Runtime      # DAGs    # Errors  Last Runtime    Last Run
---------------------------------------------  -----  ---------  --------  ----------  --------------  -------------------
/opt/airflow/dags/supplychain_pipeline_dag.py                           1           0  2.30s           2025-10-05T19:28:39
================================================================================
[2025-10-05T19:29:33.134+0000] {manager.py:878} INFO - 
================================================================================
DAG File Processing Stats

File Path                                      PID    Runtime      # DAGs    # Errors  Last Runtime    Last Run
---------------------------------------------  -----  ---------  --------  ----------  --------------  -------------------
/opt/airflow/dags/supplychain_pipeline_dag.py                           1           0  2.28s           2025-10-05T19:29:12
================================================================================
[2025-10-05T19:30:06.668+0000] {manager.py:878} INFO - 
================================================================================
DAG File Processing Stats

File Path                                      PID    Runtime      # DAGs    # Errors  Last Runtime    Last Run
---------------------------------------------  -----  ---------  --------  ----------  --------------  -------------------
/opt/airflow/dags/supplychain_pipeline_dag.py                           1           0  2.10s           2025-10-05T19:29:45
================================================================================
[2025-10-05T19:30:28.418+0000] {manager.py:737} INFO - Searching for files in /opt/airflow/dags
[2025-10-05T19:30:28.463+0000] {manager.py:740} INFO - There are 1 files in /opt/airflow/dags
[2025-10-05T19:30:40.241+0000] {manager.py:878} INFO - 
================================================================================
DAG File Processing Stats

File Path                                      PID    Runtime      # DAGs    # Errors  Last Runtime    Last Run
---------------------------------------------  -----  ---------  --------  ----------  --------------  -------------------
/opt/airflow/dags/supplychain_pipeline_dag.py                           1           0  2.32s           2025-10-05T19:30:19
================================================================================
[2025-10-05T19:31:14.101+0000] {manager.py:878} INFO - 
================================================================================
DAG File Processing Stats

File Path                                      PID    Runtime      # DAGs    # Errors  Last Runtime    Last Run
---------------------------------------------  -----  ---------  --------  ----------  --------------  -------------------
/opt/airflow/dags/supplychain_pipeline_dag.py                           1           0  2.25s           2025-10-05T19:30:52
================================================================================
[2025-10-05T19:31:47.846+0000] {manager.py:878} INFO - 
================================================================================
DAG File Processing Stats

File Path                                      PID    Runtime      # DAGs    # Errors  Last Runtime    Last Run
---------------------------------------------  -----  ---------  --------  ----------  --------------  -------------------
/opt/airflow/dags/supplychain_pipeline_dag.py                           1           0  2.30s           2025-10-05T19:31:25
================================================================================
[2025-10-05T19:32:21.455+0000] {manager.py:878} INFO - 
================================================================================
DAG File Processing Stats

File Path                                      PID    Runtime      # DAGs    # Errors  Last Runtime    Last Run
---------------------------------------------  -----  ---------  --------  ----------  --------------  -------------------
/opt/airflow/dags/supplychain_pipeline_dag.py                           1           0  2.14s           2025-10-05T19:31:59
================================================================================
[2025-10-05T19:32:55.014+0000] {manager.py:878} INFO - 
================================================================================
DAG File Processing Stats

File Path                                      PID    Runtime      # DAGs    # Errors  Last Runtime    Last Run
---------------------------------------------  -----  ---------  --------  ----------  --------------  -------------------
/opt/airflow/dags/supplychain_pipeline_dag.py                           1           0  2.17s           2025-10-05T19:32:32
================================================================================
[2025-10-05T19:33:28.656+0000] {manager.py:878} INFO - 
================================================================================
DAG File Processing Stats

File Path                                      PID    Runtime      # DAGs    # Errors  Last Runtime    Last Run
---------------------------------------------  -----  ---------  --------  ----------  --------------  -------------------
/opt/airflow/dags/supplychain_pipeline_dag.py                           1           0  2.24s           2025-10-05T19:33:05
================================================================================
[2025-10-05T19:34:02.283+0000] {manager.py:878} INFO - 
================================================================================
DAG File Processing Stats

File Path                                      PID    Runtime      # DAGs    # Errors  Last Runtime    Last Run
---------------------------------------------  -----  ---------  --------  ----------  --------------  -------------------
/opt/airflow/dags/supplychain_pipeline_dag.py                           1           0  2.43s           2025-10-05T19:33:39
================================================================================
[2025-10-05T19:34:36.136+0000] {manager.py:878} INFO - 
================================================================================
DAG File Processing Stats

File Path                                      PID    Runtime      # DAGs    # Errors  Last Runtime    Last Run
---------------------------------------------  -----  ---------  --------  ----------  --------------  -------------------
/opt/airflow/dags/supplychain_pipeline_dag.py                           1           0  2.32s           2025-10-05T19:34:12
================================================================================
[2025-10-05T19:35:09.685+0000] {manager.py:878} INFO - 
================================================================================
DAG File Processing Stats

File Path                                      PID    Runtime      # DAGs    # Errors  Last Runtime    Last Run
---------------------------------------------  -----  ---------  --------  ----------  --------------  -------------------
/opt/airflow/dags/supplychain_pipeline_dag.py                           1           0  2.27s           2025-10-05T19:34:45
================================================================================
[2025-10-05T19:35:29.367+0000] {manager.py:737} INFO - Searching for files in /opt/airflow/dags
[2025-10-05T19:35:29.415+0000] {manager.py:740} INFO - There are 1 files in /opt/airflow/dags
[2025-10-05T19:35:43.526+0000] {manager.py:878} INFO - 
================================================================================
DAG File Processing Stats

File Path                                      PID    Runtime      # DAGs    # Errors  Last Runtime    Last Run
---------------------------------------------  -----  ---------  --------  ----------  --------------  -------------------
/opt/airflow/dags/supplychain_pipeline_dag.py                           1           0  2.27s           2025-10-05T19:35:19
================================================================================
[2025-10-05T19:36:17.073+0000] {manager.py:878} INFO - 
================================================================================
DAG File Processing Stats

File Path                                      PID    Runtime      # DAGs    # Errors  Last Runtime    Last Run
---------------------------------------------  -----  ---------  --------  ----------  --------------  -------------------
/opt/airflow/dags/supplychain_pipeline_dag.py                           1           0  2.15s           2025-10-05T19:35:53
================================================================================
[2025-10-05T19:36:52.392+0000] {manager.py:878} INFO - 
================================================================================
DAG File Processing Stats

File Path                                      PID    Runtime      # DAGs    # Errors  Last Runtime    Last Run
---------------------------------------------  -----  ---------  --------  ----------  --------------  -------------------
/opt/airflow/dags/supplychain_pipeline_dag.py                           1           0  2.25s           2025-10-05T19:36:26
================================================================================
[2025-10-05T19:37:24.367+0000] {manager.py:878} INFO - 
================================================================================
DAG File Processing Stats

File Path                                      PID    Runtime      # DAGs    # Errors  Last Runtime    Last Run
---------------------------------------------  -----  ---------  --------  ----------  --------------  -------------------
/opt/airflow/dags/supplychain_pipeline_dag.py                           1           0  2.23s           2025-10-05T19:36:59
================================================================================
[2025-10-05T19:37:57.966+0000] {manager.py:878} INFO - 
================================================================================
DAG File Processing Stats

File Path                                      PID    Runtime      # DAGs    # Errors  Last Runtime    Last Run
---------------------------------------------  -----  ---------  --------  ----------  --------------  -------------------
/opt/airflow/dags/supplychain_pipeline_dag.py                           1           0  2.65s           2025-10-05T19:37:33
================================================================================
[2025-10-05T19:38:31.505+0000] {manager.py:878} INFO - 
================================================================================
DAG File Processing Stats

File Path                                      PID    Runtime      # DAGs    # Errors  Last Runtime    Last Run
---------------------------------------------  -----  ---------  --------  ----------  --------------  -------------------
/opt/airflow/dags/supplychain_pipeline_dag.py                           1           0  2.64s           2025-10-05T19:38:06
================================================================================
[2025-10-05T19:39:05.060+0000] {manager.py:878} INFO - 
================================================================================
DAG File Processing Stats

File Path                                      PID    Runtime      # DAGs    # Errors  Last Runtime    Last Run
---------------------------------------------  -----  ---------  --------  ----------  --------------  -------------------
/opt/airflow/dags/supplychain_pipeline_dag.py                           1           0  2.15s           2025-10-05T19:38:39
================================================================================
[2025-10-05T19:39:38.717+0000] {manager.py:878} INFO - 
================================================================================
DAG File Processing Stats

File Path                                      PID    Runtime      # DAGs    # Errors  Last Runtime    Last Run
---------------------------------------------  -----  ---------  --------  ----------  --------------  -------------------
/opt/airflow/dags/supplychain_pipeline_dag.py                           1           0  2.20s           2025-10-05T19:39:12
================================================================================
[2025-10-05T19:40:12.312+0000] {manager.py:878} INFO - 
================================================================================
DAG File Processing Stats

File Path                                      PID    Runtime      # DAGs    # Errors  Last Runtime    Last Run
---------------------------------------------  -----  ---------  --------  ----------  --------------  -------------------
/opt/airflow/dags/supplychain_pipeline_dag.py                           1           0  2.19s           2025-10-05T19:39:46
================================================================================
[2025-10-05T19:40:29.858+0000] {manager.py:737} INFO - Searching for files in /opt/airflow/dags
[2025-10-05T19:40:29.908+0000] {manager.py:740} INFO - There are 1 files in /opt/airflow/dags
[2025-10-05T19:40:46.028+0000] {manager.py:878} INFO - 
================================================================================
DAG File Processing Stats

File Path                                      PID    Runtime      # DAGs    # Errors  Last Runtime    Last Run
---------------------------------------------  -----  ---------  --------  ----------  --------------  -------------------
/opt/airflow/dags/supplychain_pipeline_dag.py                           1           0  2.33s           2025-10-05T19:40:18
================================================================================
[2025-10-05T19:41:20.417+0000] {manager.py:878} INFO - 
================================================================================
DAG File Processing Stats

File Path                                      PID    Runtime      # DAGs    # Errors  Last Runtime    Last Run
---------------------------------------------  -----  ---------  --------  ----------  --------------  -------------------
/opt/airflow/dags/supplychain_pipeline_dag.py                           1           0  2.19s           2025-10-05T19:40:52
================================================================================
[2025-10-05T19:41:54.002+0000] {manager.py:878} INFO - 
================================================================================
DAG File Processing Stats

File Path                                      PID    Runtime      # DAGs    # Errors  Last Runtime    Last Run
---------------------------------------------  -----  ---------  --------  ----------  --------------  -------------------
/opt/airflow/dags/supplychain_pipeline_dag.py                           1           0  2.46s           2025-10-05T19:41:26
================================================================================
[2025-10-05T19:42:30.557+0000] {manager.py:878} INFO - 
================================================================================
DAG File Processing Stats

File Path                                        PID  Runtime      # DAGs    # Errors  Last Runtime    Last Run
---------------------------------------------  -----  ---------  --------  ----------  --------------  -------------------
/opt/airflow/dags/supplychain_pipeline_dag.py   2163  0.01s             1           0  2.17s           2025-10-05T19:41:59
================================================================================
[2025-10-05T19:43:04.210+0000] {manager.py:878} INFO - 
================================================================================
DAG File Processing Stats

File Path                                        PID  Runtime      # DAGs    # Errors  Last Runtime    Last Run
---------------------------------------------  -----  ---------  --------  ----------  --------------  -------------------
/opt/airflow/dags/supplychain_pipeline_dag.py   2185  0.68s             1           0  2.47s           2025-10-05T19:42:33
================================================================================
[2025-10-05T19:43:38.083+0000] {manager.py:878} INFO - 
================================================================================
DAG File Processing Stats

File Path                                        PID  Runtime      # DAGs    # Errors  Last Runtime    Last Run
---------------------------------------------  -----  ---------  --------  ----------  --------------  -------------------
/opt/airflow/dags/supplychain_pipeline_dag.py   2207  1.02s             1           0  2.31s           2025-10-05T19:43:05
================================================================================
[2025-10-05T19:44:11.619+0000] {manager.py:878} INFO - 
================================================================================
DAG File Processing Stats

File Path                                        PID  Runtime      # DAGs    # Errors  Last Runtime    Last Run
---------------------------------------------  -----  ---------  --------  ----------  --------------  -------------------
/opt/airflow/dags/supplychain_pipeline_dag.py   2229  1.01s             1           0  2.29s           2025-10-05T19:43:39
================================================================================
[2025-10-05T19:44:45.171+0000] {manager.py:878} INFO - 
================================================================================
DAG File Processing Stats

File Path                                        PID  Runtime      # DAGs    # Errors  Last Runtime    Last Run
---------------------------------------------  -----  ---------  --------  ----------  --------------  -------------------
/opt/airflow/dags/supplychain_pipeline_dag.py   2251  1.77s             1           0  2.26s           2025-10-05T19:44:12
================================================================================
[2025-10-05T19:45:18.624+0000] {manager.py:878} INFO - 
================================================================================
DAG File Processing Stats

File Path                                        PID  Runtime      # DAGs    # Errors  Last Runtime    Last Run
---------------------------------------------  -----  ---------  --------  ----------  --------------  -------------------
/opt/airflow/dags/supplychain_pipeline_dag.py   2273  1.69s             1           0  2.69s           2025-10-05T19:44:46
================================================================================
[2025-10-05T19:45:29.947+0000] {manager.py:737} INFO - Searching for files in /opt/airflow/dags
[2025-10-05T19:45:29.991+0000] {manager.py:740} INFO - There are 1 files in /opt/airflow/dags
[2025-10-05T19:45:52.179+0000] {manager.py:878} INFO - 
================================================================================
DAG File Processing Stats

File Path                                        PID  Runtime      # DAGs    # Errors  Last Runtime    Last Run
---------------------------------------------  -----  ---------  --------  ----------  --------------  -------------------
/opt/airflow/dags/supplychain_pipeline_dag.py   2295  2.02s             1           0  2.94s           2025-10-05T19:45:19
================================================================================
[2025-10-05T19:46:25.724+0000] {manager.py:878} INFO - 
================================================================================
DAG File Processing Stats

File Path                                        PID  Runtime      # DAGs    # Errors  Last Runtime    Last Run
---------------------------------------------  -----  ---------  --------  ----------  --------------  -------------------
/opt/airflow/dags/supplychain_pipeline_dag.py   2317  2.02s             1           0  2.20s           2025-10-05T19:45:52
================================================================================
[2025-10-05T19:46:59.413+0000] {manager.py:878} INFO - 
================================================================================
DAG File Processing Stats

File Path                                        PID  Runtime      # DAGs    # Errors  Last Runtime    Last Run
---------------------------------------------  -----  ---------  --------  ----------  --------------  -------------------
/opt/airflow/dags/supplychain_pipeline_dag.py   2339  2.02s             1           0  2.23s           2025-10-05T19:46:25
================================================================================
[2025-10-05T19:47:33.081+0000] {manager.py:878} INFO - 
================================================================================
DAG File Processing Stats

File Path                                      PID    Runtime      # DAGs    # Errors  Last Runtime    Last Run
---------------------------------------------  -----  ---------  --------  ----------  --------------  -------------------
/opt/airflow/dags/supplychain_pipeline_dag.py                           1           0  2.31s           2025-10-05T19:47:32
================================================================================
[2025-10-05T19:48:06.620+0000] {manager.py:878} INFO - 
================================================================================
DAG File Processing Stats

File Path                                      PID    Runtime      # DAGs    # Errors  Last Runtime    Last Run
---------------------------------------------  -----  ---------  --------  ----------  --------------  -------------------
/opt/airflow/dags/supplychain_pipeline_dag.py                           1           0  2.23s           2025-10-05T19:48:05
================================================================================
[2025-10-05T19:48:40.345+0000] {manager.py:878} INFO - 
================================================================================
DAG File Processing Stats

File Path                                      PID    Runtime      # DAGs    # Errors  Last Runtime    Last Run
---------------------------------------------  -----  ---------  --------  ----------  --------------  -------------------
/opt/airflow/dags/supplychain_pipeline_dag.py                           1           0  2.27s           2025-10-05T19:48:39
================================================================================
[2025-10-05T19:49:13.929+0000] {manager.py:878} INFO - 
================================================================================
DAG File Processing Stats

File Path                                      PID    Runtime      # DAGs    # Errors  Last Runtime    Last Run
---------------------------------------------  -----  ---------  --------  ----------  --------------  -------------------
/opt/airflow/dags/supplychain_pipeline_dag.py                           1           0  2.21s           2025-10-05T19:49:13
================================================================================
[2025-10-05T19:49:47.605+0000] {manager.py:878} INFO - 
================================================================================
DAG File Processing Stats

File Path                                      PID    Runtime      # DAGs    # Errors  Last Runtime    Last Run
---------------------------------------------  -----  ---------  --------  ----------  --------------  -------------------
/opt/airflow/dags/supplychain_pipeline_dag.py                           1           0  2.30s           2025-10-05T19:49:45
================================================================================
[2025-10-05T19:50:21.302+0000] {manager.py:878} INFO - 
================================================================================
DAG File Processing Stats

File Path                                      PID    Runtime      # DAGs    # Errors  Last Runtime    Last Run
---------------------------------------------  -----  ---------  --------  ----------  --------------  -------------------
/opt/airflow/dags/supplychain_pipeline_dag.py                           1           0  2.36s           2025-10-05T19:50:19
================================================================================
[2025-10-05T19:50:30.372+0000] {manager.py:737} INFO - Searching for files in /opt/airflow/dags
[2025-10-05T19:50:30.419+0000] {manager.py:740} INFO - There are 1 files in /opt/airflow/dags
[2025-10-05T19:50:55.004+0000] {manager.py:878} INFO - 
================================================================================
DAG File Processing Stats

File Path                                      PID    Runtime      # DAGs    # Errors  Last Runtime    Last Run
---------------------------------------------  -----  ---------  --------  ----------  --------------  -------------------
/opt/airflow/dags/supplychain_pipeline_dag.py                           1           0  2.28s           2025-10-05T19:50:53
================================================================================
[2025-10-05T19:51:28.699+0000] {manager.py:878} INFO - 
================================================================================
DAG File Processing Stats

File Path                                      PID    Runtime      # DAGs    # Errors  Last Runtime    Last Run
---------------------------------------------  -----  ---------  --------  ----------  --------------  -------------------
/opt/airflow/dags/supplychain_pipeline_dag.py                           1           0  2.62s           2025-10-05T19:51:26
================================================================================
[2025-10-05T19:52:02.222+0000] {manager.py:878} INFO - 
================================================================================
DAG File Processing Stats

File Path                                      PID    Runtime      # DAGs    # Errors  Last Runtime    Last Run
---------------------------------------------  -----  ---------  --------  ----------  --------------  -------------------
/opt/airflow/dags/supplychain_pipeline_dag.py                           1           0  2.41s           2025-10-05T19:51:59
================================================================================
[2025-10-05T19:52:35.609+0000] {manager.py:878} INFO - 
================================================================================
DAG File Processing Stats

File Path                                      PID    Runtime      # DAGs    # Errors  Last Runtime    Last Run
---------------------------------------------  -----  ---------  --------  ----------  --------------  -------------------
/opt/airflow/dags/supplychain_pipeline_dag.py                           1           0  2.48s           2025-10-05T19:52:32
================================================================================
[2025-10-05T19:53:09.148+0000] {manager.py:878} INFO - 
================================================================================
DAG File Processing Stats

File Path                                      PID    Runtime      # DAGs    # Errors  Last Runtime    Last Run
---------------------------------------------  -----  ---------  --------  ----------  --------------  -------------------
/opt/airflow/dags/supplychain_pipeline_dag.py                           1           0  2.51s           2025-10-05T19:53:06
================================================================================
[2025-10-05T19:53:42.666+0000] {manager.py:878} INFO - 
================================================================================
DAG File Processing Stats

File Path                                      PID    Runtime      # DAGs    # Errors  Last Runtime    Last Run
---------------------------------------------  -----  ---------  --------  ----------  --------------  -------------------
/opt/airflow/dags/supplychain_pipeline_dag.py                           1           0  2.97s           2025-10-05T19:53:40
================================================================================
[2025-10-05T19:54:16.211+0000] {manager.py:878} INFO - 
================================================================================
DAG File Processing Stats

File Path                                      PID    Runtime      # DAGs    # Errors  Last Runtime    Last Run
---------------------------------------------  -----  ---------  --------  ----------  --------------  -------------------
/opt/airflow/dags/supplychain_pipeline_dag.py                           1           0  2.24s           2025-10-05T19:54:13
================================================================================
[2025-10-05T19:54:49.943+0000] {manager.py:878} INFO - 
================================================================================
DAG File Processing Stats

File Path                                      PID    Runtime      # DAGs    # Errors  Last Runtime    Last Run
---------------------------------------------  -----  ---------  --------  ----------  --------------  -------------------
/opt/airflow/dags/supplychain_pipeline_dag.py                           1           0  2.28s           2025-10-05T19:54:46
================================================================================
[2025-10-05T19:55:23.546+0000] {manager.py:878} INFO - 
================================================================================
DAG File Processing Stats

File Path                                      PID    Runtime      # DAGs    # Errors  Last Runtime    Last Run
---------------------------------------------  -----  ---------  --------  ----------  --------------  -------------------
/opt/airflow/dags/supplychain_pipeline_dag.py                           1           0  2.32s           2025-10-05T19:55:19
================================================================================
[2025-10-05T19:55:30.591+0000] {manager.py:737} INFO - Searching for files in /opt/airflow/dags
[2025-10-05T19:55:30.634+0000] {manager.py:740} INFO - There are 1 files in /opt/airflow/dags
[2025-10-05T19:55:57.322+0000] {manager.py:878} INFO - 
================================================================================
DAG File Processing Stats

File Path                                      PID    Runtime      # DAGs    # Errors  Last Runtime    Last Run
---------------------------------------------  -----  ---------  --------  ----------  --------------  -------------------
/opt/airflow/dags/supplychain_pipeline_dag.py                           1           0  2.26s           2025-10-05T19:55:52
================================================================================
[2025-10-05T19:56:30.911+0000] {manager.py:878} INFO - 
================================================================================
DAG File Processing Stats

File Path                                      PID    Runtime      # DAGs    # Errors  Last Runtime    Last Run
---------------------------------------------  -----  ---------  --------  ----------  --------------  -------------------
/opt/airflow/dags/supplychain_pipeline_dag.py                           1           0  2.16s           2025-10-05T19:56:25
================================================================================
[2025-10-05T19:57:04.521+0000] {manager.py:878} INFO - 
================================================================================
DAG File Processing Stats

File Path                                      PID    Runtime      # DAGs    # Errors  Last Runtime    Last Run
---------------------------------------------  -----  ---------  --------  ----------  --------------  -------------------
/opt/airflow/dags/supplychain_pipeline_dag.py                           1           0  2.52s           2025-10-05T19:56:59
================================================================================
[2025-10-05T19:57:37.888+0000] {manager.py:878} INFO - 
================================================================================
DAG File Processing Stats

File Path                                      PID    Runtime      # DAGs    # Errors  Last Runtime    Last Run
---------------------------------------------  -----  ---------  --------  ----------  --------------  -------------------
/opt/airflow/dags/supplychain_pipeline_dag.py                           1           0  2.39s           2025-10-05T19:57:32
================================================================================
[2025-10-05T19:58:11.229+0000] {manager.py:878} INFO - 
================================================================================
DAG File Processing Stats

File Path                                      PID    Runtime      # DAGs    # Errors  Last Runtime    Last Run
---------------------------------------------  -----  ---------  --------  ----------  --------------  -------------------
/opt/airflow/dags/supplychain_pipeline_dag.py                           1           0  2.20s           2025-10-05T19:58:06
================================================================================
[2025-10-05T19:58:44.576+0000] {manager.py:878} INFO - 
================================================================================
DAG File Processing Stats

File Path                                      PID    Runtime      # DAGs    # Errors  Last Runtime    Last Run
---------------------------------------------  -----  ---------  --------  ----------  --------------  -------------------
/opt/airflow/dags/supplychain_pipeline_dag.py                           1           0  2.14s           2025-10-05T19:58:39
================================================================================
[2025-10-05T19:59:18.231+0000] {manager.py:878} INFO - 
================================================================================
DAG File Processing Stats

File Path                                      PID    Runtime      # DAGs    # Errors  Last Runtime    Last Run
---------------------------------------------  -----  ---------  --------  ----------  --------------  -------------------
/opt/airflow/dags/supplychain_pipeline_dag.py                           1           0  2.25s           2025-10-05T19:59:12
================================================================================
[2025-10-05T19:59:51.969+0000] {manager.py:878} INFO - 
================================================================================
DAG File Processing Stats

File Path                                      PID    Runtime      # DAGs    # Errors  Last Runtime    Last Run
---------------------------------------------  -----  ---------  --------  ----------  --------------  -------------------
/opt/airflow/dags/supplychain_pipeline_dag.py                           1           0  2.36s           2025-10-05T19:59:46
================================================================================
[2025-10-05T20:00:25.611+0000] {manager.py:878} INFO - 
================================================================================
DAG File Processing Stats

File Path                                      PID    Runtime      # DAGs    # Errors  Last Runtime    Last Run
---------------------------------------------  -----  ---------  --------  ----------  --------------  -------------------
/opt/airflow/dags/supplychain_pipeline_dag.py                           1           0  2.32s           2025-10-05T20:00:19
================================================================================
[2025-10-05T20:00:30.641+0000] {manager.py:737} INFO - Searching for files in /opt/airflow/dags
[2025-10-05T20:00:30.689+0000] {manager.py:740} INFO - There are 1 files in /opt/airflow/dags
[2025-10-05T20:00:59.337+0000] {manager.py:878} INFO - 
================================================================================
DAG File Processing Stats

File Path                                      PID    Runtime      # DAGs    # Errors  Last Runtime    Last Run
---------------------------------------------  -----  ---------  --------  ----------  --------------  -------------------
/opt/airflow/dags/supplychain_pipeline_dag.py                           1           0  2.44s           2025-10-05T20:00:52
================================================================================
[2025-10-05T20:01:32.888+0000] {manager.py:878} INFO - 
================================================================================
DAG File Processing Stats

File Path                                      PID    Runtime      # DAGs    # Errors  Last Runtime    Last Run
---------------------------------------------  -----  ---------  --------  ----------  --------------  -------------------
/opt/airflow/dags/supplychain_pipeline_dag.py                           1           0  2.25s           2025-10-05T20:01:26
================================================================================
[2025-10-05T20:02:06.647+0000] {manager.py:878} INFO - 
================================================================================
DAG File Processing Stats

File Path                                      PID    Runtime      # DAGs    # Errors  Last Runtime    Last Run
---------------------------------------------  -----  ---------  --------  ----------  --------------  -------------------
/opt/airflow/dags/supplychain_pipeline_dag.py                           1           0  2.44s           2025-10-05T20:01:59
================================================================================
[2025-10-05T20:02:40.367+0000] {manager.py:878} INFO - 
================================================================================
DAG File Processing Stats

File Path                                      PID    Runtime      # DAGs    # Errors  Last Runtime    Last Run
---------------------------------------------  -----  ---------  --------  ----------  --------------  -------------------
/opt/airflow/dags/supplychain_pipeline_dag.py                           1           0  2.53s           2025-10-05T20:02:32
================================================================================
[2025-10-05T20:03:13.898+0000] {manager.py:878} INFO - 
================================================================================
DAG File Processing Stats

File Path                                      PID    Runtime      # DAGs    # Errors  Last Runtime    Last Run
---------------------------------------------  -----  ---------  --------  ----------  --------------  -------------------
/opt/airflow/dags/supplychain_pipeline_dag.py                           1           0  2.22s           2025-10-05T20:03:06
================================================================================
[2025-10-05T20:03:47.633+0000] {manager.py:878} INFO - 
================================================================================
DAG File Processing Stats

File Path                                      PID    Runtime      # DAGs    # Errors  Last Runtime    Last Run
---------------------------------------------  -----  ---------  --------  ----------  --------------  -------------------
/opt/airflow/dags/supplychain_pipeline_dag.py                           1           0  2.33s           2025-10-05T20:03:39
================================================================================
[2025-10-05T20:04:21.302+0000] {manager.py:878} INFO - 
================================================================================
DAG File Processing Stats

File Path                                      PID    Runtime      # DAGs    # Errors  Last Runtime    Last Run
---------------------------------------------  -----  ---------  --------  ----------  --------------  -------------------
/opt/airflow/dags/supplychain_pipeline_dag.py                           1           0  2.29s           2025-10-05T20:04:12
================================================================================
[2025-10-05T20:04:54.851+0000] {manager.py:878} INFO - 
================================================================================
DAG File Processing Stats

File Path                                      PID    Runtime      # DAGs    # Errors  Last Runtime    Last Run
---------------------------------------------  -----  ---------  --------  ----------  --------------  -------------------
/opt/airflow/dags/supplychain_pipeline_dag.py                           1           0  2.24s           2025-10-05T20:04:46
================================================================================
[2025-10-05T20:05:28.586+0000] {manager.py:878} INFO - 
================================================================================
DAG File Processing Stats

File Path                                      PID    Runtime      # DAGs    # Errors  Last Runtime    Last Run
---------------------------------------------  -----  ---------  --------  ----------  --------------  -------------------
/opt/airflow/dags/supplychain_pipeline_dag.py                           1           0  2.45s           2025-10-05T20:05:19
================================================================================
[2025-10-05T20:05:30.833+0000] {manager.py:737} INFO - Searching for files in /opt/airflow/dags
[2025-10-05T20:05:30.880+0000] {manager.py:740} INFO - There are 1 files in /opt/airflow/dags
[2025-10-05T20:06:02.416+0000] {manager.py:878} INFO - 
================================================================================
DAG File Processing Stats

File Path                                      PID    Runtime      # DAGs    # Errors  Last Runtime    Last Run
---------------------------------------------  -----  ---------  --------  ----------  --------------  -------------------
/opt/airflow/dags/supplychain_pipeline_dag.py                           1           0  2.19s           2025-10-05T20:05:52
================================================================================
[2025-10-05T20:06:36.108+0000] {manager.py:878} INFO - 
================================================================================
DAG File Processing Stats

File Path                                      PID    Runtime      # DAGs    # Errors  Last Runtime    Last Run
---------------------------------------------  -----  ---------  --------  ----------  --------------  -------------------
/opt/airflow/dags/supplychain_pipeline_dag.py                           1           0  2.17s           2025-10-05T20:06:26
================================================================================
[2025-10-05T20:07:09.662+0000] {manager.py:878} INFO - 
================================================================================
DAG File Processing Stats

File Path                                      PID    Runtime      # DAGs    # Errors  Last Runtime    Last Run
---------------------------------------------  -----  ---------  --------  ----------  --------------  -------------------
/opt/airflow/dags/supplychain_pipeline_dag.py                           1           0  2.22s           2025-10-05T20:06:59
================================================================================
[2025-10-05T20:07:43.403+0000] {manager.py:878} INFO - 
================================================================================
DAG File Processing Stats

File Path                                      PID    Runtime      # DAGs    # Errors  Last Runtime    Last Run
---------------------------------------------  -----  ---------  --------  ----------  --------------  -------------------
/opt/airflow/dags/supplychain_pipeline_dag.py                           1           0  2.25s           2025-10-05T20:07:32
================================================================================
[2025-10-05T20:08:17.141+0000] {manager.py:878} INFO - 
================================================================================
DAG File Processing Stats

File Path                                      PID    Runtime      # DAGs    # Errors  Last Runtime    Last Run
---------------------------------------------  -----  ---------  --------  ----------  --------------  -------------------
/opt/airflow/dags/supplychain_pipeline_dag.py                           1           0  2.34s           2025-10-05T20:08:06
================================================================================
[2025-10-05T20:08:50.772+0000] {manager.py:878} INFO - 
================================================================================
DAG File Processing Stats

File Path                                      PID    Runtime      # DAGs    # Errors  Last Runtime    Last Run
---------------------------------------------  -----  ---------  --------  ----------  --------------  -------------------
/opt/airflow/dags/supplychain_pipeline_dag.py                           1           0  2.20s           2025-10-05T20:08:39
================================================================================
[2025-10-05T20:09:24.382+0000] {manager.py:878} INFO - 
================================================================================
DAG File Processing Stats

File Path                                      PID    Runtime      # DAGs    # Errors  Last Runtime    Last Run
---------------------------------------------  -----  ---------  --------  ----------  --------------  -------------------
/opt/airflow/dags/supplychain_pipeline_dag.py                           1           0  2.27s           2025-10-05T20:09:12
================================================================================
[2025-10-05T20:09:58.089+0000] {manager.py:878} INFO - 
================================================================================
DAG File Processing Stats

File Path                                      PID    Runtime      # DAGs    # Errors  Last Runtime    Last Run
---------------------------------------------  -----  ---------  --------  ----------  --------------  -------------------
/opt/airflow/dags/supplychain_pipeline_dag.py                           1           0  2.39s           2025-10-05T20:09:46
================================================================================
[2025-10-05T20:10:30.835+0000] {manager.py:737} INFO - Searching for files in /opt/airflow/dags
[2025-10-05T20:10:30.880+0000] {manager.py:740} INFO - There are 1 files in /opt/airflow/dags
[2025-10-05T20:10:31.905+0000] {manager.py:878} INFO - 
================================================================================
DAG File Processing Stats

File Path                                      PID    Runtime      # DAGs    # Errors  Last Runtime    Last Run
---------------------------------------------  -----  ---------  --------  ----------  --------------  -------------------
/opt/airflow/dags/supplychain_pipeline_dag.py                           1           0  2.27s           2025-10-05T20:10:19
================================================================================
[2025-10-05T20:11:05.461+0000] {manager.py:878} INFO - 
================================================================================
DAG File Processing Stats

File Path                                      PID    Runtime      # DAGs    # Errors  Last Runtime    Last Run
---------------------------------------------  -----  ---------  --------  ----------  --------------  -------------------
/opt/airflow/dags/supplychain_pipeline_dag.py                           1           0  2.77s           2025-10-05T20:10:53
================================================================================
[2025-10-05T20:11:38.856+0000] {manager.py:878} INFO - 
================================================================================
DAG File Processing Stats

File Path                                      PID    Runtime      # DAGs    # Errors  Last Runtime    Last Run
---------------------------------------------  -----  ---------  --------  ----------  --------------  -------------------
/opt/airflow/dags/supplychain_pipeline_dag.py                           1           0  2.13s           2025-10-05T20:11:25
================================================================================
[2025-10-05T20:12:12.364+0000] {manager.py:878} INFO - 
================================================================================
DAG File Processing Stats

File Path                                      PID    Runtime      # DAGs    # Errors  Last Runtime    Last Run
---------------------------------------------  -----  ---------  --------  ----------  --------------  -------------------
/opt/airflow/dags/supplychain_pipeline_dag.py                           1           0  2.17s           2025-10-05T20:11:59
================================================================================
[2025-10-05T20:12:45.974+0000] {manager.py:878} INFO - 
================================================================================
DAG File Processing Stats

File Path                                      PID    Runtime      # DAGs    # Errors  Last Runtime    Last Run
---------------------------------------------  -----  ---------  --------  ----------  --------------  -------------------
/opt/airflow/dags/supplychain_pipeline_dag.py                           1           0  2.26s           2025-10-05T20:12:33
================================================================================
[2025-10-05T20:13:19.687+0000] {manager.py:878} INFO - 
================================================================================
DAG File Processing Stats

File Path                                      PID    Runtime      # DAGs    # Errors  Last Runtime    Last Run
---------------------------------------------  -----  ---------  --------  ----------  --------------  -------------------
/opt/airflow/dags/supplychain_pipeline_dag.py                           1           0  2.35s           2025-10-05T20:13:05
================================================================================
[2025-10-05T20:13:53.221+0000] {manager.py:878} INFO - 
================================================================================
DAG File Processing Stats

File Path                                      PID    Runtime      # DAGs    # Errors  Last Runtime    Last Run
---------------------------------------------  -----  ---------  --------  ----------  --------------  -------------------
/opt/airflow/dags/supplychain_pipeline_dag.py                           1           0  2.14s           2025-10-05T20:13:39
================================================================================
[2025-10-05T20:14:26.841+0000] {manager.py:878} INFO - 
================================================================================
DAG File Processing Stats

File Path                                      PID    Runtime      # DAGs    # Errors  Last Runtime    Last Run
---------------------------------------------  -----  ---------  --------  ----------  --------------  -------------------
/opt/airflow/dags/supplychain_pipeline_dag.py                           1           0  2.25s           2025-10-05T20:14:12
================================================================================
[2025-10-05T20:15:00.493+0000] {manager.py:878} INFO - 
================================================================================
DAG File Processing Stats

File Path                                      PID    Runtime      # DAGs    # Errors  Last Runtime    Last Run
---------------------------------------------  -----  ---------  --------  ----------  --------------  -------------------
/opt/airflow/dags/supplychain_pipeline_dag.py                           1           0  2.14s           2025-10-05T20:14:46
================================================================================
[2025-10-05T20:15:31.011+0000] {manager.py:737} INFO - Searching for files in /opt/airflow/dags
[2025-10-05T20:15:31.055+0000] {manager.py:740} INFO - There are 1 files in /opt/airflow/dags
[2025-10-05T20:15:34.091+0000] {manager.py:878} INFO - 
================================================================================
DAG File Processing Stats

File Path                                      PID    Runtime      # DAGs    # Errors  Last Runtime    Last Run
---------------------------------------------  -----  ---------  --------  ----------  --------------  -------------------
/opt/airflow/dags/supplychain_pipeline_dag.py                           1           0  2.11s           2025-10-05T20:15:19
================================================================================
[2025-10-05T20:16:07.627+0000] {manager.py:878} INFO - 
================================================================================
DAG File Processing Stats

File Path                                      PID    Runtime      # DAGs    # Errors  Last Runtime    Last Run
---------------------------------------------  -----  ---------  --------  ----------  --------------  -------------------
/opt/airflow/dags/supplychain_pipeline_dag.py                           1           0  2.18s           2025-10-05T20:15:52
================================================================================
[2025-10-05T20:16:41.279+0000] {manager.py:878} INFO - 
================================================================================
DAG File Processing Stats

File Path                                      PID    Runtime      # DAGs    # Errors  Last Runtime    Last Run
---------------------------------------------  -----  ---------  --------  ----------  --------------  -------------------
/opt/airflow/dags/supplychain_pipeline_dag.py                           1           0  2.15s           2025-10-05T20:16:26
================================================================================
[2025-10-05T20:17:14.831+0000] {manager.py:878} INFO - 
================================================================================
DAG File Processing Stats

File Path                                      PID    Runtime      # DAGs    # Errors  Last Runtime    Last Run
---------------------------------------------  -----  ---------  --------  ----------  --------------  -------------------
/opt/airflow/dags/supplychain_pipeline_dag.py                           1           0  2.17s           2025-10-05T20:16:59
================================================================================
[2025-10-05T20:17:48.478+0000] {manager.py:878} INFO - 
================================================================================
DAG File Processing Stats

File Path                                      PID    Runtime      # DAGs    # Errors  Last Runtime    Last Run
---------------------------------------------  -----  ---------  --------  ----------  --------------  -------------------
/opt/airflow/dags/supplychain_pipeline_dag.py                           1           0  2.13s           2025-10-05T20:17:32
================================================================================
[2025-10-05T20:18:22.024+0000] {manager.py:878} INFO - 
================================================================================
DAG File Processing Stats

File Path                                      PID    Runtime      # DAGs    # Errors  Last Runtime    Last Run
---------------------------------------------  -----  ---------  --------  ----------  --------------  -------------------
/opt/airflow/dags/supplychain_pipeline_dag.py                           1           0  2.43s           2025-10-05T20:18:06
================================================================================
[2025-10-05T20:18:55.577+0000] {manager.py:878} INFO - 
================================================================================
DAG File Processing Stats

File Path                                      PID    Runtime      # DAGs    # Errors  Last Runtime    Last Run
---------------------------------------------  -----  ---------  --------  ----------  --------------  -------------------
/opt/airflow/dags/supplychain_pipeline_dag.py                           1           0  2.17s           2025-10-05T20:18:39
================================================================================
[2025-10-05T20:19:02.098+0000] {manager.py:452} INFO - Exiting gracefully upon receiving signal 15
[2025-10-06T15:36:22.909+0000] {manager.py:470} INFO - Processing files using up to 2 processes at a time 
[2025-10-06T15:36:22.912+0000] {manager.py:471} INFO - Process each file at most once every 30 seconds
[2025-10-06T15:36:22.914+0000] {manager.py:472} INFO - Checking for new files in /opt/airflow/dags every 300 seconds
[2025-10-06T15:36:22.917+0000] {manager.py:737} INFO - Searching for files in /opt/airflow/dags
[2025-10-06T15:36:22.989+0000] {manager.py:740} INFO - There are 1 files in /opt/airflow/dags
[2025-10-06T15:36:23.251+0000] {manager.py:878} INFO - 
================================================================================
DAG File Processing Stats

File Path                                        PID  Runtime      # DAGs    # Errors  Last Runtime    Last Run
---------------------------------------------  -----  ---------  --------  ----------  --------------  ----------
/opt/airflow/dags/supplychain_pipeline_dag.py    199  0.12s             0           0
================================================================================
[2025-10-06T15:36:55.814+0000] {manager.py:878} INFO - 
================================================================================
DAG File Processing Stats

File Path                                      PID    Runtime      # DAGs    # Errors  Last Runtime    Last Run
---------------------------------------------  -----  ---------  --------  ----------  --------------  -------------------
/opt/airflow/dags/supplychain_pipeline_dag.py                           1           0  5.72s           2025-10-06T15:36:28
================================================================================
[2025-10-06T15:37:28.651+0000] {manager.py:878} INFO - 
================================================================================
DAG File Processing Stats

File Path                                      PID    Runtime      # DAGs    # Errors  Last Runtime    Last Run
---------------------------------------------  -----  ---------  --------  ----------  --------------  -------------------
/opt/airflow/dags/supplychain_pipeline_dag.py                           1           0  8.37s           2025-10-06T15:37:07
================================================================================
[2025-10-06T15:38:01.795+0000] {manager.py:878} INFO - 
================================================================================
DAG File Processing Stats

File Path                                      PID    Runtime      # DAGs    # Errors  Last Runtime    Last Run
---------------------------------------------  -----  ---------  --------  ----------  --------------  -------------------
/opt/airflow/dags/supplychain_pipeline_dag.py                           1           0  5.34s           2025-10-06T15:37:44
================================================================================
[2025-10-06T15:38:34.683+0000] {manager.py:878} INFO - 
================================================================================
DAG File Processing Stats

File Path                                      PID    Runtime      # DAGs    # Errors  Last Runtime    Last Run
---------------------------------------------  -----  ---------  --------  ----------  --------------  -------------------
/opt/airflow/dags/supplychain_pipeline_dag.py                           1           0  5.43s           2025-10-06T15:38:20
================================================================================
[2025-10-06T15:39:07.289+0000] {manager.py:878} INFO - 
================================================================================
DAG File Processing Stats

File Path                                      PID    Runtime      # DAGs    # Errors  Last Runtime    Last Run
---------------------------------------------  -----  ---------  --------  ----------  --------------  -------------------
/opt/airflow/dags/supplychain_pipeline_dag.py                           1           0  5.14s           2025-10-06T15:38:56
================================================================================
[2025-10-06T15:39:40.107+0000] {manager.py:878} INFO - 
================================================================================
DAG File Processing Stats

File Path                                      PID    Runtime      # DAGs    # Errors  Last Runtime    Last Run
---------------------------------------------  -----  ---------  --------  ----------  --------------  -------------------
/opt/airflow/dags/supplychain_pipeline_dag.py                           1           0  4.89s           2025-10-06T15:39:32
================================================================================
[2025-10-06T15:40:12.843+0000] {manager.py:878} INFO - 
================================================================================
DAG File Processing Stats

File Path                                      PID    Runtime      # DAGs    # Errors  Last Runtime    Last Run
---------------------------------------------  -----  ---------  --------  ----------  --------------  -------------------
/opt/airflow/dags/supplychain_pipeline_dag.py                           1           0  5.19s           2025-10-06T15:40:07
================================================================================
[2025-10-06T15:40:45.607+0000] {manager.py:878} INFO - 
================================================================================
DAG File Processing Stats

File Path                                      PID    Runtime      # DAGs    # Errors  Last Runtime    Last Run
---------------------------------------------  -----  ---------  --------  ----------  --------------  -------------------
/opt/airflow/dags/supplychain_pipeline_dag.py                           1           0  5.50s           2025-10-06T15:40:43
================================================================================
[2025-10-06T15:41:18.211+0000] {manager.py:878} INFO - 
================================================================================
DAG File Processing Stats

File Path                                        PID  Runtime      # DAGs    # Errors  Last Runtime    Last Run
---------------------------------------------  -----  ---------  --------  ----------  --------------  -------------------
/opt/airflow/dags/supplychain_pipeline_dag.py    615  4.05s             1           0  5.50s           2025-10-06T15:40:43
================================================================================
[2025-10-06T15:41:23.161+0000] {manager.py:737} INFO - Searching for files in /opt/airflow/dags
[2025-10-06T15:41:23.239+0000] {manager.py:740} INFO - There are 1 files in /opt/airflow/dags
[2025-10-06T15:41:50.656+0000] {manager.py:878} INFO - 
================================================================================
DAG File Processing Stats

File Path                                        PID  Runtime      # DAGs    # Errors  Last Runtime    Last Run
---------------------------------------------  -----  ---------  --------  ----------  --------------  -------------------
/opt/airflow/dags/supplychain_pipeline_dag.py    637  1.02s             1           0  4.97s           2025-10-06T15:41:19
================================================================================
[2025-10-06T15:42:23.541+0000] {manager.py:878} INFO - 
================================================================================
DAG File Processing Stats

File Path                                      PID    Runtime      # DAGs    # Errors  Last Runtime    Last Run
---------------------------------------------  -----  ---------  --------  ----------  --------------  -------------------
/opt/airflow/dags/supplychain_pipeline_dag.py                           1           0  5.05s           2025-10-06T15:41:54
================================================================================
[2025-10-06T15:42:56.022+0000] {manager.py:878} INFO - 
================================================================================
DAG File Processing Stats

File Path                                      PID    Runtime      # DAGs    # Errors  Last Runtime    Last Run
---------------------------------------------  -----  ---------  --------  ----------  --------------  -------------------
/opt/airflow/dags/supplychain_pipeline_dag.py                           1           0  7.19s           2025-10-06T15:42:32
================================================================================
[2025-10-06T15:43:28.487+0000] {manager.py:878} INFO - 
================================================================================
DAG File Processing Stats

File Path                                      PID    Runtime      # DAGs    # Errors  Last Runtime    Last Run
---------------------------------------------  -----  ---------  --------  ----------  --------------  -------------------
/opt/airflow/dags/supplychain_pipeline_dag.py                           1           0  4.97s           2025-10-06T15:43:08
================================================================================
[2025-10-06T15:44:01.080+0000] {manager.py:878} INFO - 
================================================================================
DAG File Processing Stats

File Path                                      PID    Runtime      # DAGs    # Errors  Last Runtime    Last Run
---------------------------------------------  -----  ---------  --------  ----------  --------------  -------------------
/opt/airflow/dags/supplychain_pipeline_dag.py                           1           0  5.10s           2025-10-06T15:43:43
================================================================================
[2025-10-06T15:44:33.644+0000] {manager.py:878} INFO - 
================================================================================
DAG File Processing Stats

File Path                                      PID    Runtime      # DAGs    # Errors  Last Runtime    Last Run
---------------------------------------------  -----  ---------  --------  ----------  --------------  -------------------
/opt/airflow/dags/supplychain_pipeline_dag.py                           1           0  5.49s           2025-10-06T15:44:19
================================================================================
[2025-10-06T15:45:06.247+0000] {manager.py:878} INFO - 
================================================================================
DAG File Processing Stats

File Path                                      PID    Runtime      # DAGs    # Errors  Last Runtime    Last Run
---------------------------------------------  -----  ---------  --------  ----------  --------------  -------------------
/opt/airflow/dags/supplychain_pipeline_dag.py                           1           0  5.37s           2025-10-06T15:44:55
================================================================================
[2025-10-06T15:45:38.877+0000] {manager.py:878} INFO - 
================================================================================
DAG File Processing Stats

File Path                                      PID    Runtime      # DAGs    # Errors  Last Runtime    Last Run
---------------------------------------------  -----  ---------  --------  ----------  --------------  -------------------
/opt/airflow/dags/supplychain_pipeline_dag.py                           1           0  5.17s           2025-10-06T15:45:30
================================================================================
[2025-10-06T15:46:11.231+0000] {manager.py:878} INFO - 
================================================================================
DAG File Processing Stats

File Path                                      PID    Runtime      # DAGs    # Errors  Last Runtime    Last Run
---------------------------------------------  -----  ---------  --------  ----------  --------------  -------------------
/opt/airflow/dags/supplychain_pipeline_dag.py                           1           0  5.80s           2025-10-06T15:46:07
================================================================================
[2025-10-06T15:46:23.610+0000] {manager.py:737} INFO - Searching for files in /opt/airflow/dags
[2025-10-06T15:46:23.697+0000] {manager.py:740} INFO - There are 1 files in /opt/airflow/dags
[2025-10-06T15:46:44.091+0000] {manager.py:878} INFO - 
================================================================================
DAG File Processing Stats

File Path                                      PID    Runtime      # DAGs    # Errors  Last Runtime    Last Run
---------------------------------------------  -----  ---------  --------  ----------  --------------  -------------------
/opt/airflow/dags/supplychain_pipeline_dag.py                           1           0  5.60s           2025-10-06T15:46:43
================================================================================
[2025-10-06T15:47:16.690+0000] {manager.py:878} INFO - 
================================================================================
DAG File Processing Stats

File Path                                        PID  Runtime      # DAGs    # Errors  Last Runtime    Last Run
---------------------------------------------  -----  ---------  --------  ----------  --------------  -------------------
/opt/airflow/dags/supplychain_pipeline_dag.py    835  3.04s             1           0  5.60s           2025-10-06T15:46:43
================================================================================
[2025-10-06T15:47:49.273+0000] {manager.py:878} INFO - 
================================================================================
DAG File Processing Stats

File Path                                      PID    Runtime      # DAGs    # Errors  Last Runtime    Last Run
---------------------------------------------  -----  ---------  --------  ----------  --------------  -------------------
/opt/airflow/dags/supplychain_pipeline_dag.py                           1           0  7.70s           2025-10-06T15:47:21
================================================================================
[2025-10-06T15:48:21.873+0000] {manager.py:878} INFO - 
================================================================================
DAG File Processing Stats

File Path                                      PID    Runtime      # DAGs    # Errors  Last Runtime    Last Run
---------------------------------------------  -----  ---------  --------  ----------  --------------  -------------------
/opt/airflow/dags/supplychain_pipeline_dag.py                           1           0  6.11s           2025-10-06T15:47:59
================================================================================
[2025-10-06T15:48:54.522+0000] {manager.py:878} INFO - 
================================================================================
DAG File Processing Stats

File Path                                      PID    Runtime      # DAGs    # Errors  Last Runtime    Last Run
---------------------------------------------  -----  ---------  --------  ----------  --------------  -------------------
/opt/airflow/dags/supplychain_pipeline_dag.py                           1           0  5.74s           2025-10-06T15:48:36
================================================================================
[2025-10-06T15:49:27.123+0000] {manager.py:878} INFO - 
================================================================================
DAG File Processing Stats

File Path                                      PID    Runtime      # DAGs    # Errors  Last Runtime    Last Run
---------------------------------------------  -----  ---------  --------  ----------  --------------  -------------------
/opt/airflow/dags/supplychain_pipeline_dag.py                           1           0  5.99s           2025-10-06T15:49:12
================================================================================
[2025-10-06T15:49:59.969+0000] {manager.py:878} INFO - 
================================================================================
DAG File Processing Stats

File Path                                      PID    Runtime      # DAGs    # Errors  Last Runtime    Last Run
---------------------------------------------  -----  ---------  --------  ----------  --------------  -------------------
/opt/airflow/dags/supplychain_pipeline_dag.py                           1           0  6.10s           2025-10-06T15:49:49
================================================================================
[2025-10-06T15:50:35.544+0000] {manager.py:878} INFO - 
================================================================================
DAG File Processing Stats

File Path                                      PID    Runtime      # DAGs    # Errors  Last Runtime    Last Run
---------------------------------------------  -----  ---------  --------  ----------  --------------  -------------------
/opt/airflow/dags/supplychain_pipeline_dag.py                           1           0  5.67s           2025-10-06T15:50:24
================================================================================
[2025-10-06T15:51:08.420+0000] {manager.py:878} INFO - 
================================================================================
DAG File Processing Stats

File Path                                      PID    Runtime      # DAGs    # Errors  Last Runtime    Last Run
---------------------------------------------  -----  ---------  --------  ----------  --------------  -------------------
/opt/airflow/dags/supplychain_pipeline_dag.py                           1           0  5.67s           2025-10-06T15:51:00
================================================================================
[2025-10-06T15:51:23.739+0000] {manager.py:737} INFO - Searching for files in /opt/airflow/dags
[2025-10-06T15:51:23.813+0000] {manager.py:740} INFO - There are 1 files in /opt/airflow/dags
[2025-10-06T15:51:41.473+0000] {manager.py:878} INFO - 
================================================================================
DAG File Processing Stats

File Path                                      PID    Runtime      # DAGs    # Errors  Last Runtime    Last Run
---------------------------------------------  -----  ---------  --------  ----------  --------------  -------------------
/opt/airflow/dags/supplychain_pipeline_dag.py                           1           0  5.68s           2025-10-06T15:51:37
================================================================================
[2025-10-06T15:52:14.190+0000] {manager.py:878} INFO - 
================================================================================
DAG File Processing Stats

File Path                                        PID  Runtime      # DAGs    # Errors  Last Runtime    Last Run
---------------------------------------------  -----  ---------  --------  ----------  --------------  -------------------
/opt/airflow/dags/supplychain_pipeline_dag.py   1131  6.47s             1           0  5.68s           2025-10-06T15:51:37
================================================================================
[2025-10-06T15:52:47.404+0000] {manager.py:878} INFO - 
================================================================================
DAG File Processing Stats

File Path                                        PID  Runtime      # DAGs    # Errors  Last Runtime    Last Run
---------------------------------------------  -----  ---------  --------  ----------  --------------  -------------------
/opt/airflow/dags/supplychain_pipeline_dag.py   1153  1.02s             1           0  7.92s           2025-10-06T15:52:15
================================================================================
[2025-10-06T15:53:20.089+0000] {manager.py:878} INFO - 
================================================================================
DAG File Processing Stats

File Path                                      PID    Runtime      # DAGs    # Errors  Last Runtime    Last Run
---------------------------------------------  -----  ---------  --------  ----------  --------------  -------------------
/opt/airflow/dags/supplychain_pipeline_dag.py                           1           0  5.40s           2025-10-06T15:52:51
================================================================================
[2025-10-06T15:53:53.266+0000] {manager.py:878} INFO - 
================================================================================
DAG File Processing Stats

File Path                                      PID    Runtime      # DAGs    # Errors  Last Runtime    Last Run
---------------------------------------------  -----  ---------  --------  ----------  --------------  -------------------
/opt/airflow/dags/supplychain_pipeline_dag.py                           1           0  5.63s           2025-10-06T15:53:27
================================================================================
[2025-10-06T15:54:25.818+0000] {manager.py:878} INFO - 
================================================================================
DAG File Processing Stats

File Path                                      PID    Runtime      # DAGs    # Errors  Last Runtime    Last Run
---------------------------------------------  -----  ---------  --------  ----------  --------------  -------------------
/opt/airflow/dags/supplychain_pipeline_dag.py                           1           0  5.80s           2025-10-06T15:54:04
================================================================================
[2025-10-06T15:54:59.089+0000] {manager.py:878} INFO - 
================================================================================
DAG File Processing Stats

File Path                                      PID    Runtime      # DAGs    # Errors  Last Runtime    Last Run
---------------------------------------------  -----  ---------  --------  ----------  --------------  -------------------
/opt/airflow/dags/supplychain_pipeline_dag.py                           1           0  6.73s           2025-10-06T15:54:41
================================================================================
[2025-10-06T15:55:32.327+0000] {manager.py:878} INFO - 
================================================================================
DAG File Processing Stats

File Path                                      PID    Runtime      # DAGs    # Errors  Last Runtime    Last Run
---------------------------------------------  -----  ---------  --------  ----------  --------------  -------------------
/opt/airflow/dags/supplychain_pipeline_dag.py                           1           0  6.33s           2025-10-06T15:55:17
================================================================================
[2025-10-06T15:56:05.469+0000] {manager.py:878} INFO - 
================================================================================
DAG File Processing Stats

File Path                                      PID    Runtime      # DAGs    # Errors  Last Runtime    Last Run
---------------------------------------------  -----  ---------  --------  ----------  --------------  -------------------
/opt/airflow/dags/supplychain_pipeline_dag.py                           1           0  5.96s           2025-10-06T15:55:54
================================================================================
[2025-10-06T15:56:23.952+0000] {manager.py:737} INFO - Searching for files in /opt/airflow/dags
[2025-10-06T15:56:24.044+0000] {manager.py:740} INFO - There are 1 files in /opt/airflow/dags
[2025-10-06T15:56:39.056+0000] {manager.py:878} INFO - 
================================================================================
DAG File Processing Stats

File Path                                      PID    Runtime      # DAGs    # Errors  Last Runtime    Last Run
---------------------------------------------  -----  ---------  --------  ----------  --------------  -------------------
/opt/airflow/dags/supplychain_pipeline_dag.py                           1           0  9.39s           2025-10-06T15:56:34
================================================================================
[2025-10-06T15:57:12.140+0000] {manager.py:878} INFO - 
================================================================================
DAG File Processing Stats

File Path                                        PID  Runtime      # DAGs    # Errors  Last Runtime    Last Run
---------------------------------------------  -----  ---------  --------  ----------  --------------  -------------------
/opt/airflow/dags/supplychain_pipeline_dag.py   1307  5.07s             1           0  9.39s           2025-10-06T15:56:34
================================================================================
[2025-10-06T15:57:45.532+0000] {manager.py:878} INFO - 
================================================================================
DAG File Processing Stats

File Path                                        PID  Runtime      # DAGs    # Errors  Last Runtime    Last Run
---------------------------------------------  -----  ---------  --------  ----------  --------------  -------------------
/opt/airflow/dags/supplychain_pipeline_dag.py   1329  2.03s             1           0  6.02s           2025-10-06T15:57:13
================================================================================
[2025-10-06T15:58:18.593+0000] {manager.py:878} INFO - 
================================================================================
DAG File Processing Stats

File Path                                      PID    Runtime      # DAGs    # Errors  Last Runtime    Last Run
---------------------------------------------  -----  ---------  --------  ----------  --------------  -------------------
/opt/airflow/dags/supplychain_pipeline_dag.py                           1           0  5.81s           2025-10-06T15:57:49
================================================================================
[2025-10-06T15:58:52.053+0000] {manager.py:878} INFO - 
================================================================================
DAG File Processing Stats

File Path                                      PID    Runtime      # DAGs    # Errors  Last Runtime    Last Run
---------------------------------------------  -----  ---------  --------  ----------  --------------  -------------------
/opt/airflow/dags/supplychain_pipeline_dag.py                           1           0  5.47s           2025-10-06T15:58:25
================================================================================
[2025-10-06T15:59:25.360+0000] {manager.py:878} INFO - 
================================================================================
DAG File Processing Stats

File Path                                      PID    Runtime      # DAGs    # Errors  Last Runtime    Last Run
---------------------------------------------  -----  ---------  --------  ----------  --------------  -------------------
/opt/airflow/dags/supplychain_pipeline_dag.py                           1           0  5.59s           2025-10-06T15:59:00
================================================================================
[2025-10-06T15:59:58.811+0000] {manager.py:878} INFO - 
================================================================================
DAG File Processing Stats

File Path                                      PID    Runtime      # DAGs    # Errors  Last Runtime    Last Run
---------------------------------------------  -----  ---------  --------  ----------  --------------  -------------------
/opt/airflow/dags/supplychain_pipeline_dag.py                           1           0  5.58s           2025-10-06T15:59:36
================================================================================
[2025-10-06T16:00:32.205+0000] {manager.py:878} INFO - 
================================================================================
DAG File Processing Stats

File Path                                      PID    Runtime      # DAGs    # Errors  Last Runtime    Last Run
---------------------------------------------  -----  ---------  --------  ----------  --------------  -------------------
/opt/airflow/dags/supplychain_pipeline_dag.py                           1           0  5.26s           2025-10-06T16:00:12
================================================================================
[2025-10-06T16:01:05.609+0000] {manager.py:878} INFO - 
================================================================================
DAG File Processing Stats

File Path                                      PID    Runtime      # DAGs    # Errors  Last Runtime    Last Run
---------------------------------------------  -----  ---------  --------  ----------  --------------  -------------------
/opt/airflow/dags/supplychain_pipeline_dag.py                           1           0  6.03s           2025-10-06T16:00:48
================================================================================
[2025-10-06T16:01:23.969+0000] {manager.py:737} INFO - Searching for files in /opt/airflow/dags
[2025-10-06T16:01:24.054+0000] {manager.py:740} INFO - There are 1 files in /opt/airflow/dags
[2025-10-06T16:01:38.818+0000] {manager.py:878} INFO - 
================================================================================
DAG File Processing Stats

File Path                                      PID    Runtime      # DAGs    # Errors  Last Runtime    Last Run
---------------------------------------------  -----  ---------  --------  ----------  --------------  -------------------
/opt/airflow/dags/supplychain_pipeline_dag.py                           1           0  5.94s           2025-10-06T16:01:24
================================================================================
[2025-10-06T16:02:12.507+0000] {manager.py:878} INFO - 
================================================================================
DAG File Processing Stats

File Path                                      PID    Runtime      # DAGs    # Errors  Last Runtime    Last Run
---------------------------------------------  -----  ---------  --------  ----------  --------------  -------------------
/opt/airflow/dags/supplychain_pipeline_dag.py                           1           0  5.49s           2025-10-06T16:02:00
================================================================================
[2025-10-06T16:02:45.969+0000] {manager.py:878} INFO - 
================================================================================
DAG File Processing Stats

File Path                                      PID    Runtime      # DAGs    # Errors  Last Runtime    Last Run
---------------------------------------------  -----  ---------  --------  ----------  --------------  -------------------
/opt/airflow/dags/supplychain_pipeline_dag.py                           1           0  8.68s           2025-10-06T16:02:39
================================================================================
[2025-10-06T16:03:19.382+0000] {manager.py:878} INFO - 
================================================================================
DAG File Processing Stats

File Path                                      PID    Runtime      # DAGs    # Errors  Last Runtime    Last Run
---------------------------------------------  -----  ---------  --------  ----------  --------------  -------------------
/opt/airflow/dags/supplychain_pipeline_dag.py                           1           0  5.53s           2025-10-06T16:03:16
================================================================================
[2025-10-06T16:03:52.735+0000] {manager.py:878} INFO - 
================================================================================
DAG File Processing Stats

File Path                                      PID    Runtime      # DAGs    # Errors  Last Runtime    Last Run
---------------------------------------------  -----  ---------  --------  ----------  --------------  -------------------
/opt/airflow/dags/supplychain_pipeline_dag.py                           1           0  5.08s           2025-10-06T16:03:51
================================================================================
[2025-10-06T16:04:26.142+0000] {manager.py:878} INFO - 
================================================================================
DAG File Processing Stats

File Path                                        PID  Runtime      # DAGs    # Errors  Last Runtime    Last Run
---------------------------------------------  -----  ---------  --------  ----------  --------------  -------------------
/opt/airflow/dags/supplychain_pipeline_dag.py   1691  4.05s             1           0  5.08s           2025-10-06T16:03:51
================================================================================
[2025-10-06T16:04:59.543+0000] {manager.py:878} INFO - 
================================================================================
DAG File Processing Stats

File Path                                        PID  Runtime      # DAGs    # Errors  Last Runtime    Last Run
---------------------------------------------  -----  ---------  --------  ----------  --------------  -------------------
/opt/airflow/dags/supplychain_pipeline_dag.py   1713  1.64s             1           0  5.47s           2025-10-06T16:04:27
================================================================================
[2025-10-06T16:05:32.765+0000] {manager.py:878} INFO - 
================================================================================
DAG File Processing Stats

File Path                                      PID    Runtime      # DAGs    # Errors  Last Runtime    Last Run
---------------------------------------------  -----  ---------  --------  ----------  --------------  -------------------
/opt/airflow/dags/supplychain_pipeline_dag.py                           1           0  5.48s           2025-10-06T16:05:03
================================================================================
[2025-10-06T16:06:05.924+0000] {manager.py:878} INFO - 
================================================================================
DAG File Processing Stats

File Path                                      PID    Runtime      # DAGs    # Errors  Last Runtime    Last Run
---------------------------------------------  -----  ---------  --------  ----------  --------------  -------------------
/opt/airflow/dags/supplychain_pipeline_dag.py                           1           0  5.90s           2025-10-06T16:05:39
================================================================================
[2025-10-06T16:06:24.152+0000] {manager.py:737} INFO - Searching for files in /opt/airflow/dags
[2025-10-06T16:06:24.279+0000] {manager.py:740} INFO - There are 1 files in /opt/airflow/dags
[2025-10-06T16:06:39.438+0000] {manager.py:878} INFO - 
================================================================================
DAG File Processing Stats

File Path                                      PID    Runtime      # DAGs    # Errors  Last Runtime    Last Run
---------------------------------------------  -----  ---------  --------  ----------  --------------  -------------------
/opt/airflow/dags/supplychain_pipeline_dag.py                           1           0  5.39s           2025-10-06T16:06:15
================================================================================
[2025-10-06T16:07:12.932+0000] {manager.py:878} INFO - 
================================================================================
DAG File Processing Stats

File Path                                      PID    Runtime      # DAGs    # Errors  Last Runtime    Last Run
---------------------------------------------  -----  ---------  --------  ----------  --------------  -------------------
/opt/airflow/dags/supplychain_pipeline_dag.py                           1           0  5.07s           2025-10-06T16:06:50
================================================================================
[2025-10-06T16:07:46.027+0000] {manager.py:878} INFO - 
================================================================================
DAG File Processing Stats

File Path                                      PID    Runtime      # DAGs    # Errors  Last Runtime    Last Run
---------------------------------------------  -----  ---------  --------  ----------  --------------  -------------------
/opt/airflow/dags/supplychain_pipeline_dag.py                           1           0  4.76s           2025-10-06T16:07:25
================================================================================
[2025-10-06T16:08:19.225+0000] {manager.py:878} INFO - 
================================================================================
DAG File Processing Stats

File Path                                      PID    Runtime      # DAGs    # Errors  Last Runtime    Last Run
---------------------------------------------  -----  ---------  --------  ----------  --------------  -------------------
/opt/airflow/dags/supplychain_pipeline_dag.py                           1           0  4.90s           2025-10-06T16:08:01
================================================================================
[2025-10-06T16:08:52.581+0000] {manager.py:878} INFO - 
================================================================================
DAG File Processing Stats

File Path                                      PID    Runtime      # DAGs    # Errors  Last Runtime    Last Run
---------------------------------------------  -----  ---------  --------  ----------  --------------  -------------------
/opt/airflow/dags/supplychain_pipeline_dag.py                           1           0  4.98s           2025-10-06T16:08:36
================================================================================
[2025-10-06T16:09:26.334+0000] {manager.py:878} INFO - 
================================================================================
DAG File Processing Stats

File Path                                      PID    Runtime      # DAGs    # Errors  Last Runtime    Last Run
---------------------------------------------  -----  ---------  --------  ----------  --------------  -------------------
/opt/airflow/dags/supplychain_pipeline_dag.py                           1           0  7.79s           2025-10-06T16:09:14
================================================================================
[2025-10-06T16:09:59.454+0000] {manager.py:878} INFO - 
================================================================================
DAG File Processing Stats

File Path                                      PID    Runtime      # DAGs    # Errors  Last Runtime    Last Run
---------------------------------------------  -----  ---------  --------  ----------  --------------  -------------------
/opt/airflow/dags/supplychain_pipeline_dag.py                           1           0  4.83s           2025-10-06T16:09:52
================================================================================
[2025-10-06T16:10:32.671+0000] {manager.py:878} INFO - 
================================================================================
DAG File Processing Stats

File Path                                      PID    Runtime      # DAGs    # Errors  Last Runtime    Last Run
---------------------------------------------  -----  ---------  --------  ----------  --------------  -------------------
/opt/airflow/dags/supplychain_pipeline_dag.py                           1           0  4.84s           2025-10-06T16:10:27
================================================================================
[2025-10-06T16:11:05.904+0000] {manager.py:878} INFO - 
================================================================================
DAG File Processing Stats

File Path                                      PID    Runtime      # DAGs    # Errors  Last Runtime    Last Run
---------------------------------------------  -----  ---------  --------  ----------  --------------  -------------------
/opt/airflow/dags/supplychain_pipeline_dag.py                           1           0  4.88s           2025-10-06T16:11:02
================================================================================
[2025-10-06T16:11:26.895+0000] {manager.py:737} INFO - Searching for files in /opt/airflow/dags
[2025-10-06T16:11:26.960+0000] {manager.py:740} INFO - There are 1 files in /opt/airflow/dags
[2025-10-06T16:11:39.263+0000] {manager.py:878} INFO - 
================================================================================
DAG File Processing Stats

File Path                                      PID    Runtime      # DAGs    # Errors  Last Runtime    Last Run
---------------------------------------------  -----  ---------  --------  ----------  --------------  -------------------
/opt/airflow/dags/supplychain_pipeline_dag.py                           1           0  4.83s           2025-10-06T16:11:37
================================================================================
[2025-10-06T16:12:12.674+0000] {manager.py:878} INFO - 
================================================================================
DAG File Processing Stats

File Path                                        PID  Runtime      # DAGs    # Errors  Last Runtime    Last Run
---------------------------------------------  -----  ---------  --------  ----------  --------------  -------------------
/opt/airflow/dags/supplychain_pipeline_dag.py   1977  4.39s             1           0  4.83s           2025-10-06T16:11:37
================================================================================
[2025-10-06T16:12:46.170+0000] {manager.py:878} INFO - 
================================================================================
DAG File Processing Stats

File Path                                        PID  Runtime      # DAGs    # Errors  Last Runtime    Last Run
---------------------------------------------  -----  ---------  --------  ----------  --------------  -------------------
/opt/airflow/dags/supplychain_pipeline_dag.py   1999  3.04s             1           0  4.54s           2025-10-06T16:12:12
================================================================================
[2025-10-06T16:13:19.610+0000] {manager.py:878} INFO - 
================================================================================
DAG File Processing Stats

File Path                                        PID  Runtime      # DAGs    # Errors  Last Runtime    Last Run
---------------------------------------------  -----  ---------  --------  ----------  --------------  -------------------
/opt/airflow/dags/supplychain_pipeline_dag.py   2021  1.45s             1           0  4.71s           2025-10-06T16:12:47
================================================================================
[2025-10-06T16:13:53.011+0000] {manager.py:878} INFO - 
================================================================================
DAG File Processing Stats

File Path                                        PID  Runtime      # DAGs    # Errors  Last Runtime    Last Run
---------------------------------------------  -----  ---------  --------  ----------  --------------  -------------------
/opt/airflow/dags/supplychain_pipeline_dag.py   2043  0.01s             1           0  4.50s           2025-10-06T16:13:22
================================================================================
[2025-10-06T16:14:26.435+0000] {manager.py:878} INFO - 
================================================================================
DAG File Processing Stats

File Path                                      PID    Runtime      # DAGs    # Errors  Last Runtime    Last Run
---------------------------------------------  -----  ---------  --------  ----------  --------------  -------------------
/opt/airflow/dags/supplychain_pipeline_dag.py                           1           0  4.73s           2025-10-06T16:13:57
================================================================================
[2025-10-06T16:14:59.821+0000] {manager.py:878} INFO - 
================================================================================
DAG File Processing Stats

File Path                                      PID    Runtime      # DAGs    # Errors  Last Runtime    Last Run
---------------------------------------------  -----  ---------  --------  ----------  --------------  -------------------
/opt/airflow/dags/supplychain_pipeline_dag.py                           1           0  4.77s           2025-10-06T16:14:32
================================================================================
[2025-10-06T16:15:33.187+0000] {manager.py:878} INFO - 
================================================================================
DAG File Processing Stats

File Path                                      PID    Runtime      # DAGs    # Errors  Last Runtime    Last Run
---------------------------------------------  -----  ---------  --------  ----------  --------------  -------------------
/opt/airflow/dags/supplychain_pipeline_dag.py                           1           0  4.58s           2025-10-06T16:15:07
================================================================================
[2025-10-06T16:16:07.085+0000] {manager.py:878} INFO - 
================================================================================
DAG File Processing Stats

File Path                                      PID    Runtime      # DAGs    # Errors  Last Runtime    Last Run
---------------------------------------------  -----  ---------  --------  ----------  --------------  -------------------
/opt/airflow/dags/supplychain_pipeline_dag.py                           1           0  4.70s           2025-10-06T16:15:42
================================================================================
[2025-10-06T16:16:27.593+0000] {manager.py:737} INFO - Searching for files in /opt/airflow/dags
[2025-10-06T16:16:27.668+0000] {manager.py:740} INFO - There are 1 files in /opt/airflow/dags
[2025-10-06T16:16:40.813+0000] {manager.py:878} INFO - 
================================================================================
DAG File Processing Stats

File Path                                      PID    Runtime      # DAGs    # Errors  Last Runtime    Last Run
---------------------------------------------  -----  ---------  --------  ----------  --------------  -------------------
/opt/airflow/dags/supplychain_pipeline_dag.py                           1           0  4.51s           2025-10-06T16:16:17
================================================================================
[2025-10-06T16:21:05.107+0000] {manager.py:1203} ERROR - Processor for /opt/airflow/dags/supplychain_pipeline_dag.py with PID 2153 started at 2025-10-06T16:16:47.902921+00:00 has timed out, killing it.
[2025-10-06T16:22:03.501+0000] {manager.py:737} INFO - Searching for files in /opt/airflow/dags
[2025-10-06T16:22:03.607+0000] {manager.py:740} INFO - There are 1 files in /opt/airflow/dags
[2025-10-06T16:22:16.850+0000] {manager.py:878} INFO - 
================================================================================
DAG File Processing Stats

File Path                                      PID    Runtime      # DAGs    # Errors  Last Runtime    Last Run
---------------------------------------------  -----  ---------  --------  ----------  --------------  -------------------
/opt/airflow/dags/supplychain_pipeline_dag.py                           1           0  6.34s           2025-10-06T16:22:10
================================================================================
[2025-10-06T16:23:10.256+0000] {manager.py:878} INFO - 
================================================================================
DAG File Processing Stats

File Path                                      PID    Runtime      # DAGs    # Errors  Last Runtime    Last Run
---------------------------------------------  -----  ---------  --------  ----------  --------------  -------------------
/opt/airflow/dags/supplychain_pipeline_dag.py                           1           0  6.84s           2025-10-06T16:23:02
================================================================================
[2025-10-06T16:23:22.031+0000] {manager.py:452} INFO - Exiting gracefully upon receiving signal 15
[2025-10-08T18:46:25.947+0000] {manager.py:470} INFO - Processing files using up to 2 processes at a time 
[2025-10-08T18:46:25.950+0000] {manager.py:471} INFO - Process each file at most once every 30 seconds
[2025-10-08T18:46:25.953+0000] {manager.py:472} INFO - Checking for new files in /opt/airflow/dags every 300 seconds
[2025-10-08T18:46:25.956+0000] {manager.py:737} INFO - Searching for files in /opt/airflow/dags
[2025-10-08T18:46:26.034+0000] {manager.py:740} INFO - There are 1 files in /opt/airflow/dags
[2025-10-08T18:46:26.332+0000] {manager.py:878} INFO - 
================================================================================
DAG File Processing Stats

File Path                                        PID  Runtime      # DAGs    # Errors  Last Runtime    Last Run
---------------------------------------------  -----  ---------  --------  ----------  --------------  ----------
/opt/airflow/dags/supplychain_pipeline_dag.py    172  0.12s             0           0
================================================================================
[2025-10-08T18:46:57.109+0000] {manager.py:878} INFO - 
================================================================================
DAG File Processing Stats

File Path                                      PID    Runtime      # DAGs    # Errors  Last Runtime    Last Run
---------------------------------------------  -----  ---------  --------  ----------  --------------  -------------------
/opt/airflow/dags/supplychain_pipeline_dag.py                           1           0  7.48s           2025-10-08T18:46:33
================================================================================
[2025-10-08T18:47:27.555+0000] {manager.py:878} INFO - 
================================================================================
DAG File Processing Stats

File Path                                      PID    Runtime      # DAGs    # Errors  Last Runtime    Last Run
---------------------------------------------  -----  ---------  --------  ----------  --------------  -------------------
/opt/airflow/dags/supplychain_pipeline_dag.py                           1           0  6.88s           2025-10-08T18:47:11
================================================================================
[2025-10-08T18:47:57.871+0000] {manager.py:878} INFO - 
================================================================================
DAG File Processing Stats

File Path                                      PID    Runtime      # DAGs    # Errors  Last Runtime    Last Run
---------------------------------------------  -----  ---------  --------  ----------  --------------  -------------------
/opt/airflow/dags/supplychain_pipeline_dag.py                           1           0  6.57s           2025-10-08T18:47:47
================================================================================
[2025-10-08T18:48:28.606+0000] {manager.py:878} INFO - 
================================================================================
DAG File Processing Stats

File Path                                      PID    Runtime      # DAGs    # Errors  Last Runtime    Last Run
---------------------------------------------  -----  ---------  --------  ----------  --------------  -------------------
/opt/airflow/dags/supplychain_pipeline_dag.py                           1           0  6.59s           2025-10-08T18:48:24
================================================================================
[2025-10-08T18:48:59.333+0000] {manager.py:878} INFO - 
================================================================================
DAG File Processing Stats

File Path                                        PID  Runtime      # DAGs    # Errors  Last Runtime    Last Run
---------------------------------------------  -----  ---------  --------  ----------  --------------  -------------------
/opt/airflow/dags/supplychain_pipeline_dag.py    503  4.05s             1           0  6.59s           2025-10-08T18:48:24
================================================================================
[2025-10-08T18:49:30.045+0000] {manager.py:878} INFO - 
================================================================================
DAG File Processing Stats

File Path                                      PID    Runtime      # DAGs    # Errors  Last Runtime    Last Run
---------------------------------------------  -----  ---------  --------  ----------  --------------  -------------------
/opt/airflow/dags/supplychain_pipeline_dag.py                           1           0  5.94s           2025-10-08T18:49:01
================================================================================
[2025-10-08T18:50:01.153+0000] {manager.py:878} INFO - 
================================================================================
DAG File Processing Stats

File Path                                      PID    Runtime      # DAGs    # Errors  Last Runtime    Last Run
---------------------------------------------  -----  ---------  --------  ----------  --------------  -------------------
/opt/airflow/dags/supplychain_pipeline_dag.py                           1           0  5.84s           2025-10-08T18:49:37
================================================================================
[2025-10-08T18:50:32.137+0000] {manager.py:878} INFO - 
================================================================================
DAG File Processing Stats

File Path                                      PID    Runtime      # DAGs    # Errors  Last Runtime    Last Run
---------------------------------------------  -----  ---------  --------  ----------  --------------  -------------------
/opt/airflow/dags/supplychain_pipeline_dag.py                           1           0  5.62s           2025-10-08T18:50:12
================================================================================
[2025-10-08T18:51:02.937+0000] {manager.py:878} INFO - 
================================================================================
DAG File Processing Stats

File Path                                      PID    Runtime      # DAGs    # Errors  Last Runtime    Last Run
---------------------------------------------  -----  ---------  --------  ----------  --------------  -------------------
/opt/airflow/dags/supplychain_pipeline_dag.py                           1           0  5.68s           2025-10-08T18:50:49
================================================================================
[2025-10-08T18:51:26.560+0000] {manager.py:737} INFO - Searching for files in /opt/airflow/dags
[2025-10-08T18:51:26.636+0000] {manager.py:740} INFO - There are 1 files in /opt/airflow/dags
[2025-10-08T18:51:33.743+0000] {manager.py:878} INFO - 
================================================================================
DAG File Processing Stats

File Path                                      PID    Runtime      # DAGs    # Errors  Last Runtime    Last Run
---------------------------------------------  -----  ---------  --------  ----------  --------------  -------------------
/opt/airflow/dags/supplychain_pipeline_dag.py                           1           0  5.98s           2025-10-08T18:51:25
================================================================================
[2025-10-08T18:52:04.169+0000] {manager.py:878} INFO - 
================================================================================
DAG File Processing Stats

File Path                                      PID    Runtime      # DAGs    # Errors  Last Runtime    Last Run
---------------------------------------------  -----  ---------  --------  ----------  --------------  -------------------
/opt/airflow/dags/supplychain_pipeline_dag.py                           1           0  5.80s           2025-10-08T18:52:02
================================================================================
[2025-10-08T18:52:34.850+0000] {manager.py:878} INFO - 
================================================================================
DAG File Processing Stats

File Path                                        PID  Runtime      # DAGs    # Errors  Last Runtime    Last Run
---------------------------------------------  -----  ---------  --------  ----------  --------------  -------------------
/opt/airflow/dags/supplychain_pipeline_dag.py    668  2.57s             1           0  5.80s           2025-10-08T18:52:02
================================================================================
[2025-10-08T18:53:05.464+0000] {manager.py:878} INFO - 
================================================================================
DAG File Processing Stats

File Path                                      PID    Runtime      # DAGs    # Errors  Last Runtime    Last Run
---------------------------------------------  -----  ---------  --------  ----------  --------------  -------------------
/opt/airflow/dags/supplychain_pipeline_dag.py                           1           0  5.80s           2025-10-08T18:52:38
================================================================================
[2025-10-08T18:53:35.802+0000] {manager.py:878} INFO - 
================================================================================
DAG File Processing Stats

File Path                                      PID    Runtime      # DAGs    # Errors  Last Runtime    Last Run
---------------------------------------------  -----  ---------  --------  ----------  --------------  -------------------
/opt/airflow/dags/supplychain_pipeline_dag.py                           1           0  5.72s           2025-10-08T18:53:14
================================================================================
[2025-10-08T18:54:06.839+0000] {manager.py:878} INFO - 
================================================================================
DAG File Processing Stats

File Path                                      PID    Runtime      # DAGs    # Errors  Last Runtime    Last Run
---------------------------------------------  -----  ---------  --------  ----------  --------------  -------------------
/opt/airflow/dags/supplychain_pipeline_dag.py                           1           0  6.49s           2025-10-08T18:53:50
================================================================================
[2025-10-08T18:54:37.199+0000] {manager.py:878} INFO - 
================================================================================
DAG File Processing Stats

File Path                                      PID    Runtime      # DAGs    # Errors  Last Runtime    Last Run
---------------------------------------------  -----  ---------  --------  ----------  --------------  -------------------
/opt/airflow/dags/supplychain_pipeline_dag.py                           1           0  5.71s           2025-10-08T18:54:27
================================================================================
[2025-10-08T18:55:07.820+0000] {manager.py:878} INFO - 
================================================================================
DAG File Processing Stats

File Path                                      PID    Runtime      # DAGs    # Errors  Last Runtime    Last Run
---------------------------------------------  -----  ---------  --------  ----------  --------------  -------------------
/opt/airflow/dags/supplychain_pipeline_dag.py                           1           0  5.52s           2025-10-08T18:55:02
================================================================================
[2025-10-08T18:55:30.989+0000] {manager.py:452} INFO - Exiting gracefully upon receiving signal 15
[2025-10-09T07:11:08.482+0000] {manager.py:470} INFO - Processing files using up to 2 processes at a time 
[2025-10-09T07:11:08.486+0000] {manager.py:471} INFO - Process each file at most once every 30 seconds
[2025-10-09T07:11:08.489+0000] {manager.py:472} INFO - Checking for new files in /opt/airflow/dags every 300 seconds
[2025-10-09T07:11:08.492+0000] {manager.py:737} INFO - Searching for files in /opt/airflow/dags
[2025-10-09T07:11:08.575+0000] {manager.py:740} INFO - There are 1 files in /opt/airflow/dags
[2025-10-09T07:11:08.979+0000] {manager.py:878} INFO - 
================================================================================
DAG File Processing Stats

File Path                                        PID  Runtime      # DAGs    # Errors  Last Runtime    Last Run
---------------------------------------------  -----  ---------  --------  ----------  --------------  ----------
/opt/airflow/dags/supplychain_pipeline_dag.py    173  0.22s             0           0
================================================================================
[2025-10-09T07:11:39.226+0000] {manager.py:878} INFO - 
================================================================================
DAG File Processing Stats

File Path                                      PID    Runtime      # DAGs    # Errors  Last Runtime    Last Run
---------------------------------------------  -----  ---------  --------  ----------  --------------  -------------------
/opt/airflow/dags/supplychain_pipeline_dag.py                           1           0  7.82s           2025-10-09T07:11:16
================================================================================
[2025-10-09T07:12:10.028+0000] {manager.py:878} INFO - 
================================================================================
DAG File Processing Stats

File Path                                      PID    Runtime      # DAGs    # Errors  Last Runtime    Last Run
---------------------------------------------  -----  ---------  --------  ----------  --------------  -------------------
/opt/airflow/dags/supplychain_pipeline_dag.py                           1           0  6.17s           2025-10-09T07:11:52
================================================================================
[2025-10-09T07:12:40.048+0000] {manager.py:878} INFO - 
================================================================================
DAG File Processing Stats

File Path                                      PID    Runtime      # DAGs    # Errors  Last Runtime    Last Run
---------------------------------------------  -----  ---------  --------  ----------  --------------  -------------------
/opt/airflow/dags/supplychain_pipeline_dag.py                           1           0  5.84s           2025-10-09T07:12:29
================================================================================
[2025-10-09T07:13:10.301+0000] {manager.py:878} INFO - 
================================================================================
DAG File Processing Stats

File Path                                      PID    Runtime      # DAGs    # Errors  Last Runtime    Last Run
---------------------------------------------  -----  ---------  --------  ----------  --------------  -------------------
/opt/airflow/dags/supplychain_pipeline_dag.py                           1           0  5.94s           2025-10-09T07:13:05
================================================================================
[2025-10-09T07:13:40.668+0000] {manager.py:878} INFO - 
================================================================================
DAG File Processing Stats

File Path                                        PID  Runtime      # DAGs    # Errors  Last Runtime    Last Run
---------------------------------------------  -----  ---------  --------  ----------  --------------  -------------------
/opt/airflow/dags/supplychain_pipeline_dag.py    389  5.07s             1           0  5.94s           2025-10-09T07:13:05
================================================================================
[2025-10-09T07:14:10.684+0000] {manager.py:878} INFO - 
================================================================================
DAG File Processing Stats

File Path                                      PID    Runtime      # DAGs    # Errors  Last Runtime    Last Run
---------------------------------------------  -----  ---------  --------  ----------  --------------  -------------------
/opt/airflow/dags/supplychain_pipeline_dag.py                           1           0  5.73s           2025-10-09T07:13:41
================================================================================
[2025-10-09T07:14:41.549+0000] {manager.py:878} INFO - 
================================================================================
DAG File Processing Stats

File Path                                      PID    Runtime      # DAGs    # Errors  Last Runtime    Last Run
---------------------------------------------  -----  ---------  --------  ----------  --------------  -------------------
/opt/airflow/dags/supplychain_pipeline_dag.py                           1           0  5.71s           2025-10-09T07:14:17
================================================================================
[2025-10-09T07:15:11.913+0000] {manager.py:878} INFO - 
================================================================================
DAG File Processing Stats

File Path                                      PID    Runtime      # DAGs    # Errors  Last Runtime    Last Run
---------------------------------------------  -----  ---------  --------  ----------  --------------  -------------------
/opt/airflow/dags/supplychain_pipeline_dag.py                           1           0  5.66s           2025-10-09T07:14:53
================================================================================
[2025-10-09T07:15:42.073+0000] {manager.py:878} INFO - 
================================================================================
DAG File Processing Stats

File Path                                      PID    Runtime      # DAGs    # Errors  Last Runtime    Last Run
---------------------------------------------  -----  ---------  --------  ----------  --------------  -------------------
/opt/airflow/dags/supplychain_pipeline_dag.py                           1           0  5.36s           2025-10-09T07:15:29
================================================================================
[2025-10-09T07:16:08.512+0000] {manager.py:737} INFO - Searching for files in /opt/airflow/dags
[2025-10-09T07:16:08.582+0000] {manager.py:740} INFO - There are 1 files in /opt/airflow/dags
[2025-10-09T07:16:12.332+0000] {manager.py:878} INFO - 
================================================================================
DAG File Processing Stats

File Path                                      PID    Runtime      # DAGs    # Errors  Last Runtime    Last Run
---------------------------------------------  -----  ---------  --------  ----------  --------------  -------------------
/opt/airflow/dags/supplychain_pipeline_dag.py                           1           0  5.19s           2025-10-09T07:16:04
================================================================================
[2025-10-09T07:16:42.645+0000] {manager.py:878} INFO - 
================================================================================
DAG File Processing Stats

File Path                                      PID    Runtime      # DAGs    # Errors  Last Runtime    Last Run
---------------------------------------------  -----  ---------  --------  ----------  --------------  -------------------
/opt/airflow/dags/supplychain_pipeline_dag.py                           1           0  5.25s           2025-10-09T07:16:39
================================================================================
[2025-10-09T07:17:12.969+0000] {manager.py:878} INFO - 
================================================================================
DAG File Processing Stats

File Path                                        PID  Runtime      # DAGs    # Errors  Last Runtime    Last Run
---------------------------------------------  -----  ---------  --------  ----------  --------------  -------------------
/opt/airflow/dags/supplychain_pipeline_dag.py    547  3.05s             1           0  5.25s           2025-10-09T07:16:39
================================================================================
[2025-10-09T07:17:43.309+0000] {manager.py:878} INFO - 
================================================================================
DAG File Processing Stats

File Path                                      PID    Runtime      # DAGs    # Errors  Last Runtime    Last Run
---------------------------------------------  -----  ---------  --------  ----------  --------------  -------------------
/opt/airflow/dags/supplychain_pipeline_dag.py                           1           0  5.34s           2025-10-09T07:17:15
================================================================================
[2025-10-09T07:18:13.823+0000] {manager.py:878} INFO - 
================================================================================
DAG File Processing Stats

File Path                                      PID    Runtime      # DAGs    # Errors  Last Runtime    Last Run
---------------------------------------------  -----  ---------  --------  ----------  --------------  -------------------
/opt/airflow/dags/supplychain_pipeline_dag.py                           1           0  5.63s           2025-10-09T07:17:50
================================================================================
[2025-10-09T07:18:44.129+0000] {manager.py:878} INFO - 
================================================================================
DAG File Processing Stats

File Path                                      PID    Runtime      # DAGs    # Errors  Last Runtime    Last Run
---------------------------------------------  -----  ---------  --------  ----------  --------------  -------------------
/opt/airflow/dags/supplychain_pipeline_dag.py                           1           0  5.55s           2025-10-09T07:18:27
================================================================================
[2025-10-09T07:19:14.385+0000] {manager.py:878} INFO - 
================================================================================
DAG File Processing Stats

File Path                                      PID    Runtime      # DAGs    # Errors  Last Runtime    Last Run
---------------------------------------------  -----  ---------  --------  ----------  --------------  -------------------
/opt/airflow/dags/supplychain_pipeline_dag.py                           1           0  4.93s           2025-10-09T07:19:02
================================================================================
[2025-10-09T08:31:46.581+0000] {manager.py:737} INFO - Searching for files in /opt/airflow/dags
[2025-10-09T08:31:46.938+0000] {manager.py:740} INFO - There are 1 files in /opt/airflow/dags
[2025-10-09T08:31:49.553+0000] {manager.py:878} INFO - 
================================================================================
DAG File Processing Stats

File Path                                        PID  Runtime      # DAGs    # Errors  Last Runtime    Last Run
---------------------------------------------  -----  ---------  --------  ----------  --------------  -------------------
/opt/airflow/dags/supplychain_pipeline_dag.py    657  2.33s             1           0  6.07s           2025-10-09T07:19:38
================================================================================
[2025-10-09T08:32:07.912+0000] {manager.py:452} INFO - Exiting gracefully upon receiving signal 15
