[2025-09-23T09:00:18.168+0000] {processor.py:161} INFO - Started process (PID=172) to work on /opt/airflow/dags/supplychain_pipeline_dag.py
[2025-09-23T09:00:18.171+0000] {processor.py:830} INFO - Processing file /opt/airflow/dags/supplychain_pipeline_dag.py for tasks to queue
[2025-09-23T09:00:18.176+0000] {logging_mixin.py:188} INFO - [2025-09-23T09:00:18.175+0000] {dagbag.py:545} INFO - Filling up the DagBag from /opt/airflow/dags/supplychain_pipeline_dag.py
[2025-09-23T09:00:21.395+0000] {logging_mixin.py:188} INFO - [2025-09-23T09:00:21.394+0000] {font_manager.py:1639} INFO - generated new fontManager
[2025-09-23T09:00:24.874+0000] {logging_mixin.py:188} INFO - [2025-09-23T09:00:24.873+0000] {config.py:75} INFO - Settings loaded (env=default)
[2025-09-23T09:00:25.326+0000] {processor.py:840} INFO - DAG(s) 'supplychain_pipeline_dag' retrieved from /opt/airflow/dags/supplychain_pipeline_dag.py
[2025-09-23T09:00:25.360+0000] {logging_mixin.py:188} INFO - [2025-09-23T09:00:25.360+0000] {dag.py:3096} INFO - Sync 1 DAGs
[2025-09-23T09:00:25.403+0000] {logging_mixin.py:188} INFO - [2025-09-23T09:00:25.402+0000] {dag.py:3954} INFO - Setting next_dagrun for supplychain_pipeline_dag to 2025-09-22 00:00:00+00:00, run_after=2025-09-23 00:00:00+00:00
[2025-09-23T09:00:25.444+0000] {processor.py:183} INFO - Processing /opt/airflow/dags/supplychain_pipeline_dag.py took 7.290 seconds
[2025-09-23T09:00:55.971+0000] {processor.py:161} INFO - Started process (PID=196) to work on /opt/airflow/dags/supplychain_pipeline_dag.py
[2025-09-23T09:00:55.975+0000] {processor.py:830} INFO - Processing file /opt/airflow/dags/supplychain_pipeline_dag.py for tasks to queue
[2025-09-23T09:00:55.981+0000] {logging_mixin.py:188} INFO - [2025-09-23T09:00:55.980+0000] {dagbag.py:545} INFO - Filling up the DagBag from /opt/airflow/dags/supplychain_pipeline_dag.py
[2025-09-23T09:01:00.563+0000] {logging_mixin.py:188} INFO - [2025-09-23T09:01:00.562+0000] {config.py:75} INFO - Settings loaded (env=default)
[2025-09-23T09:01:00.799+0000] {processor.py:840} INFO - DAG(s) 'supplychain_pipeline_dag' retrieved from /opt/airflow/dags/supplychain_pipeline_dag.py
[2025-09-23T09:01:01.441+0000] {logging_mixin.py:188} INFO - [2025-09-23T09:01:01.440+0000] {dag.py:3096} INFO - Sync 1 DAGs
[2025-09-23T09:01:01.505+0000] {logging_mixin.py:188} INFO - [2025-09-23T09:01:01.505+0000] {dag.py:3954} INFO - Setting next_dagrun for supplychain_pipeline_dag to 2025-09-22 00:00:00+00:00, run_after=2025-09-23 00:00:00+00:00
[2025-09-23T09:01:01.559+0000] {processor.py:183} INFO - Processing /opt/airflow/dags/supplychain_pipeline_dag.py took 5.606 seconds
[2025-09-23T09:01:31.952+0000] {processor.py:161} INFO - Started process (PID=218) to work on /opt/airflow/dags/supplychain_pipeline_dag.py
[2025-09-23T09:01:31.958+0000] {processor.py:830} INFO - Processing file /opt/airflow/dags/supplychain_pipeline_dag.py for tasks to queue
[2025-09-23T09:01:31.980+0000] {logging_mixin.py:188} INFO - [2025-09-23T09:01:31.975+0000] {dagbag.py:545} INFO - Filling up the DagBag from /opt/airflow/dags/supplychain_pipeline_dag.py
[2025-09-23T09:01:40.570+0000] {logging_mixin.py:188} INFO - [2025-09-23T09:01:40.570+0000] {config.py:75} INFO - Settings loaded (env=default)
[2025-09-23T09:01:40.971+0000] {processor.py:840} INFO - DAG(s) 'supplychain_pipeline_dag' retrieved from /opt/airflow/dags/supplychain_pipeline_dag.py
[2025-09-23T09:01:41.092+0000] {logging_mixin.py:188} INFO - [2025-09-23T09:01:41.091+0000] {dag.py:3096} INFO - Sync 1 DAGs
[2025-09-23T09:01:41.161+0000] {logging_mixin.py:188} INFO - [2025-09-23T09:01:41.160+0000] {dag.py:3954} INFO - Setting next_dagrun for supplychain_pipeline_dag to 2025-09-22 00:00:00+00:00, run_after=2025-09-23 00:00:00+00:00
[2025-09-23T09:01:41.216+0000] {processor.py:183} INFO - Processing /opt/airflow/dags/supplychain_pipeline_dag.py took 8.077 seconds
[2025-09-23T09:02:11.507+0000] {processor.py:161} INFO - Started process (PID=240) to work on /opt/airflow/dags/supplychain_pipeline_dag.py
[2025-09-23T09:02:11.511+0000] {processor.py:830} INFO - Processing file /opt/airflow/dags/supplychain_pipeline_dag.py for tasks to queue
[2025-09-23T09:02:11.519+0000] {logging_mixin.py:188} INFO - [2025-09-23T09:02:11.518+0000] {dagbag.py:545} INFO - Filling up the DagBag from /opt/airflow/dags/supplychain_pipeline_dag.py
[2025-09-23T09:02:16.412+0000] {logging_mixin.py:188} INFO - [2025-09-23T09:02:16.412+0000] {config.py:75} INFO - Settings loaded (env=default)
[2025-09-23T09:02:16.694+0000] {processor.py:840} INFO - DAG(s) 'supplychain_pipeline_dag' retrieved from /opt/airflow/dags/supplychain_pipeline_dag.py
[2025-09-23T09:02:16.786+0000] {logging_mixin.py:188} INFO - [2025-09-23T09:02:16.785+0000] {dag.py:3096} INFO - Sync 1 DAGs
[2025-09-23T09:02:16.836+0000] {logging_mixin.py:188} INFO - [2025-09-23T09:02:16.836+0000] {dag.py:3954} INFO - Setting next_dagrun for supplychain_pipeline_dag to 2025-09-22 00:00:00+00:00, run_after=2025-09-23 00:00:00+00:00
[2025-09-23T09:02:16.889+0000] {processor.py:183} INFO - Processing /opt/airflow/dags/supplychain_pipeline_dag.py took 5.400 seconds
[2025-09-23T09:02:47.652+0000] {processor.py:161} INFO - Started process (PID=262) to work on /opt/airflow/dags/supplychain_pipeline_dag.py
[2025-09-23T09:02:47.656+0000] {processor.py:830} INFO - Processing file /opt/airflow/dags/supplychain_pipeline_dag.py for tasks to queue
[2025-09-23T09:02:47.665+0000] {logging_mixin.py:188} INFO - [2025-09-23T09:02:47.663+0000] {dagbag.py:545} INFO - Filling up the DagBag from /opt/airflow/dags/supplychain_pipeline_dag.py
[2025-09-23T09:02:52.618+0000] {logging_mixin.py:188} INFO - [2025-09-23T09:02:52.618+0000] {config.py:75} INFO - Settings loaded (env=default)
[2025-09-23T09:02:52.876+0000] {processor.py:840} INFO - DAG(s) 'supplychain_pipeline_dag' retrieved from /opt/airflow/dags/supplychain_pipeline_dag.py
[2025-09-23T09:02:52.976+0000] {logging_mixin.py:188} INFO - [2025-09-23T09:02:52.975+0000] {dag.py:3096} INFO - Sync 1 DAGs
[2025-09-23T09:02:53.029+0000] {logging_mixin.py:188} INFO - [2025-09-23T09:02:53.029+0000] {dag.py:3954} INFO - Setting next_dagrun for supplychain_pipeline_dag to 2025-09-22 00:00:00+00:00, run_after=2025-09-23 00:00:00+00:00
[2025-09-23T09:02:53.085+0000] {processor.py:183} INFO - Processing /opt/airflow/dags/supplychain_pipeline_dag.py took 5.460 seconds
[2025-09-23T09:03:23.748+0000] {processor.py:161} INFO - Started process (PID=365) to work on /opt/airflow/dags/supplychain_pipeline_dag.py
[2025-09-23T09:03:23.752+0000] {processor.py:830} INFO - Processing file /opt/airflow/dags/supplychain_pipeline_dag.py for tasks to queue
[2025-09-23T09:03:23.758+0000] {logging_mixin.py:188} INFO - [2025-09-23T09:03:23.757+0000] {dagbag.py:545} INFO - Filling up the DagBag from /opt/airflow/dags/supplychain_pipeline_dag.py
[2025-09-23T09:03:30.103+0000] {logging_mixin.py:188} INFO - [2025-09-23T09:03:30.102+0000] {config.py:75} INFO - Settings loaded (env=default)
[2025-09-23T09:03:30.521+0000] {processor.py:840} INFO - DAG(s) 'supplychain_pipeline_dag' retrieved from /opt/airflow/dags/supplychain_pipeline_dag.py
[2025-09-23T09:03:30.672+0000] {logging_mixin.py:188} INFO - [2025-09-23T09:03:30.670+0000] {dag.py:3096} INFO - Sync 1 DAGs
[2025-09-23T09:03:30.755+0000] {logging_mixin.py:188} INFO - [2025-09-23T09:03:30.754+0000] {dag.py:3954} INFO - Setting next_dagrun for supplychain_pipeline_dag to 2025-09-23 00:00:00+00:00, run_after=2025-09-24 00:00:00+00:00
[2025-09-23T09:03:30.820+0000] {processor.py:183} INFO - Processing /opt/airflow/dags/supplychain_pipeline_dag.py took 7.096 seconds
[2025-09-23T09:04:01.338+0000] {processor.py:161} INFO - Started process (PID=427) to work on /opt/airflow/dags/supplychain_pipeline_dag.py
[2025-09-23T09:04:01.343+0000] {processor.py:830} INFO - Processing file /opt/airflow/dags/supplychain_pipeline_dag.py for tasks to queue
[2025-09-23T09:04:01.355+0000] {logging_mixin.py:188} INFO - [2025-09-23T09:04:01.353+0000] {dagbag.py:545} INFO - Filling up the DagBag from /opt/airflow/dags/supplychain_pipeline_dag.py
[2025-09-23T09:04:07.155+0000] {logging_mixin.py:188} INFO - [2025-09-23T09:04:07.154+0000] {config.py:75} INFO - Settings loaded (env=default)
[2025-09-23T09:04:07.441+0000] {processor.py:840} INFO - DAG(s) 'supplychain_pipeline_dag' retrieved from /opt/airflow/dags/supplychain_pipeline_dag.py
[2025-09-23T09:04:07.537+0000] {logging_mixin.py:188} INFO - [2025-09-23T09:04:07.535+0000] {dag.py:3096} INFO - Sync 1 DAGs
[2025-09-23T09:04:07.594+0000] {logging_mixin.py:188} INFO - [2025-09-23T09:04:07.593+0000] {dag.py:3954} INFO - Setting next_dagrun for supplychain_pipeline_dag to 2025-09-23 00:00:00+00:00, run_after=2025-09-24 00:00:00+00:00
[2025-09-23T09:04:07.639+0000] {processor.py:183} INFO - Processing /opt/airflow/dags/supplychain_pipeline_dag.py took 6.338 seconds
[2025-09-23T09:04:38.394+0000] {processor.py:161} INFO - Started process (PID=507) to work on /opt/airflow/dags/supplychain_pipeline_dag.py
[2025-09-23T09:04:38.399+0000] {processor.py:830} INFO - Processing file /opt/airflow/dags/supplychain_pipeline_dag.py for tasks to queue
[2025-09-23T09:04:38.405+0000] {logging_mixin.py:188} INFO - [2025-09-23T09:04:38.404+0000] {dagbag.py:545} INFO - Filling up the DagBag from /opt/airflow/dags/supplychain_pipeline_dag.py
[2025-09-23T09:04:45.747+0000] {logging_mixin.py:188} INFO - [2025-09-23T09:04:45.747+0000] {config.py:75} INFO - Settings loaded (env=default)
[2025-09-23T09:04:46.640+0000] {processor.py:840} INFO - DAG(s) 'supplychain_pipeline_dag' retrieved from /opt/airflow/dags/supplychain_pipeline_dag.py
[2025-09-23T09:04:46.741+0000] {logging_mixin.py:188} INFO - [2025-09-23T09:04:46.740+0000] {dag.py:3096} INFO - Sync 1 DAGs
[2025-09-23T09:04:46.795+0000] {logging_mixin.py:188} INFO - [2025-09-23T09:04:46.795+0000] {dag.py:3954} INFO - Setting next_dagrun for supplychain_pipeline_dag to 2025-09-23 00:00:00+00:00, run_after=2025-09-24 00:00:00+00:00
[2025-09-23T09:04:46.843+0000] {processor.py:183} INFO - Processing /opt/airflow/dags/supplychain_pipeline_dag.py took 6.345 seconds
[2025-09-23T09:05:17.067+0000] {processor.py:161} INFO - Started process (PID=545) to work on /opt/airflow/dags/supplychain_pipeline_dag.py
[2025-09-23T09:05:17.070+0000] {processor.py:830} INFO - Processing file /opt/airflow/dags/supplychain_pipeline_dag.py for tasks to queue
[2025-09-23T09:05:17.077+0000] {logging_mixin.py:188} INFO - [2025-09-23T09:05:17.075+0000] {dagbag.py:545} INFO - Filling up the DagBag from /opt/airflow/dags/supplychain_pipeline_dag.py
[2025-09-23T09:05:21.633+0000] {logging_mixin.py:188} INFO - [2025-09-23T09:05:21.633+0000] {config.py:75} INFO - Settings loaded (env=default)
[2025-09-23T09:05:21.843+0000] {processor.py:840} INFO - DAG(s) 'supplychain_pipeline_dag' retrieved from /opt/airflow/dags/supplychain_pipeline_dag.py
[2025-09-23T09:05:21.919+0000] {logging_mixin.py:188} INFO - [2025-09-23T09:05:21.918+0000] {dag.py:3096} INFO - Sync 1 DAGs
[2025-09-23T09:05:21.963+0000] {logging_mixin.py:188} INFO - [2025-09-23T09:05:21.963+0000] {dag.py:3954} INFO - Setting next_dagrun for supplychain_pipeline_dag to 2025-09-23 00:00:00+00:00, run_after=2025-09-24 00:00:00+00:00
[2025-09-23T09:05:22.009+0000] {processor.py:183} INFO - Processing /opt/airflow/dags/supplychain_pipeline_dag.py took 4.959 seconds
[2025-09-23T09:05:52.561+0000] {processor.py:161} INFO - Started process (PID=567) to work on /opt/airflow/dags/supplychain_pipeline_dag.py
[2025-09-23T09:05:52.567+0000] {processor.py:830} INFO - Processing file /opt/airflow/dags/supplychain_pipeline_dag.py for tasks to queue
[2025-09-23T09:05:52.576+0000] {logging_mixin.py:188} INFO - [2025-09-23T09:05:52.574+0000] {dagbag.py:545} INFO - Filling up the DagBag from /opt/airflow/dags/supplychain_pipeline_dag.py
[2025-09-23T09:05:57.669+0000] {logging_mixin.py:188} INFO - [2025-09-23T09:05:57.669+0000] {config.py:75} INFO - Settings loaded (env=default)
[2025-09-23T09:05:57.932+0000] {processor.py:840} INFO - DAG(s) 'supplychain_pipeline_dag' retrieved from /opt/airflow/dags/supplychain_pipeline_dag.py
[2025-09-23T09:05:58.009+0000] {logging_mixin.py:188} INFO - [2025-09-23T09:05:58.008+0000] {dag.py:3096} INFO - Sync 1 DAGs
[2025-09-23T09:05:58.062+0000] {logging_mixin.py:188} INFO - [2025-09-23T09:05:58.061+0000] {dag.py:3954} INFO - Setting next_dagrun for supplychain_pipeline_dag to 2025-09-23 00:00:00+00:00, run_after=2025-09-24 00:00:00+00:00
[2025-09-23T09:05:58.108+0000] {processor.py:183} INFO - Processing /opt/airflow/dags/supplychain_pipeline_dag.py took 5.588 seconds
[2025-09-23T09:06:28.871+0000] {processor.py:161} INFO - Started process (PID=589) to work on /opt/airflow/dags/supplychain_pipeline_dag.py
[2025-09-23T09:06:28.875+0000] {processor.py:830} INFO - Processing file /opt/airflow/dags/supplychain_pipeline_dag.py for tasks to queue
[2025-09-23T09:06:28.885+0000] {logging_mixin.py:188} INFO - [2025-09-23T09:06:28.883+0000] {dagbag.py:545} INFO - Filling up the DagBag from /opt/airflow/dags/supplychain_pipeline_dag.py
[2025-09-23T09:06:33.478+0000] {logging_mixin.py:188} INFO - [2025-09-23T09:06:33.478+0000] {config.py:75} INFO - Settings loaded (env=default)
[2025-09-23T09:06:33.726+0000] {processor.py:840} INFO - DAG(s) 'supplychain_pipeline_dag' retrieved from /opt/airflow/dags/supplychain_pipeline_dag.py
[2025-09-23T09:06:33.808+0000] {logging_mixin.py:188} INFO - [2025-09-23T09:06:33.807+0000] {dag.py:3096} INFO - Sync 1 DAGs
[2025-09-23T09:06:33.849+0000] {logging_mixin.py:188} INFO - [2025-09-23T09:06:33.848+0000] {dag.py:3954} INFO - Setting next_dagrun for supplychain_pipeline_dag to 2025-09-23 00:00:00+00:00, run_after=2025-09-24 00:00:00+00:00
[2025-09-23T09:06:33.900+0000] {processor.py:183} INFO - Processing /opt/airflow/dags/supplychain_pipeline_dag.py took 5.050 seconds
[2025-09-23T09:07:04.916+0000] {processor.py:161} INFO - Started process (PID=611) to work on /opt/airflow/dags/supplychain_pipeline_dag.py
[2025-09-23T09:07:04.919+0000] {processor.py:830} INFO - Processing file /opt/airflow/dags/supplychain_pipeline_dag.py for tasks to queue
[2025-09-23T09:07:04.924+0000] {logging_mixin.py:188} INFO - [2025-09-23T09:07:04.923+0000] {dagbag.py:545} INFO - Filling up the DagBag from /opt/airflow/dags/supplychain_pipeline_dag.py
[2025-09-23T09:07:09.421+0000] {logging_mixin.py:188} INFO - [2025-09-23T09:07:09.421+0000] {config.py:75} INFO - Settings loaded (env=default)
[2025-09-23T09:07:09.666+0000] {processor.py:840} INFO - DAG(s) 'supplychain_pipeline_dag' retrieved from /opt/airflow/dags/supplychain_pipeline_dag.py
[2025-09-23T09:07:09.752+0000] {logging_mixin.py:188} INFO - [2025-09-23T09:07:09.752+0000] {dag.py:3096} INFO - Sync 1 DAGs
[2025-09-23T09:07:09.798+0000] {logging_mixin.py:188} INFO - [2025-09-23T09:07:09.798+0000] {dag.py:3954} INFO - Setting next_dagrun for supplychain_pipeline_dag to 2025-09-23 00:00:00+00:00, run_after=2025-09-24 00:00:00+00:00
[2025-09-23T09:07:09.851+0000] {processor.py:183} INFO - Processing /opt/airflow/dags/supplychain_pipeline_dag.py took 4.951 seconds
[2025-09-23T09:07:40.991+0000] {processor.py:161} INFO - Started process (PID=633) to work on /opt/airflow/dags/supplychain_pipeline_dag.py
[2025-09-23T09:07:40.994+0000] {processor.py:830} INFO - Processing file /opt/airflow/dags/supplychain_pipeline_dag.py for tasks to queue
[2025-09-23T09:07:40.999+0000] {logging_mixin.py:188} INFO - [2025-09-23T09:07:40.998+0000] {dagbag.py:545} INFO - Filling up the DagBag from /opt/airflow/dags/supplychain_pipeline_dag.py
[2025-09-23T09:07:45.317+0000] {logging_mixin.py:188} INFO - [2025-09-23T09:07:45.316+0000] {config.py:75} INFO - Settings loaded (env=default)
[2025-09-23T09:07:45.551+0000] {processor.py:840} INFO - DAG(s) 'supplychain_pipeline_dag' retrieved from /opt/airflow/dags/supplychain_pipeline_dag.py
[2025-09-23T09:07:45.629+0000] {logging_mixin.py:188} INFO - [2025-09-23T09:07:45.628+0000] {dag.py:3096} INFO - Sync 1 DAGs
[2025-09-23T09:07:45.672+0000] {logging_mixin.py:188} INFO - [2025-09-23T09:07:45.672+0000] {dag.py:3954} INFO - Setting next_dagrun for supplychain_pipeline_dag to 2025-09-23 00:00:00+00:00, run_after=2025-09-24 00:00:00+00:00
[2025-09-23T09:07:45.725+0000] {processor.py:183} INFO - Processing /opt/airflow/dags/supplychain_pipeline_dag.py took 4.747 seconds
[2025-09-23T09:08:11.866+0000] {processor.py:161} INFO - Started process (PID=655) to work on /opt/airflow/dags/supplychain_pipeline_dag.py
[2025-09-23T09:08:11.869+0000] {processor.py:830} INFO - Processing file /opt/airflow/dags/supplychain_pipeline_dag.py for tasks to queue
[2025-09-23T09:08:11.876+0000] {logging_mixin.py:188} INFO - [2025-09-23T09:08:11.874+0000] {dagbag.py:545} INFO - Filling up the DagBag from /opt/airflow/dags/supplychain_pipeline_dag.py
[2025-09-23T09:08:16.611+0000] {logging_mixin.py:188} INFO - [2025-09-23T09:08:16.610+0000] {config.py:75} INFO - Settings loaded (env=default)
[2025-09-23T09:08:16.852+0000] {processor.py:840} INFO - DAG(s) 'supplychain_pipeline_dag' retrieved from /opt/airflow/dags/supplychain_pipeline_dag.py
[2025-09-23T09:08:17.245+0000] {logging_mixin.py:188} INFO - [2025-09-23T09:08:17.244+0000] {dag.py:3096} INFO - Sync 1 DAGs
[2025-09-23T09:08:17.318+0000] {logging_mixin.py:188} INFO - [2025-09-23T09:08:17.317+0000] {dag.py:3954} INFO - Setting next_dagrun for supplychain_pipeline_dag to 2025-09-23 00:00:00+00:00, run_after=2025-09-24 00:00:00+00:00
[2025-09-23T09:08:17.393+0000] {processor.py:183} INFO - Processing /opt/airflow/dags/supplychain_pipeline_dag.py took 5.543 seconds
[2025-09-23T09:09:32.036+0000] {processor.py:161} INFO - Started process (PID=172) to work on /opt/airflow/dags/supplychain_pipeline_dag.py
[2025-09-23T09:09:32.039+0000] {processor.py:830} INFO - Processing file /opt/airflow/dags/supplychain_pipeline_dag.py for tasks to queue
[2025-09-23T09:09:32.047+0000] {logging_mixin.py:188} INFO - [2025-09-23T09:09:32.045+0000] {dagbag.py:545} INFO - Filling up the DagBag from /opt/airflow/dags/supplychain_pipeline_dag.py
[2025-09-23T09:09:35.387+0000] {logging_mixin.py:188} INFO - [2025-09-23T09:09:35.386+0000] {font_manager.py:1639} INFO - generated new fontManager
[2025-09-23T09:09:38.820+0000] {logging_mixin.py:188} INFO - [2025-09-23T09:09:38.819+0000] {config.py:75} INFO - Settings loaded (env=default)
[2025-09-23T09:09:39.361+0000] {processor.py:840} INFO - DAG(s) 'supplychain_pipeline_dag' retrieved from /opt/airflow/dags/supplychain_pipeline_dag.py
[2025-09-23T09:09:39.974+0000] {logging_mixin.py:188} INFO - [2025-09-23T09:09:39.973+0000] {override.py:1829} INFO - Created Permission View: can edit on DAG:supplychain_pipeline_dag
[2025-09-23T09:09:39.998+0000] {logging_mixin.py:188} INFO - [2025-09-23T09:09:39.998+0000] {override.py:1829} INFO - Created Permission View: can read on DAG:supplychain_pipeline_dag
[2025-09-23T09:09:40.016+0000] {logging_mixin.py:188} INFO - [2025-09-23T09:09:40.015+0000] {override.py:1829} INFO - Created Permission View: can delete on DAG:supplychain_pipeline_dag
[2025-09-23T09:09:40.018+0000] {logging_mixin.py:188} INFO - [2025-09-23T09:09:40.017+0000] {dag.py:3096} INFO - Sync 1 DAGs
[2025-09-23T09:09:40.041+0000] {logging_mixin.py:188} INFO - [2025-09-23T09:09:40.040+0000] {dag.py:3118} INFO - Creating ORM DAG for supplychain_pipeline_dag
[2025-09-23T09:09:40.063+0000] {logging_mixin.py:188} INFO - [2025-09-23T09:09:40.063+0000] {dag.py:3954} INFO - Setting next_dagrun for supplychain_pipeline_dag to 2025-09-22 00:00:00+00:00, run_after=2025-09-23 00:00:00+00:00
[2025-09-23T09:09:40.118+0000] {processor.py:183} INFO - Processing /opt/airflow/dags/supplychain_pipeline_dag.py took 8.099 seconds
[2025-09-23T09:10:11.240+0000] {processor.py:161} INFO - Started process (PID=196) to work on /opt/airflow/dags/supplychain_pipeline_dag.py
[2025-09-23T09:10:11.243+0000] {processor.py:830} INFO - Processing file /opt/airflow/dags/supplychain_pipeline_dag.py for tasks to queue
[2025-09-23T09:10:11.249+0000] {logging_mixin.py:188} INFO - [2025-09-23T09:10:11.248+0000] {dagbag.py:545} INFO - Filling up the DagBag from /opt/airflow/dags/supplychain_pipeline_dag.py
[2025-09-23T09:10:15.708+0000] {logging_mixin.py:188} INFO - [2025-09-23T09:10:15.707+0000] {config.py:75} INFO - Settings loaded (env=default)
[2025-09-23T09:10:15.906+0000] {processor.py:840} INFO - DAG(s) 'supplychain_pipeline_dag' retrieved from /opt/airflow/dags/supplychain_pipeline_dag.py
[2025-09-23T09:10:15.988+0000] {logging_mixin.py:188} INFO - [2025-09-23T09:10:15.987+0000] {dag.py:3096} INFO - Sync 1 DAGs
[2025-09-23T09:10:16.035+0000] {logging_mixin.py:188} INFO - [2025-09-23T09:10:16.034+0000] {dag.py:3954} INFO - Setting next_dagrun for supplychain_pipeline_dag to 2025-09-22 00:00:00+00:00, run_after=2025-09-23 00:00:00+00:00
[2025-09-23T09:10:16.084+0000] {processor.py:183} INFO - Processing /opt/airflow/dags/supplychain_pipeline_dag.py took 4.858 seconds
[2025-09-23T09:10:46.468+0000] {processor.py:161} INFO - Started process (PID=237) to work on /opt/airflow/dags/supplychain_pipeline_dag.py
[2025-09-23T09:10:46.471+0000] {processor.py:830} INFO - Processing file /opt/airflow/dags/supplychain_pipeline_dag.py for tasks to queue
[2025-09-23T09:10:46.478+0000] {logging_mixin.py:188} INFO - [2025-09-23T09:10:46.477+0000] {dagbag.py:545} INFO - Filling up the DagBag from /opt/airflow/dags/supplychain_pipeline_dag.py
[2025-09-23T09:10:51.438+0000] {logging_mixin.py:188} INFO - [2025-09-23T09:10:51.437+0000] {config.py:75} INFO - Settings loaded (env=default)
[2025-09-23T09:10:51.686+0000] {processor.py:840} INFO - DAG(s) 'supplychain_pipeline_dag' retrieved from /opt/airflow/dags/supplychain_pipeline_dag.py
[2025-09-23T09:10:51.766+0000] {logging_mixin.py:188} INFO - [2025-09-23T09:10:51.765+0000] {dag.py:3096} INFO - Sync 1 DAGs
[2025-09-23T09:10:51.806+0000] {logging_mixin.py:188} INFO - [2025-09-23T09:10:51.806+0000] {dag.py:3954} INFO - Setting next_dagrun for supplychain_pipeline_dag to 2025-09-23 00:00:00+00:00, run_after=2025-09-24 00:00:00+00:00
[2025-09-23T09:10:51.853+0000] {processor.py:183} INFO - Processing /opt/airflow/dags/supplychain_pipeline_dag.py took 5.414 seconds
[2025-09-23T09:11:22.298+0000] {processor.py:161} INFO - Started process (PID=322) to work on /opt/airflow/dags/supplychain_pipeline_dag.py
[2025-09-23T09:11:22.301+0000] {processor.py:830} INFO - Processing file /opt/airflow/dags/supplychain_pipeline_dag.py for tasks to queue
[2025-09-23T09:11:22.311+0000] {logging_mixin.py:188} INFO - [2025-09-23T09:11:22.310+0000] {dagbag.py:545} INFO - Filling up the DagBag from /opt/airflow/dags/supplychain_pipeline_dag.py
[2025-09-23T09:11:29.261+0000] {logging_mixin.py:188} INFO - [2025-09-23T09:11:29.260+0000] {config.py:75} INFO - Settings loaded (env=default)
[2025-09-23T09:11:29.528+0000] {processor.py:840} INFO - DAG(s) 'supplychain_pipeline_dag' retrieved from /opt/airflow/dags/supplychain_pipeline_dag.py
[2025-09-23T09:11:29.607+0000] {logging_mixin.py:188} INFO - [2025-09-23T09:11:29.606+0000] {dag.py:3096} INFO - Sync 1 DAGs
[2025-09-23T09:11:29.662+0000] {logging_mixin.py:188} INFO - [2025-09-23T09:11:29.662+0000] {dag.py:3954} INFO - Setting next_dagrun for supplychain_pipeline_dag to 2025-09-23 00:00:00+00:00, run_after=2025-09-24 00:00:00+00:00
[2025-09-23T09:11:29.708+0000] {processor.py:183} INFO - Processing /opt/airflow/dags/supplychain_pipeline_dag.py took 5.819 seconds
[2025-09-23T09:12:00.389+0000] {processor.py:161} INFO - Started process (PID=386) to work on /opt/airflow/dags/supplychain_pipeline_dag.py
[2025-09-23T09:12:00.393+0000] {processor.py:830} INFO - Processing file /opt/airflow/dags/supplychain_pipeline_dag.py for tasks to queue
[2025-09-23T09:12:00.404+0000] {logging_mixin.py:188} INFO - [2025-09-23T09:12:00.402+0000] {dagbag.py:545} INFO - Filling up the DagBag from /opt/airflow/dags/supplychain_pipeline_dag.py
[2025-09-23T09:12:05.036+0000] {logging_mixin.py:188} INFO - [2025-09-23T09:12:05.036+0000] {config.py:75} INFO - Settings loaded (env=default)
[2025-09-23T09:12:05.258+0000] {processor.py:840} INFO - DAG(s) 'supplychain_pipeline_dag' retrieved from /opt/airflow/dags/supplychain_pipeline_dag.py
[2025-09-23T09:12:05.338+0000] {logging_mixin.py:188} INFO - [2025-09-23T09:12:05.337+0000] {dag.py:3096} INFO - Sync 1 DAGs
[2025-09-23T09:12:05.382+0000] {logging_mixin.py:188} INFO - [2025-09-23T09:12:05.382+0000] {dag.py:3954} INFO - Setting next_dagrun for supplychain_pipeline_dag to 2025-09-23 00:00:00+00:00, run_after=2025-09-24 00:00:00+00:00
[2025-09-23T09:12:05.430+0000] {processor.py:183} INFO - Processing /opt/airflow/dags/supplychain_pipeline_dag.py took 5.060 seconds
[2025-09-23T09:12:36.132+0000] {processor.py:161} INFO - Started process (PID=424) to work on /opt/airflow/dags/supplychain_pipeline_dag.py
[2025-09-23T09:12:36.135+0000] {processor.py:830} INFO - Processing file /opt/airflow/dags/supplychain_pipeline_dag.py for tasks to queue
[2025-09-23T09:12:36.141+0000] {logging_mixin.py:188} INFO - [2025-09-23T09:12:36.140+0000] {dagbag.py:545} INFO - Filling up the DagBag from /opt/airflow/dags/supplychain_pipeline_dag.py
[2025-09-23T09:12:40.438+0000] {logging_mixin.py:188} INFO - [2025-09-23T09:12:40.437+0000] {config.py:75} INFO - Settings loaded (env=default)
[2025-09-23T09:12:40.664+0000] {processor.py:840} INFO - DAG(s) 'supplychain_pipeline_dag' retrieved from /opt/airflow/dags/supplychain_pipeline_dag.py
[2025-09-23T09:12:40.747+0000] {logging_mixin.py:188} INFO - [2025-09-23T09:12:40.746+0000] {dag.py:3096} INFO - Sync 1 DAGs
[2025-09-23T09:12:40.791+0000] {logging_mixin.py:188} INFO - [2025-09-23T09:12:40.791+0000] {dag.py:3954} INFO - Setting next_dagrun for supplychain_pipeline_dag to 2025-09-23 00:00:00+00:00, run_after=2025-09-24 00:00:00+00:00
[2025-09-23T09:12:40.841+0000] {processor.py:183} INFO - Processing /opt/airflow/dags/supplychain_pipeline_dag.py took 4.724 seconds
[2025-09-23T09:13:11.631+0000] {processor.py:161} INFO - Started process (PID=446) to work on /opt/airflow/dags/supplychain_pipeline_dag.py
[2025-09-23T09:13:11.634+0000] {processor.py:830} INFO - Processing file /opt/airflow/dags/supplychain_pipeline_dag.py for tasks to queue
[2025-09-23T09:13:11.640+0000] {logging_mixin.py:188} INFO - [2025-09-23T09:13:11.639+0000] {dagbag.py:545} INFO - Filling up the DagBag from /opt/airflow/dags/supplychain_pipeline_dag.py
[2025-09-23T09:13:15.964+0000] {logging_mixin.py:188} INFO - [2025-09-23T09:13:15.964+0000] {config.py:75} INFO - Settings loaded (env=default)
[2025-09-23T09:13:16.188+0000] {processor.py:840} INFO - DAG(s) 'supplychain_pipeline_dag' retrieved from /opt/airflow/dags/supplychain_pipeline_dag.py
[2025-09-23T09:13:16.267+0000] {logging_mixin.py:188} INFO - [2025-09-23T09:13:16.267+0000] {dag.py:3096} INFO - Sync 1 DAGs
[2025-09-23T09:13:16.308+0000] {logging_mixin.py:188} INFO - [2025-09-23T09:13:16.307+0000] {dag.py:3954} INFO - Setting next_dagrun for supplychain_pipeline_dag to 2025-09-23 00:00:00+00:00, run_after=2025-09-24 00:00:00+00:00
[2025-09-23T09:13:16.356+0000] {processor.py:183} INFO - Processing /opt/airflow/dags/supplychain_pipeline_dag.py took 4.742 seconds
[2025-09-23T09:13:45.522+0000] {processor.py:161} INFO - Started process (PID=468) to work on /opt/airflow/dags/supplychain_pipeline_dag.py
[2025-09-23T09:13:45.525+0000] {processor.py:830} INFO - Processing file /opt/airflow/dags/supplychain_pipeline_dag.py for tasks to queue
[2025-09-23T09:13:45.531+0000] {logging_mixin.py:188} INFO - [2025-09-23T09:13:45.530+0000] {dagbag.py:545} INFO - Filling up the DagBag from /opt/airflow/dags/supplychain_pipeline_dag.py
[2025-09-23T09:13:45.578+0000] {logging_mixin.py:188} INFO - [2025-09-23T09:13:45.575+0000] {dagbag.py:355} ERROR - Failed to import: /opt/airflow/dags/supplychain_pipeline_dag.py
Traceback (most recent call last):
  File "/home/airflow/.local/lib/python3.12/site-packages/airflow/models/dagbag.py", line 351, in parse
    loader.exec_module(new_module)
  File "<frozen importlib._bootstrap_external>", line 991, in exec_module
  File "<frozen importlib._bootstrap_external>", line 1129, in get_code
  File "<frozen importlib._bootstrap_external>", line 1059, in source_to_code
  File "<frozen importlib._bootstrap>", line 488, in _call_with_frames_removed
  File "/opt/airflow/dags/supplychain_pipeline_dag.py", line 88
    )alerts_task = PythonVirtualenvOperator(
     ^^^^^^^^^^^
SyntaxError: invalid syntax
[2025-09-23T09:13:45.580+0000] {processor.py:842} WARNING - No viable dags retrieved from /opt/airflow/dags/supplychain_pipeline_dag.py
[2025-09-23T09:13:45.647+0000] {processor.py:183} INFO - Processing /opt/airflow/dags/supplychain_pipeline_dag.py took 0.145 seconds
[2025-09-23T09:13:45.799+0000] {processor.py:161} INFO - Started process (PID=473) to work on /opt/airflow/dags/supplychain_pipeline_dag.py
[2025-09-23T09:13:45.802+0000] {processor.py:830} INFO - Processing file /opt/airflow/dags/supplychain_pipeline_dag.py for tasks to queue
[2025-09-23T09:13:45.809+0000] {logging_mixin.py:188} INFO - [2025-09-23T09:13:45.808+0000] {dagbag.py:545} INFO - Filling up the DagBag from /opt/airflow/dags/supplychain_pipeline_dag.py
[2025-09-23T09:13:45.858+0000] {logging_mixin.py:188} INFO - [2025-09-23T09:13:45.855+0000] {dagbag.py:355} ERROR - Failed to import: /opt/airflow/dags/supplychain_pipeline_dag.py
Traceback (most recent call last):
  File "/home/airflow/.local/lib/python3.12/site-packages/airflow/models/dagbag.py", line 351, in parse
    loader.exec_module(new_module)
  File "<frozen importlib._bootstrap_external>", line 991, in exec_module
  File "<frozen importlib._bootstrap_external>", line 1129, in get_code
  File "<frozen importlib._bootstrap_external>", line 1059, in source_to_code
  File "<frozen importlib._bootstrap>", line 488, in _call_with_frames_removed
  File "/opt/airflow/dags/supplychain_pipeline_dag.py", line 88
    )alerts_task = PythonVirtualenvOperator(
     ^^^^^^^^^^^
SyntaxError: invalid syntax
[2025-09-23T09:13:45.860+0000] {processor.py:842} WARNING - No viable dags retrieved from /opt/airflow/dags/supplychain_pipeline_dag.py
[2025-09-23T09:13:45.923+0000] {processor.py:183} INFO - Processing /opt/airflow/dags/supplychain_pipeline_dag.py took 0.141 seconds
[2025-09-23T09:13:46.068+0000] {processor.py:161} INFO - Started process (PID=478) to work on /opt/airflow/dags/supplychain_pipeline_dag.py
[2025-09-23T09:13:46.072+0000] {processor.py:830} INFO - Processing file /opt/airflow/dags/supplychain_pipeline_dag.py for tasks to queue
[2025-09-23T09:13:46.079+0000] {logging_mixin.py:188} INFO - [2025-09-23T09:13:46.078+0000] {dagbag.py:545} INFO - Filling up the DagBag from /opt/airflow/dags/supplychain_pipeline_dag.py
[2025-09-23T09:13:46.137+0000] {logging_mixin.py:188} INFO - [2025-09-23T09:13:46.135+0000] {dagbag.py:355} ERROR - Failed to import: /opt/airflow/dags/supplychain_pipeline_dag.py
Traceback (most recent call last):
  File "/home/airflow/.local/lib/python3.12/site-packages/airflow/models/dagbag.py", line 351, in parse
    loader.exec_module(new_module)
  File "<frozen importlib._bootstrap_external>", line 991, in exec_module
  File "<frozen importlib._bootstrap_external>", line 1129, in get_code
  File "<frozen importlib._bootstrap_external>", line 1059, in source_to_code
  File "<frozen importlib._bootstrap>", line 488, in _call_with_frames_removed
  File "/opt/airflow/dags/supplychain_pipeline_dag.py", line 88
    )alerts_task = PythonVirtualenvOperator(
     ^^^^^^^^^^^
SyntaxError: invalid syntax
[2025-09-23T09:13:46.140+0000] {processor.py:842} WARNING - No viable dags retrieved from /opt/airflow/dags/supplychain_pipeline_dag.py
[2025-09-23T09:13:46.209+0000] {processor.py:183} INFO - Processing /opt/airflow/dags/supplychain_pipeline_dag.py took 0.159 seconds
[2025-09-23T09:13:46.331+0000] {processor.py:161} INFO - Started process (PID=483) to work on /opt/airflow/dags/supplychain_pipeline_dag.py
[2025-09-23T09:13:46.335+0000] {processor.py:830} INFO - Processing file /opt/airflow/dags/supplychain_pipeline_dag.py for tasks to queue
[2025-09-23T09:13:46.340+0000] {logging_mixin.py:188} INFO - [2025-09-23T09:13:46.339+0000] {dagbag.py:545} INFO - Filling up the DagBag from /opt/airflow/dags/supplychain_pipeline_dag.py
[2025-09-23T09:13:50.856+0000] {logging_mixin.py:188} INFO - [2025-09-23T09:13:50.855+0000] {config.py:75} INFO - Settings loaded (env=default)
[2025-09-23T09:13:51.064+0000] {processor.py:840} INFO - DAG(s) 'supplychain_pipeline_dag' retrieved from /opt/airflow/dags/supplychain_pipeline_dag.py
[2025-09-23T09:13:51.145+0000] {logging_mixin.py:188} INFO - [2025-09-23T09:13:51.144+0000] {dag.py:3096} INFO - Sync 1 DAGs
[2025-09-23T09:13:51.191+0000] {logging_mixin.py:188} INFO - [2025-09-23T09:13:51.191+0000] {dag.py:3954} INFO - Setting next_dagrun for supplychain_pipeline_dag to 2025-09-23 00:00:00+00:00, run_after=2025-09-24 00:00:00+00:00
[2025-09-23T09:13:51.257+0000] {processor.py:183} INFO - Processing /opt/airflow/dags/supplychain_pipeline_dag.py took 4.939 seconds
[2025-09-23T09:14:01.280+0000] {processor.py:161} INFO - Started process (PID=505) to work on /opt/airflow/dags/supplychain_pipeline_dag.py
[2025-09-23T09:14:01.283+0000] {processor.py:830} INFO - Processing file /opt/airflow/dags/supplychain_pipeline_dag.py for tasks to queue
[2025-09-23T09:14:01.290+0000] {logging_mixin.py:188} INFO - [2025-09-23T09:14:01.289+0000] {dagbag.py:545} INFO - Filling up the DagBag from /opt/airflow/dags/supplychain_pipeline_dag.py
[2025-09-23T09:14:06.252+0000] {logging_mixin.py:188} INFO - [2025-09-23T09:14:06.251+0000] {config.py:75} INFO - Settings loaded (env=default)
[2025-09-23T09:14:06.501+0000] {processor.py:840} INFO - DAG(s) 'supplychain_pipeline_dag' retrieved from /opt/airflow/dags/supplychain_pipeline_dag.py
[2025-09-23T09:14:06.825+0000] {logging_mixin.py:188} INFO - [2025-09-23T09:14:06.824+0000] {dag.py:3096} INFO - Sync 1 DAGs
[2025-09-23T09:14:06.885+0000] {logging_mixin.py:188} INFO - [2025-09-23T09:14:06.884+0000] {dag.py:3954} INFO - Setting next_dagrun for supplychain_pipeline_dag to 2025-09-23 00:00:00+00:00, run_after=2025-09-24 00:00:00+00:00
[2025-09-23T09:14:06.954+0000] {processor.py:183} INFO - Processing /opt/airflow/dags/supplychain_pipeline_dag.py took 5.692 seconds
[2025-09-23T09:14:09.257+0000] {processor.py:161} INFO - Started process (PID=527) to work on /opt/airflow/dags/supplychain_pipeline_dag.py
[2025-09-23T09:14:09.261+0000] {processor.py:830} INFO - Processing file /opt/airflow/dags/supplychain_pipeline_dag.py for tasks to queue
[2025-09-23T09:14:09.268+0000] {logging_mixin.py:188} INFO - [2025-09-23T09:14:09.267+0000] {dagbag.py:545} INFO - Filling up the DagBag from /opt/airflow/dags/supplychain_pipeline_dag.py
[2025-09-23T09:14:13.836+0000] {logging_mixin.py:188} INFO - [2025-09-23T09:14:13.835+0000] {config.py:75} INFO - Settings loaded (env=default)
[2025-09-23T09:14:14.063+0000] {processor.py:840} INFO - DAG(s) 'supplychain_pipeline_dag' retrieved from /opt/airflow/dags/supplychain_pipeline_dag.py
[2025-09-23T09:14:14.102+0000] {logging_mixin.py:188} INFO - [2025-09-23T09:14:14.101+0000] {dag.py:3096} INFO - Sync 1 DAGs
[2025-09-23T09:14:14.157+0000] {logging_mixin.py:188} INFO - [2025-09-23T09:14:14.156+0000] {dag.py:3954} INFO - Setting next_dagrun for supplychain_pipeline_dag to 2025-09-23 00:00:00+00:00, run_after=2025-09-24 00:00:00+00:00
[2025-09-23T09:14:14.227+0000] {processor.py:183} INFO - Processing /opt/airflow/dags/supplychain_pipeline_dag.py took 4.988 seconds
[2025-09-23T09:14:17.421+0000] {processor.py:161} INFO - Started process (PID=549) to work on /opt/airflow/dags/supplychain_pipeline_dag.py
[2025-09-23T09:14:17.424+0000] {processor.py:830} INFO - Processing file /opt/airflow/dags/supplychain_pipeline_dag.py for tasks to queue
[2025-09-23T09:14:17.431+0000] {logging_mixin.py:188} INFO - [2025-09-23T09:14:17.429+0000] {dagbag.py:545} INFO - Filling up the DagBag from /opt/airflow/dags/supplychain_pipeline_dag.py
[2025-09-23T09:14:21.949+0000] {logging_mixin.py:188} INFO - [2025-09-23T09:14:21.949+0000] {config.py:75} INFO - Settings loaded (env=default)
[2025-09-23T09:14:22.237+0000] {processor.py:840} INFO - DAG(s) 'supplychain_pipeline_dag' retrieved from /opt/airflow/dags/supplychain_pipeline_dag.py
[2025-09-23T09:14:22.271+0000] {logging_mixin.py:188} INFO - [2025-09-23T09:14:22.270+0000] {dag.py:3096} INFO - Sync 1 DAGs
[2025-09-23T09:14:22.316+0000] {logging_mixin.py:188} INFO - [2025-09-23T09:14:22.315+0000] {dag.py:3954} INFO - Setting next_dagrun for supplychain_pipeline_dag to 2025-09-23 00:00:00+00:00, run_after=2025-09-24 00:00:00+00:00
[2025-09-23T09:14:22.373+0000] {processor.py:183} INFO - Processing /opt/airflow/dags/supplychain_pipeline_dag.py took 4.970 seconds
[2025-09-23T09:14:24.615+0000] {processor.py:161} INFO - Started process (PID=571) to work on /opt/airflow/dags/supplychain_pipeline_dag.py
[2025-09-23T09:14:24.619+0000] {processor.py:830} INFO - Processing file /opt/airflow/dags/supplychain_pipeline_dag.py for tasks to queue
[2025-09-23T09:14:24.628+0000] {logging_mixin.py:188} INFO - [2025-09-23T09:14:24.627+0000] {dagbag.py:545} INFO - Filling up the DagBag from /opt/airflow/dags/supplychain_pipeline_dag.py
[2025-09-23T09:14:28.900+0000] {logging_mixin.py:188} INFO - [2025-09-23T09:14:28.900+0000] {config.py:75} INFO - Settings loaded (env=default)
[2025-09-23T09:14:29.098+0000] {processor.py:840} INFO - DAG(s) 'supplychain_pipeline_dag' retrieved from /opt/airflow/dags/supplychain_pipeline_dag.py
[2025-09-23T09:14:29.131+0000] {logging_mixin.py:188} INFO - [2025-09-23T09:14:29.130+0000] {dag.py:3096} INFO - Sync 1 DAGs
[2025-09-23T09:14:29.173+0000] {logging_mixin.py:188} INFO - [2025-09-23T09:14:29.173+0000] {dag.py:3954} INFO - Setting next_dagrun for supplychain_pipeline_dag to 2025-09-23 00:00:00+00:00, run_after=2025-09-24 00:00:00+00:00
[2025-09-23T09:14:29.229+0000] {processor.py:183} INFO - Processing /opt/airflow/dags/supplychain_pipeline_dag.py took 4.637 seconds
[2025-09-23T09:14:59.478+0000] {processor.py:161} INFO - Started process (PID=593) to work on /opt/airflow/dags/supplychain_pipeline_dag.py
[2025-09-23T09:14:59.480+0000] {processor.py:830} INFO - Processing file /opt/airflow/dags/supplychain_pipeline_dag.py for tasks to queue
[2025-09-23T09:14:59.485+0000] {logging_mixin.py:188} INFO - [2025-09-23T09:14:59.485+0000] {dagbag.py:545} INFO - Filling up the DagBag from /opt/airflow/dags/supplychain_pipeline_dag.py
[2025-09-23T09:15:05.347+0000] {logging_mixin.py:188} INFO - [2025-09-23T09:15:05.347+0000] {config.py:75} INFO - Settings loaded (env=default)
[2025-09-23T09:15:05.599+0000] {processor.py:840} INFO - DAG(s) 'supplychain_pipeline_dag' retrieved from /opt/airflow/dags/supplychain_pipeline_dag.py
[2025-09-23T09:15:05.678+0000] {logging_mixin.py:188} INFO - [2025-09-23T09:15:05.678+0000] {dag.py:3096} INFO - Sync 1 DAGs
[2025-09-23T09:15:05.728+0000] {logging_mixin.py:188} INFO - [2025-09-23T09:15:05.727+0000] {dag.py:3954} INFO - Setting next_dagrun for supplychain_pipeline_dag to 2025-09-23 00:00:00+00:00, run_after=2025-09-24 00:00:00+00:00
[2025-09-23T09:15:05.779+0000] {processor.py:183} INFO - Processing /opt/airflow/dags/supplychain_pipeline_dag.py took 4.870 seconds
[2025-09-23T09:15:36.250+0000] {processor.py:161} INFO - Started process (PID=615) to work on /opt/airflow/dags/supplychain_pipeline_dag.py
[2025-09-23T09:15:36.253+0000] {processor.py:830} INFO - Processing file /opt/airflow/dags/supplychain_pipeline_dag.py for tasks to queue
[2025-09-23T09:15:36.259+0000] {logging_mixin.py:188} INFO - [2025-09-23T09:15:36.258+0000] {dagbag.py:545} INFO - Filling up the DagBag from /opt/airflow/dags/supplychain_pipeline_dag.py
[2025-09-23T09:15:40.769+0000] {logging_mixin.py:188} INFO - [2025-09-23T09:15:40.769+0000] {config.py:75} INFO - Settings loaded (env=default)
[2025-09-23T09:15:40.992+0000] {processor.py:840} INFO - DAG(s) 'supplychain_pipeline_dag' retrieved from /opt/airflow/dags/supplychain_pipeline_dag.py
[2025-09-23T09:15:41.081+0000] {logging_mixin.py:188} INFO - [2025-09-23T09:15:41.080+0000] {dag.py:3096} INFO - Sync 1 DAGs
[2025-09-23T09:15:41.125+0000] {logging_mixin.py:188} INFO - [2025-09-23T09:15:41.124+0000] {dag.py:3954} INFO - Setting next_dagrun for supplychain_pipeline_dag to 2025-09-23 00:00:00+00:00, run_after=2025-09-24 00:00:00+00:00
[2025-09-23T09:15:41.181+0000] {processor.py:183} INFO - Processing /opt/airflow/dags/supplychain_pipeline_dag.py took 4.946 seconds
[2025-09-23T09:15:52.450+0000] {processor.py:161} INFO - Started process (PID=637) to work on /opt/airflow/dags/supplychain_pipeline_dag.py
[2025-09-23T09:15:52.453+0000] {processor.py:830} INFO - Processing file /opt/airflow/dags/supplychain_pipeline_dag.py for tasks to queue
[2025-09-23T09:15:52.457+0000] {logging_mixin.py:188} INFO - [2025-09-23T09:15:52.456+0000] {dagbag.py:545} INFO - Filling up the DagBag from /opt/airflow/dags/supplychain_pipeline_dag.py
[2025-09-23T09:15:57.289+0000] {logging_mixin.py:188} INFO - [2025-09-23T09:15:57.288+0000] {config.py:75} INFO - Settings loaded (env=default)
[2025-09-23T09:15:57.523+0000] {processor.py:840} INFO - DAG(s) 'supplychain_pipeline_dag' retrieved from /opt/airflow/dags/supplychain_pipeline_dag.py
[2025-09-23T09:15:57.646+0000] {logging_mixin.py:188} INFO - [2025-09-23T09:15:57.645+0000] {dag.py:3096} INFO - Sync 1 DAGs
[2025-09-23T09:15:57.700+0000] {logging_mixin.py:188} INFO - [2025-09-23T09:15:57.699+0000] {dag.py:3954} INFO - Setting next_dagrun for supplychain_pipeline_dag to 2025-09-23 00:00:00+00:00, run_after=2025-09-24 00:00:00+00:00
[2025-09-23T09:15:57.756+0000] {processor.py:183} INFO - Processing /opt/airflow/dags/supplychain_pipeline_dag.py took 5.321 seconds
[2025-09-23T09:16:06.815+0000] {processor.py:161} INFO - Started process (PID=659) to work on /opt/airflow/dags/supplychain_pipeline_dag.py
[2025-09-23T09:16:06.818+0000] {processor.py:830} INFO - Processing file /opt/airflow/dags/supplychain_pipeline_dag.py for tasks to queue
[2025-09-23T09:16:06.824+0000] {logging_mixin.py:188} INFO - [2025-09-23T09:16:06.823+0000] {dagbag.py:545} INFO - Filling up the DagBag from /opt/airflow/dags/supplychain_pipeline_dag.py
[2025-09-23T09:16:11.858+0000] {logging_mixin.py:188} INFO - [2025-09-23T09:16:11.857+0000] {config.py:75} INFO - Settings loaded (env=default)
[2025-09-23T09:16:12.100+0000] {processor.py:840} INFO - DAG(s) 'supplychain_pipeline_dag' retrieved from /opt/airflow/dags/supplychain_pipeline_dag.py
[2025-09-23T09:16:12.188+0000] {logging_mixin.py:188} INFO - [2025-09-23T09:16:12.187+0000] {dag.py:3096} INFO - Sync 1 DAGs
[2025-09-23T09:16:12.233+0000] {logging_mixin.py:188} INFO - [2025-09-23T09:16:12.232+0000] {dag.py:3954} INFO - Setting next_dagrun for supplychain_pipeline_dag to 2025-09-23 00:00:00+00:00, run_after=2025-09-24 00:00:00+00:00
[2025-09-23T09:16:12.294+0000] {processor.py:183} INFO - Processing /opt/airflow/dags/supplychain_pipeline_dag.py took 5.497 seconds
[2025-09-23T09:16:17.440+0000] {processor.py:161} INFO - Started process (PID=681) to work on /opt/airflow/dags/supplychain_pipeline_dag.py
[2025-09-23T09:16:17.443+0000] {processor.py:830} INFO - Processing file /opt/airflow/dags/supplychain_pipeline_dag.py for tasks to queue
[2025-09-23T09:16:17.447+0000] {logging_mixin.py:188} INFO - [2025-09-23T09:16:17.446+0000] {dagbag.py:545} INFO - Filling up the DagBag from /opt/airflow/dags/supplychain_pipeline_dag.py
[2025-09-23T09:16:22.067+0000] {logging_mixin.py:188} INFO - [2025-09-23T09:16:22.067+0000] {config.py:75} INFO - Settings loaded (env=default)
[2025-09-23T09:16:22.270+0000] {processor.py:840} INFO - DAG(s) 'supplychain_pipeline_dag' retrieved from /opt/airflow/dags/supplychain_pipeline_dag.py
[2025-09-23T09:16:22.342+0000] {logging_mixin.py:188} INFO - [2025-09-23T09:16:22.341+0000] {dag.py:3096} INFO - Sync 1 DAGs
[2025-09-23T09:16:22.384+0000] {logging_mixin.py:188} INFO - [2025-09-23T09:16:22.384+0000] {dag.py:3954} INFO - Setting next_dagrun for supplychain_pipeline_dag to 2025-09-23 00:00:00+00:00, run_after=2025-09-24 00:00:00+00:00
[2025-09-23T09:16:22.441+0000] {processor.py:183} INFO - Processing /opt/airflow/dags/supplychain_pipeline_dag.py took 5.015 seconds
[2025-09-23T09:16:24.662+0000] {processor.py:161} INFO - Started process (PID=703) to work on /opt/airflow/dags/supplychain_pipeline_dag.py
[2025-09-23T09:16:24.665+0000] {processor.py:830} INFO - Processing file /opt/airflow/dags/supplychain_pipeline_dag.py for tasks to queue
[2025-09-23T09:16:24.670+0000] {logging_mixin.py:188} INFO - [2025-09-23T09:16:24.669+0000] {dagbag.py:545} INFO - Filling up the DagBag from /opt/airflow/dags/supplychain_pipeline_dag.py
[2025-09-23T09:16:29.043+0000] {logging_mixin.py:188} INFO - [2025-09-23T09:16:29.042+0000] {config.py:75} INFO - Settings loaded (env=default)
[2025-09-23T09:16:29.263+0000] {processor.py:840} INFO - DAG(s) 'supplychain_pipeline_dag' retrieved from /opt/airflow/dags/supplychain_pipeline_dag.py
[2025-09-23T09:16:29.358+0000] {logging_mixin.py:188} INFO - [2025-09-23T09:16:29.357+0000] {dag.py:3096} INFO - Sync 1 DAGs
[2025-09-23T09:16:29.420+0000] {logging_mixin.py:188} INFO - [2025-09-23T09:16:29.420+0000] {dag.py:3954} INFO - Setting next_dagrun for supplychain_pipeline_dag to 2025-09-23 00:00:00+00:00, run_after=2025-09-24 00:00:00+00:00
[2025-09-23T09:16:29.478+0000] {processor.py:183} INFO - Processing /opt/airflow/dags/supplychain_pipeline_dag.py took 4.835 seconds
[2025-09-23T09:17:00.445+0000] {processor.py:161} INFO - Started process (PID=725) to work on /opt/airflow/dags/supplychain_pipeline_dag.py
[2025-09-23T09:17:00.447+0000] {processor.py:830} INFO - Processing file /opt/airflow/dags/supplychain_pipeline_dag.py for tasks to queue
[2025-09-23T09:17:00.453+0000] {logging_mixin.py:188} INFO - [2025-09-23T09:17:00.452+0000] {dagbag.py:545} INFO - Filling up the DagBag from /opt/airflow/dags/supplychain_pipeline_dag.py
[2025-09-23T09:17:04.701+0000] {logging_mixin.py:188} INFO - [2025-09-23T09:17:04.700+0000] {config.py:75} INFO - Settings loaded (env=default)
[2025-09-23T09:17:04.925+0000] {processor.py:840} INFO - DAG(s) 'supplychain_pipeline_dag' retrieved from /opt/airflow/dags/supplychain_pipeline_dag.py
[2025-09-23T09:17:05.003+0000] {logging_mixin.py:188} INFO - [2025-09-23T09:17:05.001+0000] {dag.py:3096} INFO - Sync 1 DAGs
[2025-09-23T09:17:05.050+0000] {logging_mixin.py:188} INFO - [2025-09-23T09:17:05.049+0000] {dag.py:3954} INFO - Setting next_dagrun for supplychain_pipeline_dag to 2025-09-23 00:00:00+00:00, run_after=2025-09-24 00:00:00+00:00
[2025-09-23T09:17:05.101+0000] {processor.py:183} INFO - Processing /opt/airflow/dags/supplychain_pipeline_dag.py took 4.671 seconds
[2025-09-23T09:17:36.119+0000] {processor.py:161} INFO - Started process (PID=747) to work on /opt/airflow/dags/supplychain_pipeline_dag.py
[2025-09-23T09:17:36.123+0000] {processor.py:830} INFO - Processing file /opt/airflow/dags/supplychain_pipeline_dag.py for tasks to queue
[2025-09-23T09:17:36.129+0000] {logging_mixin.py:188} INFO - [2025-09-23T09:17:36.128+0000] {dagbag.py:545} INFO - Filling up the DagBag from /opt/airflow/dags/supplychain_pipeline_dag.py
[2025-09-23T09:17:41.596+0000] {logging_mixin.py:188} INFO - [2025-09-23T09:17:41.596+0000] {config.py:75} INFO - Settings loaded (env=default)
[2025-09-23T09:17:41.822+0000] {processor.py:840} INFO - DAG(s) 'supplychain_pipeline_dag' retrieved from /opt/airflow/dags/supplychain_pipeline_dag.py
[2025-09-23T09:17:41.900+0000] {logging_mixin.py:188} INFO - [2025-09-23T09:17:41.899+0000] {dag.py:3096} INFO - Sync 1 DAGs
[2025-09-23T09:17:41.948+0000] {logging_mixin.py:188} INFO - [2025-09-23T09:17:41.947+0000] {dag.py:3954} INFO - Setting next_dagrun for supplychain_pipeline_dag to 2025-09-23 00:00:00+00:00, run_after=2025-09-24 00:00:00+00:00
[2025-09-23T09:17:41.993+0000] {processor.py:183} INFO - Processing /opt/airflow/dags/supplychain_pipeline_dag.py took 4.962 seconds
[2025-09-23T09:18:12.319+0000] {processor.py:161} INFO - Started process (PID=769) to work on /opt/airflow/dags/supplychain_pipeline_dag.py
[2025-09-23T09:18:12.321+0000] {processor.py:830} INFO - Processing file /opt/airflow/dags/supplychain_pipeline_dag.py for tasks to queue
[2025-09-23T09:18:12.327+0000] {logging_mixin.py:188} INFO - [2025-09-23T09:18:12.326+0000] {dagbag.py:545} INFO - Filling up the DagBag from /opt/airflow/dags/supplychain_pipeline_dag.py
[2025-09-23T09:18:16.771+0000] {logging_mixin.py:188} INFO - [2025-09-23T09:18:16.770+0000] {config.py:75} INFO - Settings loaded (env=default)
[2025-09-23T09:18:16.980+0000] {processor.py:840} INFO - DAG(s) 'supplychain_pipeline_dag' retrieved from /opt/airflow/dags/supplychain_pipeline_dag.py
[2025-09-23T09:18:17.074+0000] {logging_mixin.py:188} INFO - [2025-09-23T09:18:17.073+0000] {dag.py:3096} INFO - Sync 1 DAGs
[2025-09-23T09:18:17.122+0000] {logging_mixin.py:188} INFO - [2025-09-23T09:18:17.121+0000] {dag.py:3954} INFO - Setting next_dagrun for supplychain_pipeline_dag to 2025-09-23 00:00:00+00:00, run_after=2025-09-24 00:00:00+00:00
[2025-09-23T09:18:17.167+0000] {processor.py:183} INFO - Processing /opt/airflow/dags/supplychain_pipeline_dag.py took 4.862 seconds
[2025-09-23T09:18:47.872+0000] {processor.py:161} INFO - Started process (PID=791) to work on /opt/airflow/dags/supplychain_pipeline_dag.py
[2025-09-23T09:18:47.876+0000] {processor.py:830} INFO - Processing file /opt/airflow/dags/supplychain_pipeline_dag.py for tasks to queue
[2025-09-23T09:18:47.882+0000] {logging_mixin.py:188} INFO - [2025-09-23T09:18:47.881+0000] {dagbag.py:545} INFO - Filling up the DagBag from /opt/airflow/dags/supplychain_pipeline_dag.py
[2025-09-23T09:18:52.121+0000] {logging_mixin.py:188} INFO - [2025-09-23T09:18:52.120+0000] {config.py:75} INFO - Settings loaded (env=default)
[2025-09-23T09:18:52.323+0000] {processor.py:840} INFO - DAG(s) 'supplychain_pipeline_dag' retrieved from /opt/airflow/dags/supplychain_pipeline_dag.py
[2025-09-23T09:18:52.403+0000] {logging_mixin.py:188} INFO - [2025-09-23T09:18:52.402+0000] {dag.py:3096} INFO - Sync 1 DAGs
[2025-09-23T09:18:52.445+0000] {logging_mixin.py:188} INFO - [2025-09-23T09:18:52.444+0000] {dag.py:3954} INFO - Setting next_dagrun for supplychain_pipeline_dag to 2025-09-23 00:00:00+00:00, run_after=2025-09-24 00:00:00+00:00
[2025-09-23T09:18:52.497+0000] {processor.py:183} INFO - Processing /opt/airflow/dags/supplychain_pipeline_dag.py took 4.648 seconds
[2025-09-23T09:19:23.214+0000] {processor.py:161} INFO - Started process (PID=813) to work on /opt/airflow/dags/supplychain_pipeline_dag.py
[2025-09-23T09:19:23.217+0000] {processor.py:830} INFO - Processing file /opt/airflow/dags/supplychain_pipeline_dag.py for tasks to queue
[2025-09-23T09:19:23.223+0000] {logging_mixin.py:188} INFO - [2025-09-23T09:19:23.222+0000] {dagbag.py:545} INFO - Filling up the DagBag from /opt/airflow/dags/supplychain_pipeline_dag.py
[2025-09-23T09:19:28.020+0000] {logging_mixin.py:188} INFO - [2025-09-23T09:19:28.019+0000] {config.py:75} INFO - Settings loaded (env=default)
[2025-09-23T09:19:28.253+0000] {processor.py:840} INFO - DAG(s) 'supplychain_pipeline_dag' retrieved from /opt/airflow/dags/supplychain_pipeline_dag.py
[2025-09-23T09:19:28.344+0000] {logging_mixin.py:188} INFO - [2025-09-23T09:19:28.343+0000] {dag.py:3096} INFO - Sync 1 DAGs
[2025-09-23T09:19:28.394+0000] {logging_mixin.py:188} INFO - [2025-09-23T09:19:28.394+0000] {dag.py:3954} INFO - Setting next_dagrun for supplychain_pipeline_dag to 2025-09-23 00:00:00+00:00, run_after=2025-09-24 00:00:00+00:00
[2025-09-23T09:19:28.442+0000] {processor.py:183} INFO - Processing /opt/airflow/dags/supplychain_pipeline_dag.py took 5.244 seconds
[2025-09-23T09:19:58.978+0000] {processor.py:161} INFO - Started process (PID=835) to work on /opt/airflow/dags/supplychain_pipeline_dag.py
[2025-09-23T09:19:58.983+0000] {processor.py:830} INFO - Processing file /opt/airflow/dags/supplychain_pipeline_dag.py for tasks to queue
[2025-09-23T09:19:58.988+0000] {logging_mixin.py:188} INFO - [2025-09-23T09:19:58.987+0000] {dagbag.py:545} INFO - Filling up the DagBag from /opt/airflow/dags/supplychain_pipeline_dag.py
[2025-09-23T09:20:03.392+0000] {logging_mixin.py:188} INFO - [2025-09-23T09:20:03.392+0000] {config.py:75} INFO - Settings loaded (env=default)
[2025-09-23T09:20:03.594+0000] {processor.py:840} INFO - DAG(s) 'supplychain_pipeline_dag' retrieved from /opt/airflow/dags/supplychain_pipeline_dag.py
[2025-09-23T09:20:03.668+0000] {logging_mixin.py:188} INFO - [2025-09-23T09:20:03.667+0000] {dag.py:3096} INFO - Sync 1 DAGs
[2025-09-23T09:20:03.712+0000] {logging_mixin.py:188} INFO - [2025-09-23T09:20:03.712+0000] {dag.py:3954} INFO - Setting next_dagrun for supplychain_pipeline_dag to 2025-09-23 00:00:00+00:00, run_after=2025-09-24 00:00:00+00:00
[2025-09-23T09:20:03.762+0000] {processor.py:183} INFO - Processing /opt/airflow/dags/supplychain_pipeline_dag.py took 4.800 seconds
[2025-09-23T09:20:05.987+0000] {processor.py:161} INFO - Started process (PID=857) to work on /opt/airflow/dags/supplychain_pipeline_dag.py
[2025-09-23T09:20:05.990+0000] {processor.py:830} INFO - Processing file /opt/airflow/dags/supplychain_pipeline_dag.py for tasks to queue
[2025-09-23T09:20:05.995+0000] {logging_mixin.py:188} INFO - [2025-09-23T09:20:05.994+0000] {dagbag.py:545} INFO - Filling up the DagBag from /opt/airflow/dags/supplychain_pipeline_dag.py
[2025-09-23T09:20:10.396+0000] {logging_mixin.py:188} INFO - [2025-09-23T09:20:10.396+0000] {config.py:75} INFO - Settings loaded (env=default)
[2025-09-23T09:20:10.624+0000] {processor.py:840} INFO - DAG(s) 'supplychain_pipeline_dag' retrieved from /opt/airflow/dags/supplychain_pipeline_dag.py
[2025-09-23T09:20:10.707+0000] {logging_mixin.py:188} INFO - [2025-09-23T09:20:10.706+0000] {dag.py:3096} INFO - Sync 1 DAGs
[2025-09-23T09:20:10.758+0000] {logging_mixin.py:188} INFO - [2025-09-23T09:20:10.757+0000] {dag.py:3954} INFO - Setting next_dagrun for supplychain_pipeline_dag to 2025-09-23 00:00:00+00:00, run_after=2025-09-24 00:00:00+00:00
[2025-09-23T09:20:10.825+0000] {processor.py:183} INFO - Processing /opt/airflow/dags/supplychain_pipeline_dag.py took 4.851 seconds
[2025-09-23T09:53:06.047+0000] {processor.py:161} INFO - Started process (PID=172) to work on /opt/airflow/dags/supplychain_pipeline_dag.py
[2025-09-23T09:53:06.050+0000] {processor.py:830} INFO - Processing file /opt/airflow/dags/supplychain_pipeline_dag.py for tasks to queue
[2025-09-23T09:53:06.053+0000] {logging_mixin.py:188} INFO - [2025-09-23T09:53:06.052+0000] {dagbag.py:545} INFO - Filling up the DagBag from /opt/airflow/dags/supplychain_pipeline_dag.py
[2025-09-23T09:53:07.711+0000] {logging_mixin.py:188} INFO - [2025-09-23T09:53:07.711+0000] {font_manager.py:1639} INFO - generated new fontManager
[2025-09-23T09:53:09.148+0000] {logging_mixin.py:188} INFO - [2025-09-23T09:53:09.148+0000] {config.py:75} INFO - Settings loaded (env=default)
[2025-09-23T09:53:09.411+0000] {processor.py:840} INFO - DAG(s) 'supplychain_pipeline_dag' retrieved from /opt/airflow/dags/supplychain_pipeline_dag.py
[2025-09-23T09:53:09.431+0000] {logging_mixin.py:188} INFO - [2025-09-23T09:53:09.430+0000] {dag.py:3096} INFO - Sync 1 DAGs
[2025-09-23T09:53:09.458+0000] {logging_mixin.py:188} INFO - [2025-09-23T09:53:09.457+0000] {dag.py:3954} INFO - Setting next_dagrun for supplychain_pipeline_dag to 2025-09-23 00:00:00+00:00, run_after=2025-09-24 00:00:00+00:00
[2025-09-23T09:53:09.485+0000] {processor.py:183} INFO - Processing /opt/airflow/dags/supplychain_pipeline_dag.py took 3.446 seconds
[2025-09-23T09:53:39.898+0000] {processor.py:161} INFO - Started process (PID=196) to work on /opt/airflow/dags/supplychain_pipeline_dag.py
[2025-09-23T09:53:39.901+0000] {processor.py:830} INFO - Processing file /opt/airflow/dags/supplychain_pipeline_dag.py for tasks to queue
[2025-09-23T09:53:39.904+0000] {logging_mixin.py:188} INFO - [2025-09-23T09:53:39.904+0000] {dagbag.py:545} INFO - Filling up the DagBag from /opt/airflow/dags/supplychain_pipeline_dag.py
[2025-09-23T09:53:41.994+0000] {logging_mixin.py:188} INFO - [2025-09-23T09:53:41.994+0000] {config.py:75} INFO - Settings loaded (env=default)
[2025-09-23T09:53:42.103+0000] {processor.py:840} INFO - DAG(s) 'supplychain_pipeline_dag' retrieved from /opt/airflow/dags/supplychain_pipeline_dag.py
[2025-09-23T09:53:42.371+0000] {logging_mixin.py:188} INFO - [2025-09-23T09:53:42.371+0000] {dag.py:3096} INFO - Sync 1 DAGs
[2025-09-23T09:53:42.394+0000] {logging_mixin.py:188} INFO - [2025-09-23T09:53:42.394+0000] {dag.py:3954} INFO - Setting next_dagrun for supplychain_pipeline_dag to 2025-09-23 00:00:00+00:00, run_after=2025-09-24 00:00:00+00:00
[2025-09-23T09:53:42.432+0000] {processor.py:183} INFO - Processing /opt/airflow/dags/supplychain_pipeline_dag.py took 2.542 seconds
[2025-09-23T09:54:13.179+0000] {processor.py:161} INFO - Started process (PID=287) to work on /opt/airflow/dags/supplychain_pipeline_dag.py
[2025-09-23T09:54:13.181+0000] {processor.py:830} INFO - Processing file /opt/airflow/dags/supplychain_pipeline_dag.py for tasks to queue
[2025-09-23T09:54:13.188+0000] {logging_mixin.py:188} INFO - [2025-09-23T09:54:13.187+0000] {dagbag.py:545} INFO - Filling up the DagBag from /opt/airflow/dags/supplychain_pipeline_dag.py
[2025-09-23T09:54:18.049+0000] {logging_mixin.py:188} INFO - [2025-09-23T09:54:18.048+0000] {config.py:75} INFO - Settings loaded (env=default)
[2025-09-23T09:54:18.284+0000] {processor.py:840} INFO - DAG(s) 'supplychain_pipeline_dag' retrieved from /opt/airflow/dags/supplychain_pipeline_dag.py
[2025-09-23T09:54:18.369+0000] {logging_mixin.py:188} INFO - [2025-09-23T09:54:18.368+0000] {dag.py:3096} INFO - Sync 1 DAGs
[2025-09-23T09:54:18.411+0000] {logging_mixin.py:188} INFO - [2025-09-23T09:54:18.411+0000] {dag.py:3954} INFO - Setting next_dagrun for supplychain_pipeline_dag to 2025-09-23 00:00:00+00:00, run_after=2025-09-24 00:00:00+00:00
[2025-09-23T09:54:18.453+0000] {processor.py:183} INFO - Processing /opt/airflow/dags/supplychain_pipeline_dag.py took 5.296 seconds
[2025-09-23T09:54:48.712+0000] {processor.py:161} INFO - Started process (PID=325) to work on /opt/airflow/dags/supplychain_pipeline_dag.py
[2025-09-23T09:54:48.715+0000] {processor.py:830} INFO - Processing file /opt/airflow/dags/supplychain_pipeline_dag.py for tasks to queue
[2025-09-23T09:54:48.726+0000] {logging_mixin.py:188} INFO - [2025-09-23T09:54:48.725+0000] {dagbag.py:545} INFO - Filling up the DagBag from /opt/airflow/dags/supplychain_pipeline_dag.py
[2025-09-23T09:54:54.213+0000] {logging_mixin.py:188} INFO - [2025-09-23T09:54:54.213+0000] {config.py:75} INFO - Settings loaded (env=default)
[2025-09-23T09:54:54.458+0000] {processor.py:840} INFO - DAG(s) 'supplychain_pipeline_dag' retrieved from /opt/airflow/dags/supplychain_pipeline_dag.py
[2025-09-23T09:54:54.541+0000] {logging_mixin.py:188} INFO - [2025-09-23T09:54:54.539+0000] {dag.py:3096} INFO - Sync 1 DAGs
[2025-09-23T09:54:54.587+0000] {logging_mixin.py:188} INFO - [2025-09-23T09:54:54.587+0000] {dag.py:3954} INFO - Setting next_dagrun for supplychain_pipeline_dag to 2025-09-23 00:00:00+00:00, run_after=2025-09-24 00:00:00+00:00
[2025-09-23T09:54:54.641+0000] {processor.py:183} INFO - Processing /opt/airflow/dags/supplychain_pipeline_dag.py took 4.883 seconds
[2025-09-23T09:55:25.284+0000] {processor.py:161} INFO - Started process (PID=347) to work on /opt/airflow/dags/supplychain_pipeline_dag.py
[2025-09-23T09:55:25.288+0000] {processor.py:830} INFO - Processing file /opt/airflow/dags/supplychain_pipeline_dag.py for tasks to queue
[2025-09-23T09:55:25.294+0000] {logging_mixin.py:188} INFO - [2025-09-23T09:55:25.293+0000] {dagbag.py:545} INFO - Filling up the DagBag from /opt/airflow/dags/supplychain_pipeline_dag.py
[2025-09-23T09:55:30.051+0000] {logging_mixin.py:188} INFO - [2025-09-23T09:55:30.050+0000] {config.py:75} INFO - Settings loaded (env=default)
[2025-09-23T09:55:30.288+0000] {processor.py:840} INFO - DAG(s) 'supplychain_pipeline_dag' retrieved from /opt/airflow/dags/supplychain_pipeline_dag.py
[2025-09-23T09:55:30.368+0000] {logging_mixin.py:188} INFO - [2025-09-23T09:55:30.367+0000] {dag.py:3096} INFO - Sync 1 DAGs
[2025-09-23T09:55:30.412+0000] {logging_mixin.py:188} INFO - [2025-09-23T09:55:30.412+0000] {dag.py:3954} INFO - Setting next_dagrun for supplychain_pipeline_dag to 2025-09-23 00:00:00+00:00, run_after=2025-09-24 00:00:00+00:00
[2025-09-23T09:55:30.461+0000] {processor.py:183} INFO - Processing /opt/airflow/dags/supplychain_pipeline_dag.py took 5.195 seconds
[2025-09-23T09:56:01.080+0000] {processor.py:161} INFO - Started process (PID=369) to work on /opt/airflow/dags/supplychain_pipeline_dag.py
[2025-09-23T09:56:01.083+0000] {processor.py:830} INFO - Processing file /opt/airflow/dags/supplychain_pipeline_dag.py for tasks to queue
[2025-09-23T09:56:01.089+0000] {logging_mixin.py:188} INFO - [2025-09-23T09:56:01.088+0000] {dagbag.py:545} INFO - Filling up the DagBag from /opt/airflow/dags/supplychain_pipeline_dag.py
[2025-09-23T09:56:05.731+0000] {logging_mixin.py:188} INFO - [2025-09-23T09:56:05.730+0000] {config.py:75} INFO - Settings loaded (env=default)
[2025-09-23T09:56:05.945+0000] {processor.py:840} INFO - DAG(s) 'supplychain_pipeline_dag' retrieved from /opt/airflow/dags/supplychain_pipeline_dag.py
[2025-09-23T09:56:06.029+0000] {logging_mixin.py:188} INFO - [2025-09-23T09:56:06.028+0000] {dag.py:3096} INFO - Sync 1 DAGs
[2025-09-23T09:56:06.082+0000] {logging_mixin.py:188} INFO - [2025-09-23T09:56:06.082+0000] {dag.py:3954} INFO - Setting next_dagrun for supplychain_pipeline_dag to 2025-09-23 00:00:00+00:00, run_after=2025-09-24 00:00:00+00:00
[2025-09-23T09:56:06.134+0000] {processor.py:183} INFO - Processing /opt/airflow/dags/supplychain_pipeline_dag.py took 5.070 seconds
[2025-09-23T09:56:36.381+0000] {processor.py:161} INFO - Started process (PID=391) to work on /opt/airflow/dags/supplychain_pipeline_dag.py
[2025-09-23T09:56:36.384+0000] {processor.py:830} INFO - Processing file /opt/airflow/dags/supplychain_pipeline_dag.py for tasks to queue
[2025-09-23T09:56:36.390+0000] {logging_mixin.py:188} INFO - [2025-09-23T09:56:36.389+0000] {dagbag.py:545} INFO - Filling up the DagBag from /opt/airflow/dags/supplychain_pipeline_dag.py
[2025-09-23T09:56:41.164+0000] {logging_mixin.py:188} INFO - [2025-09-23T09:56:41.164+0000] {config.py:75} INFO - Settings loaded (env=default)
[2025-09-23T09:56:41.406+0000] {processor.py:840} INFO - DAG(s) 'supplychain_pipeline_dag' retrieved from /opt/airflow/dags/supplychain_pipeline_dag.py
[2025-09-23T09:56:41.493+0000] {logging_mixin.py:188} INFO - [2025-09-23T09:56:41.492+0000] {dag.py:3096} INFO - Sync 1 DAGs
[2025-09-23T09:56:41.544+0000] {logging_mixin.py:188} INFO - [2025-09-23T09:56:41.544+0000] {dag.py:3954} INFO - Setting next_dagrun for supplychain_pipeline_dag to 2025-09-23 00:00:00+00:00, run_after=2025-09-24 00:00:00+00:00
[2025-09-23T09:56:41.599+0000] {processor.py:183} INFO - Processing /opt/airflow/dags/supplychain_pipeline_dag.py took 5.233 seconds
[2025-09-23T09:57:12.457+0000] {processor.py:161} INFO - Started process (PID=413) to work on /opt/airflow/dags/supplychain_pipeline_dag.py
[2025-09-23T09:57:12.461+0000] {processor.py:830} INFO - Processing file /opt/airflow/dags/supplychain_pipeline_dag.py for tasks to queue
[2025-09-23T09:57:12.467+0000] {logging_mixin.py:188} INFO - [2025-09-23T09:57:12.465+0000] {dagbag.py:545} INFO - Filling up the DagBag from /opt/airflow/dags/supplychain_pipeline_dag.py
[2025-09-23T09:57:17.112+0000] {logging_mixin.py:188} INFO - [2025-09-23T09:57:17.111+0000] {config.py:75} INFO - Settings loaded (env=default)
[2025-09-23T09:57:17.351+0000] {processor.py:840} INFO - DAG(s) 'supplychain_pipeline_dag' retrieved from /opt/airflow/dags/supplychain_pipeline_dag.py
[2025-09-23T09:57:17.426+0000] {logging_mixin.py:188} INFO - [2025-09-23T09:57:17.425+0000] {dag.py:3096} INFO - Sync 1 DAGs
[2025-09-23T09:57:17.469+0000] {logging_mixin.py:188} INFO - [2025-09-23T09:57:17.469+0000] {dag.py:3954} INFO - Setting next_dagrun for supplychain_pipeline_dag to 2025-09-23 00:00:00+00:00, run_after=2025-09-24 00:00:00+00:00
[2025-09-23T09:57:17.518+0000] {processor.py:183} INFO - Processing /opt/airflow/dags/supplychain_pipeline_dag.py took 5.076 seconds
[2025-09-23T09:57:48.535+0000] {processor.py:161} INFO - Started process (PID=435) to work on /opt/airflow/dags/supplychain_pipeline_dag.py
[2025-09-23T09:57:48.539+0000] {processor.py:830} INFO - Processing file /opt/airflow/dags/supplychain_pipeline_dag.py for tasks to queue
[2025-09-23T09:57:48.544+0000] {logging_mixin.py:188} INFO - [2025-09-23T09:57:48.543+0000] {dagbag.py:545} INFO - Filling up the DagBag from /opt/airflow/dags/supplychain_pipeline_dag.py
[2025-09-23T09:57:53.478+0000] {logging_mixin.py:188} INFO - [2025-09-23T09:57:53.478+0000] {config.py:75} INFO - Settings loaded (env=default)
[2025-09-23T09:57:53.728+0000] {processor.py:840} INFO - DAG(s) 'supplychain_pipeline_dag' retrieved from /opt/airflow/dags/supplychain_pipeline_dag.py
[2025-09-23T09:57:53.816+0000] {logging_mixin.py:188} INFO - [2025-09-23T09:57:53.816+0000] {dag.py:3096} INFO - Sync 1 DAGs
[2025-09-23T09:57:53.865+0000] {logging_mixin.py:188} INFO - [2025-09-23T09:57:53.864+0000] {dag.py:3954} INFO - Setting next_dagrun for supplychain_pipeline_dag to 2025-09-23 00:00:00+00:00, run_after=2025-09-24 00:00:00+00:00
[2025-09-23T09:57:53.917+0000] {processor.py:183} INFO - Processing /opt/airflow/dags/supplychain_pipeline_dag.py took 5.397 seconds
[2025-09-23T09:58:24.810+0000] {processor.py:161} INFO - Started process (PID=495) to work on /opt/airflow/dags/supplychain_pipeline_dag.py
[2025-09-23T09:58:24.814+0000] {processor.py:830} INFO - Processing file /opt/airflow/dags/supplychain_pipeline_dag.py for tasks to queue
[2025-09-23T09:58:24.823+0000] {logging_mixin.py:188} INFO - [2025-09-23T09:58:24.821+0000] {dagbag.py:545} INFO - Filling up the DagBag from /opt/airflow/dags/supplychain_pipeline_dag.py
[2025-09-23T09:58:30.980+0000] {logging_mixin.py:188} INFO - [2025-09-23T09:58:30.979+0000] {config.py:75} INFO - Settings loaded (env=default)
[2025-09-23T09:58:31.212+0000] {processor.py:840} INFO - DAG(s) 'supplychain_pipeline_dag' retrieved from /opt/airflow/dags/supplychain_pipeline_dag.py
[2025-09-23T09:58:31.294+0000] {logging_mixin.py:188} INFO - [2025-09-23T09:58:31.293+0000] {dag.py:3096} INFO - Sync 1 DAGs
[2025-09-23T09:58:31.342+0000] {logging_mixin.py:188} INFO - [2025-09-23T09:58:31.341+0000] {dag.py:3954} INFO - Setting next_dagrun for supplychain_pipeline_dag to 2025-09-23 00:00:00+00:00, run_after=2025-09-24 00:00:00+00:00
[2025-09-23T09:58:31.393+0000] {processor.py:183} INFO - Processing /opt/airflow/dags/supplychain_pipeline_dag.py took 4.993 seconds
[2025-09-23T09:59:02.030+0000] {processor.py:161} INFO - Started process (PID=574) to work on /opt/airflow/dags/supplychain_pipeline_dag.py
[2025-09-23T09:59:02.034+0000] {processor.py:830} INFO - Processing file /opt/airflow/dags/supplychain_pipeline_dag.py for tasks to queue
[2025-09-23T09:59:02.041+0000] {logging_mixin.py:188} INFO - [2025-09-23T09:59:02.040+0000] {dagbag.py:545} INFO - Filling up the DagBag from /opt/airflow/dags/supplychain_pipeline_dag.py
[2025-09-23T09:59:06.707+0000] {logging_mixin.py:188} INFO - [2025-09-23T09:59:06.707+0000] {config.py:75} INFO - Settings loaded (env=default)
[2025-09-23T09:59:06.951+0000] {processor.py:840} INFO - DAG(s) 'supplychain_pipeline_dag' retrieved from /opt/airflow/dags/supplychain_pipeline_dag.py
[2025-09-23T09:59:07.044+0000] {logging_mixin.py:188} INFO - [2025-09-23T09:59:07.043+0000] {dag.py:3096} INFO - Sync 1 DAGs
[2025-09-23T09:59:07.090+0000] {logging_mixin.py:188} INFO - [2025-09-23T09:59:07.090+0000] {dag.py:3954} INFO - Setting next_dagrun for supplychain_pipeline_dag to 2025-09-23 00:00:00+00:00, run_after=2025-09-24 00:00:00+00:00
[2025-09-23T09:59:07.135+0000] {processor.py:183} INFO - Processing /opt/airflow/dags/supplychain_pipeline_dag.py took 5.124 seconds
[2025-09-23T09:59:38.285+0000] {processor.py:161} INFO - Started process (PID=612) to work on /opt/airflow/dags/supplychain_pipeline_dag.py
[2025-09-23T09:59:38.289+0000] {processor.py:830} INFO - Processing file /opt/airflow/dags/supplychain_pipeline_dag.py for tasks to queue
[2025-09-23T09:59:38.299+0000] {logging_mixin.py:188} INFO - [2025-09-23T09:59:38.297+0000] {dagbag.py:545} INFO - Filling up the DagBag from /opt/airflow/dags/supplychain_pipeline_dag.py
[2025-09-23T09:59:43.791+0000] {logging_mixin.py:188} INFO - [2025-09-23T09:59:43.790+0000] {config.py:75} INFO - Settings loaded (env=default)
[2025-09-23T09:59:44.064+0000] {processor.py:840} INFO - DAG(s) 'supplychain_pipeline_dag' retrieved from /opt/airflow/dags/supplychain_pipeline_dag.py
[2025-09-23T09:59:44.163+0000] {logging_mixin.py:188} INFO - [2025-09-23T09:59:44.162+0000] {dag.py:3096} INFO - Sync 1 DAGs
[2025-09-23T09:59:44.257+0000] {logging_mixin.py:188} INFO - [2025-09-23T09:59:44.256+0000] {dag.py:3954} INFO - Setting next_dagrun for supplychain_pipeline_dag to 2025-09-23 00:00:00+00:00, run_after=2025-09-24 00:00:00+00:00
[2025-09-23T09:59:44.334+0000] {processor.py:183} INFO - Processing /opt/airflow/dags/supplychain_pipeline_dag.py took 6.079 seconds
[2025-09-23T10:00:15.223+0000] {processor.py:161} INFO - Started process (PID=634) to work on /opt/airflow/dags/supplychain_pipeline_dag.py
[2025-09-23T10:00:15.226+0000] {processor.py:830} INFO - Processing file /opt/airflow/dags/supplychain_pipeline_dag.py for tasks to queue
[2025-09-23T10:00:15.231+0000] {logging_mixin.py:188} INFO - [2025-09-23T10:00:15.230+0000] {dagbag.py:545} INFO - Filling up the DagBag from /opt/airflow/dags/supplychain_pipeline_dag.py
[2025-09-23T10:00:20.087+0000] {logging_mixin.py:188} INFO - [2025-09-23T10:00:20.086+0000] {config.py:75} INFO - Settings loaded (env=default)
[2025-09-23T10:00:20.327+0000] {processor.py:840} INFO - DAG(s) 'supplychain_pipeline_dag' retrieved from /opt/airflow/dags/supplychain_pipeline_dag.py
[2025-09-23T10:00:20.416+0000] {logging_mixin.py:188} INFO - [2025-09-23T10:00:20.415+0000] {dag.py:3096} INFO - Sync 1 DAGs
[2025-09-23T10:00:20.542+0000] {logging_mixin.py:188} INFO - [2025-09-23T10:00:20.541+0000] {dag.py:3954} INFO - Setting next_dagrun for supplychain_pipeline_dag to 2025-09-23 00:00:00+00:00, run_after=2025-09-24 00:00:00+00:00
[2025-09-23T10:00:20.584+0000] {processor.py:183} INFO - Processing /opt/airflow/dags/supplychain_pipeline_dag.py took 5.377 seconds
[2025-09-23T10:00:51.188+0000] {processor.py:161} INFO - Started process (PID=656) to work on /opt/airflow/dags/supplychain_pipeline_dag.py
[2025-09-23T10:00:51.191+0000] {processor.py:830} INFO - Processing file /opt/airflow/dags/supplychain_pipeline_dag.py for tasks to queue
[2025-09-23T10:00:51.197+0000] {logging_mixin.py:188} INFO - [2025-09-23T10:00:51.195+0000] {dagbag.py:545} INFO - Filling up the DagBag from /opt/airflow/dags/supplychain_pipeline_dag.py
[2025-09-23T10:00:55.454+0000] {logging_mixin.py:188} INFO - [2025-09-23T10:00:55.453+0000] {config.py:75} INFO - Settings loaded (env=default)
[2025-09-23T10:00:55.675+0000] {processor.py:840} INFO - DAG(s) 'supplychain_pipeline_dag' retrieved from /opt/airflow/dags/supplychain_pipeline_dag.py
[2025-09-23T10:00:55.754+0000] {logging_mixin.py:188} INFO - [2025-09-23T10:00:55.753+0000] {dag.py:3096} INFO - Sync 1 DAGs
[2025-09-23T10:00:55.796+0000] {logging_mixin.py:188} INFO - [2025-09-23T10:00:55.796+0000] {dag.py:3954} INFO - Setting next_dagrun for supplychain_pipeline_dag to 2025-09-23 00:00:00+00:00, run_after=2025-09-24 00:00:00+00:00
[2025-09-23T10:00:55.848+0000] {processor.py:183} INFO - Processing /opt/airflow/dags/supplychain_pipeline_dag.py took 4.675 seconds
[2025-09-23T10:01:26.475+0000] {processor.py:161} INFO - Started process (PID=678) to work on /opt/airflow/dags/supplychain_pipeline_dag.py
[2025-09-23T10:01:26.478+0000] {processor.py:830} INFO - Processing file /opt/airflow/dags/supplychain_pipeline_dag.py for tasks to queue
[2025-09-23T10:01:26.483+0000] {logging_mixin.py:188} INFO - [2025-09-23T10:01:26.482+0000] {dagbag.py:545} INFO - Filling up the DagBag from /opt/airflow/dags/supplychain_pipeline_dag.py
[2025-09-23T10:01:30.977+0000] {logging_mixin.py:188} INFO - [2025-09-23T10:01:30.977+0000] {config.py:75} INFO - Settings loaded (env=default)
[2025-09-23T10:01:31.186+0000] {processor.py:840} INFO - DAG(s) 'supplychain_pipeline_dag' retrieved from /opt/airflow/dags/supplychain_pipeline_dag.py
[2025-09-23T10:01:31.260+0000] {logging_mixin.py:188} INFO - [2025-09-23T10:01:31.259+0000] {dag.py:3096} INFO - Sync 1 DAGs
[2025-09-23T10:01:31.304+0000] {logging_mixin.py:188} INFO - [2025-09-23T10:01:31.304+0000] {dag.py:3954} INFO - Setting next_dagrun for supplychain_pipeline_dag to 2025-09-23 00:00:00+00:00, run_after=2025-09-24 00:00:00+00:00
[2025-09-23T10:01:31.361+0000] {processor.py:183} INFO - Processing /opt/airflow/dags/supplychain_pipeline_dag.py took 4.901 seconds
[2025-09-23T10:02:02.395+0000] {processor.py:161} INFO - Started process (PID=700) to work on /opt/airflow/dags/supplychain_pipeline_dag.py
[2025-09-23T10:02:02.398+0000] {processor.py:830} INFO - Processing file /opt/airflow/dags/supplychain_pipeline_dag.py for tasks to queue
[2025-09-23T10:02:02.404+0000] {logging_mixin.py:188} INFO - [2025-09-23T10:02:02.403+0000] {dagbag.py:545} INFO - Filling up the DagBag from /opt/airflow/dags/supplychain_pipeline_dag.py
[2025-09-23T10:02:07.096+0000] {logging_mixin.py:188} INFO - [2025-09-23T10:02:07.095+0000] {config.py:75} INFO - Settings loaded (env=default)
[2025-09-23T10:02:07.319+0000] {processor.py:840} INFO - DAG(s) 'supplychain_pipeline_dag' retrieved from /opt/airflow/dags/supplychain_pipeline_dag.py
[2025-09-23T10:02:07.396+0000] {logging_mixin.py:188} INFO - [2025-09-23T10:02:07.396+0000] {dag.py:3096} INFO - Sync 1 DAGs
[2025-09-23T10:02:07.437+0000] {logging_mixin.py:188} INFO - [2025-09-23T10:02:07.436+0000] {dag.py:3954} INFO - Setting next_dagrun for supplychain_pipeline_dag to 2025-09-23 00:00:00+00:00, run_after=2025-09-24 00:00:00+00:00
[2025-09-23T10:02:07.487+0000] {processor.py:183} INFO - Processing /opt/airflow/dags/supplychain_pipeline_dag.py took 5.109 seconds
[2025-09-23T10:02:38.196+0000] {processor.py:161} INFO - Started process (PID=722) to work on /opt/airflow/dags/supplychain_pipeline_dag.py
[2025-09-23T10:02:38.199+0000] {processor.py:830} INFO - Processing file /opt/airflow/dags/supplychain_pipeline_dag.py for tasks to queue
[2025-09-23T10:02:38.205+0000] {logging_mixin.py:188} INFO - [2025-09-23T10:02:38.204+0000] {dagbag.py:545} INFO - Filling up the DagBag from /opt/airflow/dags/supplychain_pipeline_dag.py
[2025-09-23T10:02:44.410+0000] {logging_mixin.py:188} INFO - [2025-09-23T10:02:44.410+0000] {config.py:75} INFO - Settings loaded (env=default)
[2025-09-23T10:02:44.638+0000] {processor.py:840} INFO - DAG(s) 'supplychain_pipeline_dag' retrieved from /opt/airflow/dags/supplychain_pipeline_dag.py
[2025-09-23T10:02:44.714+0000] {logging_mixin.py:188} INFO - [2025-09-23T10:02:44.713+0000] {dag.py:3096} INFO - Sync 1 DAGs
[2025-09-23T10:02:44.756+0000] {logging_mixin.py:188} INFO - [2025-09-23T10:02:44.755+0000] {dag.py:3954} INFO - Setting next_dagrun for supplychain_pipeline_dag to 2025-09-23 00:00:00+00:00, run_after=2025-09-24 00:00:00+00:00
[2025-09-23T10:02:44.800+0000] {processor.py:183} INFO - Processing /opt/airflow/dags/supplychain_pipeline_dag.py took 4.959 seconds
[2025-09-23T10:03:15.945+0000] {processor.py:161} INFO - Started process (PID=744) to work on /opt/airflow/dags/supplychain_pipeline_dag.py
[2025-09-23T10:03:15.948+0000] {processor.py:830} INFO - Processing file /opt/airflow/dags/supplychain_pipeline_dag.py for tasks to queue
[2025-09-23T10:03:15.954+0000] {logging_mixin.py:188} INFO - [2025-09-23T10:03:15.953+0000] {dagbag.py:545} INFO - Filling up the DagBag from /opt/airflow/dags/supplychain_pipeline_dag.py
[2025-09-23T10:03:20.590+0000] {logging_mixin.py:188} INFO - [2025-09-23T10:03:20.590+0000] {config.py:75} INFO - Settings loaded (env=default)
[2025-09-23T10:03:20.786+0000] {processor.py:840} INFO - DAG(s) 'supplychain_pipeline_dag' retrieved from /opt/airflow/dags/supplychain_pipeline_dag.py
[2025-09-23T10:03:20.876+0000] {logging_mixin.py:188} INFO - [2025-09-23T10:03:20.875+0000] {dag.py:3096} INFO - Sync 1 DAGs
[2025-09-23T10:03:20.924+0000] {logging_mixin.py:188} INFO - [2025-09-23T10:03:20.924+0000] {dag.py:3954} INFO - Setting next_dagrun for supplychain_pipeline_dag to 2025-09-23 00:00:00+00:00, run_after=2025-09-24 00:00:00+00:00
[2025-09-23T10:03:20.973+0000] {processor.py:183} INFO - Processing /opt/airflow/dags/supplychain_pipeline_dag.py took 5.042 seconds
[2025-09-23T10:03:52.000+0000] {processor.py:161} INFO - Started process (PID=766) to work on /opt/airflow/dags/supplychain_pipeline_dag.py
[2025-09-23T10:03:52.003+0000] {processor.py:830} INFO - Processing file /opt/airflow/dags/supplychain_pipeline_dag.py for tasks to queue
[2025-09-23T10:03:52.012+0000] {logging_mixin.py:188} INFO - [2025-09-23T10:03:52.011+0000] {dagbag.py:545} INFO - Filling up the DagBag from /opt/airflow/dags/supplychain_pipeline_dag.py
[2025-09-23T10:03:56.568+0000] {logging_mixin.py:188} INFO - [2025-09-23T10:03:56.567+0000] {config.py:75} INFO - Settings loaded (env=default)
[2025-09-23T10:03:56.839+0000] {processor.py:840} INFO - DAG(s) 'supplychain_pipeline_dag' retrieved from /opt/airflow/dags/supplychain_pipeline_dag.py
[2025-09-23T10:03:56.929+0000] {logging_mixin.py:188} INFO - [2025-09-23T10:03:56.926+0000] {dag.py:3096} INFO - Sync 1 DAGs
[2025-09-23T10:03:56.979+0000] {logging_mixin.py:188} INFO - [2025-09-23T10:03:56.979+0000] {dag.py:3954} INFO - Setting next_dagrun for supplychain_pipeline_dag to 2025-09-23 00:00:00+00:00, run_after=2025-09-24 00:00:00+00:00
[2025-09-23T10:03:57.059+0000] {processor.py:183} INFO - Processing /opt/airflow/dags/supplychain_pipeline_dag.py took 5.078 seconds
[2025-09-23T10:04:27.754+0000] {processor.py:161} INFO - Started process (PID=788) to work on /opt/airflow/dags/supplychain_pipeline_dag.py
[2025-09-23T10:04:27.758+0000] {processor.py:830} INFO - Processing file /opt/airflow/dags/supplychain_pipeline_dag.py for tasks to queue
[2025-09-23T10:04:27.765+0000] {logging_mixin.py:188} INFO - [2025-09-23T10:04:27.764+0000] {dagbag.py:545} INFO - Filling up the DagBag from /opt/airflow/dags/supplychain_pipeline_dag.py
[2025-09-23T10:04:32.283+0000] {logging_mixin.py:188} INFO - [2025-09-23T10:04:32.283+0000] {config.py:75} INFO - Settings loaded (env=default)
[2025-09-23T10:04:32.559+0000] {processor.py:840} INFO - DAG(s) 'supplychain_pipeline_dag' retrieved from /opt/airflow/dags/supplychain_pipeline_dag.py
[2025-09-23T10:04:32.634+0000] {logging_mixin.py:188} INFO - [2025-09-23T10:04:32.633+0000] {dag.py:3096} INFO - Sync 1 DAGs
[2025-09-23T10:04:32.681+0000] {logging_mixin.py:188} INFO - [2025-09-23T10:04:32.680+0000] {dag.py:3954} INFO - Setting next_dagrun for supplychain_pipeline_dag to 2025-09-23 00:00:00+00:00, run_after=2025-09-24 00:00:00+00:00
[2025-09-23T10:04:32.734+0000] {processor.py:183} INFO - Processing /opt/airflow/dags/supplychain_pipeline_dag.py took 5.002 seconds
[2025-09-23T10:05:02.951+0000] {processor.py:161} INFO - Started process (PID=810) to work on /opt/airflow/dags/supplychain_pipeline_dag.py
[2025-09-23T10:05:02.954+0000] {processor.py:830} INFO - Processing file /opt/airflow/dags/supplychain_pipeline_dag.py for tasks to queue
[2025-09-23T10:05:02.960+0000] {logging_mixin.py:188} INFO - [2025-09-23T10:05:02.959+0000] {dagbag.py:545} INFO - Filling up the DagBag from /opt/airflow/dags/supplychain_pipeline_dag.py
[2025-09-23T10:05:07.379+0000] {logging_mixin.py:188} INFO - [2025-09-23T10:05:07.378+0000] {config.py:75} INFO - Settings loaded (env=default)
[2025-09-23T10:05:07.595+0000] {processor.py:840} INFO - DAG(s) 'supplychain_pipeline_dag' retrieved from /opt/airflow/dags/supplychain_pipeline_dag.py
[2025-09-23T10:05:07.684+0000] {logging_mixin.py:188} INFO - [2025-09-23T10:05:07.683+0000] {dag.py:3096} INFO - Sync 1 DAGs
[2025-09-23T10:05:07.731+0000] {logging_mixin.py:188} INFO - [2025-09-23T10:05:07.731+0000] {dag.py:3954} INFO - Setting next_dagrun for supplychain_pipeline_dag to 2025-09-23 00:00:00+00:00, run_after=2025-09-24 00:00:00+00:00
[2025-09-23T10:05:07.779+0000] {processor.py:183} INFO - Processing /opt/airflow/dags/supplychain_pipeline_dag.py took 4.847 seconds
[2025-09-23T10:05:38.415+0000] {processor.py:161} INFO - Started process (PID=832) to work on /opt/airflow/dags/supplychain_pipeline_dag.py
[2025-09-23T10:05:38.418+0000] {processor.py:830} INFO - Processing file /opt/airflow/dags/supplychain_pipeline_dag.py for tasks to queue
[2025-09-23T10:05:38.424+0000] {logging_mixin.py:188} INFO - [2025-09-23T10:05:38.423+0000] {dagbag.py:545} INFO - Filling up the DagBag from /opt/airflow/dags/supplychain_pipeline_dag.py
[2025-09-23T10:05:42.945+0000] {logging_mixin.py:188} INFO - [2025-09-23T10:05:42.944+0000] {config.py:75} INFO - Settings loaded (env=default)
[2025-09-23T10:05:43.168+0000] {processor.py:840} INFO - DAG(s) 'supplychain_pipeline_dag' retrieved from /opt/airflow/dags/supplychain_pipeline_dag.py
[2025-09-23T10:05:43.270+0000] {logging_mixin.py:188} INFO - [2025-09-23T10:05:43.269+0000] {dag.py:3096} INFO - Sync 1 DAGs
[2025-09-23T10:05:43.327+0000] {logging_mixin.py:188} INFO - [2025-09-23T10:05:43.327+0000] {dag.py:3954} INFO - Setting next_dagrun for supplychain_pipeline_dag to 2025-09-23 00:00:00+00:00, run_after=2025-09-24 00:00:00+00:00
[2025-09-23T10:05:43.384+0000] {processor.py:183} INFO - Processing /opt/airflow/dags/supplychain_pipeline_dag.py took 4.985 seconds
[2025-09-23T10:06:14.408+0000] {processor.py:161} INFO - Started process (PID=854) to work on /opt/airflow/dags/supplychain_pipeline_dag.py
[2025-09-23T10:06:14.412+0000] {processor.py:830} INFO - Processing file /opt/airflow/dags/supplychain_pipeline_dag.py for tasks to queue
[2025-09-23T10:06:14.419+0000] {logging_mixin.py:188} INFO - [2025-09-23T10:06:14.418+0000] {dagbag.py:545} INFO - Filling up the DagBag from /opt/airflow/dags/supplychain_pipeline_dag.py
[2025-09-23T10:06:19.107+0000] {logging_mixin.py:188} INFO - [2025-09-23T10:06:19.107+0000] {config.py:75} INFO - Settings loaded (env=default)
[2025-09-23T10:06:19.360+0000] {processor.py:840} INFO - DAG(s) 'supplychain_pipeline_dag' retrieved from /opt/airflow/dags/supplychain_pipeline_dag.py
[2025-09-23T10:06:19.440+0000] {logging_mixin.py:188} INFO - [2025-09-23T10:06:19.439+0000] {dag.py:3096} INFO - Sync 1 DAGs
[2025-09-23T10:06:19.486+0000] {logging_mixin.py:188} INFO - [2025-09-23T10:06:19.485+0000] {dag.py:3954} INFO - Setting next_dagrun for supplychain_pipeline_dag to 2025-09-23 00:00:00+00:00, run_after=2025-09-24 00:00:00+00:00
[2025-09-23T10:06:19.528+0000] {processor.py:183} INFO - Processing /opt/airflow/dags/supplychain_pipeline_dag.py took 5.144 seconds
[2025-09-23T10:06:50.181+0000] {processor.py:161} INFO - Started process (PID=876) to work on /opt/airflow/dags/supplychain_pipeline_dag.py
[2025-09-23T10:06:50.183+0000] {processor.py:830} INFO - Processing file /opt/airflow/dags/supplychain_pipeline_dag.py for tasks to queue
[2025-09-23T10:06:50.188+0000] {logging_mixin.py:188} INFO - [2025-09-23T10:06:50.187+0000] {dagbag.py:545} INFO - Filling up the DagBag from /opt/airflow/dags/supplychain_pipeline_dag.py
[2025-09-23T10:06:55.585+0000] {logging_mixin.py:188} INFO - [2025-09-23T10:06:55.584+0000] {config.py:75} INFO - Settings loaded (env=default)
[2025-09-23T10:06:55.950+0000] {processor.py:840} INFO - DAG(s) 'supplychain_pipeline_dag' retrieved from /opt/airflow/dags/supplychain_pipeline_dag.py
[2025-09-23T10:06:56.060+0000] {logging_mixin.py:188} INFO - [2025-09-23T10:06:56.059+0000] {dag.py:3096} INFO - Sync 1 DAGs
[2025-09-23T10:06:56.120+0000] {logging_mixin.py:188} INFO - [2025-09-23T10:06:56.119+0000] {dag.py:3954} INFO - Setting next_dagrun for supplychain_pipeline_dag to 2025-09-23 00:00:00+00:00, run_after=2025-09-24 00:00:00+00:00
[2025-09-23T10:06:56.181+0000] {processor.py:183} INFO - Processing /opt/airflow/dags/supplychain_pipeline_dag.py took 5.209 seconds
[2025-09-23T10:07:45.887+0000] {processor.py:161} INFO - Started process (PID=172) to work on /opt/airflow/dags/supplychain_pipeline_dag.py
[2025-09-23T10:07:45.890+0000] {processor.py:830} INFO - Processing file /opt/airflow/dags/supplychain_pipeline_dag.py for tasks to queue
[2025-09-23T10:07:45.906+0000] {logging_mixin.py:188} INFO - [2025-09-23T10:07:45.898+0000] {dagbag.py:545} INFO - Filling up the DagBag from /opt/airflow/dags/supplychain_pipeline_dag.py
[2025-09-23T10:07:48.858+0000] {logging_mixin.py:188} INFO - [2025-09-23T10:07:48.857+0000] {font_manager.py:1639} INFO - generated new fontManager
[2025-09-23T10:07:51.452+0000] {logging_mixin.py:188} INFO - [2025-09-23T10:07:51.451+0000] {config.py:75} INFO - Settings loaded (env=default)
[2025-09-23T10:07:51.948+0000] {processor.py:840} INFO - DAG(s) 'supplychain_pipeline_dag' retrieved from /opt/airflow/dags/supplychain_pipeline_dag.py
[2025-09-23T10:07:51.978+0000] {logging_mixin.py:188} INFO - [2025-09-23T10:07:51.977+0000] {dag.py:3096} INFO - Sync 1 DAGs
[2025-09-23T10:07:52.023+0000] {logging_mixin.py:188} INFO - [2025-09-23T10:07:52.022+0000] {dag.py:3954} INFO - Setting next_dagrun for supplychain_pipeline_dag to 2025-09-23 00:00:00+00:00, run_after=2025-09-24 00:00:00+00:00
[2025-09-23T10:07:52.066+0000] {processor.py:183} INFO - Processing /opt/airflow/dags/supplychain_pipeline_dag.py took 6.213 seconds
[2025-09-23T10:08:22.577+0000] {processor.py:161} INFO - Started process (PID=196) to work on /opt/airflow/dags/supplychain_pipeline_dag.py
[2025-09-23T10:08:22.580+0000] {processor.py:830} INFO - Processing file /opt/airflow/dags/supplychain_pipeline_dag.py for tasks to queue
[2025-09-23T10:08:22.587+0000] {logging_mixin.py:188} INFO - [2025-09-23T10:08:22.586+0000] {dagbag.py:545} INFO - Filling up the DagBag from /opt/airflow/dags/supplychain_pipeline_dag.py
[2025-09-23T10:08:28.450+0000] {logging_mixin.py:188} INFO - [2025-09-23T10:08:28.450+0000] {config.py:75} INFO - Settings loaded (env=default)
[2025-09-23T10:08:28.706+0000] {processor.py:840} INFO - DAG(s) 'supplychain_pipeline_dag' retrieved from /opt/airflow/dags/supplychain_pipeline_dag.py
[2025-09-23T10:08:29.364+0000] {logging_mixin.py:188} INFO - [2025-09-23T10:08:29.363+0000] {dag.py:3096} INFO - Sync 1 DAGs
[2025-09-23T10:08:29.414+0000] {logging_mixin.py:188} INFO - [2025-09-23T10:08:29.413+0000] {dag.py:3954} INFO - Setting next_dagrun for supplychain_pipeline_dag to 2025-09-23 00:00:00+00:00, run_after=2025-09-24 00:00:00+00:00
[2025-09-23T10:08:29.463+0000] {processor.py:183} INFO - Processing /opt/airflow/dags/supplychain_pipeline_dag.py took 5.951 seconds
[2025-09-23T10:09:00.015+0000] {processor.py:161} INFO - Started process (PID=218) to work on /opt/airflow/dags/supplychain_pipeline_dag.py
[2025-09-23T10:09:00.018+0000] {processor.py:830} INFO - Processing file /opt/airflow/dags/supplychain_pipeline_dag.py for tasks to queue
[2025-09-23T10:09:00.024+0000] {logging_mixin.py:188} INFO - [2025-09-23T10:09:00.023+0000] {dagbag.py:545} INFO - Filling up the DagBag from /opt/airflow/dags/supplychain_pipeline_dag.py
[2025-09-23T10:09:04.590+0000] {logging_mixin.py:188} INFO - [2025-09-23T10:09:04.589+0000] {config.py:75} INFO - Settings loaded (env=default)
[2025-09-23T10:09:04.948+0000] {processor.py:840} INFO - DAG(s) 'supplychain_pipeline_dag' retrieved from /opt/airflow/dags/supplychain_pipeline_dag.py
[2025-09-23T10:09:05.031+0000] {logging_mixin.py:188} INFO - [2025-09-23T10:09:05.030+0000] {dag.py:3096} INFO - Sync 1 DAGs
[2025-09-23T10:09:05.074+0000] {logging_mixin.py:188} INFO - [2025-09-23T10:09:05.073+0000] {dag.py:3954} INFO - Setting next_dagrun for supplychain_pipeline_dag to 2025-09-23 00:00:00+00:00, run_after=2025-09-24 00:00:00+00:00
[2025-09-23T10:09:05.128+0000] {processor.py:183} INFO - Processing /opt/airflow/dags/supplychain_pipeline_dag.py took 5.128 seconds
[2025-09-23T10:09:36.136+0000] {processor.py:161} INFO - Started process (PID=240) to work on /opt/airflow/dags/supplychain_pipeline_dag.py
[2025-09-23T10:09:36.139+0000] {processor.py:830} INFO - Processing file /opt/airflow/dags/supplychain_pipeline_dag.py for tasks to queue
[2025-09-23T10:09:36.149+0000] {logging_mixin.py:188} INFO - [2025-09-23T10:09:36.148+0000] {dagbag.py:545} INFO - Filling up the DagBag from /opt/airflow/dags/supplychain_pipeline_dag.py
[2025-09-23T10:09:40.768+0000] {logging_mixin.py:188} INFO - [2025-09-23T10:09:40.767+0000] {config.py:75} INFO - Settings loaded (env=default)
[2025-09-23T10:09:40.979+0000] {processor.py:840} INFO - DAG(s) 'supplychain_pipeline_dag' retrieved from /opt/airflow/dags/supplychain_pipeline_dag.py
[2025-09-23T10:09:41.058+0000] {logging_mixin.py:188} INFO - [2025-09-23T10:09:41.057+0000] {dag.py:3096} INFO - Sync 1 DAGs
[2025-09-23T10:09:41.107+0000] {logging_mixin.py:188} INFO - [2025-09-23T10:09:41.106+0000] {dag.py:3954} INFO - Setting next_dagrun for supplychain_pipeline_dag to 2025-09-23 00:00:00+00:00, run_after=2025-09-24 00:00:00+00:00
[2025-09-23T10:09:41.173+0000] {processor.py:183} INFO - Processing /opt/airflow/dags/supplychain_pipeline_dag.py took 5.051 seconds
[2025-09-23T10:10:11.617+0000] {processor.py:161} INFO - Started process (PID=262) to work on /opt/airflow/dags/supplychain_pipeline_dag.py
[2025-09-23T10:10:11.621+0000] {processor.py:830} INFO - Processing file /opt/airflow/dags/supplychain_pipeline_dag.py for tasks to queue
[2025-09-23T10:10:11.628+0000] {logging_mixin.py:188} INFO - [2025-09-23T10:10:11.626+0000] {dagbag.py:545} INFO - Filling up the DagBag from /opt/airflow/dags/supplychain_pipeline_dag.py
[2025-09-23T10:10:15.970+0000] {logging_mixin.py:188} INFO - [2025-09-23T10:10:15.970+0000] {config.py:75} INFO - Settings loaded (env=default)
[2025-09-23T10:10:16.172+0000] {processor.py:840} INFO - DAG(s) 'supplychain_pipeline_dag' retrieved from /opt/airflow/dags/supplychain_pipeline_dag.py
[2025-09-23T10:10:16.306+0000] {logging_mixin.py:188} INFO - [2025-09-23T10:10:16.305+0000] {dag.py:3096} INFO - Sync 1 DAGs
[2025-09-23T10:10:16.357+0000] {logging_mixin.py:188} INFO - [2025-09-23T10:10:16.356+0000] {dag.py:3954} INFO - Setting next_dagrun for supplychain_pipeline_dag to 2025-09-23 00:00:00+00:00, run_after=2025-09-24 00:00:00+00:00
[2025-09-23T10:10:16.408+0000] {processor.py:183} INFO - Processing /opt/airflow/dags/supplychain_pipeline_dag.py took 4.807 seconds
[2025-09-23T10:10:46.659+0000] {processor.py:161} INFO - Started process (PID=284) to work on /opt/airflow/dags/supplychain_pipeline_dag.py
[2025-09-23T10:10:46.662+0000] {processor.py:830} INFO - Processing file /opt/airflow/dags/supplychain_pipeline_dag.py for tasks to queue
[2025-09-23T10:10:46.667+0000] {logging_mixin.py:188} INFO - [2025-09-23T10:10:46.666+0000] {dagbag.py:545} INFO - Filling up the DagBag from /opt/airflow/dags/supplychain_pipeline_dag.py
[2025-09-23T10:10:51.407+0000] {logging_mixin.py:188} INFO - [2025-09-23T10:10:51.407+0000] {config.py:75} INFO - Settings loaded (env=default)
[2025-09-23T10:10:51.646+0000] {processor.py:840} INFO - DAG(s) 'supplychain_pipeline_dag' retrieved from /opt/airflow/dags/supplychain_pipeline_dag.py
[2025-09-23T10:10:51.730+0000] {logging_mixin.py:188} INFO - [2025-09-23T10:10:51.730+0000] {dag.py:3096} INFO - Sync 1 DAGs
[2025-09-23T10:10:51.774+0000] {logging_mixin.py:188} INFO - [2025-09-23T10:10:51.774+0000] {dag.py:3954} INFO - Setting next_dagrun for supplychain_pipeline_dag to 2025-09-23 00:00:00+00:00, run_after=2025-09-24 00:00:00+00:00
[2025-09-23T10:10:51.824+0000] {processor.py:183} INFO - Processing /opt/airflow/dags/supplychain_pipeline_dag.py took 5.182 seconds
[2025-09-23T10:11:22.558+0000] {processor.py:161} INFO - Started process (PID=306) to work on /opt/airflow/dags/supplychain_pipeline_dag.py
[2025-09-23T10:11:22.562+0000] {processor.py:830} INFO - Processing file /opt/airflow/dags/supplychain_pipeline_dag.py for tasks to queue
[2025-09-23T10:11:22.569+0000] {logging_mixin.py:188} INFO - [2025-09-23T10:11:22.568+0000] {dagbag.py:545} INFO - Filling up the DagBag from /opt/airflow/dags/supplychain_pipeline_dag.py
[2025-09-23T10:11:27.667+0000] {logging_mixin.py:188} INFO - [2025-09-23T10:11:27.666+0000] {config.py:75} INFO - Settings loaded (env=default)
[2025-09-23T10:11:27.889+0000] {processor.py:840} INFO - DAG(s) 'supplychain_pipeline_dag' retrieved from /opt/airflow/dags/supplychain_pipeline_dag.py
[2025-09-23T10:11:27.972+0000] {logging_mixin.py:188} INFO - [2025-09-23T10:11:27.971+0000] {dag.py:3096} INFO - Sync 1 DAGs
[2025-09-23T10:11:28.016+0000] {logging_mixin.py:188} INFO - [2025-09-23T10:11:28.016+0000] {dag.py:3954} INFO - Setting next_dagrun for supplychain_pipeline_dag to 2025-09-23 00:00:00+00:00, run_after=2025-09-24 00:00:00+00:00
[2025-09-23T10:11:28.066+0000] {processor.py:183} INFO - Processing /opt/airflow/dags/supplychain_pipeline_dag.py took 5.525 seconds
[2025-09-23T10:11:58.609+0000] {processor.py:161} INFO - Started process (PID=328) to work on /opt/airflow/dags/supplychain_pipeline_dag.py
[2025-09-23T10:11:58.616+0000] {processor.py:830} INFO - Processing file /opt/airflow/dags/supplychain_pipeline_dag.py for tasks to queue
[2025-09-23T10:11:58.624+0000] {logging_mixin.py:188} INFO - [2025-09-23T10:11:58.622+0000] {dagbag.py:545} INFO - Filling up the DagBag from /opt/airflow/dags/supplychain_pipeline_dag.py
[2025-09-23T10:12:02.985+0000] {logging_mixin.py:188} INFO - [2025-09-23T10:12:02.984+0000] {config.py:75} INFO - Settings loaded (env=default)
[2025-09-23T10:12:03.217+0000] {processor.py:840} INFO - DAG(s) 'supplychain_pipeline_dag' retrieved from /opt/airflow/dags/supplychain_pipeline_dag.py
[2025-09-23T10:12:03.298+0000] {logging_mixin.py:188} INFO - [2025-09-23T10:12:03.298+0000] {dag.py:3096} INFO - Sync 1 DAGs
[2025-09-23T10:12:03.346+0000] {logging_mixin.py:188} INFO - [2025-09-23T10:12:03.345+0000] {dag.py:3954} INFO - Setting next_dagrun for supplychain_pipeline_dag to 2025-09-23 00:00:00+00:00, run_after=2025-09-24 00:00:00+00:00
[2025-09-23T10:12:03.400+0000] {processor.py:183} INFO - Processing /opt/airflow/dags/supplychain_pipeline_dag.py took 5.045 seconds
[2025-09-23T10:12:34.096+0000] {processor.py:161} INFO - Started process (PID=350) to work on /opt/airflow/dags/supplychain_pipeline_dag.py
[2025-09-23T10:12:34.099+0000] {processor.py:830} INFO - Processing file /opt/airflow/dags/supplychain_pipeline_dag.py for tasks to queue
[2025-09-23T10:12:34.104+0000] {logging_mixin.py:188} INFO - [2025-09-23T10:12:34.103+0000] {dagbag.py:545} INFO - Filling up the DagBag from /opt/airflow/dags/supplychain_pipeline_dag.py
[2025-09-23T10:12:38.769+0000] {logging_mixin.py:188} INFO - [2025-09-23T10:12:38.769+0000] {config.py:75} INFO - Settings loaded (env=default)
[2025-09-23T10:12:38.990+0000] {processor.py:840} INFO - DAG(s) 'supplychain_pipeline_dag' retrieved from /opt/airflow/dags/supplychain_pipeline_dag.py
[2025-09-23T10:12:39.068+0000] {logging_mixin.py:188} INFO - [2025-09-23T10:12:39.067+0000] {dag.py:3096} INFO - Sync 1 DAGs
[2025-09-23T10:12:39.112+0000] {logging_mixin.py:188} INFO - [2025-09-23T10:12:39.112+0000] {dag.py:3954} INFO - Setting next_dagrun for supplychain_pipeline_dag to 2025-09-23 00:00:00+00:00, run_after=2025-09-24 00:00:00+00:00
[2025-09-23T10:12:39.162+0000] {processor.py:183} INFO - Processing /opt/airflow/dags/supplychain_pipeline_dag.py took 5.081 seconds
[2025-09-23T10:13:01.613+0000] {processor.py:161} INFO - Started process (PID=372) to work on /opt/airflow/dags/supplychain_pipeline_dag.py
[2025-09-23T10:13:01.616+0000] {processor.py:830} INFO - Processing file /opt/airflow/dags/supplychain_pipeline_dag.py for tasks to queue
[2025-09-23T10:13:01.621+0000] {logging_mixin.py:188} INFO - [2025-09-23T10:13:01.620+0000] {dagbag.py:545} INFO - Filling up the DagBag from /opt/airflow/dags/supplychain_pipeline_dag.py
[2025-09-23T10:13:07.459+0000] {logging_mixin.py:188} INFO - [2025-09-23T10:13:07.458+0000] {config.py:75} INFO - Settings loaded (env=default)
[2025-09-23T10:13:07.690+0000] {processor.py:840} INFO - DAG(s) 'supplychain_pipeline_dag' retrieved from /opt/airflow/dags/supplychain_pipeline_dag.py
[2025-09-23T10:13:07.982+0000] {logging_mixin.py:188} INFO - [2025-09-23T10:13:07.981+0000] {dag.py:3096} INFO - Sync 1 DAGs
[2025-09-23T10:13:08.029+0000] {logging_mixin.py:188} INFO - [2025-09-23T10:13:08.029+0000] {dag.py:3954} INFO - Setting next_dagrun for supplychain_pipeline_dag to 2025-09-23 09:30:00+00:00, run_after=2025-09-23 10:00:00+00:00
[2025-09-23T10:13:08.106+0000] {processor.py:183} INFO - Processing /opt/airflow/dags/supplychain_pipeline_dag.py took 5.359 seconds
[2025-09-23T10:13:38.748+0000] {processor.py:161} INFO - Started process (PID=450) to work on /opt/airflow/dags/supplychain_pipeline_dag.py
[2025-09-23T10:13:38.751+0000] {processor.py:830} INFO - Processing file /opt/airflow/dags/supplychain_pipeline_dag.py for tasks to queue
[2025-09-23T10:13:38.758+0000] {logging_mixin.py:188} INFO - [2025-09-23T10:13:38.757+0000] {dagbag.py:545} INFO - Filling up the DagBag from /opt/airflow/dags/supplychain_pipeline_dag.py
[2025-09-23T10:13:43.840+0000] {logging_mixin.py:188} INFO - [2025-09-23T10:13:43.840+0000] {config.py:75} INFO - Settings loaded (env=default)
[2025-09-23T10:13:44.108+0000] {processor.py:840} INFO - DAG(s) 'supplychain_pipeline_dag' retrieved from /opt/airflow/dags/supplychain_pipeline_dag.py
[2025-09-23T10:13:44.147+0000] {logging_mixin.py:188} INFO - [2025-09-23T10:13:44.146+0000] {dag.py:3096} INFO - Sync 1 DAGs
[2025-09-23T10:13:44.207+0000] {logging_mixin.py:188} INFO - [2025-09-23T10:13:44.206+0000] {dag.py:3954} INFO - Setting next_dagrun for supplychain_pipeline_dag to 2025-09-23 10:00:00+00:00, run_after=2025-09-23 10:30:00+00:00
[2025-09-23T10:13:44.255+0000] {processor.py:183} INFO - Processing /opt/airflow/dags/supplychain_pipeline_dag.py took 5.532 seconds
[2025-09-23T10:14:15.211+0000] {processor.py:161} INFO - Started process (PID=541) to work on /opt/airflow/dags/supplychain_pipeline_dag.py
[2025-09-23T10:14:15.217+0000] {processor.py:830} INFO - Processing file /opt/airflow/dags/supplychain_pipeline_dag.py for tasks to queue
[2025-09-23T10:14:15.226+0000] {logging_mixin.py:188} INFO - [2025-09-23T10:14:15.224+0000] {dagbag.py:545} INFO - Filling up the DagBag from /opt/airflow/dags/supplychain_pipeline_dag.py
[2025-09-23T10:14:20.095+0000] {logging_mixin.py:188} INFO - [2025-09-23T10:14:20.095+0000] {config.py:75} INFO - Settings loaded (env=default)
[2025-09-23T10:14:20.381+0000] {processor.py:840} INFO - DAG(s) 'supplychain_pipeline_dag' retrieved from /opt/airflow/dags/supplychain_pipeline_dag.py
[2025-09-23T10:14:20.731+0000] {logging_mixin.py:188} INFO - [2025-09-23T10:14:20.730+0000] {dag.py:3096} INFO - Sync 1 DAGs
[2025-09-23T10:14:20.784+0000] {logging_mixin.py:188} INFO - [2025-09-23T10:14:20.784+0000] {dag.py:3954} INFO - Setting next_dagrun for supplychain_pipeline_dag to 2025-09-23 10:00:00+00:00, run_after=2025-09-23 10:30:00+00:00
[2025-09-23T10:14:20.842+0000] {processor.py:183} INFO - Processing /opt/airflow/dags/supplychain_pipeline_dag.py took 5.659 seconds
[2025-09-23T10:14:51.773+0000] {processor.py:161} INFO - Started process (PID=579) to work on /opt/airflow/dags/supplychain_pipeline_dag.py
[2025-09-23T10:14:51.777+0000] {processor.py:830} INFO - Processing file /opt/airflow/dags/supplychain_pipeline_dag.py for tasks to queue
[2025-09-23T10:14:51.782+0000] {logging_mixin.py:188} INFO - [2025-09-23T10:14:51.782+0000] {dagbag.py:545} INFO - Filling up the DagBag from /opt/airflow/dags/supplychain_pipeline_dag.py
[2025-09-23T10:14:56.386+0000] {logging_mixin.py:188} INFO - [2025-09-23T10:14:56.386+0000] {config.py:75} INFO - Settings loaded (env=default)
[2025-09-23T10:14:56.620+0000] {processor.py:840} INFO - DAG(s) 'supplychain_pipeline_dag' retrieved from /opt/airflow/dags/supplychain_pipeline_dag.py
[2025-09-23T10:14:56.702+0000] {logging_mixin.py:188} INFO - [2025-09-23T10:14:56.700+0000] {dag.py:3096} INFO - Sync 1 DAGs
[2025-09-23T10:14:56.745+0000] {logging_mixin.py:188} INFO - [2025-09-23T10:14:56.744+0000] {dag.py:3954} INFO - Setting next_dagrun for supplychain_pipeline_dag to 2025-09-23 10:00:00+00:00, run_after=2025-09-23 10:30:00+00:00
[2025-09-23T10:14:56.797+0000] {processor.py:183} INFO - Processing /opt/airflow/dags/supplychain_pipeline_dag.py took 5.040 seconds
[2025-09-23T10:15:27.700+0000] {processor.py:161} INFO - Started process (PID=601) to work on /opt/airflow/dags/supplychain_pipeline_dag.py
[2025-09-23T10:15:27.705+0000] {processor.py:830} INFO - Processing file /opt/airflow/dags/supplychain_pipeline_dag.py for tasks to queue
[2025-09-23T10:15:27.714+0000] {logging_mixin.py:188} INFO - [2025-09-23T10:15:27.710+0000] {dagbag.py:545} INFO - Filling up the DagBag from /opt/airflow/dags/supplychain_pipeline_dag.py
[2025-09-23T10:15:32.420+0000] {logging_mixin.py:188} INFO - [2025-09-23T10:15:32.419+0000] {config.py:75} INFO - Settings loaded (env=default)
[2025-09-23T10:15:32.686+0000] {processor.py:840} INFO - DAG(s) 'supplychain_pipeline_dag' retrieved from /opt/airflow/dags/supplychain_pipeline_dag.py
[2025-09-23T10:15:32.778+0000] {logging_mixin.py:188} INFO - [2025-09-23T10:15:32.777+0000] {dag.py:3096} INFO - Sync 1 DAGs
[2025-09-23T10:15:32.830+0000] {logging_mixin.py:188} INFO - [2025-09-23T10:15:32.829+0000] {dag.py:3954} INFO - Setting next_dagrun for supplychain_pipeline_dag to 2025-09-23 10:00:00+00:00, run_after=2025-09-23 10:30:00+00:00
[2025-09-23T10:15:32.887+0000] {processor.py:183} INFO - Processing /opt/airflow/dags/supplychain_pipeline_dag.py took 5.208 seconds
