[2025-10-05T18:22:37.826+0000] {processor.py:161} INFO - Started process (PID=171) to work on /opt/airflow/dags/supplychain_pipeline_dag.py
[2025-10-05T18:22:37.829+0000] {processor.py:830} INFO - Processing file /opt/airflow/dags/supplychain_pipeline_dag.py for tasks to queue
[2025-10-05T18:22:37.836+0000] {logging_mixin.py:188} INFO - [2025-10-05T18:22:37.835+0000] {dagbag.py:545} INFO - Filling up the DagBag from /opt/airflow/dags/supplychain_pipeline_dag.py
[2025-10-05T18:22:41.035+0000] {logging_mixin.py:188} INFO - [2025-10-05T18:22:41.035+0000] {font_manager.py:1639} INFO - generated new fontManager
[2025-10-05T18:22:44.131+0000] {logging_mixin.py:188} INFO - [2025-10-05T18:22:44.131+0000] {config.py:75} INFO - Settings loaded (env=default)
[2025-10-05T18:22:44.512+0000] {processor.py:840} INFO - DAG(s) 'supplychain_pipeline_dag' retrieved from /opt/airflow/dags/supplychain_pipeline_dag.py
[2025-10-05T18:22:44.548+0000] {logging_mixin.py:188} INFO - [2025-10-05T18:22:44.547+0000] {dag.py:3096} INFO - Sync 1 DAGs
[2025-10-05T18:22:44.603+0000] {logging_mixin.py:188} INFO - [2025-10-05T18:22:44.602+0000] {dag.py:3954} INFO - Setting next_dagrun for supplychain_pipeline_dag to 2025-10-05 18:00:00+00:00, run_after=2025-10-05 18:30:00+00:00
[2025-10-05T18:22:44.657+0000] {processor.py:183} INFO - Processing /opt/airflow/dags/supplychain_pipeline_dag.py took 6.845 seconds
[2025-10-05T18:23:15.489+0000] {processor.py:161} INFO - Started process (PID=280) to work on /opt/airflow/dags/supplychain_pipeline_dag.py
[2025-10-05T18:23:15.492+0000] {processor.py:830} INFO - Processing file /opt/airflow/dags/supplychain_pipeline_dag.py for tasks to queue
[2025-10-05T18:23:15.501+0000] {logging_mixin.py:188} INFO - [2025-10-05T18:23:15.499+0000] {dagbag.py:545} INFO - Filling up the DagBag from /opt/airflow/dags/supplychain_pipeline_dag.py
[2025-10-05T18:23:20.291+0000] {logging_mixin.py:188} INFO - [2025-10-05T18:23:20.291+0000] {config.py:75} INFO - Settings loaded (env=default)
[2025-10-05T18:23:20.524+0000] {processor.py:840} INFO - DAG(s) 'supplychain_pipeline_dag' retrieved from /opt/airflow/dags/supplychain_pipeline_dag.py
[2025-10-05T18:23:21.178+0000] {logging_mixin.py:188} INFO - [2025-10-05T18:23:21.177+0000] {dag.py:3096} INFO - Sync 1 DAGs
[2025-10-05T18:23:21.214+0000] {logging_mixin.py:188} INFO - [2025-10-05T18:23:21.213+0000] {dag.py:3954} INFO - Setting next_dagrun for supplychain_pipeline_dag to 2025-10-05 18:00:00+00:00, run_after=2025-10-05 18:30:00+00:00
[2025-10-05T18:23:21.255+0000] {processor.py:183} INFO - Processing /opt/airflow/dags/supplychain_pipeline_dag.py took 5.786 seconds
[2025-10-05T18:23:52.012+0000] {processor.py:161} INFO - Started process (PID=353) to work on /opt/airflow/dags/supplychain_pipeline_dag.py
[2025-10-05T18:23:52.015+0000] {processor.py:830} INFO - Processing file /opt/airflow/dags/supplychain_pipeline_dag.py for tasks to queue
[2025-10-05T18:23:52.021+0000] {logging_mixin.py:188} INFO - [2025-10-05T18:23:52.020+0000] {dagbag.py:545} INFO - Filling up the DagBag from /opt/airflow/dags/supplychain_pipeline_dag.py
[2025-10-05T18:23:56.691+0000] {logging_mixin.py:188} INFO - [2025-10-05T18:23:56.690+0000] {config.py:75} INFO - Settings loaded (env=default)
[2025-10-05T18:23:56.913+0000] {processor.py:840} INFO - DAG(s) 'supplychain_pipeline_dag' retrieved from /opt/airflow/dags/supplychain_pipeline_dag.py
[2025-10-05T18:23:56.995+0000] {logging_mixin.py:188} INFO - [2025-10-05T18:23:56.994+0000] {dag.py:3096} INFO - Sync 1 DAGs
[2025-10-05T18:23:57.045+0000] {logging_mixin.py:188} INFO - [2025-10-05T18:23:57.044+0000] {dag.py:3954} INFO - Setting next_dagrun for supplychain_pipeline_dag to 2025-10-05 18:00:00+00:00, run_after=2025-10-05 18:30:00+00:00
[2025-10-05T18:23:57.100+0000] {processor.py:183} INFO - Processing /opt/airflow/dags/supplychain_pipeline_dag.py took 5.106 seconds
[2025-10-05T18:24:27.728+0000] {processor.py:161} INFO - Started process (PID=391) to work on /opt/airflow/dags/supplychain_pipeline_dag.py
[2025-10-05T18:24:27.731+0000] {processor.py:830} INFO - Processing file /opt/airflow/dags/supplychain_pipeline_dag.py for tasks to queue
[2025-10-05T18:24:27.739+0000] {logging_mixin.py:188} INFO - [2025-10-05T18:24:27.738+0000] {dagbag.py:545} INFO - Filling up the DagBag from /opt/airflow/dags/supplychain_pipeline_dag.py
[2025-10-05T18:24:32.232+0000] {logging_mixin.py:188} INFO - [2025-10-05T18:24:32.232+0000] {config.py:75} INFO - Settings loaded (env=default)
[2025-10-05T18:24:32.456+0000] {processor.py:840} INFO - DAG(s) 'supplychain_pipeline_dag' retrieved from /opt/airflow/dags/supplychain_pipeline_dag.py
[2025-10-05T18:24:32.535+0000] {logging_mixin.py:188} INFO - [2025-10-05T18:24:32.534+0000] {dag.py:3096} INFO - Sync 1 DAGs
[2025-10-05T18:24:32.585+0000] {logging_mixin.py:188} INFO - [2025-10-05T18:24:32.585+0000] {dag.py:3954} INFO - Setting next_dagrun for supplychain_pipeline_dag to 2025-10-05 18:00:00+00:00, run_after=2025-10-05 18:30:00+00:00
[2025-10-05T18:24:32.637+0000] {processor.py:183} INFO - Processing /opt/airflow/dags/supplychain_pipeline_dag.py took 4.930 seconds
[2025-10-05T18:25:03.368+0000] {processor.py:161} INFO - Started process (PID=413) to work on /opt/airflow/dags/supplychain_pipeline_dag.py
[2025-10-05T18:25:03.371+0000] {processor.py:830} INFO - Processing file /opt/airflow/dags/supplychain_pipeline_dag.py for tasks to queue
[2025-10-05T18:25:03.377+0000] {logging_mixin.py:188} INFO - [2025-10-05T18:25:03.376+0000] {dagbag.py:545} INFO - Filling up the DagBag from /opt/airflow/dags/supplychain_pipeline_dag.py
[2025-10-05T18:25:08.034+0000] {logging_mixin.py:188} INFO - [2025-10-05T18:25:08.033+0000] {config.py:75} INFO - Settings loaded (env=default)
[2025-10-05T18:25:08.252+0000] {processor.py:840} INFO - DAG(s) 'supplychain_pipeline_dag' retrieved from /opt/airflow/dags/supplychain_pipeline_dag.py
[2025-10-05T18:25:08.330+0000] {logging_mixin.py:188} INFO - [2025-10-05T18:25:08.330+0000] {dag.py:3096} INFO - Sync 1 DAGs
[2025-10-05T18:25:08.378+0000] {logging_mixin.py:188} INFO - [2025-10-05T18:25:08.378+0000] {dag.py:3954} INFO - Setting next_dagrun for supplychain_pipeline_dag to 2025-10-05 18:00:00+00:00, run_after=2025-10-05 18:30:00+00:00
[2025-10-05T18:25:08.426+0000] {processor.py:183} INFO - Processing /opt/airflow/dags/supplychain_pipeline_dag.py took 5.072 seconds
[2025-10-05T18:25:39.154+0000] {processor.py:161} INFO - Started process (PID=435) to work on /opt/airflow/dags/supplychain_pipeline_dag.py
[2025-10-05T18:25:39.157+0000] {processor.py:830} INFO - Processing file /opt/airflow/dags/supplychain_pipeline_dag.py for tasks to queue
[2025-10-05T18:25:39.163+0000] {logging_mixin.py:188} INFO - [2025-10-05T18:25:39.162+0000] {dagbag.py:545} INFO - Filling up the DagBag from /opt/airflow/dags/supplychain_pipeline_dag.py
[2025-10-05T18:25:43.363+0000] {logging_mixin.py:188} INFO - [2025-10-05T18:25:43.363+0000] {config.py:75} INFO - Settings loaded (env=default)
[2025-10-05T18:25:43.555+0000] {processor.py:840} INFO - DAG(s) 'supplychain_pipeline_dag' retrieved from /opt/airflow/dags/supplychain_pipeline_dag.py
[2025-10-05T18:25:43.629+0000] {logging_mixin.py:188} INFO - [2025-10-05T18:25:43.629+0000] {dag.py:3096} INFO - Sync 1 DAGs
[2025-10-05T18:25:43.672+0000] {logging_mixin.py:188} INFO - [2025-10-05T18:25:43.672+0000] {dag.py:3954} INFO - Setting next_dagrun for supplychain_pipeline_dag to 2025-10-05 18:00:00+00:00, run_after=2025-10-05 18:30:00+00:00
[2025-10-05T18:25:43.722+0000] {processor.py:183} INFO - Processing /opt/airflow/dags/supplychain_pipeline_dag.py took 4.588 seconds
[2025-10-05T18:26:14.423+0000] {processor.py:161} INFO - Started process (PID=457) to work on /opt/airflow/dags/supplychain_pipeline_dag.py
[2025-10-05T18:26:14.425+0000] {processor.py:830} INFO - Processing file /opt/airflow/dags/supplychain_pipeline_dag.py for tasks to queue
[2025-10-05T18:26:14.430+0000] {logging_mixin.py:188} INFO - [2025-10-05T18:26:14.429+0000] {dagbag.py:545} INFO - Filling up the DagBag from /opt/airflow/dags/supplychain_pipeline_dag.py
[2025-10-05T18:26:18.924+0000] {logging_mixin.py:188} INFO - [2025-10-05T18:26:18.923+0000] {config.py:75} INFO - Settings loaded (env=default)
[2025-10-05T18:26:19.185+0000] {processor.py:840} INFO - DAG(s) 'supplychain_pipeline_dag' retrieved from /opt/airflow/dags/supplychain_pipeline_dag.py
[2025-10-05T18:26:19.259+0000] {logging_mixin.py:188} INFO - [2025-10-05T18:26:19.259+0000] {dag.py:3096} INFO - Sync 1 DAGs
[2025-10-05T18:26:19.305+0000] {logging_mixin.py:188} INFO - [2025-10-05T18:26:19.304+0000] {dag.py:3954} INFO - Setting next_dagrun for supplychain_pipeline_dag to 2025-10-05 18:00:00+00:00, run_after=2025-10-05 18:30:00+00:00
[2025-10-05T18:26:19.348+0000] {processor.py:183} INFO - Processing /opt/airflow/dags/supplychain_pipeline_dag.py took 4.938 seconds
[2025-10-05T18:26:50.134+0000] {processor.py:161} INFO - Started process (PID=479) to work on /opt/airflow/dags/supplychain_pipeline_dag.py
[2025-10-05T18:26:50.138+0000] {processor.py:830} INFO - Processing file /opt/airflow/dags/supplychain_pipeline_dag.py for tasks to queue
[2025-10-05T18:26:50.144+0000] {logging_mixin.py:188} INFO - [2025-10-05T18:26:50.143+0000] {dagbag.py:545} INFO - Filling up the DagBag from /opt/airflow/dags/supplychain_pipeline_dag.py
[2025-10-05T18:26:54.744+0000] {logging_mixin.py:188} INFO - [2025-10-05T18:26:54.743+0000] {config.py:75} INFO - Settings loaded (env=default)
[2025-10-05T18:26:54.966+0000] {processor.py:840} INFO - DAG(s) 'supplychain_pipeline_dag' retrieved from /opt/airflow/dags/supplychain_pipeline_dag.py
[2025-10-05T18:26:55.041+0000] {logging_mixin.py:188} INFO - [2025-10-05T18:26:55.040+0000] {dag.py:3096} INFO - Sync 1 DAGs
[2025-10-05T18:26:55.084+0000] {logging_mixin.py:188} INFO - [2025-10-05T18:26:55.084+0000] {dag.py:3954} INFO - Setting next_dagrun for supplychain_pipeline_dag to 2025-10-05 18:00:00+00:00, run_after=2025-10-05 18:30:00+00:00
[2025-10-05T18:26:55.133+0000] {processor.py:183} INFO - Processing /opt/airflow/dags/supplychain_pipeline_dag.py took 5.013 seconds
[2025-10-05T18:35:24.836+0000] {processor.py:161} INFO - Started process (PID=172) to work on /opt/airflow/dags/supplychain_pipeline_dag.py
[2025-10-05T18:35:24.838+0000] {processor.py:830} INFO - Processing file /opt/airflow/dags/supplychain_pipeline_dag.py for tasks to queue
[2025-10-05T18:35:24.844+0000] {logging_mixin.py:188} INFO - [2025-10-05T18:35:24.843+0000] {dagbag.py:545} INFO - Filling up the DagBag from /opt/airflow/dags/supplychain_pipeline_dag.py
[2025-10-05T18:35:28.194+0000] {logging_mixin.py:188} INFO - [2025-10-05T18:35:28.194+0000] {font_manager.py:1639} INFO - generated new fontManager
[2025-10-05T18:35:31.408+0000] {logging_mixin.py:188} INFO - [2025-10-05T18:35:31.408+0000] {config.py:75} INFO - Settings loaded (env=default)
[2025-10-05T18:35:31.843+0000] {processor.py:840} INFO - DAG(s) 'supplychain_pipeline_dag' retrieved from /opt/airflow/dags/supplychain_pipeline_dag.py
[2025-10-05T18:35:31.881+0000] {logging_mixin.py:188} INFO - [2025-10-05T18:35:31.880+0000] {dag.py:3096} INFO - Sync 1 DAGs
[2025-10-05T18:35:31.925+0000] {logging_mixin.py:188} INFO - [2025-10-05T18:35:31.924+0000] {dag.py:3954} INFO - Setting next_dagrun for supplychain_pipeline_dag to 2025-10-05 18:00:00+00:00, run_after=2025-10-05 18:30:00+00:00
[2025-10-05T18:35:31.972+0000] {processor.py:183} INFO - Processing /opt/airflow/dags/supplychain_pipeline_dag.py took 7.149 seconds
[2025-10-05T18:36:02.599+0000] {processor.py:161} INFO - Started process (PID=196) to work on /opt/airflow/dags/supplychain_pipeline_dag.py
[2025-10-05T18:36:02.601+0000] {processor.py:830} INFO - Processing file /opt/airflow/dags/supplychain_pipeline_dag.py for tasks to queue
[2025-10-05T18:36:02.609+0000] {logging_mixin.py:188} INFO - [2025-10-05T18:36:02.607+0000] {dagbag.py:545} INFO - Filling up the DagBag from /opt/airflow/dags/supplychain_pipeline_dag.py
[2025-10-05T18:36:06.969+0000] {logging_mixin.py:188} INFO - [2025-10-05T18:36:06.968+0000] {config.py:75} INFO - Settings loaded (env=default)
[2025-10-05T18:36:07.162+0000] {processor.py:840} INFO - DAG(s) 'supplychain_pipeline_dag' retrieved from /opt/airflow/dags/supplychain_pipeline_dag.py
[2025-10-05T18:36:07.671+0000] {logging_mixin.py:188} INFO - [2025-10-05T18:36:07.670+0000] {dag.py:3096} INFO - Sync 1 DAGs
[2025-10-05T18:36:07.711+0000] {logging_mixin.py:188} INFO - [2025-10-05T18:36:07.711+0000] {dag.py:3954} INFO - Setting next_dagrun for supplychain_pipeline_dag to 2025-10-05 18:00:00+00:00, run_after=2025-10-05 18:30:00+00:00
[2025-10-05T18:36:07.761+0000] {processor.py:183} INFO - Processing /opt/airflow/dags/supplychain_pipeline_dag.py took 5.178 seconds
[2025-10-05T18:36:38.398+0000] {processor.py:161} INFO - Started process (PID=218) to work on /opt/airflow/dags/supplychain_pipeline_dag.py
[2025-10-05T18:36:38.412+0000] {processor.py:830} INFO - Processing file /opt/airflow/dags/supplychain_pipeline_dag.py for tasks to queue
[2025-10-05T18:36:38.420+0000] {logging_mixin.py:188} INFO - [2025-10-05T18:36:38.419+0000] {dagbag.py:545} INFO - Filling up the DagBag from /opt/airflow/dags/supplychain_pipeline_dag.py
[2025-10-05T18:36:42.772+0000] {logging_mixin.py:188} INFO - [2025-10-05T18:36:42.771+0000] {config.py:75} INFO - Settings loaded (env=default)
[2025-10-05T18:36:42.965+0000] {processor.py:840} INFO - DAG(s) 'supplychain_pipeline_dag' retrieved from /opt/airflow/dags/supplychain_pipeline_dag.py
[2025-10-05T18:36:43.040+0000] {logging_mixin.py:188} INFO - [2025-10-05T18:36:43.039+0000] {dag.py:3096} INFO - Sync 1 DAGs
[2025-10-05T18:36:43.085+0000] {logging_mixin.py:188} INFO - [2025-10-05T18:36:43.084+0000] {dag.py:3954} INFO - Setting next_dagrun for supplychain_pipeline_dag to 2025-10-05 18:00:00+00:00, run_after=2025-10-05 18:30:00+00:00
[2025-10-05T18:36:43.136+0000] {processor.py:183} INFO - Processing /opt/airflow/dags/supplychain_pipeline_dag.py took 4.766 seconds
[2025-10-05T18:37:13.914+0000] {processor.py:161} INFO - Started process (PID=307) to work on /opt/airflow/dags/supplychain_pipeline_dag.py
[2025-10-05T18:37:13.917+0000] {processor.py:830} INFO - Processing file /opt/airflow/dags/supplychain_pipeline_dag.py for tasks to queue
[2025-10-05T18:37:13.921+0000] {logging_mixin.py:188} INFO - [2025-10-05T18:37:13.921+0000] {dagbag.py:545} INFO - Filling up the DagBag from /opt/airflow/dags/supplychain_pipeline_dag.py
[2025-10-05T18:37:18.786+0000] {logging_mixin.py:188} INFO - [2025-10-05T18:37:18.786+0000] {config.py:75} INFO - Settings loaded (env=default)
[2025-10-05T18:37:19.059+0000] {processor.py:840} INFO - DAG(s) 'supplychain_pipeline_dag' retrieved from /opt/airflow/dags/supplychain_pipeline_dag.py
[2025-10-05T18:37:19.151+0000] {logging_mixin.py:188} INFO - [2025-10-05T18:37:19.150+0000] {dag.py:3096} INFO - Sync 1 DAGs
[2025-10-05T18:37:19.207+0000] {logging_mixin.py:188} INFO - [2025-10-05T18:37:19.206+0000] {dag.py:3954} INFO - Setting next_dagrun for supplychain_pipeline_dag to 2025-10-05 18:30:00+00:00, run_after=2025-10-05 19:00:00+00:00
[2025-10-05T18:37:19.249+0000] {processor.py:183} INFO - Processing /opt/airflow/dags/supplychain_pipeline_dag.py took 5.350 seconds
[2025-10-05T18:37:49.822+0000] {processor.py:161} INFO - Started process (PID=537) to work on /opt/airflow/dags/supplychain_pipeline_dag.py
[2025-10-05T18:37:49.830+0000] {processor.py:830} INFO - Processing file /opt/airflow/dags/supplychain_pipeline_dag.py for tasks to queue
[2025-10-05T18:37:49.851+0000] {logging_mixin.py:188} INFO - [2025-10-05T18:37:49.847+0000] {dagbag.py:545} INFO - Filling up the DagBag from /opt/airflow/dags/supplychain_pipeline_dag.py
[2025-10-05T18:37:55.854+0000] {logging_mixin.py:188} INFO - [2025-10-05T18:37:55.854+0000] {config.py:75} INFO - Settings loaded (env=default)
[2025-10-05T18:37:56.142+0000] {processor.py:840} INFO - DAG(s) 'supplychain_pipeline_dag' retrieved from /opt/airflow/dags/supplychain_pipeline_dag.py
[2025-10-05T18:37:56.224+0000] {logging_mixin.py:188} INFO - [2025-10-05T18:37:56.223+0000] {dag.py:3096} INFO - Sync 1 DAGs
[2025-10-05T18:37:56.300+0000] {logging_mixin.py:188} INFO - [2025-10-05T18:37:56.299+0000] {dag.py:3954} INFO - Setting next_dagrun for supplychain_pipeline_dag to 2025-10-05 18:30:00+00:00, run_after=2025-10-05 19:00:00+00:00
[2025-10-05T18:37:56.356+0000] {processor.py:183} INFO - Processing /opt/airflow/dags/supplychain_pipeline_dag.py took 6.583 seconds
[2025-10-05T18:38:26.762+0000] {processor.py:161} INFO - Started process (PID=607) to work on /opt/airflow/dags/supplychain_pipeline_dag.py
[2025-10-05T18:38:26.765+0000] {processor.py:830} INFO - Processing file /opt/airflow/dags/supplychain_pipeline_dag.py for tasks to queue
[2025-10-05T18:38:26.774+0000] {logging_mixin.py:188} INFO - [2025-10-05T18:38:26.771+0000] {dagbag.py:545} INFO - Filling up the DagBag from /opt/airflow/dags/supplychain_pipeline_dag.py
[2025-10-05T18:38:31.143+0000] {logging_mixin.py:188} INFO - [2025-10-05T18:38:31.142+0000] {config.py:75} INFO - Settings loaded (env=default)
[2025-10-05T18:38:31.346+0000] {processor.py:840} INFO - DAG(s) 'supplychain_pipeline_dag' retrieved from /opt/airflow/dags/supplychain_pipeline_dag.py
[2025-10-05T18:38:31.434+0000] {logging_mixin.py:188} INFO - [2025-10-05T18:38:31.434+0000] {dag.py:3096} INFO - Sync 1 DAGs
[2025-10-05T18:38:31.477+0000] {logging_mixin.py:188} INFO - [2025-10-05T18:38:31.477+0000] {dag.py:3954} INFO - Setting next_dagrun for supplychain_pipeline_dag to 2025-10-05 18:30:00+00:00, run_after=2025-10-05 19:00:00+00:00
[2025-10-05T18:38:31.517+0000] {processor.py:183} INFO - Processing /opt/airflow/dags/supplychain_pipeline_dag.py took 4.782 seconds
[2025-10-05T18:39:01.752+0000] {processor.py:161} INFO - Started process (PID=629) to work on /opt/airflow/dags/supplychain_pipeline_dag.py
[2025-10-05T18:39:01.756+0000] {processor.py:830} INFO - Processing file /opt/airflow/dags/supplychain_pipeline_dag.py for tasks to queue
[2025-10-05T18:39:01.764+0000] {logging_mixin.py:188} INFO - [2025-10-05T18:39:01.762+0000] {dagbag.py:545} INFO - Filling up the DagBag from /opt/airflow/dags/supplychain_pipeline_dag.py
[2025-10-05T18:39:07.143+0000] {logging_mixin.py:188} INFO - [2025-10-05T18:39:07.139+0000] {config.py:75} INFO - Settings loaded (env=default)
[2025-10-05T18:39:07.473+0000] {processor.py:840} INFO - DAG(s) 'supplychain_pipeline_dag' retrieved from /opt/airflow/dags/supplychain_pipeline_dag.py
[2025-10-05T18:39:07.552+0000] {logging_mixin.py:188} INFO - [2025-10-05T18:39:07.551+0000] {dag.py:3096} INFO - Sync 1 DAGs
[2025-10-05T18:39:07.593+0000] {logging_mixin.py:188} INFO - [2025-10-05T18:39:07.593+0000] {dag.py:3954} INFO - Setting next_dagrun for supplychain_pipeline_dag to 2025-10-05 18:30:00+00:00, run_after=2025-10-05 19:00:00+00:00
[2025-10-05T18:39:07.643+0000] {processor.py:183} INFO - Processing /opt/airflow/dags/supplychain_pipeline_dag.py took 5.908 seconds
[2025-10-05T18:39:38.414+0000] {processor.py:161} INFO - Started process (PID=651) to work on /opt/airflow/dags/supplychain_pipeline_dag.py
[2025-10-05T18:39:38.417+0000] {processor.py:830} INFO - Processing file /opt/airflow/dags/supplychain_pipeline_dag.py for tasks to queue
[2025-10-05T18:39:38.423+0000] {logging_mixin.py:188} INFO - [2025-10-05T18:39:38.421+0000] {dagbag.py:545} INFO - Filling up the DagBag from /opt/airflow/dags/supplychain_pipeline_dag.py
[2025-10-05T18:39:42.677+0000] {logging_mixin.py:188} INFO - [2025-10-05T18:39:42.677+0000] {config.py:75} INFO - Settings loaded (env=default)
[2025-10-05T18:39:42.900+0000] {processor.py:840} INFO - DAG(s) 'supplychain_pipeline_dag' retrieved from /opt/airflow/dags/supplychain_pipeline_dag.py
[2025-10-05T18:39:43.946+0000] {logging_mixin.py:188} INFO - [2025-10-05T18:39:43.945+0000] {dag.py:3096} INFO - Sync 1 DAGs
[2025-10-05T18:39:44.002+0000] {logging_mixin.py:188} INFO - [2025-10-05T18:39:44.001+0000] {dag.py:3954} INFO - Setting next_dagrun for supplychain_pipeline_dag to 2025-10-05 18:30:00+00:00, run_after=2025-10-05 19:00:00+00:00
[2025-10-05T18:39:44.046+0000] {processor.py:183} INFO - Processing /opt/airflow/dags/supplychain_pipeline_dag.py took 4.676 seconds
[2025-10-05T18:39:55.689+0000] {processor.py:161} INFO - Started process (PID=673) to work on /opt/airflow/dags/supplychain_pipeline_dag.py
[2025-10-05T18:39:55.692+0000] {processor.py:830} INFO - Processing file /opt/airflow/dags/supplychain_pipeline_dag.py for tasks to queue
[2025-10-05T18:39:55.698+0000] {logging_mixin.py:188} INFO - [2025-10-05T18:39:55.697+0000] {dagbag.py:545} INFO - Filling up the DagBag from /opt/airflow/dags/supplychain_pipeline_dag.py
[2025-10-05T18:40:00.217+0000] {logging_mixin.py:188} INFO - [2025-10-05T18:40:00.216+0000] {config.py:75} INFO - Settings loaded (env=default)
[2025-10-05T18:40:00.434+0000] {processor.py:840} INFO - DAG(s) 'supplychain_pipeline_dag' retrieved from /opt/airflow/dags/supplychain_pipeline_dag.py
[2025-10-05T18:40:00.507+0000] {logging_mixin.py:188} INFO - [2025-10-05T18:40:00.506+0000] {dag.py:3096} INFO - Sync 1 DAGs
[2025-10-05T18:40:00.551+0000] {logging_mixin.py:188} INFO - [2025-10-05T18:40:00.551+0000] {dag.py:3954} INFO - Setting next_dagrun for supplychain_pipeline_dag to 2025-10-05 18:30:00+00:00, run_after=2025-10-05 19:00:00+00:00
[2025-10-05T18:40:00.608+0000] {processor.py:183} INFO - Processing /opt/airflow/dags/supplychain_pipeline_dag.py took 4.934 seconds
[2025-10-05T18:40:31.395+0000] {processor.py:161} INFO - Started process (PID=695) to work on /opt/airflow/dags/supplychain_pipeline_dag.py
[2025-10-05T18:40:31.397+0000] {processor.py:830} INFO - Processing file /opt/airflow/dags/supplychain_pipeline_dag.py for tasks to queue
[2025-10-05T18:40:31.402+0000] {logging_mixin.py:188} INFO - [2025-10-05T18:40:31.401+0000] {dagbag.py:545} INFO - Filling up the DagBag from /opt/airflow/dags/supplychain_pipeline_dag.py
[2025-10-05T18:40:35.412+0000] {logging_mixin.py:188} INFO - [2025-10-05T18:40:35.411+0000] {config.py:75} INFO - Settings loaded (env=default)
[2025-10-05T18:40:35.635+0000] {processor.py:840} INFO - DAG(s) 'supplychain_pipeline_dag' retrieved from /opt/airflow/dags/supplychain_pipeline_dag.py
[2025-10-05T18:40:35.667+0000] {logging_mixin.py:188} INFO - [2025-10-05T18:40:35.667+0000] {dag.py:3096} INFO - Sync 1 DAGs
[2025-10-05T18:40:35.716+0000] {logging_mixin.py:188} INFO - [2025-10-05T18:40:35.716+0000] {dag.py:3954} INFO - Setting next_dagrun for supplychain_pipeline_dag to 2025-10-05 18:30:00+00:00, run_after=2025-10-05 19:00:00+00:00
[2025-10-05T18:40:35.755+0000] {processor.py:183} INFO - Processing /opt/airflow/dags/supplychain_pipeline_dag.py took 4.373 seconds
[2025-10-05T18:41:06.071+0000] {processor.py:161} INFO - Started process (PID=772) to work on /opt/airflow/dags/supplychain_pipeline_dag.py
[2025-10-05T18:41:06.074+0000] {processor.py:830} INFO - Processing file /opt/airflow/dags/supplychain_pipeline_dag.py for tasks to queue
[2025-10-05T18:41:06.086+0000] {logging_mixin.py:188} INFO - [2025-10-05T18:41:06.085+0000] {dagbag.py:545} INFO - Filling up the DagBag from /opt/airflow/dags/supplychain_pipeline_dag.py
[2025-10-05T18:41:10.506+0000] {logging_mixin.py:188} INFO - [2025-10-05T18:41:10.506+0000] {config.py:75} INFO - Settings loaded (env=default)
[2025-10-05T18:41:10.763+0000] {processor.py:840} INFO - DAG(s) 'supplychain_pipeline_dag' retrieved from /opt/airflow/dags/supplychain_pipeline_dag.py
[2025-10-05T18:41:11.096+0000] {logging_mixin.py:188} INFO - [2025-10-05T18:41:11.096+0000] {dag.py:3096} INFO - Sync 1 DAGs
[2025-10-05T18:41:11.138+0000] {logging_mixin.py:188} INFO - [2025-10-05T18:41:11.137+0000] {dag.py:3954} INFO - Setting next_dagrun for supplychain_pipeline_dag to 2025-10-05 18:30:00+00:00, run_after=2025-10-05 19:00:00+00:00
[2025-10-05T18:41:11.190+0000] {processor.py:183} INFO - Processing /opt/airflow/dags/supplychain_pipeline_dag.py took 5.135 seconds
[2025-10-05T18:43:01.853+0000] {processor.py:161} INFO - Started process (PID=171) to work on /opt/airflow/dags/supplychain_pipeline_dag.py
[2025-10-05T18:43:01.855+0000] {processor.py:830} INFO - Processing file /opt/airflow/dags/supplychain_pipeline_dag.py for tasks to queue
[2025-10-05T18:43:01.862+0000] {logging_mixin.py:188} INFO - [2025-10-05T18:43:01.861+0000] {dagbag.py:545} INFO - Filling up the DagBag from /opt/airflow/dags/supplychain_pipeline_dag.py
[2025-10-05T18:43:08.063+0000] {logging_mixin.py:188} INFO - [2025-10-05T18:43:08.063+0000] {font_manager.py:1639} INFO - generated new fontManager
[2025-10-05T18:43:10.783+0000] {logging_mixin.py:188} INFO - [2025-10-05T18:43:10.783+0000] {config.py:75} INFO - Settings loaded (env=default)
[2025-10-05T18:43:11.229+0000] {processor.py:840} INFO - DAG(s) 'supplychain_pipeline_dag' retrieved from /opt/airflow/dags/supplychain_pipeline_dag.py
[2025-10-05T18:43:11.260+0000] {logging_mixin.py:188} INFO - [2025-10-05T18:43:11.259+0000] {dag.py:3096} INFO - Sync 1 DAGs
[2025-10-05T18:43:11.304+0000] {logging_mixin.py:188} INFO - [2025-10-05T18:43:11.304+0000] {dag.py:3954} INFO - Setting next_dagrun for supplychain_pipeline_dag to 2025-10-05 18:30:00+00:00, run_after=2025-10-05 19:00:00+00:00
[2025-10-05T18:43:11.347+0000] {processor.py:183} INFO - Processing /opt/airflow/dags/supplychain_pipeline_dag.py took 6.238 seconds
[2025-10-05T18:43:42.044+0000] {processor.py:161} INFO - Started process (PID=343) to work on /opt/airflow/dags/supplychain_pipeline_dag.py
[2025-10-05T18:43:42.054+0000] {processor.py:830} INFO - Processing file /opt/airflow/dags/supplychain_pipeline_dag.py for tasks to queue
[2025-10-05T18:43:42.063+0000] {logging_mixin.py:188} INFO - [2025-10-05T18:43:42.061+0000] {dagbag.py:545} INFO - Filling up the DagBag from /opt/airflow/dags/supplychain_pipeline_dag.py
[2025-10-05T18:43:47.254+0000] {logging_mixin.py:188} INFO - [2025-10-05T18:43:47.253+0000] {config.py:75} INFO - Settings loaded (env=default)
[2025-10-05T18:43:47.509+0000] {processor.py:840} INFO - DAG(s) 'supplychain_pipeline_dag' retrieved from /opt/airflow/dags/supplychain_pipeline_dag.py
[2025-10-05T18:43:47.541+0000] {logging_mixin.py:188} INFO - [2025-10-05T18:43:47.540+0000] {dag.py:3096} INFO - Sync 1 DAGs
[2025-10-05T18:43:47.586+0000] {logging_mixin.py:188} INFO - [2025-10-05T18:43:47.586+0000] {dag.py:3954} INFO - Setting next_dagrun for supplychain_pipeline_dag to 2025-10-05 18:30:00+00:00, run_after=2025-10-05 19:00:00+00:00
[2025-10-05T18:43:47.641+0000] {processor.py:183} INFO - Processing /opt/airflow/dags/supplychain_pipeline_dag.py took 5.622 seconds
[2025-10-05T18:44:18.435+0000] {processor.py:161} INFO - Started process (PID=413) to work on /opt/airflow/dags/supplychain_pipeline_dag.py
[2025-10-05T18:44:18.438+0000] {processor.py:830} INFO - Processing file /opt/airflow/dags/supplychain_pipeline_dag.py for tasks to queue
[2025-10-05T18:44:18.443+0000] {logging_mixin.py:188} INFO - [2025-10-05T18:44:18.442+0000] {dagbag.py:545} INFO - Filling up the DagBag from /opt/airflow/dags/supplychain_pipeline_dag.py
[2025-10-05T18:44:22.406+0000] {logging_mixin.py:188} INFO - [2025-10-05T18:44:22.406+0000] {config.py:75} INFO - Settings loaded (env=default)
[2025-10-05T18:44:22.610+0000] {processor.py:840} INFO - DAG(s) 'supplychain_pipeline_dag' retrieved from /opt/airflow/dags/supplychain_pipeline_dag.py
[2025-10-05T18:44:23.165+0000] {logging_mixin.py:188} INFO - [2025-10-05T18:44:23.164+0000] {dag.py:3096} INFO - Sync 1 DAGs
[2025-10-05T18:44:23.207+0000] {logging_mixin.py:188} INFO - [2025-10-05T18:44:23.207+0000] {dag.py:3954} INFO - Setting next_dagrun for supplychain_pipeline_dag to 2025-10-05 18:30:00+00:00, run_after=2025-10-05 19:00:00+00:00
[2025-10-05T18:44:23.248+0000] {processor.py:183} INFO - Processing /opt/airflow/dags/supplychain_pipeline_dag.py took 4.828 seconds
[2025-10-05T18:44:53.994+0000] {processor.py:161} INFO - Started process (PID=457) to work on /opt/airflow/dags/supplychain_pipeline_dag.py
[2025-10-05T18:44:53.997+0000] {processor.py:830} INFO - Processing file /opt/airflow/dags/supplychain_pipeline_dag.py for tasks to queue
[2025-10-05T18:44:54.001+0000] {logging_mixin.py:188} INFO - [2025-10-05T18:44:54.000+0000] {dagbag.py:545} INFO - Filling up the DagBag from /opt/airflow/dags/supplychain_pipeline_dag.py
[2025-10-05T18:44:58.542+0000] {logging_mixin.py:188} INFO - [2025-10-05T18:44:58.542+0000] {config.py:75} INFO - Settings loaded (env=default)
[2025-10-05T18:44:58.802+0000] {processor.py:840} INFO - DAG(s) 'supplychain_pipeline_dag' retrieved from /opt/airflow/dags/supplychain_pipeline_dag.py
[2025-10-05T18:44:58.877+0000] {logging_mixin.py:188} INFO - [2025-10-05T18:44:58.876+0000] {dag.py:3096} INFO - Sync 1 DAGs
[2025-10-05T18:44:58.923+0000] {logging_mixin.py:188} INFO - [2025-10-05T18:44:58.922+0000] {dag.py:3954} INFO - Setting next_dagrun for supplychain_pipeline_dag to 2025-10-05 18:30:00+00:00, run_after=2025-10-05 19:00:00+00:00
[2025-10-05T18:44:58.964+0000] {processor.py:183} INFO - Processing /opt/airflow/dags/supplychain_pipeline_dag.py took 4.982 seconds
[2025-10-05T18:45:29.666+0000] {processor.py:161} INFO - Started process (PID=560) to work on /opt/airflow/dags/supplychain_pipeline_dag.py
[2025-10-05T18:45:29.669+0000] {processor.py:830} INFO - Processing file /opt/airflow/dags/supplychain_pipeline_dag.py for tasks to queue
[2025-10-05T18:45:29.676+0000] {logging_mixin.py:188} INFO - [2025-10-05T18:45:29.674+0000] {dagbag.py:545} INFO - Filling up the DagBag from /opt/airflow/dags/supplychain_pipeline_dag.py
[2025-10-05T18:45:34.197+0000] {logging_mixin.py:188} INFO - [2025-10-05T18:45:34.196+0000] {config.py:75} INFO - Settings loaded (env=default)
[2025-10-05T18:45:34.423+0000] {processor.py:840} INFO - DAG(s) 'supplychain_pipeline_dag' retrieved from /opt/airflow/dags/supplychain_pipeline_dag.py
[2025-10-05T18:45:34.511+0000] {logging_mixin.py:188} INFO - [2025-10-05T18:45:34.510+0000] {dag.py:3096} INFO - Sync 1 DAGs
[2025-10-05T18:45:34.554+0000] {logging_mixin.py:188} INFO - [2025-10-05T18:45:34.553+0000] {dag.py:3954} INFO - Setting next_dagrun for supplychain_pipeline_dag to 2025-10-05 18:30:00+00:00, run_after=2025-10-05 19:00:00+00:00
[2025-10-05T18:45:34.601+0000] {processor.py:183} INFO - Processing /opt/airflow/dags/supplychain_pipeline_dag.py took 4.949 seconds
[2025-10-05T18:46:05.278+0000] {processor.py:161} INFO - Started process (PID=598) to work on /opt/airflow/dags/supplychain_pipeline_dag.py
[2025-10-05T18:46:05.280+0000] {processor.py:830} INFO - Processing file /opt/airflow/dags/supplychain_pipeline_dag.py for tasks to queue
[2025-10-05T18:46:05.286+0000] {logging_mixin.py:188} INFO - [2025-10-05T18:46:05.284+0000] {dagbag.py:545} INFO - Filling up the DagBag from /opt/airflow/dags/supplychain_pipeline_dag.py
[2025-10-05T18:46:09.702+0000] {logging_mixin.py:188} INFO - [2025-10-05T18:46:09.702+0000] {config.py:75} INFO - Settings loaded (env=default)
[2025-10-05T18:46:09.926+0000] {processor.py:840} INFO - DAG(s) 'supplychain_pipeline_dag' retrieved from /opt/airflow/dags/supplychain_pipeline_dag.py
[2025-10-05T18:46:10.002+0000] {logging_mixin.py:188} INFO - [2025-10-05T18:46:10.001+0000] {dag.py:3096} INFO - Sync 1 DAGs
[2025-10-05T18:46:10.044+0000] {logging_mixin.py:188} INFO - [2025-10-05T18:46:10.044+0000] {dag.py:3954} INFO - Setting next_dagrun for supplychain_pipeline_dag to 2025-10-05 18:30:00+00:00, run_after=2025-10-05 19:00:00+00:00
[2025-10-05T18:46:10.088+0000] {processor.py:183} INFO - Processing /opt/airflow/dags/supplychain_pipeline_dag.py took 4.825 seconds
[2025-10-05T18:46:40.922+0000] {processor.py:161} INFO - Started process (PID=643) to work on /opt/airflow/dags/supplychain_pipeline_dag.py
[2025-10-05T18:46:40.925+0000] {processor.py:830} INFO - Processing file /opt/airflow/dags/supplychain_pipeline_dag.py for tasks to queue
[2025-10-05T18:46:40.931+0000] {logging_mixin.py:188} INFO - [2025-10-05T18:46:40.930+0000] {dagbag.py:545} INFO - Filling up the DagBag from /opt/airflow/dags/supplychain_pipeline_dag.py
[2025-10-05T18:46:45.206+0000] {logging_mixin.py:188} INFO - [2025-10-05T18:46:45.206+0000] {config.py:75} INFO - Settings loaded (env=default)
[2025-10-05T18:46:45.452+0000] {processor.py:840} INFO - DAG(s) 'supplychain_pipeline_dag' retrieved from /opt/airflow/dags/supplychain_pipeline_dag.py
[2025-10-05T18:46:45.563+0000] {logging_mixin.py:188} INFO - [2025-10-05T18:46:45.561+0000] {dag.py:3096} INFO - Sync 1 DAGs
[2025-10-05T18:46:45.620+0000] {logging_mixin.py:188} INFO - [2025-10-05T18:46:45.619+0000] {dag.py:3954} INFO - Setting next_dagrun for supplychain_pipeline_dag to 2025-10-05 18:30:00+00:00, run_after=2025-10-05 19:00:00+00:00
[2025-10-05T18:46:45.680+0000] {processor.py:183} INFO - Processing /opt/airflow/dags/supplychain_pipeline_dag.py took 4.776 seconds
[2025-10-05T18:47:16.422+0000] {processor.py:161} INFO - Started process (PID=697) to work on /opt/airflow/dags/supplychain_pipeline_dag.py
[2025-10-05T18:47:16.425+0000] {processor.py:830} INFO - Processing file /opt/airflow/dags/supplychain_pipeline_dag.py for tasks to queue
[2025-10-05T18:47:16.429+0000] {logging_mixin.py:188} INFO - [2025-10-05T18:47:16.429+0000] {dagbag.py:545} INFO - Filling up the DagBag from /opt/airflow/dags/supplychain_pipeline_dag.py
[2025-10-05T18:47:20.620+0000] {logging_mixin.py:188} INFO - [2025-10-05T18:47:20.620+0000] {config.py:75} INFO - Settings loaded (env=default)
[2025-10-05T18:47:20.848+0000] {processor.py:840} INFO - DAG(s) 'supplychain_pipeline_dag' retrieved from /opt/airflow/dags/supplychain_pipeline_dag.py
[2025-10-05T18:47:20.922+0000] {logging_mixin.py:188} INFO - [2025-10-05T18:47:20.921+0000] {dag.py:3096} INFO - Sync 1 DAGs
[2025-10-05T18:47:20.965+0000] {logging_mixin.py:188} INFO - [2025-10-05T18:47:20.965+0000] {dag.py:3954} INFO - Setting next_dagrun for supplychain_pipeline_dag to 2025-10-05 18:30:00+00:00, run_after=2025-10-05 19:00:00+00:00
[2025-10-05T18:47:21.016+0000] {processor.py:183} INFO - Processing /opt/airflow/dags/supplychain_pipeline_dag.py took 4.607 seconds
[2025-10-05T18:47:51.758+0000] {processor.py:161} INFO - Started process (PID=719) to work on /opt/airflow/dags/supplychain_pipeline_dag.py
[2025-10-05T18:47:51.762+0000] {processor.py:830} INFO - Processing file /opt/airflow/dags/supplychain_pipeline_dag.py for tasks to queue
[2025-10-05T18:47:51.769+0000] {logging_mixin.py:188} INFO - [2025-10-05T18:47:51.767+0000] {dagbag.py:545} INFO - Filling up the DagBag from /opt/airflow/dags/supplychain_pipeline_dag.py
[2025-10-05T18:47:56.022+0000] {logging_mixin.py:188} INFO - [2025-10-05T18:47:56.021+0000] {config.py:75} INFO - Settings loaded (env=default)
[2025-10-05T18:47:56.298+0000] {processor.py:840} INFO - DAG(s) 'supplychain_pipeline_dag' retrieved from /opt/airflow/dags/supplychain_pipeline_dag.py
[2025-10-05T18:47:56.377+0000] {logging_mixin.py:188} INFO - [2025-10-05T18:47:56.377+0000] {dag.py:3096} INFO - Sync 1 DAGs
[2025-10-05T18:47:56.424+0000] {logging_mixin.py:188} INFO - [2025-10-05T18:47:56.423+0000] {dag.py:3954} INFO - Setting next_dagrun for supplychain_pipeline_dag to 2025-10-05 18:30:00+00:00, run_after=2025-10-05 19:00:00+00:00
[2025-10-05T18:47:56.477+0000] {processor.py:183} INFO - Processing /opt/airflow/dags/supplychain_pipeline_dag.py took 4.742 seconds
[2025-10-05T18:48:26.769+0000] {processor.py:161} INFO - Started process (PID=741) to work on /opt/airflow/dags/supplychain_pipeline_dag.py
[2025-10-05T18:48:26.772+0000] {processor.py:830} INFO - Processing file /opt/airflow/dags/supplychain_pipeline_dag.py for tasks to queue
[2025-10-05T18:48:26.777+0000] {logging_mixin.py:188} INFO - [2025-10-05T18:48:26.776+0000] {dagbag.py:545} INFO - Filling up the DagBag from /opt/airflow/dags/supplychain_pipeline_dag.py
[2025-10-05T18:48:31.009+0000] {logging_mixin.py:188} INFO - [2025-10-05T18:48:31.008+0000] {config.py:75} INFO - Settings loaded (env=default)
[2025-10-05T18:48:31.217+0000] {processor.py:840} INFO - DAG(s) 'supplychain_pipeline_dag' retrieved from /opt/airflow/dags/supplychain_pipeline_dag.py
[2025-10-05T18:48:31.305+0000] {logging_mixin.py:188} INFO - [2025-10-05T18:48:31.304+0000] {dag.py:3096} INFO - Sync 1 DAGs
[2025-10-05T18:48:31.353+0000] {logging_mixin.py:188} INFO - [2025-10-05T18:48:31.353+0000] {dag.py:3954} INFO - Setting next_dagrun for supplychain_pipeline_dag to 2025-10-05 18:30:00+00:00, run_after=2025-10-05 19:00:00+00:00
[2025-10-05T18:48:31.406+0000] {processor.py:183} INFO - Processing /opt/airflow/dags/supplychain_pipeline_dag.py took 4.653 seconds
[2025-10-05T18:48:35.646+0000] {processor.py:161} INFO - Started process (PID=763) to work on /opt/airflow/dags/supplychain_pipeline_dag.py
[2025-10-05T18:48:35.652+0000] {processor.py:830} INFO - Processing file /opt/airflow/dags/supplychain_pipeline_dag.py for tasks to queue
[2025-10-05T18:48:35.657+0000] {logging_mixin.py:188} INFO - [2025-10-05T18:48:35.656+0000] {dagbag.py:545} INFO - Filling up the DagBag from /opt/airflow/dags/supplychain_pipeline_dag.py
[2025-10-05T18:48:43.298+0000] {logging_mixin.py:188} INFO - [2025-10-05T18:48:43.297+0000] {config.py:75} INFO - Settings loaded (env=default)
[2025-10-05T18:48:43.510+0000] {processor.py:840} INFO - DAG(s) 'supplychain_pipeline_dag' retrieved from /opt/airflow/dags/supplychain_pipeline_dag.py
[2025-10-05T18:48:43.752+0000] {logging_mixin.py:188} INFO - [2025-10-05T18:48:43.751+0000] {dag.py:3096} INFO - Sync 1 DAGs
[2025-10-05T18:48:43.794+0000] {logging_mixin.py:188} INFO - [2025-10-05T18:48:43.793+0000] {dag.py:3954} INFO - Setting next_dagrun for supplychain_pipeline_dag to 2025-10-05 18:30:00+00:00, run_after=2025-10-05 19:00:00+00:00
[2025-10-05T18:48:43.859+0000] {processor.py:183} INFO - Processing /opt/airflow/dags/supplychain_pipeline_dag.py took 4.861 seconds
[2025-10-05T18:49:14.419+0000] {processor.py:161} INFO - Started process (PID=814) to work on /opt/airflow/dags/supplychain_pipeline_dag.py
[2025-10-05T18:49:14.422+0000] {processor.py:830} INFO - Processing file /opt/airflow/dags/supplychain_pipeline_dag.py for tasks to queue
[2025-10-05T18:49:14.428+0000] {logging_mixin.py:188} INFO - [2025-10-05T18:49:14.427+0000] {dagbag.py:545} INFO - Filling up the DagBag from /opt/airflow/dags/supplychain_pipeline_dag.py
[2025-10-05T18:49:19.350+0000] {logging_mixin.py:188} INFO - [2025-10-05T18:49:19.350+0000] {config.py:75} INFO - Settings loaded (env=default)
[2025-10-05T18:49:19.643+0000] {processor.py:840} INFO - DAG(s) 'supplychain_pipeline_dag' retrieved from /opt/airflow/dags/supplychain_pipeline_dag.py
[2025-10-05T18:49:19.740+0000] {logging_mixin.py:188} INFO - [2025-10-05T18:49:19.739+0000] {dag.py:3096} INFO - Sync 1 DAGs
[2025-10-05T18:49:19.804+0000] {logging_mixin.py:188} INFO - [2025-10-05T18:49:19.804+0000] {dag.py:3954} INFO - Setting next_dagrun for supplychain_pipeline_dag to 2025-10-05 18:30:00+00:00, run_after=2025-10-05 19:00:00+00:00
[2025-10-05T18:49:19.859+0000] {processor.py:183} INFO - Processing /opt/airflow/dags/supplychain_pipeline_dag.py took 5.462 seconds
[2025-10-05T18:49:50.303+0000] {processor.py:161} INFO - Started process (PID=927) to work on /opt/airflow/dags/supplychain_pipeline_dag.py
[2025-10-05T18:49:50.305+0000] {processor.py:830} INFO - Processing file /opt/airflow/dags/supplychain_pipeline_dag.py for tasks to queue
[2025-10-05T18:49:50.315+0000] {logging_mixin.py:188} INFO - [2025-10-05T18:49:50.311+0000] {dagbag.py:545} INFO - Filling up the DagBag from /opt/airflow/dags/supplychain_pipeline_dag.py
[2025-10-05T18:49:56.002+0000] {logging_mixin.py:188} INFO - [2025-10-05T18:49:55.998+0000] {config.py:75} INFO - Settings loaded (env=default)
[2025-10-05T18:49:56.295+0000] {processor.py:840} INFO - DAG(s) 'supplychain_pipeline_dag' retrieved from /opt/airflow/dags/supplychain_pipeline_dag.py
[2025-10-05T18:49:56.332+0000] {logging_mixin.py:188} INFO - [2025-10-05T18:49:56.331+0000] {dag.py:3096} INFO - Sync 1 DAGs
[2025-10-05T18:49:56.397+0000] {logging_mixin.py:188} INFO - [2025-10-05T18:49:56.396+0000] {dag.py:3954} INFO - Setting next_dagrun for supplychain_pipeline_dag to 2025-10-05 18:30:00+00:00, run_after=2025-10-05 19:00:00+00:00
[2025-10-05T18:49:56.445+0000] {processor.py:183} INFO - Processing /opt/airflow/dags/supplychain_pipeline_dag.py took 6.157 seconds
[2025-10-05T18:50:26.349+0000] {processor.py:161} INFO - Started process (PID=171) to work on /opt/airflow/dags/supplychain_pipeline_dag.py
[2025-10-05T18:50:26.351+0000] {processor.py:830} INFO - Processing file /opt/airflow/dags/supplychain_pipeline_dag.py for tasks to queue
[2025-10-05T18:50:26.355+0000] {logging_mixin.py:188} INFO - [2025-10-05T18:50:26.355+0000] {dagbag.py:545} INFO - Filling up the DagBag from /opt/airflow/dags/supplychain_pipeline_dag.py
[2025-10-05T18:50:30.723+0000] {logging_mixin.py:188} INFO - [2025-10-05T18:50:30.723+0000] {config.py:75} INFO - Settings loaded (env=default)
[2025-10-05T18:50:30.965+0000] {processor.py:840} INFO - DAG(s) 'supplychain_pipeline_dag' retrieved from /opt/airflow/dags/supplychain_pipeline_dag.py
[2025-10-05T18:50:31.312+0000] {logging_mixin.py:188} INFO - [2025-10-05T18:50:31.311+0000] {dag.py:3096} INFO - Sync 1 DAGs
[2025-10-05T18:50:31.355+0000] {logging_mixin.py:188} INFO - [2025-10-05T18:50:31.354+0000] {dag.py:3954} INFO - Setting next_dagrun for supplychain_pipeline_dag to 2025-10-05 18:30:00+00:00, run_after=2025-10-05 19:00:00+00:00
[2025-10-05T18:50:31.409+0000] {processor.py:183} INFO - Processing /opt/airflow/dags/supplychain_pipeline_dag.py took 5.070 seconds
[2025-10-05T18:51:02.029+0000] {processor.py:161} INFO - Started process (PID=217) to work on /opt/airflow/dags/supplychain_pipeline_dag.py
[2025-10-05T18:51:02.032+0000] {processor.py:830} INFO - Processing file /opt/airflow/dags/supplychain_pipeline_dag.py for tasks to queue
[2025-10-05T18:51:02.039+0000] {logging_mixin.py:188} INFO - [2025-10-05T18:51:02.038+0000] {dagbag.py:545} INFO - Filling up the DagBag from /opt/airflow/dags/supplychain_pipeline_dag.py
[2025-10-05T18:51:06.321+0000] {logging_mixin.py:188} INFO - [2025-10-05T18:51:06.321+0000] {config.py:75} INFO - Settings loaded (env=default)
[2025-10-05T18:51:06.586+0000] {processor.py:840} INFO - DAG(s) 'supplychain_pipeline_dag' retrieved from /opt/airflow/dags/supplychain_pipeline_dag.py
[2025-10-05T18:51:06.652+0000] {logging_mixin.py:188} INFO - [2025-10-05T18:51:06.651+0000] {dag.py:3096} INFO - Sync 1 DAGs
[2025-10-05T18:51:06.690+0000] {logging_mixin.py:188} INFO - [2025-10-05T18:51:06.690+0000] {dag.py:3954} INFO - Setting next_dagrun for supplychain_pipeline_dag to 2025-10-05 18:30:00+00:00, run_after=2025-10-05 19:00:00+00:00
[2025-10-05T18:51:06.734+0000] {processor.py:183} INFO - Processing /opt/airflow/dags/supplychain_pipeline_dag.py took 4.723 seconds
[2025-10-05T18:51:37.513+0000] {processor.py:161} INFO - Started process (PID=255) to work on /opt/airflow/dags/supplychain_pipeline_dag.py
[2025-10-05T18:51:37.516+0000] {processor.py:830} INFO - Processing file /opt/airflow/dags/supplychain_pipeline_dag.py for tasks to queue
[2025-10-05T18:51:37.520+0000] {logging_mixin.py:188} INFO - [2025-10-05T18:51:37.519+0000] {dagbag.py:545} INFO - Filling up the DagBag from /opt/airflow/dags/supplychain_pipeline_dag.py
[2025-10-05T18:51:41.778+0000] {logging_mixin.py:188} INFO - [2025-10-05T18:51:41.778+0000] {config.py:75} INFO - Settings loaded (env=default)
[2025-10-05T18:51:42.000+0000] {processor.py:840} INFO - DAG(s) 'supplychain_pipeline_dag' retrieved from /opt/airflow/dags/supplychain_pipeline_dag.py
[2025-10-05T18:51:42.086+0000] {logging_mixin.py:188} INFO - [2025-10-05T18:51:42.085+0000] {dag.py:3096} INFO - Sync 1 DAGs
[2025-10-05T18:51:42.127+0000] {logging_mixin.py:188} INFO - [2025-10-05T18:51:42.126+0000] {dag.py:3954} INFO - Setting next_dagrun for supplychain_pipeline_dag to 2025-10-05 18:30:00+00:00, run_after=2025-10-05 19:00:00+00:00
[2025-10-05T18:51:42.166+0000] {processor.py:183} INFO - Processing /opt/airflow/dags/supplychain_pipeline_dag.py took 4.667 seconds
[2025-10-05T18:52:12.388+0000] {processor.py:161} INFO - Started process (PID=293) to work on /opt/airflow/dags/supplychain_pipeline_dag.py
[2025-10-05T18:52:12.391+0000] {processor.py:830} INFO - Processing file /opt/airflow/dags/supplychain_pipeline_dag.py for tasks to queue
[2025-10-05T18:52:12.396+0000] {logging_mixin.py:188} INFO - [2025-10-05T18:52:12.395+0000] {dagbag.py:545} INFO - Filling up the DagBag from /opt/airflow/dags/supplychain_pipeline_dag.py
[2025-10-05T18:52:16.741+0000] {logging_mixin.py:188} INFO - [2025-10-05T18:52:16.741+0000] {config.py:75} INFO - Settings loaded (env=default)
[2025-10-05T18:52:16.944+0000] {processor.py:840} INFO - DAG(s) 'supplychain_pipeline_dag' retrieved from /opt/airflow/dags/supplychain_pipeline_dag.py
[2025-10-05T18:52:17.022+0000] {logging_mixin.py:188} INFO - [2025-10-05T18:52:17.021+0000] {dag.py:3096} INFO - Sync 1 DAGs
[2025-10-05T18:52:17.068+0000] {logging_mixin.py:188} INFO - [2025-10-05T18:52:17.067+0000] {dag.py:3954} INFO - Setting next_dagrun for supplychain_pipeline_dag to 2025-10-05 18:30:00+00:00, run_after=2025-10-05 19:00:00+00:00
[2025-10-05T18:52:17.119+0000] {processor.py:183} INFO - Processing /opt/airflow/dags/supplychain_pipeline_dag.py took 4.746 seconds
[2025-10-05T18:52:47.663+0000] {processor.py:161} INFO - Started process (PID=315) to work on /opt/airflow/dags/supplychain_pipeline_dag.py
[2025-10-05T18:52:47.668+0000] {processor.py:830} INFO - Processing file /opt/airflow/dags/supplychain_pipeline_dag.py for tasks to queue
[2025-10-05T18:52:47.675+0000] {logging_mixin.py:188} INFO - [2025-10-05T18:52:47.674+0000] {dagbag.py:545} INFO - Filling up the DagBag from /opt/airflow/dags/supplychain_pipeline_dag.py
[2025-10-05T18:52:51.874+0000] {logging_mixin.py:188} INFO - [2025-10-05T18:52:51.874+0000] {config.py:75} INFO - Settings loaded (env=default)
[2025-10-05T18:52:52.064+0000] {processor.py:840} INFO - DAG(s) 'supplychain_pipeline_dag' retrieved from /opt/airflow/dags/supplychain_pipeline_dag.py
[2025-10-05T18:52:52.136+0000] {logging_mixin.py:188} INFO - [2025-10-05T18:52:52.135+0000] {dag.py:3096} INFO - Sync 1 DAGs
[2025-10-05T18:52:52.179+0000] {logging_mixin.py:188} INFO - [2025-10-05T18:52:52.179+0000] {dag.py:3954} INFO - Setting next_dagrun for supplychain_pipeline_dag to 2025-10-05 18:30:00+00:00, run_after=2025-10-05 19:00:00+00:00
[2025-10-05T18:52:52.221+0000] {processor.py:183} INFO - Processing /opt/airflow/dags/supplychain_pipeline_dag.py took 4.583 seconds
[2025-10-05T18:53:22.470+0000] {processor.py:161} INFO - Started process (PID=337) to work on /opt/airflow/dags/supplychain_pipeline_dag.py
[2025-10-05T18:53:22.472+0000] {processor.py:830} INFO - Processing file /opt/airflow/dags/supplychain_pipeline_dag.py for tasks to queue
[2025-10-05T18:53:22.478+0000] {logging_mixin.py:188} INFO - [2025-10-05T18:53:22.477+0000] {dagbag.py:545} INFO - Filling up the DagBag from /opt/airflow/dags/supplychain_pipeline_dag.py
[2025-10-05T18:53:26.581+0000] {logging_mixin.py:188} INFO - [2025-10-05T18:53:26.581+0000] {config.py:75} INFO - Settings loaded (env=default)
[2025-10-05T18:53:26.792+0000] {processor.py:840} INFO - DAG(s) 'supplychain_pipeline_dag' retrieved from /opt/airflow/dags/supplychain_pipeline_dag.py
[2025-10-05T18:53:26.869+0000] {logging_mixin.py:188} INFO - [2025-10-05T18:53:26.868+0000] {dag.py:3096} INFO - Sync 1 DAGs
[2025-10-05T18:53:26.920+0000] {logging_mixin.py:188} INFO - [2025-10-05T18:53:26.919+0000] {dag.py:3954} INFO - Setting next_dagrun for supplychain_pipeline_dag to 2025-10-05 18:30:00+00:00, run_after=2025-10-05 19:00:00+00:00
[2025-10-05T18:53:26.963+0000] {processor.py:183} INFO - Processing /opt/airflow/dags/supplychain_pipeline_dag.py took 4.505 seconds
[2025-10-05T18:53:57.652+0000] {processor.py:161} INFO - Started process (PID=359) to work on /opt/airflow/dags/supplychain_pipeline_dag.py
[2025-10-05T18:53:57.655+0000] {processor.py:830} INFO - Processing file /opt/airflow/dags/supplychain_pipeline_dag.py for tasks to queue
[2025-10-05T18:53:57.660+0000] {logging_mixin.py:188} INFO - [2025-10-05T18:53:57.659+0000] {dagbag.py:545} INFO - Filling up the DagBag from /opt/airflow/dags/supplychain_pipeline_dag.py
[2025-10-05T18:54:02.080+0000] {logging_mixin.py:188} INFO - [2025-10-05T18:54:02.080+0000] {config.py:75} INFO - Settings loaded (env=default)
[2025-10-05T18:54:02.299+0000] {processor.py:840} INFO - DAG(s) 'supplychain_pipeline_dag' retrieved from /opt/airflow/dags/supplychain_pipeline_dag.py
[2025-10-05T18:54:02.375+0000] {logging_mixin.py:188} INFO - [2025-10-05T18:54:02.374+0000] {dag.py:3096} INFO - Sync 1 DAGs
[2025-10-05T18:54:02.418+0000] {logging_mixin.py:188} INFO - [2025-10-05T18:54:02.418+0000] {dag.py:3954} INFO - Setting next_dagrun for supplychain_pipeline_dag to 2025-10-05 18:30:00+00:00, run_after=2025-10-05 19:00:00+00:00
[2025-10-05T18:54:02.467+0000] {processor.py:183} INFO - Processing /opt/airflow/dags/supplychain_pipeline_dag.py took 4.830 seconds
[2025-10-05T18:54:33.234+0000] {processor.py:161} INFO - Started process (PID=381) to work on /opt/airflow/dags/supplychain_pipeline_dag.py
[2025-10-05T18:54:33.237+0000] {processor.py:830} INFO - Processing file /opt/airflow/dags/supplychain_pipeline_dag.py for tasks to queue
[2025-10-05T18:54:33.242+0000] {logging_mixin.py:188} INFO - [2025-10-05T18:54:33.241+0000] {dagbag.py:545} INFO - Filling up the DagBag from /opt/airflow/dags/supplychain_pipeline_dag.py
[2025-10-05T18:54:37.745+0000] {logging_mixin.py:188} INFO - [2025-10-05T18:54:37.745+0000] {config.py:75} INFO - Settings loaded (env=default)
[2025-10-05T18:54:37.957+0000] {processor.py:840} INFO - DAG(s) 'supplychain_pipeline_dag' retrieved from /opt/airflow/dags/supplychain_pipeline_dag.py
[2025-10-05T18:54:38.034+0000] {logging_mixin.py:188} INFO - [2025-10-05T18:54:38.033+0000] {dag.py:3096} INFO - Sync 1 DAGs
[2025-10-05T18:54:38.077+0000] {logging_mixin.py:188} INFO - [2025-10-05T18:54:38.077+0000] {dag.py:3954} INFO - Setting next_dagrun for supplychain_pipeline_dag to 2025-10-05 18:30:00+00:00, run_after=2025-10-05 19:00:00+00:00
[2025-10-05T18:54:38.119+0000] {processor.py:183} INFO - Processing /opt/airflow/dags/supplychain_pipeline_dag.py took 4.900 seconds
[2025-10-05T18:55:08.893+0000] {processor.py:161} INFO - Started process (PID=403) to work on /opt/airflow/dags/supplychain_pipeline_dag.py
[2025-10-05T18:55:08.897+0000] {processor.py:830} INFO - Processing file /opt/airflow/dags/supplychain_pipeline_dag.py for tasks to queue
[2025-10-05T18:55:08.904+0000] {logging_mixin.py:188} INFO - [2025-10-05T18:55:08.903+0000] {dagbag.py:545} INFO - Filling up the DagBag from /opt/airflow/dags/supplychain_pipeline_dag.py
[2025-10-05T18:55:13.119+0000] {logging_mixin.py:188} INFO - [2025-10-05T18:55:13.118+0000] {config.py:75} INFO - Settings loaded (env=default)
[2025-10-05T18:55:13.357+0000] {processor.py:840} INFO - DAG(s) 'supplychain_pipeline_dag' retrieved from /opt/airflow/dags/supplychain_pipeline_dag.py
[2025-10-05T18:55:13.479+0000] {logging_mixin.py:188} INFO - [2025-10-05T18:55:13.477+0000] {dag.py:3096} INFO - Sync 1 DAGs
[2025-10-05T18:55:13.532+0000] {logging_mixin.py:188} INFO - [2025-10-05T18:55:13.532+0000] {dag.py:3954} INFO - Setting next_dagrun for supplychain_pipeline_dag to 2025-10-05 18:30:00+00:00, run_after=2025-10-05 19:00:00+00:00
[2025-10-05T18:55:13.579+0000] {processor.py:183} INFO - Processing /opt/airflow/dags/supplychain_pipeline_dag.py took 4.698 seconds
[2025-10-05T18:55:44.329+0000] {processor.py:161} INFO - Started process (PID=425) to work on /opt/airflow/dags/supplychain_pipeline_dag.py
[2025-10-05T18:55:44.331+0000] {processor.py:830} INFO - Processing file /opt/airflow/dags/supplychain_pipeline_dag.py for tasks to queue
[2025-10-05T18:55:44.336+0000] {logging_mixin.py:188} INFO - [2025-10-05T18:55:44.335+0000] {dagbag.py:545} INFO - Filling up the DagBag from /opt/airflow/dags/supplychain_pipeline_dag.py
[2025-10-05T18:55:48.518+0000] {logging_mixin.py:188} INFO - [2025-10-05T18:55:48.517+0000] {config.py:75} INFO - Settings loaded (env=default)
[2025-10-05T18:55:48.766+0000] {processor.py:840} INFO - DAG(s) 'supplychain_pipeline_dag' retrieved from /opt/airflow/dags/supplychain_pipeline_dag.py
[2025-10-05T18:55:48.867+0000] {logging_mixin.py:188} INFO - [2025-10-05T18:55:48.865+0000] {dag.py:3096} INFO - Sync 1 DAGs
[2025-10-05T18:55:48.921+0000] {logging_mixin.py:188} INFO - [2025-10-05T18:55:48.920+0000] {dag.py:3954} INFO - Setting next_dagrun for supplychain_pipeline_dag to 2025-10-05 18:30:00+00:00, run_after=2025-10-05 19:00:00+00:00
[2025-10-05T18:55:48.961+0000] {processor.py:183} INFO - Processing /opt/airflow/dags/supplychain_pipeline_dag.py took 4.644 seconds
[2025-10-05T18:56:19.276+0000] {processor.py:161} INFO - Started process (PID=447) to work on /opt/airflow/dags/supplychain_pipeline_dag.py
[2025-10-05T18:56:19.279+0000] {processor.py:830} INFO - Processing file /opt/airflow/dags/supplychain_pipeline_dag.py for tasks to queue
[2025-10-05T18:56:19.283+0000] {logging_mixin.py:188} INFO - [2025-10-05T18:56:19.282+0000] {dagbag.py:545} INFO - Filling up the DagBag from /opt/airflow/dags/supplychain_pipeline_dag.py
[2025-10-05T18:56:24.314+0000] {logging_mixin.py:188} INFO - [2025-10-05T18:56:24.313+0000] {config.py:75} INFO - Settings loaded (env=default)
[2025-10-05T18:56:26.837+0000] {processor.py:840} INFO - DAG(s) 'supplychain_pipeline_dag' retrieved from /opt/airflow/dags/supplychain_pipeline_dag.py
[2025-10-05T18:56:26.913+0000] {logging_mixin.py:188} INFO - [2025-10-05T18:56:26.912+0000] {dag.py:3096} INFO - Sync 1 DAGs
[2025-10-05T18:56:26.954+0000] {logging_mixin.py:188} INFO - [2025-10-05T18:56:26.954+0000] {dag.py:3954} INFO - Setting next_dagrun for supplychain_pipeline_dag to 2025-10-05 18:30:00+00:00, run_after=2025-10-05 19:00:00+00:00
[2025-10-05T18:56:27.000+0000] {processor.py:183} INFO - Processing /opt/airflow/dags/supplychain_pipeline_dag.py took 4.414 seconds
[2025-10-05T18:56:57.493+0000] {processor.py:161} INFO - Started process (PID=469) to work on /opt/airflow/dags/supplychain_pipeline_dag.py
[2025-10-05T18:56:57.497+0000] {processor.py:830} INFO - Processing file /opt/airflow/dags/supplychain_pipeline_dag.py for tasks to queue
[2025-10-05T18:56:57.502+0000] {logging_mixin.py:188} INFO - [2025-10-05T18:56:57.501+0000] {dagbag.py:545} INFO - Filling up the DagBag from /opt/airflow/dags/supplychain_pipeline_dag.py
[2025-10-05T18:57:04.065+0000] {logging_mixin.py:188} INFO - [2025-10-05T18:57:04.064+0000] {config.py:75} INFO - Settings loaded (env=default)
[2025-10-05T18:57:04.286+0000] {processor.py:840} INFO - DAG(s) 'supplychain_pipeline_dag' retrieved from /opt/airflow/dags/supplychain_pipeline_dag.py
[2025-10-05T18:57:04.364+0000] {logging_mixin.py:188} INFO - [2025-10-05T18:57:04.363+0000] {dag.py:3096} INFO - Sync 1 DAGs
[2025-10-05T18:57:04.414+0000] {logging_mixin.py:188} INFO - [2025-10-05T18:57:04.414+0000] {dag.py:3954} INFO - Setting next_dagrun for supplychain_pipeline_dag to 2025-10-05 18:30:00+00:00, run_after=2025-10-05 19:00:00+00:00
[2025-10-05T18:57:04.461+0000] {processor.py:183} INFO - Processing /opt/airflow/dags/supplychain_pipeline_dag.py took 4.656 seconds
[2025-10-05T18:57:35.237+0000] {processor.py:161} INFO - Started process (PID=491) to work on /opt/airflow/dags/supplychain_pipeline_dag.py
[2025-10-05T18:57:35.240+0000] {processor.py:830} INFO - Processing file /opt/airflow/dags/supplychain_pipeline_dag.py for tasks to queue
[2025-10-05T18:57:35.247+0000] {logging_mixin.py:188} INFO - [2025-10-05T18:57:35.246+0000] {dagbag.py:545} INFO - Filling up the DagBag from /opt/airflow/dags/supplychain_pipeline_dag.py
[2025-10-05T18:57:39.593+0000] {logging_mixin.py:188} INFO - [2025-10-05T18:57:39.592+0000] {config.py:75} INFO - Settings loaded (env=default)
[2025-10-05T18:57:39.804+0000] {processor.py:840} INFO - DAG(s) 'supplychain_pipeline_dag' retrieved from /opt/airflow/dags/supplychain_pipeline_dag.py
[2025-10-05T18:57:39.894+0000] {logging_mixin.py:188} INFO - [2025-10-05T18:57:39.893+0000] {dag.py:3096} INFO - Sync 1 DAGs
[2025-10-05T18:57:39.939+0000] {logging_mixin.py:188} INFO - [2025-10-05T18:57:39.939+0000] {dag.py:3954} INFO - Setting next_dagrun for supplychain_pipeline_dag to 2025-10-05 18:30:00+00:00, run_after=2025-10-05 19:00:00+00:00
[2025-10-05T18:57:39.986+0000] {processor.py:183} INFO - Processing /opt/airflow/dags/supplychain_pipeline_dag.py took 4.765 seconds
[2025-10-05T18:58:10.835+0000] {processor.py:161} INFO - Started process (PID=513) to work on /opt/airflow/dags/supplychain_pipeline_dag.py
[2025-10-05T18:58:10.838+0000] {processor.py:830} INFO - Processing file /opt/airflow/dags/supplychain_pipeline_dag.py for tasks to queue
[2025-10-05T18:58:10.844+0000] {logging_mixin.py:188} INFO - [2025-10-05T18:58:10.843+0000] {dagbag.py:545} INFO - Filling up the DagBag from /opt/airflow/dags/supplychain_pipeline_dag.py
[2025-10-05T18:58:15.119+0000] {logging_mixin.py:188} INFO - [2025-10-05T18:58:15.119+0000] {config.py:75} INFO - Settings loaded (env=default)
[2025-10-05T18:58:15.370+0000] {processor.py:840} INFO - DAG(s) 'supplychain_pipeline_dag' retrieved from /opt/airflow/dags/supplychain_pipeline_dag.py
[2025-10-05T18:58:15.487+0000] {logging_mixin.py:188} INFO - [2025-10-05T18:58:15.486+0000] {dag.py:3096} INFO - Sync 1 DAGs
[2025-10-05T18:58:15.542+0000] {logging_mixin.py:188} INFO - [2025-10-05T18:58:15.542+0000] {dag.py:3954} INFO - Setting next_dagrun for supplychain_pipeline_dag to 2025-10-05 18:30:00+00:00, run_after=2025-10-05 19:00:00+00:00
[2025-10-05T18:58:15.587+0000] {processor.py:183} INFO - Processing /opt/airflow/dags/supplychain_pipeline_dag.py took 4.769 seconds
[2025-10-05T18:58:46.288+0000] {processor.py:161} INFO - Started process (PID=535) to work on /opt/airflow/dags/supplychain_pipeline_dag.py
[2025-10-05T18:58:46.291+0000] {processor.py:830} INFO - Processing file /opt/airflow/dags/supplychain_pipeline_dag.py for tasks to queue
[2025-10-05T18:58:46.296+0000] {logging_mixin.py:188} INFO - [2025-10-05T18:58:46.295+0000] {dagbag.py:545} INFO - Filling up the DagBag from /opt/airflow/dags/supplychain_pipeline_dag.py
[2025-10-05T18:58:50.538+0000] {logging_mixin.py:188} INFO - [2025-10-05T18:58:50.538+0000] {config.py:75} INFO - Settings loaded (env=default)
[2025-10-05T18:58:50.767+0000] {processor.py:840} INFO - DAG(s) 'supplychain_pipeline_dag' retrieved from /opt/airflow/dags/supplychain_pipeline_dag.py
[2025-10-05T18:58:50.853+0000] {logging_mixin.py:188} INFO - [2025-10-05T18:58:50.853+0000] {dag.py:3096} INFO - Sync 1 DAGs
[2025-10-05T18:58:50.897+0000] {logging_mixin.py:188} INFO - [2025-10-05T18:58:50.897+0000] {dag.py:3954} INFO - Setting next_dagrun for supplychain_pipeline_dag to 2025-10-05 18:30:00+00:00, run_after=2025-10-05 19:00:00+00:00
[2025-10-05T18:58:50.948+0000] {processor.py:183} INFO - Processing /opt/airflow/dags/supplychain_pipeline_dag.py took 4.672 seconds
[2025-10-05T18:59:21.291+0000] {processor.py:161} INFO - Started process (PID=557) to work on /opt/airflow/dags/supplychain_pipeline_dag.py
[2025-10-05T18:59:21.295+0000] {processor.py:830} INFO - Processing file /opt/airflow/dags/supplychain_pipeline_dag.py for tasks to queue
[2025-10-05T18:59:21.300+0000] {logging_mixin.py:188} INFO - [2025-10-05T18:59:21.300+0000] {dagbag.py:545} INFO - Filling up the DagBag from /opt/airflow/dags/supplychain_pipeline_dag.py
[2025-10-05T18:59:25.658+0000] {logging_mixin.py:188} INFO - [2025-10-05T18:59:25.658+0000] {config.py:75} INFO - Settings loaded (env=default)
[2025-10-05T18:59:25.900+0000] {processor.py:840} INFO - DAG(s) 'supplychain_pipeline_dag' retrieved from /opt/airflow/dags/supplychain_pipeline_dag.py
[2025-10-05T18:59:25.984+0000] {logging_mixin.py:188} INFO - [2025-10-05T18:59:25.983+0000] {dag.py:3096} INFO - Sync 1 DAGs
[2025-10-05T18:59:26.031+0000] {logging_mixin.py:188} INFO - [2025-10-05T18:59:26.030+0000] {dag.py:3954} INFO - Setting next_dagrun for supplychain_pipeline_dag to 2025-10-05 18:30:00+00:00, run_after=2025-10-05 19:00:00+00:00
[2025-10-05T18:59:26.080+0000] {processor.py:183} INFO - Processing /opt/airflow/dags/supplychain_pipeline_dag.py took 4.808 seconds
[2025-10-05T18:59:56.395+0000] {processor.py:161} INFO - Started process (PID=579) to work on /opt/airflow/dags/supplychain_pipeline_dag.py
[2025-10-05T18:59:56.397+0000] {processor.py:830} INFO - Processing file /opt/airflow/dags/supplychain_pipeline_dag.py for tasks to queue
[2025-10-05T18:59:56.403+0000] {logging_mixin.py:188} INFO - [2025-10-05T18:59:56.402+0000] {dagbag.py:545} INFO - Filling up the DagBag from /opt/airflow/dags/supplychain_pipeline_dag.py
[2025-10-05T19:00:00.641+0000] {logging_mixin.py:188} INFO - [2025-10-05T19:00:00.641+0000] {config.py:75} INFO - Settings loaded (env=default)
[2025-10-05T19:00:00.872+0000] {processor.py:840} INFO - DAG(s) 'supplychain_pipeline_dag' retrieved from /opt/airflow/dags/supplychain_pipeline_dag.py
[2025-10-05T19:00:00.949+0000] {logging_mixin.py:188} INFO - [2025-10-05T19:00:00.947+0000] {dag.py:3096} INFO - Sync 1 DAGs
[2025-10-05T19:00:00.990+0000] {logging_mixin.py:188} INFO - [2025-10-05T19:00:00.990+0000] {dag.py:3954} INFO - Setting next_dagrun for supplychain_pipeline_dag to 2025-10-05 18:30:00+00:00, run_after=2025-10-05 19:00:00+00:00
[2025-10-05T19:00:01.037+0000] {processor.py:183} INFO - Processing /opt/airflow/dags/supplychain_pipeline_dag.py took 4.658 seconds
[2025-10-05T19:00:31.602+0000] {processor.py:161} INFO - Started process (PID=601) to work on /opt/airflow/dags/supplychain_pipeline_dag.py
[2025-10-05T19:00:31.605+0000] {processor.py:830} INFO - Processing file /opt/airflow/dags/supplychain_pipeline_dag.py for tasks to queue
[2025-10-05T19:00:31.611+0000] {logging_mixin.py:188} INFO - [2025-10-05T19:00:31.610+0000] {dagbag.py:545} INFO - Filling up the DagBag from /opt/airflow/dags/supplychain_pipeline_dag.py
[2025-10-05T19:00:35.991+0000] {logging_mixin.py:188} INFO - [2025-10-05T19:00:35.990+0000] {config.py:75} INFO - Settings loaded (env=default)
[2025-10-05T19:00:36.200+0000] {processor.py:840} INFO - DAG(s) 'supplychain_pipeline_dag' retrieved from /opt/airflow/dags/supplychain_pipeline_dag.py
[2025-10-05T19:00:36.269+0000] {logging_mixin.py:188} INFO - [2025-10-05T19:00:36.269+0000] {dag.py:3096} INFO - Sync 1 DAGs
[2025-10-05T19:00:36.322+0000] {logging_mixin.py:188} INFO - [2025-10-05T19:00:36.322+0000] {dag.py:3954} INFO - Setting next_dagrun for supplychain_pipeline_dag to 2025-10-05 18:30:00+00:00, run_after=2025-10-05 19:00:00+00:00
[2025-10-05T19:00:36.363+0000] {processor.py:183} INFO - Processing /opt/airflow/dags/supplychain_pipeline_dag.py took 4.774 seconds
[2025-10-05T19:01:07.114+0000] {processor.py:161} INFO - Started process (PID=623) to work on /opt/airflow/dags/supplychain_pipeline_dag.py
[2025-10-05T19:01:07.117+0000] {processor.py:830} INFO - Processing file /opt/airflow/dags/supplychain_pipeline_dag.py for tasks to queue
[2025-10-05T19:01:07.123+0000] {logging_mixin.py:188} INFO - [2025-10-05T19:01:07.121+0000] {dagbag.py:545} INFO - Filling up the DagBag from /opt/airflow/dags/supplychain_pipeline_dag.py
[2025-10-05T19:01:11.613+0000] {logging_mixin.py:188} INFO - [2025-10-05T19:01:11.613+0000] {config.py:75} INFO - Settings loaded (env=default)
[2025-10-05T19:01:11.859+0000] {processor.py:840} INFO - DAG(s) 'supplychain_pipeline_dag' retrieved from /opt/airflow/dags/supplychain_pipeline_dag.py
[2025-10-05T19:01:11.944+0000] {logging_mixin.py:188} INFO - [2025-10-05T19:01:11.943+0000] {dag.py:3096} INFO - Sync 1 DAGs
[2025-10-05T19:01:12.006+0000] {logging_mixin.py:188} INFO - [2025-10-05T19:01:12.004+0000] {dag.py:3954} INFO - Setting next_dagrun for supplychain_pipeline_dag to 2025-10-05 18:30:00+00:00, run_after=2025-10-05 19:00:00+00:00
[2025-10-05T19:01:12.068+0000] {processor.py:183} INFO - Processing /opt/airflow/dags/supplychain_pipeline_dag.py took 4.967 seconds
[2025-10-05T19:01:42.837+0000] {processor.py:161} INFO - Started process (PID=645) to work on /opt/airflow/dags/supplychain_pipeline_dag.py
[2025-10-05T19:01:42.840+0000] {processor.py:830} INFO - Processing file /opt/airflow/dags/supplychain_pipeline_dag.py for tasks to queue
[2025-10-05T19:01:42.847+0000] {logging_mixin.py:188} INFO - [2025-10-05T19:01:42.846+0000] {dagbag.py:545} INFO - Filling up the DagBag from /opt/airflow/dags/supplychain_pipeline_dag.py
[2025-10-05T19:01:47.394+0000] {logging_mixin.py:188} INFO - [2025-10-05T19:01:47.394+0000] {config.py:75} INFO - Settings loaded (env=default)
[2025-10-05T19:01:47.603+0000] {processor.py:840} INFO - DAG(s) 'supplychain_pipeline_dag' retrieved from /opt/airflow/dags/supplychain_pipeline_dag.py
[2025-10-05T19:01:47.681+0000] {logging_mixin.py:188} INFO - [2025-10-05T19:01:47.680+0000] {dag.py:3096} INFO - Sync 1 DAGs
[2025-10-05T19:01:47.732+0000] {logging_mixin.py:188} INFO - [2025-10-05T19:01:47.732+0000] {dag.py:3954} INFO - Setting next_dagrun for supplychain_pipeline_dag to 2025-10-05 18:30:00+00:00, run_after=2025-10-05 19:00:00+00:00
[2025-10-05T19:01:47.780+0000] {processor.py:183} INFO - Processing /opt/airflow/dags/supplychain_pipeline_dag.py took 4.960 seconds
[2025-10-05T19:02:18.551+0000] {processor.py:161} INFO - Started process (PID=667) to work on /opt/airflow/dags/supplychain_pipeline_dag.py
[2025-10-05T19:02:18.556+0000] {processor.py:830} INFO - Processing file /opt/airflow/dags/supplychain_pipeline_dag.py for tasks to queue
[2025-10-05T19:02:18.561+0000] {logging_mixin.py:188} INFO - [2025-10-05T19:02:18.560+0000] {dagbag.py:545} INFO - Filling up the DagBag from /opt/airflow/dags/supplychain_pipeline_dag.py
[2025-10-05T19:02:22.927+0000] {logging_mixin.py:188} INFO - [2025-10-05T19:02:22.926+0000] {config.py:75} INFO - Settings loaded (env=default)
[2025-10-05T19:02:23.150+0000] {processor.py:840} INFO - DAG(s) 'supplychain_pipeline_dag' retrieved from /opt/airflow/dags/supplychain_pipeline_dag.py
[2025-10-05T19:02:23.233+0000] {logging_mixin.py:188} INFO - [2025-10-05T19:02:23.232+0000] {dag.py:3096} INFO - Sync 1 DAGs
[2025-10-05T19:02:23.282+0000] {logging_mixin.py:188} INFO - [2025-10-05T19:02:23.281+0000] {dag.py:3954} INFO - Setting next_dagrun for supplychain_pipeline_dag to 2025-10-05 18:30:00+00:00, run_after=2025-10-05 19:00:00+00:00
[2025-10-05T19:02:23.330+0000] {processor.py:183} INFO - Processing /opt/airflow/dags/supplychain_pipeline_dag.py took 4.797 seconds
[2025-10-05T19:02:54.144+0000] {processor.py:161} INFO - Started process (PID=689) to work on /opt/airflow/dags/supplychain_pipeline_dag.py
[2025-10-05T19:02:54.147+0000] {processor.py:830} INFO - Processing file /opt/airflow/dags/supplychain_pipeline_dag.py for tasks to queue
[2025-10-05T19:02:54.152+0000] {logging_mixin.py:188} INFO - [2025-10-05T19:02:54.151+0000] {dagbag.py:545} INFO - Filling up the DagBag from /opt/airflow/dags/supplychain_pipeline_dag.py
[2025-10-05T19:02:58.553+0000] {logging_mixin.py:188} INFO - [2025-10-05T19:02:58.553+0000] {config.py:75} INFO - Settings loaded (env=default)
[2025-10-05T19:02:58.756+0000] {processor.py:840} INFO - DAG(s) 'supplychain_pipeline_dag' retrieved from /opt/airflow/dags/supplychain_pipeline_dag.py
[2025-10-05T19:02:58.842+0000] {logging_mixin.py:188} INFO - [2025-10-05T19:02:58.841+0000] {dag.py:3096} INFO - Sync 1 DAGs
[2025-10-05T19:02:58.898+0000] {logging_mixin.py:188} INFO - [2025-10-05T19:02:58.897+0000] {dag.py:3954} INFO - Setting next_dagrun for supplychain_pipeline_dag to 2025-10-05 18:30:00+00:00, run_after=2025-10-05 19:00:00+00:00
[2025-10-05T19:02:58.951+0000] {processor.py:183} INFO - Processing /opt/airflow/dags/supplychain_pipeline_dag.py took 4.821 seconds
[2025-10-05T19:03:29.771+0000] {processor.py:161} INFO - Started process (PID=711) to work on /opt/airflow/dags/supplychain_pipeline_dag.py
[2025-10-05T19:03:29.774+0000] {processor.py:830} INFO - Processing file /opt/airflow/dags/supplychain_pipeline_dag.py for tasks to queue
[2025-10-05T19:03:29.793+0000] {logging_mixin.py:188} INFO - [2025-10-05T19:03:29.783+0000] {dagbag.py:545} INFO - Filling up the DagBag from /opt/airflow/dags/supplychain_pipeline_dag.py
[2025-10-05T19:03:34.100+0000] {logging_mixin.py:188} INFO - [2025-10-05T19:03:34.100+0000] {config.py:75} INFO - Settings loaded (env=default)
[2025-10-05T19:03:34.324+0000] {processor.py:840} INFO - DAG(s) 'supplychain_pipeline_dag' retrieved from /opt/airflow/dags/supplychain_pipeline_dag.py
[2025-10-05T19:03:34.409+0000] {logging_mixin.py:188} INFO - [2025-10-05T19:03:34.408+0000] {dag.py:3096} INFO - Sync 1 DAGs
[2025-10-05T19:03:34.458+0000] {logging_mixin.py:188} INFO - [2025-10-05T19:03:34.457+0000] {dag.py:3954} INFO - Setting next_dagrun for supplychain_pipeline_dag to 2025-10-05 18:30:00+00:00, run_after=2025-10-05 19:00:00+00:00
[2025-10-05T19:03:34.507+0000] {processor.py:183} INFO - Processing /opt/airflow/dags/supplychain_pipeline_dag.py took 4.750 seconds
[2025-10-05T19:04:05.277+0000] {processor.py:161} INFO - Started process (PID=733) to work on /opt/airflow/dags/supplychain_pipeline_dag.py
[2025-10-05T19:04:05.282+0000] {processor.py:830} INFO - Processing file /opt/airflow/dags/supplychain_pipeline_dag.py for tasks to queue
[2025-10-05T19:04:05.287+0000] {logging_mixin.py:188} INFO - [2025-10-05T19:04:05.287+0000] {dagbag.py:545} INFO - Filling up the DagBag from /opt/airflow/dags/supplychain_pipeline_dag.py
[2025-10-05T19:04:09.623+0000] {logging_mixin.py:188} INFO - [2025-10-05T19:04:09.623+0000] {config.py:75} INFO - Settings loaded (env=default)
[2025-10-05T19:04:10.875+0000] {processor.py:840} INFO - DAG(s) 'supplychain_pipeline_dag' retrieved from /opt/airflow/dags/supplychain_pipeline_dag.py
[2025-10-05T19:04:10.948+0000] {logging_mixin.py:188} INFO - [2025-10-05T19:04:10.947+0000] {dag.py:3096} INFO - Sync 1 DAGs
[2025-10-05T19:04:10.990+0000] {logging_mixin.py:188} INFO - [2025-10-05T19:04:10.989+0000] {dag.py:3954} INFO - Setting next_dagrun for supplychain_pipeline_dag to 2025-10-05 18:30:00+00:00, run_after=2025-10-05 19:00:00+00:00
[2025-10-05T19:04:11.036+0000] {processor.py:183} INFO - Processing /opt/airflow/dags/supplychain_pipeline_dag.py took 4.733 seconds
[2025-10-05T19:04:47.164+0000] {processor.py:161} INFO - Started process (PID=755) to work on /opt/airflow/dags/supplychain_pipeline_dag.py
[2025-10-05T19:04:47.166+0000] {processor.py:830} INFO - Processing file /opt/airflow/dags/supplychain_pipeline_dag.py for tasks to queue
[2025-10-05T19:04:47.173+0000] {logging_mixin.py:188} INFO - [2025-10-05T19:04:47.171+0000] {dagbag.py:545} INFO - Filling up the DagBag from /opt/airflow/dags/supplychain_pipeline_dag.py
[2025-10-05T19:04:51.651+0000] {logging_mixin.py:188} INFO - [2025-10-05T19:04:51.651+0000] {config.py:75} INFO - Settings loaded (env=default)
[2025-10-05T19:04:51.872+0000] {processor.py:840} INFO - DAG(s) 'supplychain_pipeline_dag' retrieved from /opt/airflow/dags/supplychain_pipeline_dag.py
[2025-10-05T19:04:51.948+0000] {logging_mixin.py:188} INFO - [2025-10-05T19:04:51.947+0000] {dag.py:3096} INFO - Sync 1 DAGs
[2025-10-05T19:04:51.994+0000] {logging_mixin.py:188} INFO - [2025-10-05T19:04:51.994+0000] {dag.py:3954} INFO - Setting next_dagrun for supplychain_pipeline_dag to 2025-10-05 18:30:00+00:00, run_after=2025-10-05 19:00:00+00:00
[2025-10-05T19:04:52.045+0000] {processor.py:183} INFO - Processing /opt/airflow/dags/supplychain_pipeline_dag.py took 4.897 seconds
[2025-10-05T19:05:22.907+0000] {processor.py:161} INFO - Started process (PID=777) to work on /opt/airflow/dags/supplychain_pipeline_dag.py
[2025-10-05T19:05:22.910+0000] {processor.py:830} INFO - Processing file /opt/airflow/dags/supplychain_pipeline_dag.py for tasks to queue
[2025-10-05T19:05:22.915+0000] {logging_mixin.py:188} INFO - [2025-10-05T19:05:22.914+0000] {dagbag.py:545} INFO - Filling up the DagBag from /opt/airflow/dags/supplychain_pipeline_dag.py
[2025-10-05T19:05:27.088+0000] {logging_mixin.py:188} INFO - [2025-10-05T19:05:27.087+0000] {config.py:75} INFO - Settings loaded (env=default)
[2025-10-05T19:05:27.312+0000] {processor.py:840} INFO - DAG(s) 'supplychain_pipeline_dag' retrieved from /opt/airflow/dags/supplychain_pipeline_dag.py
[2025-10-05T19:05:27.390+0000] {logging_mixin.py:188} INFO - [2025-10-05T19:05:27.389+0000] {dag.py:3096} INFO - Sync 1 DAGs
[2025-10-05T19:05:27.436+0000] {logging_mixin.py:188} INFO - [2025-10-05T19:05:27.435+0000] {dag.py:3954} INFO - Setting next_dagrun for supplychain_pipeline_dag to 2025-10-05 18:30:00+00:00, run_after=2025-10-05 19:00:00+00:00
[2025-10-05T19:05:27.488+0000] {processor.py:183} INFO - Processing /opt/airflow/dags/supplychain_pipeline_dag.py took 4.597 seconds
[2025-10-05T19:05:57.948+0000] {processor.py:161} INFO - Started process (PID=799) to work on /opt/airflow/dags/supplychain_pipeline_dag.py
[2025-10-05T19:05:57.950+0000] {processor.py:830} INFO - Processing file /opt/airflow/dags/supplychain_pipeline_dag.py for tasks to queue
[2025-10-05T19:05:57.955+0000] {logging_mixin.py:188} INFO - [2025-10-05T19:05:57.954+0000] {dagbag.py:545} INFO - Filling up the DagBag from /opt/airflow/dags/supplychain_pipeline_dag.py
[2025-10-05T19:06:02.163+0000] {logging_mixin.py:188} INFO - [2025-10-05T19:06:02.163+0000] {config.py:75} INFO - Settings loaded (env=default)
[2025-10-05T19:06:02.379+0000] {processor.py:840} INFO - DAG(s) 'supplychain_pipeline_dag' retrieved from /opt/airflow/dags/supplychain_pipeline_dag.py
[2025-10-05T19:06:02.463+0000] {logging_mixin.py:188} INFO - [2025-10-05T19:06:02.462+0000] {dag.py:3096} INFO - Sync 1 DAGs
[2025-10-05T19:06:02.507+0000] {logging_mixin.py:188} INFO - [2025-10-05T19:06:02.506+0000] {dag.py:3954} INFO - Setting next_dagrun for supplychain_pipeline_dag to 2025-10-05 18:30:00+00:00, run_after=2025-10-05 19:00:00+00:00
[2025-10-05T19:06:02.554+0000] {processor.py:183} INFO - Processing /opt/airflow/dags/supplychain_pipeline_dag.py took 4.620 seconds
[2025-10-05T19:06:33.303+0000] {processor.py:161} INFO - Started process (PID=821) to work on /opt/airflow/dags/supplychain_pipeline_dag.py
[2025-10-05T19:06:33.306+0000] {processor.py:830} INFO - Processing file /opt/airflow/dags/supplychain_pipeline_dag.py for tasks to queue
[2025-10-05T19:06:33.310+0000] {logging_mixin.py:188} INFO - [2025-10-05T19:06:33.310+0000] {dagbag.py:545} INFO - Filling up the DagBag from /opt/airflow/dags/supplychain_pipeline_dag.py
[2025-10-05T19:06:37.825+0000] {logging_mixin.py:188} INFO - [2025-10-05T19:06:37.824+0000] {config.py:75} INFO - Settings loaded (env=default)
[2025-10-05T19:06:38.080+0000] {processor.py:840} INFO - DAG(s) 'supplychain_pipeline_dag' retrieved from /opt/airflow/dags/supplychain_pipeline_dag.py
[2025-10-05T19:06:38.162+0000] {logging_mixin.py:188} INFO - [2025-10-05T19:06:38.161+0000] {dag.py:3096} INFO - Sync 1 DAGs
[2025-10-05T19:06:38.224+0000] {logging_mixin.py:188} INFO - [2025-10-05T19:06:38.223+0000] {dag.py:3954} INFO - Setting next_dagrun for supplychain_pipeline_dag to 2025-10-05 18:30:00+00:00, run_after=2025-10-05 19:00:00+00:00
[2025-10-05T19:06:38.288+0000] {processor.py:183} INFO - Processing /opt/airflow/dags/supplychain_pipeline_dag.py took 5.001 seconds
[2025-10-05T19:07:09.008+0000] {processor.py:161} INFO - Started process (PID=843) to work on /opt/airflow/dags/supplychain_pipeline_dag.py
[2025-10-05T19:07:09.010+0000] {processor.py:830} INFO - Processing file /opt/airflow/dags/supplychain_pipeline_dag.py for tasks to queue
[2025-10-05T19:07:09.015+0000] {logging_mixin.py:188} INFO - [2025-10-05T19:07:09.014+0000] {dagbag.py:545} INFO - Filling up the DagBag from /opt/airflow/dags/supplychain_pipeline_dag.py
[2025-10-05T19:07:13.379+0000] {logging_mixin.py:188} INFO - [2025-10-05T19:07:13.379+0000] {config.py:75} INFO - Settings loaded (env=default)
[2025-10-05T19:07:13.610+0000] {processor.py:840} INFO - DAG(s) 'supplychain_pipeline_dag' retrieved from /opt/airflow/dags/supplychain_pipeline_dag.py
[2025-10-05T19:07:13.689+0000] {logging_mixin.py:188} INFO - [2025-10-05T19:07:13.688+0000] {dag.py:3096} INFO - Sync 1 DAGs
[2025-10-05T19:07:13.734+0000] {logging_mixin.py:188} INFO - [2025-10-05T19:07:13.734+0000] {dag.py:3954} INFO - Setting next_dagrun for supplychain_pipeline_dag to 2025-10-05 18:30:00+00:00, run_after=2025-10-05 19:00:00+00:00
[2025-10-05T19:07:13.778+0000] {processor.py:183} INFO - Processing /opt/airflow/dags/supplychain_pipeline_dag.py took 4.782 seconds
[2025-10-05T19:07:44.549+0000] {processor.py:161} INFO - Started process (PID=865) to work on /opt/airflow/dags/supplychain_pipeline_dag.py
[2025-10-05T19:07:44.551+0000] {processor.py:830} INFO - Processing file /opt/airflow/dags/supplychain_pipeline_dag.py for tasks to queue
[2025-10-05T19:07:44.558+0000] {logging_mixin.py:188} INFO - [2025-10-05T19:07:44.557+0000] {dagbag.py:545} INFO - Filling up the DagBag from /opt/airflow/dags/supplychain_pipeline_dag.py
[2025-10-05T19:07:48.809+0000] {logging_mixin.py:188} INFO - [2025-10-05T19:07:48.809+0000] {config.py:75} INFO - Settings loaded (env=default)
[2025-10-05T19:07:49.046+0000] {processor.py:840} INFO - DAG(s) 'supplychain_pipeline_dag' retrieved from /opt/airflow/dags/supplychain_pipeline_dag.py
[2025-10-05T19:07:49.120+0000] {logging_mixin.py:188} INFO - [2025-10-05T19:07:49.120+0000] {dag.py:3096} INFO - Sync 1 DAGs
[2025-10-05T19:07:49.160+0000] {logging_mixin.py:188} INFO - [2025-10-05T19:07:49.160+0000] {dag.py:3954} INFO - Setting next_dagrun for supplychain_pipeline_dag to 2025-10-05 18:30:00+00:00, run_after=2025-10-05 19:00:00+00:00
[2025-10-05T19:07:49.208+0000] {processor.py:183} INFO - Processing /opt/airflow/dags/supplychain_pipeline_dag.py took 4.676 seconds
[2025-10-05T19:08:19.994+0000] {processor.py:161} INFO - Started process (PID=887) to work on /opt/airflow/dags/supplychain_pipeline_dag.py
[2025-10-05T19:08:19.996+0000] {processor.py:830} INFO - Processing file /opt/airflow/dags/supplychain_pipeline_dag.py for tasks to queue
[2025-10-05T19:08:20.001+0000] {logging_mixin.py:188} INFO - [2025-10-05T19:08:20.000+0000] {dagbag.py:545} INFO - Filling up the DagBag from /opt/airflow/dags/supplychain_pipeline_dag.py
[2025-10-05T19:08:24.324+0000] {logging_mixin.py:188} INFO - [2025-10-05T19:08:24.324+0000] {config.py:75} INFO - Settings loaded (env=default)
[2025-10-05T19:08:24.544+0000] {processor.py:840} INFO - DAG(s) 'supplychain_pipeline_dag' retrieved from /opt/airflow/dags/supplychain_pipeline_dag.py
[2025-10-05T19:08:24.629+0000] {logging_mixin.py:188} INFO - [2025-10-05T19:08:24.628+0000] {dag.py:3096} INFO - Sync 1 DAGs
[2025-10-05T19:08:24.678+0000] {logging_mixin.py:188} INFO - [2025-10-05T19:08:24.678+0000] {dag.py:3954} INFO - Setting next_dagrun for supplychain_pipeline_dag to 2025-10-05 18:30:00+00:00, run_after=2025-10-05 19:00:00+00:00
[2025-10-05T19:08:24.727+0000] {processor.py:183} INFO - Processing /opt/airflow/dags/supplychain_pipeline_dag.py took 4.746 seconds
[2025-10-05T19:08:55.466+0000] {processor.py:161} INFO - Started process (PID=909) to work on /opt/airflow/dags/supplychain_pipeline_dag.py
[2025-10-05T19:08:55.469+0000] {processor.py:830} INFO - Processing file /opt/airflow/dags/supplychain_pipeline_dag.py for tasks to queue
[2025-10-05T19:08:55.475+0000] {logging_mixin.py:188} INFO - [2025-10-05T19:08:55.474+0000] {dagbag.py:545} INFO - Filling up the DagBag from /opt/airflow/dags/supplychain_pipeline_dag.py
[2025-10-05T19:08:59.694+0000] {logging_mixin.py:188} INFO - [2025-10-05T19:08:59.694+0000] {config.py:75} INFO - Settings loaded (env=default)
[2025-10-05T19:08:59.905+0000] {processor.py:840} INFO - DAG(s) 'supplychain_pipeline_dag' retrieved from /opt/airflow/dags/supplychain_pipeline_dag.py
[2025-10-05T19:08:59.986+0000] {logging_mixin.py:188} INFO - [2025-10-05T19:08:59.985+0000] {dag.py:3096} INFO - Sync 1 DAGs
[2025-10-05T19:09:00.035+0000] {logging_mixin.py:188} INFO - [2025-10-05T19:09:00.035+0000] {dag.py:3954} INFO - Setting next_dagrun for supplychain_pipeline_dag to 2025-10-05 18:30:00+00:00, run_after=2025-10-05 19:00:00+00:00
[2025-10-05T19:09:00.080+0000] {processor.py:183} INFO - Processing /opt/airflow/dags/supplychain_pipeline_dag.py took 4.628 seconds
[2025-10-05T19:09:30.504+0000] {processor.py:161} INFO - Started process (PID=931) to work on /opt/airflow/dags/supplychain_pipeline_dag.py
[2025-10-05T19:09:30.507+0000] {processor.py:830} INFO - Processing file /opt/airflow/dags/supplychain_pipeline_dag.py for tasks to queue
[2025-10-05T19:09:30.512+0000] {logging_mixin.py:188} INFO - [2025-10-05T19:09:30.511+0000] {dagbag.py:545} INFO - Filling up the DagBag from /opt/airflow/dags/supplychain_pipeline_dag.py
[2025-10-05T19:09:34.744+0000] {logging_mixin.py:188} INFO - [2025-10-05T19:09:34.743+0000] {config.py:75} INFO - Settings loaded (env=default)
[2025-10-05T19:09:34.967+0000] {processor.py:840} INFO - DAG(s) 'supplychain_pipeline_dag' retrieved from /opt/airflow/dags/supplychain_pipeline_dag.py
[2025-10-05T19:09:35.049+0000] {logging_mixin.py:188} INFO - [2025-10-05T19:09:35.048+0000] {dag.py:3096} INFO - Sync 1 DAGs
[2025-10-05T19:09:35.093+0000] {logging_mixin.py:188} INFO - [2025-10-05T19:09:35.093+0000] {dag.py:3954} INFO - Setting next_dagrun for supplychain_pipeline_dag to 2025-10-05 18:30:00+00:00, run_after=2025-10-05 19:00:00+00:00
[2025-10-05T19:09:35.143+0000] {processor.py:183} INFO - Processing /opt/airflow/dags/supplychain_pipeline_dag.py took 4.651 seconds
[2025-10-05T19:10:05.519+0000] {processor.py:161} INFO - Started process (PID=953) to work on /opt/airflow/dags/supplychain_pipeline_dag.py
[2025-10-05T19:10:05.523+0000] {processor.py:830} INFO - Processing file /opt/airflow/dags/supplychain_pipeline_dag.py for tasks to queue
[2025-10-05T19:10:05.529+0000] {logging_mixin.py:188} INFO - [2025-10-05T19:10:05.528+0000] {dagbag.py:545} INFO - Filling up the DagBag from /opt/airflow/dags/supplychain_pipeline_dag.py
[2025-10-05T19:10:10.119+0000] {logging_mixin.py:188} INFO - [2025-10-05T19:10:10.119+0000] {config.py:75} INFO - Settings loaded (env=default)
[2025-10-05T19:10:10.352+0000] {processor.py:840} INFO - DAG(s) 'supplychain_pipeline_dag' retrieved from /opt/airflow/dags/supplychain_pipeline_dag.py
[2025-10-05T19:10:10.454+0000] {logging_mixin.py:188} INFO - [2025-10-05T19:10:10.453+0000] {dag.py:3096} INFO - Sync 1 DAGs
[2025-10-05T19:10:10.509+0000] {logging_mixin.py:188} INFO - [2025-10-05T19:10:10.508+0000] {dag.py:3954} INFO - Setting next_dagrun for supplychain_pipeline_dag to 2025-10-05 18:30:00+00:00, run_after=2025-10-05 19:00:00+00:00
[2025-10-05T19:10:10.560+0000] {processor.py:183} INFO - Processing /opt/airflow/dags/supplychain_pipeline_dag.py took 5.057 seconds
[2025-10-05T19:10:41.331+0000] {processor.py:161} INFO - Started process (PID=975) to work on /opt/airflow/dags/supplychain_pipeline_dag.py
[2025-10-05T19:10:41.333+0000] {processor.py:830} INFO - Processing file /opt/airflow/dags/supplychain_pipeline_dag.py for tasks to queue
[2025-10-05T19:10:41.339+0000] {logging_mixin.py:188} INFO - [2025-10-05T19:10:41.338+0000] {dagbag.py:545} INFO - Filling up the DagBag from /opt/airflow/dags/supplychain_pipeline_dag.py
[2025-10-05T19:10:45.948+0000] {logging_mixin.py:188} INFO - [2025-10-05T19:10:45.947+0000] {config.py:75} INFO - Settings loaded (env=default)
[2025-10-05T19:10:46.190+0000] {processor.py:840} INFO - DAG(s) 'supplychain_pipeline_dag' retrieved from /opt/airflow/dags/supplychain_pipeline_dag.py
[2025-10-05T19:10:46.267+0000] {logging_mixin.py:188} INFO - [2025-10-05T19:10:46.267+0000] {dag.py:3096} INFO - Sync 1 DAGs
[2025-10-05T19:10:46.307+0000] {logging_mixin.py:188} INFO - [2025-10-05T19:10:46.307+0000] {dag.py:3954} INFO - Setting next_dagrun for supplychain_pipeline_dag to 2025-10-05 18:30:00+00:00, run_after=2025-10-05 19:00:00+00:00
[2025-10-05T19:10:46.350+0000] {processor.py:183} INFO - Processing /opt/airflow/dags/supplychain_pipeline_dag.py took 5.032 seconds
[2025-10-05T19:11:17.005+0000] {processor.py:161} INFO - Started process (PID=997) to work on /opt/airflow/dags/supplychain_pipeline_dag.py
[2025-10-05T19:11:17.008+0000] {processor.py:830} INFO - Processing file /opt/airflow/dags/supplychain_pipeline_dag.py for tasks to queue
[2025-10-05T19:11:17.014+0000] {logging_mixin.py:188} INFO - [2025-10-05T19:11:17.013+0000] {dagbag.py:545} INFO - Filling up the DagBag from /opt/airflow/dags/supplychain_pipeline_dag.py
[2025-10-05T19:11:21.578+0000] {logging_mixin.py:188} INFO - [2025-10-05T19:11:21.578+0000] {config.py:75} INFO - Settings loaded (env=default)
[2025-10-05T19:11:21.814+0000] {processor.py:840} INFO - DAG(s) 'supplychain_pipeline_dag' retrieved from /opt/airflow/dags/supplychain_pipeline_dag.py
[2025-10-05T19:11:21.901+0000] {logging_mixin.py:188} INFO - [2025-10-05T19:11:21.900+0000] {dag.py:3096} INFO - Sync 1 DAGs
[2025-10-05T19:11:21.947+0000] {logging_mixin.py:188} INFO - [2025-10-05T19:11:21.947+0000] {dag.py:3954} INFO - Setting next_dagrun for supplychain_pipeline_dag to 2025-10-05 18:30:00+00:00, run_after=2025-10-05 19:00:00+00:00
[2025-10-05T19:11:22.006+0000] {processor.py:183} INFO - Processing /opt/airflow/dags/supplychain_pipeline_dag.py took 5.014 seconds
[2025-10-05T19:11:52.753+0000] {processor.py:161} INFO - Started process (PID=1019) to work on /opt/airflow/dags/supplychain_pipeline_dag.py
[2025-10-05T19:11:52.756+0000] {processor.py:830} INFO - Processing file /opt/airflow/dags/supplychain_pipeline_dag.py for tasks to queue
[2025-10-05T19:11:52.761+0000] {logging_mixin.py:188} INFO - [2025-10-05T19:11:52.760+0000] {dagbag.py:545} INFO - Filling up the DagBag from /opt/airflow/dags/supplychain_pipeline_dag.py
[2025-10-05T19:12:00.563+0000] {logging_mixin.py:188} INFO - [2025-10-05T19:12:00.562+0000] {config.py:75} INFO - Settings loaded (env=default)
[2025-10-05T19:12:00.764+0000] {processor.py:840} INFO - DAG(s) 'supplychain_pipeline_dag' retrieved from /opt/airflow/dags/supplychain_pipeline_dag.py
[2025-10-05T19:12:00.842+0000] {logging_mixin.py:188} INFO - [2025-10-05T19:12:00.842+0000] {dag.py:3096} INFO - Sync 1 DAGs
[2025-10-05T19:12:00.904+0000] {logging_mixin.py:188} INFO - [2025-10-05T19:12:00.903+0000] {dag.py:3954} INFO - Setting next_dagrun for supplychain_pipeline_dag to 2025-10-05 18:30:00+00:00, run_after=2025-10-05 19:00:00+00:00
[2025-10-05T19:12:00.956+0000] {processor.py:183} INFO - Processing /opt/airflow/dags/supplychain_pipeline_dag.py took 4.879 seconds
[2025-10-05T19:12:33.839+0000] {processor.py:161} INFO - Started process (PID=1041) to work on /opt/airflow/dags/supplychain_pipeline_dag.py
[2025-10-05T19:12:33.841+0000] {processor.py:830} INFO - Processing file /opt/airflow/dags/supplychain_pipeline_dag.py for tasks to queue
[2025-10-05T19:12:33.846+0000] {logging_mixin.py:188} INFO - [2025-10-05T19:12:33.845+0000] {dagbag.py:545} INFO - Filling up the DagBag from /opt/airflow/dags/supplychain_pipeline_dag.py
[2025-10-05T19:12:38.235+0000] {logging_mixin.py:188} INFO - [2025-10-05T19:12:38.235+0000] {config.py:75} INFO - Settings loaded (env=default)
[2025-10-05T19:12:38.556+0000] {processor.py:840} INFO - DAG(s) 'supplychain_pipeline_dag' retrieved from /opt/airflow/dags/supplychain_pipeline_dag.py
[2025-10-05T19:12:38.635+0000] {logging_mixin.py:188} INFO - [2025-10-05T19:12:38.634+0000] {dag.py:3096} INFO - Sync 1 DAGs
[2025-10-05T19:12:38.680+0000] {logging_mixin.py:188} INFO - [2025-10-05T19:12:38.680+0000] {dag.py:3954} INFO - Setting next_dagrun for supplychain_pipeline_dag to 2025-10-05 18:30:00+00:00, run_after=2025-10-05 19:00:00+00:00
[2025-10-05T19:12:38.722+0000] {processor.py:183} INFO - Processing /opt/airflow/dags/supplychain_pipeline_dag.py took 4.898 seconds
[2025-10-05T19:13:09.475+0000] {processor.py:161} INFO - Started process (PID=1063) to work on /opt/airflow/dags/supplychain_pipeline_dag.py
[2025-10-05T19:13:09.478+0000] {processor.py:830} INFO - Processing file /opt/airflow/dags/supplychain_pipeline_dag.py for tasks to queue
[2025-10-05T19:13:09.482+0000] {logging_mixin.py:188} INFO - [2025-10-05T19:13:09.482+0000] {dagbag.py:545} INFO - Filling up the DagBag from /opt/airflow/dags/supplychain_pipeline_dag.py
[2025-10-05T19:13:14.051+0000] {logging_mixin.py:188} INFO - [2025-10-05T19:13:14.051+0000] {config.py:75} INFO - Settings loaded (env=default)
[2025-10-05T19:13:14.283+0000] {processor.py:840} INFO - DAG(s) 'supplychain_pipeline_dag' retrieved from /opt/airflow/dags/supplychain_pipeline_dag.py
[2025-10-05T19:13:14.367+0000] {logging_mixin.py:188} INFO - [2025-10-05T19:13:14.366+0000] {dag.py:3096} INFO - Sync 1 DAGs
[2025-10-05T19:13:14.420+0000] {logging_mixin.py:188} INFO - [2025-10-05T19:13:14.419+0000] {dag.py:3954} INFO - Setting next_dagrun for supplychain_pipeline_dag to 2025-10-05 18:30:00+00:00, run_after=2025-10-05 19:00:00+00:00
[2025-10-05T19:13:14.473+0000] {processor.py:183} INFO - Processing /opt/airflow/dags/supplychain_pipeline_dag.py took 5.008 seconds
[2025-10-05T19:13:45.188+0000] {processor.py:161} INFO - Started process (PID=1085) to work on /opt/airflow/dags/supplychain_pipeline_dag.py
[2025-10-05T19:13:45.191+0000] {processor.py:830} INFO - Processing file /opt/airflow/dags/supplychain_pipeline_dag.py for tasks to queue
[2025-10-05T19:13:45.196+0000] {logging_mixin.py:188} INFO - [2025-10-05T19:13:45.195+0000] {dagbag.py:545} INFO - Filling up the DagBag from /opt/airflow/dags/supplychain_pipeline_dag.py
[2025-10-05T19:13:49.698+0000] {logging_mixin.py:188} INFO - [2025-10-05T19:13:49.698+0000] {config.py:75} INFO - Settings loaded (env=default)
[2025-10-05T19:13:49.906+0000] {processor.py:840} INFO - DAG(s) 'supplychain_pipeline_dag' retrieved from /opt/airflow/dags/supplychain_pipeline_dag.py
[2025-10-05T19:13:49.987+0000] {logging_mixin.py:188} INFO - [2025-10-05T19:13:49.986+0000] {dag.py:3096} INFO - Sync 1 DAGs
[2025-10-05T19:13:50.030+0000] {logging_mixin.py:188} INFO - [2025-10-05T19:13:50.030+0000] {dag.py:3954} INFO - Setting next_dagrun for supplychain_pipeline_dag to 2025-10-05 18:30:00+00:00, run_after=2025-10-05 19:00:00+00:00
[2025-10-05T19:13:50.082+0000] {processor.py:183} INFO - Processing /opt/airflow/dags/supplychain_pipeline_dag.py took 4.906 seconds
[2025-10-05T19:14:20.877+0000] {processor.py:161} INFO - Started process (PID=1107) to work on /opt/airflow/dags/supplychain_pipeline_dag.py
[2025-10-05T19:14:20.880+0000] {processor.py:830} INFO - Processing file /opt/airflow/dags/supplychain_pipeline_dag.py for tasks to queue
[2025-10-05T19:14:20.887+0000] {logging_mixin.py:188} INFO - [2025-10-05T19:14:20.886+0000] {dagbag.py:545} INFO - Filling up the DagBag from /opt/airflow/dags/supplychain_pipeline_dag.py
[2025-10-05T19:14:25.594+0000] {logging_mixin.py:188} INFO - [2025-10-05T19:14:25.594+0000] {config.py:75} INFO - Settings loaded (env=default)
[2025-10-05T19:14:25.832+0000] {processor.py:840} INFO - DAG(s) 'supplychain_pipeline_dag' retrieved from /opt/airflow/dags/supplychain_pipeline_dag.py
[2025-10-05T19:14:25.938+0000] {logging_mixin.py:188} INFO - [2025-10-05T19:14:25.936+0000] {dag.py:3096} INFO - Sync 1 DAGs
[2025-10-05T19:14:25.985+0000] {logging_mixin.py:188} INFO - [2025-10-05T19:14:25.984+0000] {dag.py:3954} INFO - Setting next_dagrun for supplychain_pipeline_dag to 2025-10-05 18:30:00+00:00, run_after=2025-10-05 19:00:00+00:00
[2025-10-05T19:14:26.032+0000] {processor.py:183} INFO - Processing /opt/airflow/dags/supplychain_pipeline_dag.py took 5.173 seconds
[2025-10-05T19:14:56.592+0000] {processor.py:161} INFO - Started process (PID=1129) to work on /opt/airflow/dags/supplychain_pipeline_dag.py
[2025-10-05T19:14:56.595+0000] {processor.py:830} INFO - Processing file /opt/airflow/dags/supplychain_pipeline_dag.py for tasks to queue
[2025-10-05T19:14:56.603+0000] {logging_mixin.py:188} INFO - [2025-10-05T19:14:56.601+0000] {dagbag.py:545} INFO - Filling up the DagBag from /opt/airflow/dags/supplychain_pipeline_dag.py
[2025-10-05T19:15:01.074+0000] {logging_mixin.py:188} INFO - [2025-10-05T19:15:01.073+0000] {config.py:75} INFO - Settings loaded (env=default)
[2025-10-05T19:15:01.316+0000] {processor.py:840} INFO - DAG(s) 'supplychain_pipeline_dag' retrieved from /opt/airflow/dags/supplychain_pipeline_dag.py
[2025-10-05T19:15:01.402+0000] {logging_mixin.py:188} INFO - [2025-10-05T19:15:01.402+0000] {dag.py:3096} INFO - Sync 1 DAGs
[2025-10-05T19:15:01.456+0000] {logging_mixin.py:188} INFO - [2025-10-05T19:15:01.455+0000] {dag.py:3954} INFO - Setting next_dagrun for supplychain_pipeline_dag to 2025-10-05 18:30:00+00:00, run_after=2025-10-05 19:00:00+00:00
[2025-10-05T19:15:01.496+0000] {processor.py:183} INFO - Processing /opt/airflow/dags/supplychain_pipeline_dag.py took 4.920 seconds
[2025-10-05T19:15:32.345+0000] {processor.py:161} INFO - Started process (PID=1151) to work on /opt/airflow/dags/supplychain_pipeline_dag.py
[2025-10-05T19:15:32.348+0000] {processor.py:830} INFO - Processing file /opt/airflow/dags/supplychain_pipeline_dag.py for tasks to queue
[2025-10-05T19:15:32.356+0000] {logging_mixin.py:188} INFO - [2025-10-05T19:15:32.355+0000] {dagbag.py:545} INFO - Filling up the DagBag from /opt/airflow/dags/supplychain_pipeline_dag.py
[2025-10-05T19:15:36.626+0000] {logging_mixin.py:188} INFO - [2025-10-05T19:15:36.626+0000] {config.py:75} INFO - Settings loaded (env=default)
[2025-10-05T19:15:36.841+0000] {processor.py:840} INFO - DAG(s) 'supplychain_pipeline_dag' retrieved from /opt/airflow/dags/supplychain_pipeline_dag.py
[2025-10-05T19:15:36.924+0000] {logging_mixin.py:188} INFO - [2025-10-05T19:15:36.923+0000] {dag.py:3096} INFO - Sync 1 DAGs
[2025-10-05T19:15:36.986+0000] {logging_mixin.py:188} INFO - [2025-10-05T19:15:36.985+0000] {dag.py:3954} INFO - Setting next_dagrun for supplychain_pipeline_dag to 2025-10-05 18:30:00+00:00, run_after=2025-10-05 19:00:00+00:00
[2025-10-05T19:15:37.033+0000] {processor.py:183} INFO - Processing /opt/airflow/dags/supplychain_pipeline_dag.py took 4.703 seconds
[2025-10-05T19:16:07.894+0000] {processor.py:161} INFO - Started process (PID=1173) to work on /opt/airflow/dags/supplychain_pipeline_dag.py
[2025-10-05T19:16:07.897+0000] {processor.py:830} INFO - Processing file /opt/airflow/dags/supplychain_pipeline_dag.py for tasks to queue
[2025-10-05T19:16:07.903+0000] {logging_mixin.py:188} INFO - [2025-10-05T19:16:07.902+0000] {dagbag.py:545} INFO - Filling up the DagBag from /opt/airflow/dags/supplychain_pipeline_dag.py
[2025-10-05T19:16:12.151+0000] {logging_mixin.py:188} INFO - [2025-10-05T19:16:12.151+0000] {config.py:75} INFO - Settings loaded (env=default)
[2025-10-05T19:16:12.381+0000] {processor.py:840} INFO - DAG(s) 'supplychain_pipeline_dag' retrieved from /opt/airflow/dags/supplychain_pipeline_dag.py
[2025-10-05T19:16:12.461+0000] {logging_mixin.py:188} INFO - [2025-10-05T19:16:12.460+0000] {dag.py:3096} INFO - Sync 1 DAGs
[2025-10-05T19:16:12.504+0000] {logging_mixin.py:188} INFO - [2025-10-05T19:16:12.504+0000] {dag.py:3954} INFO - Setting next_dagrun for supplychain_pipeline_dag to 2025-10-05 18:30:00+00:00, run_after=2025-10-05 19:00:00+00:00
[2025-10-05T19:16:12.551+0000] {processor.py:183} INFO - Processing /opt/airflow/dags/supplychain_pipeline_dag.py took 4.672 seconds
[2025-10-05T19:16:43.360+0000] {processor.py:161} INFO - Started process (PID=1195) to work on /opt/airflow/dags/supplychain_pipeline_dag.py
[2025-10-05T19:16:43.362+0000] {processor.py:830} INFO - Processing file /opt/airflow/dags/supplychain_pipeline_dag.py for tasks to queue
[2025-10-05T19:16:43.368+0000] {logging_mixin.py:188} INFO - [2025-10-05T19:16:43.366+0000] {dagbag.py:545} INFO - Filling up the DagBag from /opt/airflow/dags/supplychain_pipeline_dag.py
[2025-10-05T19:16:47.857+0000] {logging_mixin.py:188} INFO - [2025-10-05T19:16:47.856+0000] {config.py:75} INFO - Settings loaded (env=default)
[2025-10-05T19:16:48.112+0000] {processor.py:840} INFO - DAG(s) 'supplychain_pipeline_dag' retrieved from /opt/airflow/dags/supplychain_pipeline_dag.py
[2025-10-05T19:16:48.197+0000] {logging_mixin.py:188} INFO - [2025-10-05T19:16:48.196+0000] {dag.py:3096} INFO - Sync 1 DAGs
[2025-10-05T19:16:48.250+0000] {logging_mixin.py:188} INFO - [2025-10-05T19:16:48.250+0000] {dag.py:3954} INFO - Setting next_dagrun for supplychain_pipeline_dag to 2025-10-05 18:30:00+00:00, run_after=2025-10-05 19:00:00+00:00
[2025-10-05T19:16:48.302+0000] {processor.py:183} INFO - Processing /opt/airflow/dags/supplychain_pipeline_dag.py took 4.958 seconds
[2025-10-05T19:17:19.096+0000] {processor.py:161} INFO - Started process (PID=1217) to work on /opt/airflow/dags/supplychain_pipeline_dag.py
[2025-10-05T19:17:19.099+0000] {processor.py:830} INFO - Processing file /opt/airflow/dags/supplychain_pipeline_dag.py for tasks to queue
[2025-10-05T19:17:19.105+0000] {logging_mixin.py:188} INFO - [2025-10-05T19:17:19.104+0000] {dagbag.py:545} INFO - Filling up the DagBag from /opt/airflow/dags/supplychain_pipeline_dag.py
[2025-10-05T19:17:23.489+0000] {logging_mixin.py:188} INFO - [2025-10-05T19:17:23.489+0000] {config.py:75} INFO - Settings loaded (env=default)
[2025-10-05T19:17:23.690+0000] {processor.py:840} INFO - DAG(s) 'supplychain_pipeline_dag' retrieved from /opt/airflow/dags/supplychain_pipeline_dag.py
[2025-10-05T19:17:23.775+0000] {logging_mixin.py:188} INFO - [2025-10-05T19:17:23.774+0000] {dag.py:3096} INFO - Sync 1 DAGs
[2025-10-05T19:17:23.829+0000] {logging_mixin.py:188} INFO - [2025-10-05T19:17:23.829+0000] {dag.py:3954} INFO - Setting next_dagrun for supplychain_pipeline_dag to 2025-10-05 18:30:00+00:00, run_after=2025-10-05 19:00:00+00:00
[2025-10-05T19:17:23.882+0000] {processor.py:183} INFO - Processing /opt/airflow/dags/supplychain_pipeline_dag.py took 4.801 seconds
[2025-10-05T19:17:54.676+0000] {processor.py:161} INFO - Started process (PID=1239) to work on /opt/airflow/dags/supplychain_pipeline_dag.py
[2025-10-05T19:17:54.679+0000] {processor.py:830} INFO - Processing file /opt/airflow/dags/supplychain_pipeline_dag.py for tasks to queue
[2025-10-05T19:17:54.684+0000] {logging_mixin.py:188} INFO - [2025-10-05T19:17:54.683+0000] {dagbag.py:545} INFO - Filling up the DagBag from /opt/airflow/dags/supplychain_pipeline_dag.py
[2025-10-05T19:17:59.105+0000] {logging_mixin.py:188} INFO - [2025-10-05T19:17:59.104+0000] {config.py:75} INFO - Settings loaded (env=default)
[2025-10-05T19:17:59.351+0000] {processor.py:840} INFO - DAG(s) 'supplychain_pipeline_dag' retrieved from /opt/airflow/dags/supplychain_pipeline_dag.py
[2025-10-05T19:17:59.439+0000] {logging_mixin.py:188} INFO - [2025-10-05T19:17:59.438+0000] {dag.py:3096} INFO - Sync 1 DAGs
[2025-10-05T19:17:59.492+0000] {logging_mixin.py:188} INFO - [2025-10-05T19:17:59.491+0000] {dag.py:3954} INFO - Setting next_dagrun for supplychain_pipeline_dag to 2025-10-05 18:30:00+00:00, run_after=2025-10-05 19:00:00+00:00
[2025-10-05T19:17:59.542+0000] {processor.py:183} INFO - Processing /opt/airflow/dags/supplychain_pipeline_dag.py took 4.880 seconds
[2025-10-05T19:18:30.384+0000] {processor.py:161} INFO - Started process (PID=1261) to work on /opt/airflow/dags/supplychain_pipeline_dag.py
[2025-10-05T19:18:30.387+0000] {processor.py:830} INFO - Processing file /opt/airflow/dags/supplychain_pipeline_dag.py for tasks to queue
[2025-10-05T19:18:30.392+0000] {logging_mixin.py:188} INFO - [2025-10-05T19:18:30.391+0000] {dagbag.py:545} INFO - Filling up the DagBag from /opt/airflow/dags/supplychain_pipeline_dag.py
[2025-10-05T19:18:35.148+0000] {logging_mixin.py:188} INFO - [2025-10-05T19:18:35.147+0000] {config.py:75} INFO - Settings loaded (env=default)
[2025-10-05T19:18:35.390+0000] {processor.py:840} INFO - DAG(s) 'supplychain_pipeline_dag' retrieved from /opt/airflow/dags/supplychain_pipeline_dag.py
[2025-10-05T19:18:35.479+0000] {logging_mixin.py:188} INFO - [2025-10-05T19:18:35.478+0000] {dag.py:3096} INFO - Sync 1 DAGs
[2025-10-05T19:18:35.538+0000] {logging_mixin.py:188} INFO - [2025-10-05T19:18:35.537+0000] {dag.py:3954} INFO - Setting next_dagrun for supplychain_pipeline_dag to 2025-10-05 18:30:00+00:00, run_after=2025-10-05 19:00:00+00:00
[2025-10-05T19:18:35.593+0000] {processor.py:183} INFO - Processing /opt/airflow/dags/supplychain_pipeline_dag.py took 5.222 seconds
[2025-10-05T19:19:06.035+0000] {processor.py:161} INFO - Started process (PID=1283) to work on /opt/airflow/dags/supplychain_pipeline_dag.py
[2025-10-05T19:19:06.039+0000] {processor.py:830} INFO - Processing file /opt/airflow/dags/supplychain_pipeline_dag.py for tasks to queue
[2025-10-05T19:19:06.044+0000] {logging_mixin.py:188} INFO - [2025-10-05T19:19:06.043+0000] {dagbag.py:545} INFO - Filling up the DagBag from /opt/airflow/dags/supplychain_pipeline_dag.py
[2025-10-05T19:19:13.965+0000] {logging_mixin.py:188} INFO - [2025-10-05T19:19:13.965+0000] {config.py:75} INFO - Settings loaded (env=default)
[2025-10-05T19:19:14.173+0000] {processor.py:840} INFO - DAG(s) 'supplychain_pipeline_dag' retrieved from /opt/airflow/dags/supplychain_pipeline_dag.py
[2025-10-05T19:19:14.260+0000] {logging_mixin.py:188} INFO - [2025-10-05T19:19:14.259+0000] {dag.py:3096} INFO - Sync 1 DAGs
[2025-10-05T19:19:14.306+0000] {logging_mixin.py:188} INFO - [2025-10-05T19:19:14.306+0000] {dag.py:3954} INFO - Setting next_dagrun for supplychain_pipeline_dag to 2025-10-05 18:30:00+00:00, run_after=2025-10-05 19:00:00+00:00
[2025-10-05T19:19:14.356+0000] {processor.py:183} INFO - Processing /opt/airflow/dags/supplychain_pipeline_dag.py took 4.978 seconds
[2025-10-05T19:19:47.172+0000] {processor.py:161} INFO - Started process (PID=1305) to work on /opt/airflow/dags/supplychain_pipeline_dag.py
[2025-10-05T19:19:47.179+0000] {processor.py:830} INFO - Processing file /opt/airflow/dags/supplychain_pipeline_dag.py for tasks to queue
[2025-10-05T19:19:47.189+0000] {logging_mixin.py:188} INFO - [2025-10-05T19:19:47.188+0000] {dagbag.py:545} INFO - Filling up the DagBag from /opt/airflow/dags/supplychain_pipeline_dag.py
[2025-10-05T19:19:51.558+0000] {logging_mixin.py:188} INFO - [2025-10-05T19:19:51.557+0000] {config.py:75} INFO - Settings loaded (env=default)
[2025-10-05T19:19:51.754+0000] {processor.py:840} INFO - DAG(s) 'supplychain_pipeline_dag' retrieved from /opt/airflow/dags/supplychain_pipeline_dag.py
[2025-10-05T19:19:51.838+0000] {logging_mixin.py:188} INFO - [2025-10-05T19:19:51.837+0000] {dag.py:3096} INFO - Sync 1 DAGs
[2025-10-05T19:19:51.881+0000] {logging_mixin.py:188} INFO - [2025-10-05T19:19:51.881+0000] {dag.py:3954} INFO - Setting next_dagrun for supplychain_pipeline_dag to 2025-10-05 18:30:00+00:00, run_after=2025-10-05 19:00:00+00:00
[2025-10-05T19:19:51.933+0000] {processor.py:183} INFO - Processing /opt/airflow/dags/supplychain_pipeline_dag.py took 4.792 seconds
[2025-10-05T19:20:22.753+0000] {processor.py:161} INFO - Started process (PID=1327) to work on /opt/airflow/dags/supplychain_pipeline_dag.py
[2025-10-05T19:20:22.756+0000] {processor.py:830} INFO - Processing file /opt/airflow/dags/supplychain_pipeline_dag.py for tasks to queue
[2025-10-05T19:20:22.761+0000] {logging_mixin.py:188} INFO - [2025-10-05T19:20:22.759+0000] {dagbag.py:545} INFO - Filling up the DagBag from /opt/airflow/dags/supplychain_pipeline_dag.py
[2025-10-05T19:20:27.271+0000] {logging_mixin.py:188} INFO - [2025-10-05T19:20:27.271+0000] {config.py:75} INFO - Settings loaded (env=default)
[2025-10-05T19:20:27.480+0000] {processor.py:840} INFO - DAG(s) 'supplychain_pipeline_dag' retrieved from /opt/airflow/dags/supplychain_pipeline_dag.py
[2025-10-05T19:20:27.567+0000] {logging_mixin.py:188} INFO - [2025-10-05T19:20:27.566+0000] {dag.py:3096} INFO - Sync 1 DAGs
[2025-10-05T19:20:27.619+0000] {logging_mixin.py:188} INFO - [2025-10-05T19:20:27.618+0000] {dag.py:3954} INFO - Setting next_dagrun for supplychain_pipeline_dag to 2025-10-05 18:30:00+00:00, run_after=2025-10-05 19:00:00+00:00
[2025-10-05T19:20:27.668+0000] {processor.py:183} INFO - Processing /opt/airflow/dags/supplychain_pipeline_dag.py took 4.927 seconds
[2025-10-05T19:20:58.544+0000] {processor.py:161} INFO - Started process (PID=1349) to work on /opt/airflow/dags/supplychain_pipeline_dag.py
[2025-10-05T19:20:58.548+0000] {processor.py:830} INFO - Processing file /opt/airflow/dags/supplychain_pipeline_dag.py for tasks to queue
[2025-10-05T19:20:58.555+0000] {logging_mixin.py:188} INFO - [2025-10-05T19:20:58.554+0000] {dagbag.py:545} INFO - Filling up the DagBag from /opt/airflow/dags/supplychain_pipeline_dag.py
[2025-10-05T19:21:03.063+0000] {logging_mixin.py:188} INFO - [2025-10-05T19:21:03.062+0000] {config.py:75} INFO - Settings loaded (env=default)
[2025-10-05T19:21:03.323+0000] {processor.py:840} INFO - DAG(s) 'supplychain_pipeline_dag' retrieved from /opt/airflow/dags/supplychain_pipeline_dag.py
[2025-10-05T19:21:03.415+0000] {logging_mixin.py:188} INFO - [2025-10-05T19:21:03.414+0000] {dag.py:3096} INFO - Sync 1 DAGs
[2025-10-05T19:21:03.472+0000] {logging_mixin.py:188} INFO - [2025-10-05T19:21:03.472+0000] {dag.py:3954} INFO - Setting next_dagrun for supplychain_pipeline_dag to 2025-10-05 18:30:00+00:00, run_after=2025-10-05 19:00:00+00:00
[2025-10-05T19:21:03.535+0000] {processor.py:183} INFO - Processing /opt/airflow/dags/supplychain_pipeline_dag.py took 5.007 seconds
[2025-10-05T19:22:17.814+0000] {processor.py:161} INFO - Started process (PID=1371) to work on /opt/airflow/dags/supplychain_pipeline_dag.py
[2025-10-05T19:22:18.002+0000] {processor.py:830} INFO - Processing file /opt/airflow/dags/supplychain_pipeline_dag.py for tasks to queue
[2025-10-05T19:22:18.042+0000] {logging_mixin.py:188} INFO - [2025-10-05T19:22:18.039+0000] {dagbag.py:545} INFO - Filling up the DagBag from /opt/airflow/dags/supplychain_pipeline_dag.py
[2025-10-05T19:22:26.425+0000] {logging_mixin.py:188} INFO - [2025-10-05T19:22:26.422+0000] {config.py:75} INFO - Settings loaded (env=default)
[2025-10-05T19:22:26.629+0000] {processor.py:840} INFO - DAG(s) 'supplychain_pipeline_dag' retrieved from /opt/airflow/dags/supplychain_pipeline_dag.py
[2025-10-05T19:22:26.713+0000] {logging_mixin.py:188} INFO - [2025-10-05T19:22:26.712+0000] {dag.py:3096} INFO - Sync 1 DAGs
[2025-10-05T19:22:26.773+0000] {logging_mixin.py:188} INFO - [2025-10-05T19:22:26.772+0000] {dag.py:3954} INFO - Setting next_dagrun for supplychain_pipeline_dag to 2025-10-05 18:30:00+00:00, run_after=2025-10-05 19:00:00+00:00
[2025-10-05T19:22:26.825+0000] {processor.py:183} INFO - Processing /opt/airflow/dags/supplychain_pipeline_dag.py took 9.021 seconds
[2025-10-05T19:22:58.185+0000] {processor.py:161} INFO - Started process (PID=1393) to work on /opt/airflow/dags/supplychain_pipeline_dag.py
[2025-10-05T19:22:58.186+0000] {processor.py:830} INFO - Processing file /opt/airflow/dags/supplychain_pipeline_dag.py for tasks to queue
[2025-10-05T19:22:58.190+0000] {logging_mixin.py:188} INFO - [2025-10-05T19:22:58.189+0000] {dagbag.py:545} INFO - Filling up the DagBag from /opt/airflow/dags/supplychain_pipeline_dag.py
[2025-10-05T19:23:00.125+0000] {logging_mixin.py:188} INFO - [2025-10-05T19:23:00.125+0000] {config.py:75} INFO - Settings loaded (env=default)
[2025-10-05T19:23:00.215+0000] {processor.py:840} INFO - DAG(s) 'supplychain_pipeline_dag' retrieved from /opt/airflow/dags/supplychain_pipeline_dag.py
[2025-10-05T19:23:00.253+0000] {logging_mixin.py:188} INFO - [2025-10-05T19:23:00.253+0000] {dag.py:3096} INFO - Sync 1 DAGs
[2025-10-05T19:23:00.277+0000] {logging_mixin.py:188} INFO - [2025-10-05T19:23:00.276+0000] {dag.py:3954} INFO - Setting next_dagrun for supplychain_pipeline_dag to 2025-10-05 18:30:00+00:00, run_after=2025-10-05 19:00:00+00:00
[2025-10-05T19:23:00.299+0000] {processor.py:183} INFO - Processing /opt/airflow/dags/supplychain_pipeline_dag.py took 2.122 seconds
[2025-10-05T19:23:31.108+0000] {processor.py:161} INFO - Started process (PID=1415) to work on /opt/airflow/dags/supplychain_pipeline_dag.py
[2025-10-05T19:23:31.109+0000] {processor.py:830} INFO - Processing file /opt/airflow/dags/supplychain_pipeline_dag.py for tasks to queue
[2025-10-05T19:23:31.113+0000] {logging_mixin.py:188} INFO - [2025-10-05T19:23:31.113+0000] {dagbag.py:545} INFO - Filling up the DagBag from /opt/airflow/dags/supplychain_pipeline_dag.py
[2025-10-05T19:23:33.808+0000] {logging_mixin.py:188} INFO - [2025-10-05T19:23:33.808+0000] {config.py:75} INFO - Settings loaded (env=default)
[2025-10-05T19:23:33.908+0000] {processor.py:840} INFO - DAG(s) 'supplychain_pipeline_dag' retrieved from /opt/airflow/dags/supplychain_pipeline_dag.py
[2025-10-05T19:23:33.954+0000] {logging_mixin.py:188} INFO - [2025-10-05T19:23:33.953+0000] {dag.py:3096} INFO - Sync 1 DAGs
[2025-10-05T19:23:33.978+0000] {logging_mixin.py:188} INFO - [2025-10-05T19:23:33.978+0000] {dag.py:3954} INFO - Setting next_dagrun for supplychain_pipeline_dag to 2025-10-05 18:30:00+00:00, run_after=2025-10-05 19:00:00+00:00
[2025-10-05T19:23:34.002+0000] {processor.py:183} INFO - Processing /opt/airflow/dags/supplychain_pipeline_dag.py took 2.202 seconds
[2025-10-05T19:24:09.965+0000] {processor.py:161} INFO - Started process (PID=1437) to work on /opt/airflow/dags/supplychain_pipeline_dag.py
[2025-10-05T19:24:09.967+0000] {processor.py:830} INFO - Processing file /opt/airflow/dags/supplychain_pipeline_dag.py for tasks to queue
[2025-10-05T19:24:09.970+0000] {logging_mixin.py:188} INFO - [2025-10-05T19:24:09.969+0000] {dagbag.py:545} INFO - Filling up the DagBag from /opt/airflow/dags/supplychain_pipeline_dag.py
[2025-10-05T19:24:12.088+0000] {logging_mixin.py:188} INFO - [2025-10-05T19:24:12.088+0000] {config.py:75} INFO - Settings loaded (env=default)
[2025-10-05T19:24:12.201+0000] {processor.py:840} INFO - DAG(s) 'supplychain_pipeline_dag' retrieved from /opt/airflow/dags/supplychain_pipeline_dag.py
[2025-10-05T19:24:12.249+0000] {logging_mixin.py:188} INFO - [2025-10-05T19:24:12.248+0000] {dag.py:3096} INFO - Sync 1 DAGs
[2025-10-05T19:24:12.273+0000] {logging_mixin.py:188} INFO - [2025-10-05T19:24:12.272+0000] {dag.py:3954} INFO - Setting next_dagrun for supplychain_pipeline_dag to 2025-10-05 18:30:00+00:00, run_after=2025-10-05 19:00:00+00:00
[2025-10-05T19:24:12.298+0000] {processor.py:183} INFO - Processing /opt/airflow/dags/supplychain_pipeline_dag.py took 2.339 seconds
[2025-10-05T19:24:43.617+0000] {processor.py:161} INFO - Started process (PID=1459) to work on /opt/airflow/dags/supplychain_pipeline_dag.py
[2025-10-05T19:24:43.619+0000] {processor.py:830} INFO - Processing file /opt/airflow/dags/supplychain_pipeline_dag.py for tasks to queue
[2025-10-05T19:24:43.622+0000] {logging_mixin.py:188} INFO - [2025-10-05T19:24:43.621+0000] {dagbag.py:545} INFO - Filling up the DagBag from /opt/airflow/dags/supplychain_pipeline_dag.py
[2025-10-05T19:24:45.589+0000] {logging_mixin.py:188} INFO - [2025-10-05T19:24:45.588+0000] {config.py:75} INFO - Settings loaded (env=default)
[2025-10-05T19:24:45.684+0000] {processor.py:840} INFO - DAG(s) 'supplychain_pipeline_dag' retrieved from /opt/airflow/dags/supplychain_pipeline_dag.py
[2025-10-05T19:24:45.730+0000] {logging_mixin.py:188} INFO - [2025-10-05T19:24:45.730+0000] {dag.py:3096} INFO - Sync 1 DAGs
[2025-10-05T19:24:45.754+0000] {logging_mixin.py:188} INFO - [2025-10-05T19:24:45.754+0000] {dag.py:3954} INFO - Setting next_dagrun for supplychain_pipeline_dag to 2025-10-05 18:30:00+00:00, run_after=2025-10-05 19:00:00+00:00
[2025-10-05T19:24:45.789+0000] {processor.py:183} INFO - Processing /opt/airflow/dags/supplychain_pipeline_dag.py took 2.183 seconds
[2025-10-05T19:25:17.143+0000] {processor.py:161} INFO - Started process (PID=1481) to work on /opt/airflow/dags/supplychain_pipeline_dag.py
[2025-10-05T19:25:17.144+0000] {processor.py:830} INFO - Processing file /opt/airflow/dags/supplychain_pipeline_dag.py for tasks to queue
[2025-10-05T19:25:17.147+0000] {logging_mixin.py:188} INFO - [2025-10-05T19:25:17.147+0000] {dagbag.py:545} INFO - Filling up the DagBag from /opt/airflow/dags/supplychain_pipeline_dag.py
[2025-10-05T19:25:19.191+0000] {logging_mixin.py:188} INFO - [2025-10-05T19:25:19.190+0000] {config.py:75} INFO - Settings loaded (env=default)
[2025-10-05T19:25:19.411+0000] {processor.py:840} INFO - DAG(s) 'supplychain_pipeline_dag' retrieved from /opt/airflow/dags/supplychain_pipeline_dag.py
[2025-10-05T19:25:19.470+0000] {logging_mixin.py:188} INFO - [2025-10-05T19:25:19.469+0000] {dag.py:3096} INFO - Sync 1 DAGs
[2025-10-05T19:25:19.501+0000] {logging_mixin.py:188} INFO - [2025-10-05T19:25:19.500+0000] {dag.py:3954} INFO - Setting next_dagrun for supplychain_pipeline_dag to 2025-10-05 18:30:00+00:00, run_after=2025-10-05 19:00:00+00:00
[2025-10-05T19:25:19.528+0000] {processor.py:183} INFO - Processing /opt/airflow/dags/supplychain_pipeline_dag.py took 2.391 seconds
[2025-10-05T19:25:49.983+0000] {processor.py:161} INFO - Started process (PID=1503) to work on /opt/airflow/dags/supplychain_pipeline_dag.py
[2025-10-05T19:25:49.985+0000] {processor.py:830} INFO - Processing file /opt/airflow/dags/supplychain_pipeline_dag.py for tasks to queue
[2025-10-05T19:25:49.988+0000] {logging_mixin.py:188} INFO - [2025-10-05T19:25:49.987+0000] {dagbag.py:545} INFO - Filling up the DagBag from /opt/airflow/dags/supplychain_pipeline_dag.py
[2025-10-05T19:25:52.074+0000] {logging_mixin.py:188} INFO - [2025-10-05T19:25:52.074+0000] {config.py:75} INFO - Settings loaded (env=default)
[2025-10-05T19:25:52.166+0000] {processor.py:840} INFO - DAG(s) 'supplychain_pipeline_dag' retrieved from /opt/airflow/dags/supplychain_pipeline_dag.py
[2025-10-05T19:25:52.215+0000] {logging_mixin.py:188} INFO - [2025-10-05T19:25:52.215+0000] {dag.py:3096} INFO - Sync 1 DAGs
[2025-10-05T19:25:52.238+0000] {logging_mixin.py:188} INFO - [2025-10-05T19:25:52.238+0000] {dag.py:3954} INFO - Setting next_dagrun for supplychain_pipeline_dag to 2025-10-05 18:30:00+00:00, run_after=2025-10-05 19:00:00+00:00
[2025-10-05T19:25:52.263+0000] {processor.py:183} INFO - Processing /opt/airflow/dags/supplychain_pipeline_dag.py took 2.286 seconds
[2025-10-05T19:26:23.642+0000] {processor.py:161} INFO - Started process (PID=1525) to work on /opt/airflow/dags/supplychain_pipeline_dag.py
[2025-10-05T19:26:23.643+0000] {processor.py:830} INFO - Processing file /opt/airflow/dags/supplychain_pipeline_dag.py for tasks to queue
[2025-10-05T19:26:23.646+0000] {logging_mixin.py:188} INFO - [2025-10-05T19:26:23.645+0000] {dagbag.py:545} INFO - Filling up the DagBag from /opt/airflow/dags/supplychain_pipeline_dag.py
[2025-10-05T19:26:25.751+0000] {logging_mixin.py:188} INFO - [2025-10-05T19:26:25.750+0000] {config.py:75} INFO - Settings loaded (env=default)
[2025-10-05T19:26:25.840+0000] {processor.py:840} INFO - DAG(s) 'supplychain_pipeline_dag' retrieved from /opt/airflow/dags/supplychain_pipeline_dag.py
[2025-10-05T19:26:25.887+0000] {logging_mixin.py:188} INFO - [2025-10-05T19:26:25.886+0000] {dag.py:3096} INFO - Sync 1 DAGs
[2025-10-05T19:26:25.910+0000] {logging_mixin.py:188} INFO - [2025-10-05T19:26:25.910+0000] {dag.py:3954} INFO - Setting next_dagrun for supplychain_pipeline_dag to 2025-10-05 18:30:00+00:00, run_after=2025-10-05 19:00:00+00:00
[2025-10-05T19:26:25.937+0000] {processor.py:183} INFO - Processing /opt/airflow/dags/supplychain_pipeline_dag.py took 2.304 seconds
[2025-10-05T19:26:57.370+0000] {processor.py:161} INFO - Started process (PID=1547) to work on /opt/airflow/dags/supplychain_pipeline_dag.py
[2025-10-05T19:26:57.372+0000] {processor.py:830} INFO - Processing file /opt/airflow/dags/supplychain_pipeline_dag.py for tasks to queue
[2025-10-05T19:26:57.375+0000] {logging_mixin.py:188} INFO - [2025-10-05T19:26:57.374+0000] {dagbag.py:545} INFO - Filling up the DagBag from /opt/airflow/dags/supplychain_pipeline_dag.py
[2025-10-05T19:26:59.337+0000] {logging_mixin.py:188} INFO - [2025-10-05T19:26:59.337+0000] {config.py:75} INFO - Settings loaded (env=default)
[2025-10-05T19:26:59.455+0000] {processor.py:840} INFO - DAG(s) 'supplychain_pipeline_dag' retrieved from /opt/airflow/dags/supplychain_pipeline_dag.py
[2025-10-05T19:26:59.496+0000] {logging_mixin.py:188} INFO - [2025-10-05T19:26:59.496+0000] {dag.py:3096} INFO - Sync 1 DAGs
[2025-10-05T19:26:59.517+0000] {logging_mixin.py:188} INFO - [2025-10-05T19:26:59.517+0000] {dag.py:3954} INFO - Setting next_dagrun for supplychain_pipeline_dag to 2025-10-05 18:30:00+00:00, run_after=2025-10-05 19:00:00+00:00
[2025-10-05T19:26:59.540+0000] {processor.py:183} INFO - Processing /opt/airflow/dags/supplychain_pipeline_dag.py took 2.177 seconds
[2025-10-05T19:27:30.020+0000] {processor.py:161} INFO - Started process (PID=1569) to work on /opt/airflow/dags/supplychain_pipeline_dag.py
[2025-10-05T19:27:30.022+0000] {processor.py:830} INFO - Processing file /opt/airflow/dags/supplychain_pipeline_dag.py for tasks to queue
[2025-10-05T19:27:30.025+0000] {logging_mixin.py:188} INFO - [2025-10-05T19:27:30.025+0000] {dagbag.py:545} INFO - Filling up the DagBag from /opt/airflow/dags/supplychain_pipeline_dag.py
[2025-10-05T19:27:32.350+0000] {logging_mixin.py:188} INFO - [2025-10-05T19:27:32.349+0000] {config.py:75} INFO - Settings loaded (env=default)
[2025-10-05T19:27:32.450+0000] {processor.py:840} INFO - DAG(s) 'supplychain_pipeline_dag' retrieved from /opt/airflow/dags/supplychain_pipeline_dag.py
[2025-10-05T19:27:32.501+0000] {logging_mixin.py:188} INFO - [2025-10-05T19:27:32.501+0000] {dag.py:3096} INFO - Sync 1 DAGs
[2025-10-05T19:27:32.528+0000] {logging_mixin.py:188} INFO - [2025-10-05T19:27:32.528+0000] {dag.py:3954} INFO - Setting next_dagrun for supplychain_pipeline_dag to 2025-10-05 18:30:00+00:00, run_after=2025-10-05 19:00:00+00:00
[2025-10-05T19:27:32.559+0000] {processor.py:183} INFO - Processing /opt/airflow/dags/supplychain_pipeline_dag.py took 2.547 seconds
[2025-10-05T19:28:03.664+0000] {processor.py:161} INFO - Started process (PID=1591) to work on /opt/airflow/dags/supplychain_pipeline_dag.py
[2025-10-05T19:28:03.665+0000] {processor.py:830} INFO - Processing file /opt/airflow/dags/supplychain_pipeline_dag.py for tasks to queue
[2025-10-05T19:28:03.668+0000] {logging_mixin.py:188} INFO - [2025-10-05T19:28:03.668+0000] {dagbag.py:545} INFO - Filling up the DagBag from /opt/airflow/dags/supplychain_pipeline_dag.py
[2025-10-05T19:28:05.680+0000] {logging_mixin.py:188} INFO - [2025-10-05T19:28:05.680+0000] {config.py:75} INFO - Settings loaded (env=default)
[2025-10-05T19:28:05.772+0000] {processor.py:840} INFO - DAG(s) 'supplychain_pipeline_dag' retrieved from /opt/airflow/dags/supplychain_pipeline_dag.py
[2025-10-05T19:28:05.817+0000] {logging_mixin.py:188} INFO - [2025-10-05T19:28:05.817+0000] {dag.py:3096} INFO - Sync 1 DAGs
[2025-10-05T19:28:05.839+0000] {logging_mixin.py:188} INFO - [2025-10-05T19:28:05.839+0000] {dag.py:3954} INFO - Setting next_dagrun for supplychain_pipeline_dag to 2025-10-05 18:30:00+00:00, run_after=2025-10-05 19:00:00+00:00
[2025-10-05T19:28:05.879+0000] {processor.py:183} INFO - Processing /opt/airflow/dags/supplychain_pipeline_dag.py took 2.221 seconds
[2025-10-05T19:28:37.221+0000] {processor.py:161} INFO - Started process (PID=1613) to work on /opt/airflow/dags/supplychain_pipeline_dag.py
[2025-10-05T19:28:37.223+0000] {processor.py:830} INFO - Processing file /opt/airflow/dags/supplychain_pipeline_dag.py for tasks to queue
[2025-10-05T19:28:37.227+0000] {logging_mixin.py:188} INFO - [2025-10-05T19:28:37.226+0000] {dagbag.py:545} INFO - Filling up the DagBag from /opt/airflow/dags/supplychain_pipeline_dag.py
[2025-10-05T19:28:39.234+0000] {logging_mixin.py:188} INFO - [2025-10-05T19:28:39.234+0000] {config.py:75} INFO - Settings loaded (env=default)
[2025-10-05T19:28:39.324+0000] {processor.py:840} INFO - DAG(s) 'supplychain_pipeline_dag' retrieved from /opt/airflow/dags/supplychain_pipeline_dag.py
[2025-10-05T19:28:39.374+0000] {logging_mixin.py:188} INFO - [2025-10-05T19:28:39.373+0000] {dag.py:3096} INFO - Sync 1 DAGs
[2025-10-05T19:28:39.397+0000] {logging_mixin.py:188} INFO - [2025-10-05T19:28:39.397+0000] {dag.py:3954} INFO - Setting next_dagrun for supplychain_pipeline_dag to 2025-10-05 18:30:00+00:00, run_after=2025-10-05 19:00:00+00:00
[2025-10-05T19:28:39.427+0000] {processor.py:183} INFO - Processing /opt/airflow/dags/supplychain_pipeline_dag.py took 2.212 seconds
[2025-10-05T19:29:10.004+0000] {processor.py:161} INFO - Started process (PID=1635) to work on /opt/airflow/dags/supplychain_pipeline_dag.py
[2025-10-05T19:29:10.005+0000] {processor.py:830} INFO - Processing file /opt/airflow/dags/supplychain_pipeline_dag.py for tasks to queue
[2025-10-05T19:29:10.008+0000] {logging_mixin.py:188} INFO - [2025-10-05T19:29:10.008+0000] {dagbag.py:545} INFO - Filling up the DagBag from /opt/airflow/dags/supplychain_pipeline_dag.py
[2025-10-05T19:29:12.019+0000] {logging_mixin.py:188} INFO - [2025-10-05T19:29:12.018+0000] {config.py:75} INFO - Settings loaded (env=default)
[2025-10-05T19:29:12.111+0000] {processor.py:840} INFO - DAG(s) 'supplychain_pipeline_dag' retrieved from /opt/airflow/dags/supplychain_pipeline_dag.py
[2025-10-05T19:29:12.152+0000] {logging_mixin.py:188} INFO - [2025-10-05T19:29:12.152+0000] {dag.py:3096} INFO - Sync 1 DAGs
[2025-10-05T19:29:12.176+0000] {logging_mixin.py:188} INFO - [2025-10-05T19:29:12.176+0000] {dag.py:3954} INFO - Setting next_dagrun for supplychain_pipeline_dag to 2025-10-05 18:30:00+00:00, run_after=2025-10-05 19:00:00+00:00
[2025-10-05T19:29:12.203+0000] {processor.py:183} INFO - Processing /opt/airflow/dags/supplychain_pipeline_dag.py took 2.206 seconds
[2025-10-05T19:29:43.565+0000] {processor.py:161} INFO - Started process (PID=1657) to work on /opt/airflow/dags/supplychain_pipeline_dag.py
[2025-10-05T19:29:43.566+0000] {processor.py:830} INFO - Processing file /opt/airflow/dags/supplychain_pipeline_dag.py for tasks to queue
[2025-10-05T19:29:43.569+0000] {logging_mixin.py:188} INFO - [2025-10-05T19:29:43.569+0000] {dagbag.py:545} INFO - Filling up the DagBag from /opt/airflow/dags/supplychain_pipeline_dag.py
[2025-10-05T19:29:45.401+0000] {logging_mixin.py:188} INFO - [2025-10-05T19:29:45.401+0000] {config.py:75} INFO - Settings loaded (env=default)
[2025-10-05T19:29:45.491+0000] {processor.py:840} INFO - DAG(s) 'supplychain_pipeline_dag' retrieved from /opt/airflow/dags/supplychain_pipeline_dag.py
[2025-10-05T19:29:45.534+0000] {logging_mixin.py:188} INFO - [2025-10-05T19:29:45.533+0000] {dag.py:3096} INFO - Sync 1 DAGs
[2025-10-05T19:29:45.556+0000] {logging_mixin.py:188} INFO - [2025-10-05T19:29:45.556+0000] {dag.py:3954} INFO - Setting next_dagrun for supplychain_pipeline_dag to 2025-10-05 18:30:00+00:00, run_after=2025-10-05 19:00:00+00:00
[2025-10-05T19:29:45.582+0000] {processor.py:183} INFO - Processing /opt/airflow/dags/supplychain_pipeline_dag.py took 2.023 seconds
[2025-10-05T19:30:17.085+0000] {processor.py:161} INFO - Started process (PID=1679) to work on /opt/airflow/dags/supplychain_pipeline_dag.py
[2025-10-05T19:30:17.088+0000] {processor.py:830} INFO - Processing file /opt/airflow/dags/supplychain_pipeline_dag.py for tasks to queue
[2025-10-05T19:30:17.091+0000] {logging_mixin.py:188} INFO - [2025-10-05T19:30:17.090+0000] {dagbag.py:545} INFO - Filling up the DagBag from /opt/airflow/dags/supplychain_pipeline_dag.py
[2025-10-05T19:30:19.049+0000] {logging_mixin.py:188} INFO - [2025-10-05T19:30:19.048+0000] {config.py:75} INFO - Settings loaded (env=default)
[2025-10-05T19:30:19.145+0000] {processor.py:840} INFO - DAG(s) 'supplychain_pipeline_dag' retrieved from /opt/airflow/dags/supplychain_pipeline_dag.py
[2025-10-05T19:30:19.220+0000] {logging_mixin.py:188} INFO - [2025-10-05T19:30:19.220+0000] {dag.py:3096} INFO - Sync 1 DAGs
[2025-10-05T19:30:19.264+0000] {logging_mixin.py:188} INFO - [2025-10-05T19:30:19.264+0000] {dag.py:3954} INFO - Setting next_dagrun for supplychain_pipeline_dag to 2025-10-05 19:00:00+00:00, run_after=2025-10-05 19:30:00+00:00
[2025-10-05T19:30:19.300+0000] {processor.py:183} INFO - Processing /opt/airflow/dags/supplychain_pipeline_dag.py took 2.222 seconds
[2025-10-05T19:30:49.987+0000] {processor.py:161} INFO - Started process (PID=1701) to work on /opt/airflow/dags/supplychain_pipeline_dag.py
[2025-10-05T19:30:49.989+0000] {processor.py:830} INFO - Processing file /opt/airflow/dags/supplychain_pipeline_dag.py for tasks to queue
[2025-10-05T19:30:49.992+0000] {logging_mixin.py:188} INFO - [2025-10-05T19:30:49.991+0000] {dagbag.py:545} INFO - Filling up the DagBag from /opt/airflow/dags/supplychain_pipeline_dag.py
[2025-10-05T19:30:51.944+0000] {logging_mixin.py:188} INFO - [2025-10-05T19:30:51.944+0000] {config.py:75} INFO - Settings loaded (env=default)
[2025-10-05T19:30:52.039+0000] {processor.py:840} INFO - DAG(s) 'supplychain_pipeline_dag' retrieved from /opt/airflow/dags/supplychain_pipeline_dag.py
[2025-10-05T19:30:52.087+0000] {logging_mixin.py:188} INFO - [2025-10-05T19:30:52.087+0000] {dag.py:3096} INFO - Sync 1 DAGs
[2025-10-05T19:30:52.111+0000] {logging_mixin.py:188} INFO - [2025-10-05T19:30:52.111+0000] {dag.py:3954} INFO - Setting next_dagrun for supplychain_pipeline_dag to 2025-10-05 19:00:00+00:00, run_after=2025-10-05 19:30:00+00:00
[2025-10-05T19:30:52.139+0000] {processor.py:183} INFO - Processing /opt/airflow/dags/supplychain_pipeline_dag.py took 2.160 seconds
[2025-10-05T19:31:23.538+0000] {processor.py:161} INFO - Started process (PID=1723) to work on /opt/airflow/dags/supplychain_pipeline_dag.py
[2025-10-05T19:31:23.540+0000] {processor.py:830} INFO - Processing file /opt/airflow/dags/supplychain_pipeline_dag.py for tasks to queue
[2025-10-05T19:31:23.543+0000] {logging_mixin.py:188} INFO - [2025-10-05T19:31:23.543+0000] {dagbag.py:545} INFO - Filling up the DagBag from /opt/airflow/dags/supplychain_pipeline_dag.py
[2025-10-05T19:31:25.549+0000] {logging_mixin.py:188} INFO - [2025-10-05T19:31:25.549+0000] {config.py:75} INFO - Settings loaded (env=default)
[2025-10-05T19:31:25.651+0000] {processor.py:840} INFO - DAG(s) 'supplychain_pipeline_dag' retrieved from /opt/airflow/dags/supplychain_pipeline_dag.py
[2025-10-05T19:31:25.697+0000] {logging_mixin.py:188} INFO - [2025-10-05T19:31:25.697+0000] {dag.py:3096} INFO - Sync 1 DAGs
[2025-10-05T19:31:25.721+0000] {logging_mixin.py:188} INFO - [2025-10-05T19:31:25.721+0000] {dag.py:3954} INFO - Setting next_dagrun for supplychain_pipeline_dag to 2025-10-05 19:00:00+00:00, run_after=2025-10-05 19:30:00+00:00
[2025-10-05T19:31:25.746+0000] {processor.py:183} INFO - Processing /opt/airflow/dags/supplychain_pipeline_dag.py took 2.215 seconds
[2025-10-05T19:31:57.276+0000] {processor.py:161} INFO - Started process (PID=1745) to work on /opt/airflow/dags/supplychain_pipeline_dag.py
[2025-10-05T19:31:57.277+0000] {processor.py:830} INFO - Processing file /opt/airflow/dags/supplychain_pipeline_dag.py for tasks to queue
[2025-10-05T19:31:57.280+0000] {logging_mixin.py:188} INFO - [2025-10-05T19:31:57.279+0000] {dagbag.py:545} INFO - Filling up the DagBag from /opt/airflow/dags/supplychain_pipeline_dag.py
[2025-10-05T19:31:59.147+0000] {logging_mixin.py:188} INFO - [2025-10-05T19:31:59.147+0000] {config.py:75} INFO - Settings loaded (env=default)
[2025-10-05T19:31:59.236+0000] {processor.py:840} INFO - DAG(s) 'supplychain_pipeline_dag' retrieved from /opt/airflow/dags/supplychain_pipeline_dag.py
[2025-10-05T19:31:59.280+0000] {logging_mixin.py:188} INFO - [2025-10-05T19:31:59.280+0000] {dag.py:3096} INFO - Sync 1 DAGs
[2025-10-05T19:31:59.301+0000] {logging_mixin.py:188} INFO - [2025-10-05T19:31:59.301+0000] {dag.py:3954} INFO - Setting next_dagrun for supplychain_pipeline_dag to 2025-10-05 19:00:00+00:00, run_after=2025-10-05 19:30:00+00:00
[2025-10-05T19:31:59.329+0000] {processor.py:183} INFO - Processing /opt/airflow/dags/supplychain_pipeline_dag.py took 2.059 seconds
[2025-10-05T19:32:30.867+0000] {processor.py:161} INFO - Started process (PID=1767) to work on /opt/airflow/dags/supplychain_pipeline_dag.py
[2025-10-05T19:32:30.869+0000] {processor.py:830} INFO - Processing file /opt/airflow/dags/supplychain_pipeline_dag.py for tasks to queue
[2025-10-05T19:32:30.872+0000] {logging_mixin.py:188} INFO - [2025-10-05T19:32:30.872+0000] {dagbag.py:545} INFO - Filling up the DagBag from /opt/airflow/dags/supplychain_pipeline_dag.py
[2025-10-05T19:32:32.769+0000] {logging_mixin.py:188} INFO - [2025-10-05T19:32:32.768+0000] {config.py:75} INFO - Settings loaded (env=default)
[2025-10-05T19:32:32.858+0000] {processor.py:840} INFO - DAG(s) 'supplychain_pipeline_dag' retrieved from /opt/airflow/dags/supplychain_pipeline_dag.py
[2025-10-05T19:32:32.901+0000] {logging_mixin.py:188} INFO - [2025-10-05T19:32:32.901+0000] {dag.py:3096} INFO - Sync 1 DAGs
[2025-10-05T19:32:32.925+0000] {logging_mixin.py:188} INFO - [2025-10-05T19:32:32.925+0000] {dag.py:3954} INFO - Setting next_dagrun for supplychain_pipeline_dag to 2025-10-05 19:00:00+00:00, run_after=2025-10-05 19:30:00+00:00
[2025-10-05T19:32:32.952+0000] {processor.py:183} INFO - Processing /opt/airflow/dags/supplychain_pipeline_dag.py took 2.091 seconds
[2025-10-05T19:33:03.432+0000] {processor.py:161} INFO - Started process (PID=1789) to work on /opt/airflow/dags/supplychain_pipeline_dag.py
[2025-10-05T19:33:03.433+0000] {processor.py:830} INFO - Processing file /opt/airflow/dags/supplychain_pipeline_dag.py for tasks to queue
[2025-10-05T19:33:03.436+0000] {logging_mixin.py:188} INFO - [2025-10-05T19:33:03.435+0000] {dagbag.py:545} INFO - Filling up the DagBag from /opt/airflow/dags/supplychain_pipeline_dag.py
[2025-10-05T19:33:05.397+0000] {logging_mixin.py:188} INFO - [2025-10-05T19:33:05.396+0000] {config.py:75} INFO - Settings loaded (env=default)
[2025-10-05T19:33:05.483+0000] {processor.py:840} INFO - DAG(s) 'supplychain_pipeline_dag' retrieved from /opt/airflow/dags/supplychain_pipeline_dag.py
[2025-10-05T19:33:05.534+0000] {logging_mixin.py:188} INFO - [2025-10-05T19:33:05.534+0000] {dag.py:3096} INFO - Sync 1 DAGs
[2025-10-05T19:33:05.558+0000] {logging_mixin.py:188} INFO - [2025-10-05T19:33:05.558+0000] {dag.py:3954} INFO - Setting next_dagrun for supplychain_pipeline_dag to 2025-10-05 19:00:00+00:00, run_after=2025-10-05 19:30:00+00:00
[2025-10-05T19:33:05.584+0000] {processor.py:183} INFO - Processing /opt/airflow/dags/supplychain_pipeline_dag.py took 2.159 seconds
[2025-10-05T19:33:37.086+0000] {processor.py:161} INFO - Started process (PID=1811) to work on /opt/airflow/dags/supplychain_pipeline_dag.py
[2025-10-05T19:33:37.087+0000] {processor.py:830} INFO - Processing file /opt/airflow/dags/supplychain_pipeline_dag.py for tasks to queue
[2025-10-05T19:33:37.091+0000] {logging_mixin.py:188} INFO - [2025-10-05T19:33:37.090+0000] {dagbag.py:545} INFO - Filling up the DagBag from /opt/airflow/dags/supplychain_pipeline_dag.py
[2025-10-05T19:33:39.192+0000] {logging_mixin.py:188} INFO - [2025-10-05T19:33:39.192+0000] {config.py:75} INFO - Settings loaded (env=default)
[2025-10-05T19:33:39.306+0000] {processor.py:840} INFO - DAG(s) 'supplychain_pipeline_dag' retrieved from /opt/airflow/dags/supplychain_pipeline_dag.py
[2025-10-05T19:33:39.367+0000] {logging_mixin.py:188} INFO - [2025-10-05T19:33:39.366+0000] {dag.py:3096} INFO - Sync 1 DAGs
[2025-10-05T19:33:39.397+0000] {logging_mixin.py:188} INFO - [2025-10-05T19:33:39.396+0000] {dag.py:3954} INFO - Setting next_dagrun for supplychain_pipeline_dag to 2025-10-05 19:00:00+00:00, run_after=2025-10-05 19:30:00+00:00
[2025-10-05T19:33:39.428+0000] {processor.py:183} INFO - Processing /opt/airflow/dags/supplychain_pipeline_dag.py took 2.349 seconds
[2025-10-05T19:34:10.006+0000] {processor.py:161} INFO - Started process (PID=1833) to work on /opt/airflow/dags/supplychain_pipeline_dag.py
[2025-10-05T19:34:10.008+0000] {processor.py:830} INFO - Processing file /opt/airflow/dags/supplychain_pipeline_dag.py for tasks to queue
[2025-10-05T19:34:10.012+0000] {logging_mixin.py:188} INFO - [2025-10-05T19:34:10.011+0000] {dagbag.py:545} INFO - Filling up the DagBag from /opt/airflow/dags/supplychain_pipeline_dag.py
[2025-10-05T19:34:12.033+0000] {logging_mixin.py:188} INFO - [2025-10-05T19:34:12.033+0000] {config.py:75} INFO - Settings loaded (env=default)
[2025-10-05T19:34:12.126+0000] {processor.py:840} INFO - DAG(s) 'supplychain_pipeline_dag' retrieved from /opt/airflow/dags/supplychain_pipeline_dag.py
[2025-10-05T19:34:12.174+0000] {logging_mixin.py:188} INFO - [2025-10-05T19:34:12.173+0000] {dag.py:3096} INFO - Sync 1 DAGs
[2025-10-05T19:34:12.195+0000] {logging_mixin.py:188} INFO - [2025-10-05T19:34:12.195+0000] {dag.py:3954} INFO - Setting next_dagrun for supplychain_pipeline_dag to 2025-10-05 19:00:00+00:00, run_after=2025-10-05 19:30:00+00:00
[2025-10-05T19:34:12.231+0000] {processor.py:183} INFO - Processing /opt/airflow/dags/supplychain_pipeline_dag.py took 2.234 seconds
[2025-10-05T19:34:43.545+0000] {processor.py:161} INFO - Started process (PID=1855) to work on /opt/airflow/dags/supplychain_pipeline_dag.py
[2025-10-05T19:34:43.547+0000] {processor.py:830} INFO - Processing file /opt/airflow/dags/supplychain_pipeline_dag.py for tasks to queue
[2025-10-05T19:34:43.550+0000] {logging_mixin.py:188} INFO - [2025-10-05T19:34:43.550+0000] {dagbag.py:545} INFO - Filling up the DagBag from /opt/airflow/dags/supplychain_pipeline_dag.py
[2025-10-05T19:34:45.543+0000] {logging_mixin.py:188} INFO - [2025-10-05T19:34:45.543+0000] {config.py:75} INFO - Settings loaded (env=default)
[2025-10-05T19:34:45.635+0000] {processor.py:840} INFO - DAG(s) 'supplychain_pipeline_dag' retrieved from /opt/airflow/dags/supplychain_pipeline_dag.py
[2025-10-05T19:34:45.682+0000] {logging_mixin.py:188} INFO - [2025-10-05T19:34:45.681+0000] {dag.py:3096} INFO - Sync 1 DAGs
[2025-10-05T19:34:45.704+0000] {logging_mixin.py:188} INFO - [2025-10-05T19:34:45.704+0000] {dag.py:3954} INFO - Setting next_dagrun for supplychain_pipeline_dag to 2025-10-05 19:00:00+00:00, run_after=2025-10-05 19:30:00+00:00
[2025-10-05T19:34:45.733+0000] {processor.py:183} INFO - Processing /opt/airflow/dags/supplychain_pipeline_dag.py took 2.193 seconds
[2025-10-05T19:35:17.100+0000] {processor.py:161} INFO - Started process (PID=1877) to work on /opt/airflow/dags/supplychain_pipeline_dag.py
[2025-10-05T19:35:17.102+0000] {processor.py:830} INFO - Processing file /opt/airflow/dags/supplychain_pipeline_dag.py for tasks to queue
[2025-10-05T19:35:17.105+0000] {logging_mixin.py:188} INFO - [2025-10-05T19:35:17.104+0000] {dagbag.py:545} INFO - Filling up the DagBag from /opt/airflow/dags/supplychain_pipeline_dag.py
[2025-10-05T19:35:19.038+0000] {logging_mixin.py:188} INFO - [2025-10-05T19:35:19.038+0000] {config.py:75} INFO - Settings loaded (env=default)
[2025-10-05T19:35:19.131+0000] {processor.py:840} INFO - DAG(s) 'supplychain_pipeline_dag' retrieved from /opt/airflow/dags/supplychain_pipeline_dag.py
[2025-10-05T19:35:19.176+0000] {logging_mixin.py:188} INFO - [2025-10-05T19:35:19.175+0000] {dag.py:3096} INFO - Sync 1 DAGs
[2025-10-05T19:35:19.211+0000] {logging_mixin.py:188} INFO - [2025-10-05T19:35:19.210+0000] {dag.py:3954} INFO - Setting next_dagrun for supplychain_pipeline_dag to 2025-10-05 19:00:00+00:00, run_after=2025-10-05 19:30:00+00:00
[2025-10-05T19:35:19.267+0000] {processor.py:183} INFO - Processing /opt/airflow/dags/supplychain_pipeline_dag.py took 2.174 seconds
[2025-10-05T19:35:50.936+0000] {processor.py:161} INFO - Started process (PID=1899) to work on /opt/airflow/dags/supplychain_pipeline_dag.py
[2025-10-05T19:35:50.937+0000] {processor.py:830} INFO - Processing file /opt/airflow/dags/supplychain_pipeline_dag.py for tasks to queue
[2025-10-05T19:35:50.940+0000] {logging_mixin.py:188} INFO - [2025-10-05T19:35:50.940+0000] {dagbag.py:545} INFO - Filling up the DagBag from /opt/airflow/dags/supplychain_pipeline_dag.py
[2025-10-05T19:35:52.820+0000] {logging_mixin.py:188} INFO - [2025-10-05T19:35:52.819+0000] {config.py:75} INFO - Settings loaded (env=default)
[2025-10-05T19:35:52.907+0000] {processor.py:840} INFO - DAG(s) 'supplychain_pipeline_dag' retrieved from /opt/airflow/dags/supplychain_pipeline_dag.py
[2025-10-05T19:35:52.950+0000] {logging_mixin.py:188} INFO - [2025-10-05T19:35:52.950+0000] {dag.py:3096} INFO - Sync 1 DAGs
[2025-10-05T19:35:52.974+0000] {logging_mixin.py:188} INFO - [2025-10-05T19:35:52.974+0000] {dag.py:3954} INFO - Setting next_dagrun for supplychain_pipeline_dag to 2025-10-05 19:00:00+00:00, run_after=2025-10-05 19:30:00+00:00
[2025-10-05T19:35:53.005+0000] {processor.py:183} INFO - Processing /opt/airflow/dags/supplychain_pipeline_dag.py took 2.075 seconds
[2025-10-05T19:36:23.888+0000] {processor.py:161} INFO - Started process (PID=1921) to work on /opt/airflow/dags/supplychain_pipeline_dag.py
[2025-10-05T19:36:23.890+0000] {processor.py:830} INFO - Processing file /opt/airflow/dags/supplychain_pipeline_dag.py for tasks to queue
[2025-10-05T19:36:23.893+0000] {logging_mixin.py:188} INFO - [2025-10-05T19:36:23.892+0000] {dagbag.py:545} INFO - Filling up the DagBag from /opt/airflow/dags/supplychain_pipeline_dag.py
[2025-10-05T19:36:25.864+0000] {logging_mixin.py:188} INFO - [2025-10-05T19:36:25.864+0000] {config.py:75} INFO - Settings loaded (env=default)
[2025-10-05T19:36:25.954+0000] {processor.py:840} INFO - DAG(s) 'supplychain_pipeline_dag' retrieved from /opt/airflow/dags/supplychain_pipeline_dag.py
[2025-10-05T19:36:25.998+0000] {logging_mixin.py:188} INFO - [2025-10-05T19:36:25.997+0000] {dag.py:3096} INFO - Sync 1 DAGs
[2025-10-05T19:36:26.022+0000] {logging_mixin.py:188} INFO - [2025-10-05T19:36:26.022+0000] {dag.py:3954} INFO - Setting next_dagrun for supplychain_pipeline_dag to 2025-10-05 19:00:00+00:00, run_after=2025-10-05 19:30:00+00:00
[2025-10-05T19:36:26.051+0000] {processor.py:183} INFO - Processing /opt/airflow/dags/supplychain_pipeline_dag.py took 2.170 seconds
[2025-10-05T19:36:57.122+0000] {processor.py:161} INFO - Started process (PID=1943) to work on /opt/airflow/dags/supplychain_pipeline_dag.py
[2025-10-05T19:36:57.124+0000] {processor.py:830} INFO - Processing file /opt/airflow/dags/supplychain_pipeline_dag.py for tasks to queue
[2025-10-05T19:36:57.126+0000] {logging_mixin.py:188} INFO - [2025-10-05T19:36:57.126+0000] {dagbag.py:545} INFO - Filling up the DagBag from /opt/airflow/dags/supplychain_pipeline_dag.py
[2025-10-05T19:36:59.088+0000] {logging_mixin.py:188} INFO - [2025-10-05T19:36:59.088+0000] {config.py:75} INFO - Settings loaded (env=default)
[2025-10-05T19:36:59.177+0000] {processor.py:840} INFO - DAG(s) 'supplychain_pipeline_dag' retrieved from /opt/airflow/dags/supplychain_pipeline_dag.py
[2025-10-05T19:36:59.219+0000] {logging_mixin.py:188} INFO - [2025-10-05T19:36:59.218+0000] {dag.py:3096} INFO - Sync 1 DAGs
[2025-10-05T19:36:59.239+0000] {logging_mixin.py:188} INFO - [2025-10-05T19:36:59.239+0000] {dag.py:3954} INFO - Setting next_dagrun for supplychain_pipeline_dag to 2025-10-05 19:00:00+00:00, run_after=2025-10-05 19:30:00+00:00
[2025-10-05T19:36:59.266+0000] {processor.py:183} INFO - Processing /opt/airflow/dags/supplychain_pipeline_dag.py took 2.151 seconds
[2025-10-05T19:37:30.770+0000] {processor.py:161} INFO - Started process (PID=1965) to work on /opt/airflow/dags/supplychain_pipeline_dag.py
[2025-10-05T19:37:30.772+0000] {processor.py:830} INFO - Processing file /opt/airflow/dags/supplychain_pipeline_dag.py for tasks to queue
[2025-10-05T19:37:30.775+0000] {logging_mixin.py:188} INFO - [2025-10-05T19:37:30.775+0000] {dagbag.py:545} INFO - Filling up the DagBag from /opt/airflow/dags/supplychain_pipeline_dag.py
[2025-10-05T19:37:33.092+0000] {logging_mixin.py:188} INFO - [2025-10-05T19:37:33.092+0000] {config.py:75} INFO - Settings loaded (env=default)
[2025-10-05T19:37:33.211+0000] {processor.py:840} INFO - DAG(s) 'supplychain_pipeline_dag' retrieved from /opt/airflow/dags/supplychain_pipeline_dag.py
[2025-10-05T19:37:33.262+0000] {logging_mixin.py:188} INFO - [2025-10-05T19:37:33.261+0000] {dag.py:3096} INFO - Sync 1 DAGs
[2025-10-05T19:37:33.288+0000] {logging_mixin.py:188} INFO - [2025-10-05T19:37:33.288+0000] {dag.py:3954} INFO - Setting next_dagrun for supplychain_pipeline_dag to 2025-10-05 19:00:00+00:00, run_after=2025-10-05 19:30:00+00:00
[2025-10-05T19:37:33.318+0000] {processor.py:183} INFO - Processing /opt/airflow/dags/supplychain_pipeline_dag.py took 2.554 seconds
[2025-10-05T19:38:03.935+0000] {processor.py:161} INFO - Started process (PID=1987) to work on /opt/airflow/dags/supplychain_pipeline_dag.py
[2025-10-05T19:38:03.936+0000] {processor.py:830} INFO - Processing file /opt/airflow/dags/supplychain_pipeline_dag.py for tasks to queue
[2025-10-05T19:38:03.939+0000] {logging_mixin.py:188} INFO - [2025-10-05T19:38:03.939+0000] {dagbag.py:545} INFO - Filling up the DagBag from /opt/airflow/dags/supplychain_pipeline_dag.py
[2025-10-05T19:38:06.254+0000] {logging_mixin.py:188} INFO - [2025-10-05T19:38:06.254+0000] {config.py:75} INFO - Settings loaded (env=default)
[2025-10-05T19:38:06.371+0000] {processor.py:840} INFO - DAG(s) 'supplychain_pipeline_dag' retrieved from /opt/airflow/dags/supplychain_pipeline_dag.py
[2025-10-05T19:38:06.424+0000] {logging_mixin.py:188} INFO - [2025-10-05T19:38:06.423+0000] {dag.py:3096} INFO - Sync 1 DAGs
[2025-10-05T19:38:06.450+0000] {logging_mixin.py:188} INFO - [2025-10-05T19:38:06.449+0000] {dag.py:3954} INFO - Setting next_dagrun for supplychain_pipeline_dag to 2025-10-05 19:00:00+00:00, run_after=2025-10-05 19:30:00+00:00
[2025-10-05T19:38:06.480+0000] {processor.py:183} INFO - Processing /opt/airflow/dags/supplychain_pipeline_dag.py took 2.552 seconds
[2025-10-05T19:38:36.914+0000] {processor.py:161} INFO - Started process (PID=2009) to work on /opt/airflow/dags/supplychain_pipeline_dag.py
[2025-10-05T19:38:36.916+0000] {processor.py:830} INFO - Processing file /opt/airflow/dags/supplychain_pipeline_dag.py for tasks to queue
[2025-10-05T19:38:36.919+0000] {logging_mixin.py:188} INFO - [2025-10-05T19:38:36.919+0000] {dagbag.py:545} INFO - Filling up the DagBag from /opt/airflow/dags/supplychain_pipeline_dag.py
[2025-10-05T19:38:38.794+0000] {logging_mixin.py:188} INFO - [2025-10-05T19:38:38.793+0000] {config.py:75} INFO - Settings loaded (env=default)
[2025-10-05T19:38:38.883+0000] {processor.py:840} INFO - DAG(s) 'supplychain_pipeline_dag' retrieved from /opt/airflow/dags/supplychain_pipeline_dag.py
[2025-10-05T19:38:38.926+0000] {logging_mixin.py:188} INFO - [2025-10-05T19:38:38.925+0000] {dag.py:3096} INFO - Sync 1 DAGs
[2025-10-05T19:38:38.949+0000] {logging_mixin.py:188} INFO - [2025-10-05T19:38:38.948+0000] {dag.py:3954} INFO - Setting next_dagrun for supplychain_pipeline_dag to 2025-10-05 19:00:00+00:00, run_after=2025-10-05 19:30:00+00:00
[2025-10-05T19:38:38.978+0000] {processor.py:183} INFO - Processing /opt/airflow/dags/supplychain_pipeline_dag.py took 2.071 seconds
[2025-10-05T19:39:10.458+0000] {processor.py:161} INFO - Started process (PID=2031) to work on /opt/airflow/dags/supplychain_pipeline_dag.py
[2025-10-05T19:39:10.459+0000] {processor.py:830} INFO - Processing file /opt/airflow/dags/supplychain_pipeline_dag.py for tasks to queue
[2025-10-05T19:39:10.463+0000] {logging_mixin.py:188} INFO - [2025-10-05T19:39:10.463+0000] {dagbag.py:545} INFO - Filling up the DagBag from /opt/airflow/dags/supplychain_pipeline_dag.py
[2025-10-05T19:39:12.379+0000] {logging_mixin.py:188} INFO - [2025-10-05T19:39:12.379+0000] {config.py:75} INFO - Settings loaded (env=default)
[2025-10-05T19:39:12.469+0000] {processor.py:840} INFO - DAG(s) 'supplychain_pipeline_dag' retrieved from /opt/airflow/dags/supplychain_pipeline_dag.py
[2025-10-05T19:39:12.515+0000] {logging_mixin.py:188} INFO - [2025-10-05T19:39:12.514+0000] {dag.py:3096} INFO - Sync 1 DAGs
[2025-10-05T19:39:12.544+0000] {logging_mixin.py:188} INFO - [2025-10-05T19:39:12.543+0000] {dag.py:3954} INFO - Setting next_dagrun for supplychain_pipeline_dag to 2025-10-05 19:00:00+00:00, run_after=2025-10-05 19:30:00+00:00
[2025-10-05T19:39:12.573+0000] {processor.py:183} INFO - Processing /opt/airflow/dags/supplychain_pipeline_dag.py took 2.122 seconds
[2025-10-05T19:39:44.120+0000] {processor.py:161} INFO - Started process (PID=2053) to work on /opt/airflow/dags/supplychain_pipeline_dag.py
[2025-10-05T19:39:44.122+0000] {processor.py:830} INFO - Processing file /opt/airflow/dags/supplychain_pipeline_dag.py for tasks to queue
[2025-10-05T19:39:44.125+0000] {logging_mixin.py:188} INFO - [2025-10-05T19:39:44.124+0000] {dagbag.py:545} INFO - Filling up the DagBag from /opt/airflow/dags/supplychain_pipeline_dag.py
[2025-10-05T19:39:46.024+0000] {logging_mixin.py:188} INFO - [2025-10-05T19:39:46.024+0000] {config.py:75} INFO - Settings loaded (env=default)
[2025-10-05T19:39:46.119+0000] {processor.py:840} INFO - DAG(s) 'supplychain_pipeline_dag' retrieved from /opt/airflow/dags/supplychain_pipeline_dag.py
[2025-10-05T19:39:46.164+0000] {logging_mixin.py:188} INFO - [2025-10-05T19:39:46.163+0000] {dag.py:3096} INFO - Sync 1 DAGs
[2025-10-05T19:39:46.188+0000] {logging_mixin.py:188} INFO - [2025-10-05T19:39:46.188+0000] {dag.py:3954} INFO - Setting next_dagrun for supplychain_pipeline_dag to 2025-10-05 19:00:00+00:00, run_after=2025-10-05 19:30:00+00:00
[2025-10-05T19:39:46.225+0000] {processor.py:183} INFO - Processing /opt/airflow/dags/supplychain_pipeline_dag.py took 2.111 seconds
[2025-10-05T19:40:16.690+0000] {processor.py:161} INFO - Started process (PID=2075) to work on /opt/airflow/dags/supplychain_pipeline_dag.py
[2025-10-05T19:40:16.692+0000] {processor.py:830} INFO - Processing file /opt/airflow/dags/supplychain_pipeline_dag.py for tasks to queue
[2025-10-05T19:40:16.695+0000] {logging_mixin.py:188} INFO - [2025-10-05T19:40:16.694+0000] {dagbag.py:545} INFO - Filling up the DagBag from /opt/airflow/dags/supplychain_pipeline_dag.py
[2025-10-05T19:40:18.741+0000] {logging_mixin.py:188} INFO - [2025-10-05T19:40:18.741+0000] {config.py:75} INFO - Settings loaded (env=default)
[2025-10-05T19:40:18.831+0000] {processor.py:840} INFO - DAG(s) 'supplychain_pipeline_dag' retrieved from /opt/airflow/dags/supplychain_pipeline_dag.py
[2025-10-05T19:40:18.882+0000] {logging_mixin.py:188} INFO - [2025-10-05T19:40:18.881+0000] {dag.py:3096} INFO - Sync 1 DAGs
[2025-10-05T19:40:18.906+0000] {logging_mixin.py:188} INFO - [2025-10-05T19:40:18.906+0000] {dag.py:3954} INFO - Setting next_dagrun for supplychain_pipeline_dag to 2025-10-05 19:00:00+00:00, run_after=2025-10-05 19:30:00+00:00
[2025-10-05T19:40:18.934+0000] {processor.py:183} INFO - Processing /opt/airflow/dags/supplychain_pipeline_dag.py took 2.250 seconds
[2025-10-05T19:40:50.423+0000] {processor.py:161} INFO - Started process (PID=2097) to work on /opt/airflow/dags/supplychain_pipeline_dag.py
[2025-10-05T19:40:50.424+0000] {processor.py:830} INFO - Processing file /opt/airflow/dags/supplychain_pipeline_dag.py for tasks to queue
[2025-10-05T19:40:50.427+0000] {logging_mixin.py:188} INFO - [2025-10-05T19:40:50.427+0000] {dagbag.py:545} INFO - Filling up the DagBag from /opt/airflow/dags/supplychain_pipeline_dag.py
[2025-10-05T19:40:52.337+0000] {logging_mixin.py:188} INFO - [2025-10-05T19:40:52.337+0000] {config.py:75} INFO - Settings loaded (env=default)
[2025-10-05T19:40:52.425+0000] {processor.py:840} INFO - DAG(s) 'supplychain_pipeline_dag' retrieved from /opt/airflow/dags/supplychain_pipeline_dag.py
[2025-10-05T19:40:52.473+0000] {logging_mixin.py:188} INFO - [2025-10-05T19:40:52.472+0000] {dag.py:3096} INFO - Sync 1 DAGs
[2025-10-05T19:40:52.494+0000] {logging_mixin.py:188} INFO - [2025-10-05T19:40:52.494+0000] {dag.py:3954} INFO - Setting next_dagrun for supplychain_pipeline_dag to 2025-10-05 19:00:00+00:00, run_after=2025-10-05 19:30:00+00:00
[2025-10-05T19:40:52.528+0000] {processor.py:183} INFO - Processing /opt/airflow/dags/supplychain_pipeline_dag.py took 2.114 seconds
[2025-10-05T19:41:24.079+0000] {processor.py:161} INFO - Started process (PID=2119) to work on /opt/airflow/dags/supplychain_pipeline_dag.py
[2025-10-05T19:41:24.081+0000] {processor.py:830} INFO - Processing file /opt/airflow/dags/supplychain_pipeline_dag.py for tasks to queue
[2025-10-05T19:41:24.085+0000] {logging_mixin.py:188} INFO - [2025-10-05T19:41:24.085+0000] {dagbag.py:545} INFO - Filling up the DagBag from /opt/airflow/dags/supplychain_pipeline_dag.py
[2025-10-05T19:41:26.236+0000] {logging_mixin.py:188} INFO - [2025-10-05T19:41:26.236+0000] {config.py:75} INFO - Settings loaded (env=default)
[2025-10-05T19:41:26.336+0000] {processor.py:840} INFO - DAG(s) 'supplychain_pipeline_dag' retrieved from /opt/airflow/dags/supplychain_pipeline_dag.py
[2025-10-05T19:41:26.384+0000] {logging_mixin.py:188} INFO - [2025-10-05T19:41:26.383+0000] {dag.py:3096} INFO - Sync 1 DAGs
[2025-10-05T19:41:26.414+0000] {logging_mixin.py:188} INFO - [2025-10-05T19:41:26.413+0000] {dag.py:3954} INFO - Setting next_dagrun for supplychain_pipeline_dag to 2025-10-05 19:00:00+00:00, run_after=2025-10-05 19:30:00+00:00
[2025-10-05T19:41:26.444+0000] {processor.py:183} INFO - Processing /opt/airflow/dags/supplychain_pipeline_dag.py took 2.373 seconds
[2025-10-05T19:41:57.049+0000] {processor.py:161} INFO - Started process (PID=2141) to work on /opt/airflow/dags/supplychain_pipeline_dag.py
[2025-10-05T19:41:57.051+0000] {processor.py:830} INFO - Processing file /opt/airflow/dags/supplychain_pipeline_dag.py for tasks to queue
[2025-10-05T19:41:57.054+0000] {logging_mixin.py:188} INFO - [2025-10-05T19:41:57.053+0000] {dagbag.py:545} INFO - Filling up the DagBag from /opt/airflow/dags/supplychain_pipeline_dag.py
[2025-10-05T19:41:58.946+0000] {logging_mixin.py:188} INFO - [2025-10-05T19:41:58.945+0000] {config.py:75} INFO - Settings loaded (env=default)
[2025-10-05T19:41:59.035+0000] {processor.py:840} INFO - DAG(s) 'supplychain_pipeline_dag' retrieved from /opt/airflow/dags/supplychain_pipeline_dag.py
[2025-10-05T19:41:59.078+0000] {logging_mixin.py:188} INFO - [2025-10-05T19:41:59.077+0000] {dag.py:3096} INFO - Sync 1 DAGs
[2025-10-05T19:41:59.100+0000] {logging_mixin.py:188} INFO - [2025-10-05T19:41:59.099+0000] {dag.py:3954} INFO - Setting next_dagrun for supplychain_pipeline_dag to 2025-10-05 19:00:00+00:00, run_after=2025-10-05 19:30:00+00:00
[2025-10-05T19:41:59.136+0000] {processor.py:183} INFO - Processing /opt/airflow/dags/supplychain_pipeline_dag.py took 2.094 seconds
[2025-10-05T19:42:30.585+0000] {processor.py:161} INFO - Started process (PID=2163) to work on /opt/airflow/dags/supplychain_pipeline_dag.py
[2025-10-05T19:42:30.586+0000] {processor.py:830} INFO - Processing file /opt/airflow/dags/supplychain_pipeline_dag.py for tasks to queue
[2025-10-05T19:42:30.589+0000] {logging_mixin.py:188} INFO - [2025-10-05T19:42:30.589+0000] {dagbag.py:545} INFO - Filling up the DagBag from /opt/airflow/dags/supplychain_pipeline_dag.py
[2025-10-05T19:42:32.723+0000] {logging_mixin.py:188} INFO - [2025-10-05T19:42:32.723+0000] {config.py:75} INFO - Settings loaded (env=default)
[2025-10-05T19:42:32.823+0000] {processor.py:840} INFO - DAG(s) 'supplychain_pipeline_dag' retrieved from /opt/airflow/dags/supplychain_pipeline_dag.py
[2025-10-05T19:42:32.873+0000] {logging_mixin.py:188} INFO - [2025-10-05T19:42:32.873+0000] {dag.py:3096} INFO - Sync 1 DAGs
[2025-10-05T19:42:32.903+0000] {logging_mixin.py:188} INFO - [2025-10-05T19:42:32.903+0000] {dag.py:3954} INFO - Setting next_dagrun for supplychain_pipeline_dag to 2025-10-05 19:00:00+00:00, run_after=2025-10-05 19:30:00+00:00
[2025-10-05T19:42:32.950+0000] {processor.py:183} INFO - Processing /opt/airflow/dags/supplychain_pipeline_dag.py took 2.371 seconds
[2025-10-05T19:43:03.567+0000] {processor.py:161} INFO - Started process (PID=2185) to work on /opt/airflow/dags/supplychain_pipeline_dag.py
[2025-10-05T19:43:03.569+0000] {processor.py:830} INFO - Processing file /opt/airflow/dags/supplychain_pipeline_dag.py for tasks to queue
[2025-10-05T19:43:03.572+0000] {logging_mixin.py:188} INFO - [2025-10-05T19:43:03.571+0000] {dagbag.py:545} INFO - Filling up the DagBag from /opt/airflow/dags/supplychain_pipeline_dag.py
[2025-10-05T19:43:05.600+0000] {logging_mixin.py:188} INFO - [2025-10-05T19:43:05.600+0000] {config.py:75} INFO - Settings loaded (env=default)
[2025-10-05T19:43:05.688+0000] {processor.py:840} INFO - DAG(s) 'supplychain_pipeline_dag' retrieved from /opt/airflow/dags/supplychain_pipeline_dag.py
[2025-10-05T19:43:05.731+0000] {logging_mixin.py:188} INFO - [2025-10-05T19:43:05.731+0000] {dag.py:3096} INFO - Sync 1 DAGs
[2025-10-05T19:43:05.753+0000] {logging_mixin.py:188} INFO - [2025-10-05T19:43:05.753+0000] {dag.py:3954} INFO - Setting next_dagrun for supplychain_pipeline_dag to 2025-10-05 19:00:00+00:00, run_after=2025-10-05 19:30:00+00:00
[2025-10-05T19:43:05.787+0000] {processor.py:183} INFO - Processing /opt/airflow/dags/supplychain_pipeline_dag.py took 2.227 seconds
[2025-10-05T19:43:37.103+0000] {processor.py:161} INFO - Started process (PID=2207) to work on /opt/airflow/dags/supplychain_pipeline_dag.py
[2025-10-05T19:43:37.104+0000] {processor.py:830} INFO - Processing file /opt/airflow/dags/supplychain_pipeline_dag.py for tasks to queue
[2025-10-05T19:43:37.108+0000] {logging_mixin.py:188} INFO - [2025-10-05T19:43:37.107+0000] {dagbag.py:545} INFO - Filling up the DagBag from /opt/airflow/dags/supplychain_pipeline_dag.py
[2025-10-05T19:43:39.108+0000] {logging_mixin.py:188} INFO - [2025-10-05T19:43:39.108+0000] {config.py:75} INFO - Settings loaded (env=default)
[2025-10-05T19:43:39.201+0000] {processor.py:840} INFO - DAG(s) 'supplychain_pipeline_dag' retrieved from /opt/airflow/dags/supplychain_pipeline_dag.py
[2025-10-05T19:43:39.252+0000] {logging_mixin.py:188} INFO - [2025-10-05T19:43:39.251+0000] {dag.py:3096} INFO - Sync 1 DAGs
[2025-10-05T19:43:39.275+0000] {logging_mixin.py:188} INFO - [2025-10-05T19:43:39.275+0000] {dag.py:3954} INFO - Setting next_dagrun for supplychain_pipeline_dag to 2025-10-05 19:00:00+00:00, run_after=2025-10-05 19:30:00+00:00
[2025-10-05T19:43:39.310+0000] {processor.py:183} INFO - Processing /opt/airflow/dags/supplychain_pipeline_dag.py took 2.214 seconds
[2025-10-05T19:44:10.639+0000] {processor.py:161} INFO - Started process (PID=2229) to work on /opt/airflow/dags/supplychain_pipeline_dag.py
[2025-10-05T19:44:10.641+0000] {processor.py:830} INFO - Processing file /opt/airflow/dags/supplychain_pipeline_dag.py for tasks to queue
[2025-10-05T19:44:10.644+0000] {logging_mixin.py:188} INFO - [2025-10-05T19:44:10.643+0000] {dagbag.py:545} INFO - Filling up the DagBag from /opt/airflow/dags/supplychain_pipeline_dag.py
[2025-10-05T19:44:12.622+0000] {logging_mixin.py:188} INFO - [2025-10-05T19:44:12.622+0000] {config.py:75} INFO - Settings loaded (env=default)
[2025-10-05T19:44:12.716+0000] {processor.py:840} INFO - DAG(s) 'supplychain_pipeline_dag' retrieved from /opt/airflow/dags/supplychain_pipeline_dag.py
[2025-10-05T19:44:12.766+0000] {logging_mixin.py:188} INFO - [2025-10-05T19:44:12.765+0000] {dag.py:3096} INFO - Sync 1 DAGs
[2025-10-05T19:44:12.788+0000] {logging_mixin.py:188} INFO - [2025-10-05T19:44:12.788+0000] {dag.py:3954} INFO - Setting next_dagrun for supplychain_pipeline_dag to 2025-10-05 19:00:00+00:00, run_after=2025-10-05 19:30:00+00:00
[2025-10-05T19:44:12.813+0000] {processor.py:183} INFO - Processing /opt/airflow/dags/supplychain_pipeline_dag.py took 2.180 seconds
[2025-10-05T19:44:43.437+0000] {processor.py:161} INFO - Started process (PID=2251) to work on /opt/airflow/dags/supplychain_pipeline_dag.py
[2025-10-05T19:44:43.439+0000] {processor.py:830} INFO - Processing file /opt/airflow/dags/supplychain_pipeline_dag.py for tasks to queue
[2025-10-05T19:44:43.442+0000] {logging_mixin.py:188} INFO - [2025-10-05T19:44:43.441+0000] {dagbag.py:545} INFO - Filling up the DagBag from /opt/airflow/dags/supplychain_pipeline_dag.py
[2025-10-05T19:44:45.822+0000] {logging_mixin.py:188} INFO - [2025-10-05T19:44:45.822+0000] {config.py:75} INFO - Settings loaded (env=default)
[2025-10-05T19:44:45.917+0000] {processor.py:840} INFO - DAG(s) 'supplychain_pipeline_dag' retrieved from /opt/airflow/dags/supplychain_pipeline_dag.py
[2025-10-05T19:44:45.965+0000] {logging_mixin.py:188} INFO - [2025-10-05T19:44:45.965+0000] {dag.py:3096} INFO - Sync 1 DAGs
[2025-10-05T19:44:45.990+0000] {logging_mixin.py:188} INFO - [2025-10-05T19:44:45.990+0000] {dag.py:3954} INFO - Setting next_dagrun for supplychain_pipeline_dag to 2025-10-05 19:00:00+00:00, run_after=2025-10-05 19:30:00+00:00
[2025-10-05T19:44:46.037+0000] {processor.py:183} INFO - Processing /opt/airflow/dags/supplychain_pipeline_dag.py took 2.607 seconds
[2025-10-05T19:45:16.974+0000] {processor.py:161} INFO - Started process (PID=2273) to work on /opt/airflow/dags/supplychain_pipeline_dag.py
[2025-10-05T19:45:16.976+0000] {processor.py:830} INFO - Processing file /opt/airflow/dags/supplychain_pipeline_dag.py for tasks to queue
[2025-10-05T19:45:16.979+0000] {logging_mixin.py:188} INFO - [2025-10-05T19:45:16.978+0000] {dagbag.py:545} INFO - Filling up the DagBag from /opt/airflow/dags/supplychain_pipeline_dag.py
[2025-10-05T19:45:19.599+0000] {logging_mixin.py:188} INFO - [2025-10-05T19:45:19.599+0000] {config.py:75} INFO - Settings loaded (env=default)
[2025-10-05T19:45:19.713+0000] {processor.py:840} INFO - DAG(s) 'supplychain_pipeline_dag' retrieved from /opt/airflow/dags/supplychain_pipeline_dag.py
[2025-10-05T19:45:19.762+0000] {logging_mixin.py:188} INFO - [2025-10-05T19:45:19.762+0000] {dag.py:3096} INFO - Sync 1 DAGs
[2025-10-05T19:45:19.789+0000] {logging_mixin.py:188} INFO - [2025-10-05T19:45:19.789+0000] {dag.py:3954} INFO - Setting next_dagrun for supplychain_pipeline_dag to 2025-10-05 19:00:00+00:00, run_after=2025-10-05 19:30:00+00:00
[2025-10-05T19:45:19.819+0000] {processor.py:183} INFO - Processing /opt/airflow/dags/supplychain_pipeline_dag.py took 2.852 seconds
[2025-10-05T19:45:50.197+0000] {processor.py:161} INFO - Started process (PID=2295) to work on /opt/airflow/dags/supplychain_pipeline_dag.py
[2025-10-05T19:45:50.199+0000] {processor.py:830} INFO - Processing file /opt/airflow/dags/supplychain_pipeline_dag.py for tasks to queue
[2025-10-05T19:45:50.201+0000] {logging_mixin.py:188} INFO - [2025-10-05T19:45:50.201+0000] {dagbag.py:545} INFO - Filling up the DagBag from /opt/airflow/dags/supplychain_pipeline_dag.py
[2025-10-05T19:45:52.126+0000] {logging_mixin.py:188} INFO - [2025-10-05T19:45:52.126+0000] {config.py:75} INFO - Settings loaded (env=default)
[2025-10-05T19:45:52.216+0000] {processor.py:840} INFO - DAG(s) 'supplychain_pipeline_dag' retrieved from /opt/airflow/dags/supplychain_pipeline_dag.py
[2025-10-05T19:45:52.261+0000] {logging_mixin.py:188} INFO - [2025-10-05T19:45:52.260+0000] {dag.py:3096} INFO - Sync 1 DAGs
[2025-10-05T19:45:52.285+0000] {logging_mixin.py:188} INFO - [2025-10-05T19:45:52.284+0000] {dag.py:3954} INFO - Setting next_dagrun for supplychain_pipeline_dag to 2025-10-05 19:00:00+00:00, run_after=2025-10-05 19:30:00+00:00
[2025-10-05T19:45:52.315+0000] {processor.py:183} INFO - Processing /opt/airflow/dags/supplychain_pipeline_dag.py took 2.124 seconds
[2025-10-05T19:46:23.735+0000] {processor.py:161} INFO - Started process (PID=2317) to work on /opt/airflow/dags/supplychain_pipeline_dag.py
[2025-10-05T19:46:23.737+0000] {processor.py:830} INFO - Processing file /opt/airflow/dags/supplychain_pipeline_dag.py for tasks to queue
[2025-10-05T19:46:23.740+0000] {logging_mixin.py:188} INFO - [2025-10-05T19:46:23.739+0000] {dagbag.py:545} INFO - Filling up the DagBag from /opt/airflow/dags/supplychain_pipeline_dag.py
[2025-10-05T19:46:25.687+0000] {logging_mixin.py:188} INFO - [2025-10-05T19:46:25.687+0000] {config.py:75} INFO - Settings loaded (env=default)
[2025-10-05T19:46:25.781+0000] {processor.py:840} INFO - DAG(s) 'supplychain_pipeline_dag' retrieved from /opt/airflow/dags/supplychain_pipeline_dag.py
[2025-10-05T19:46:25.825+0000] {logging_mixin.py:188} INFO - [2025-10-05T19:46:25.824+0000] {dag.py:3096} INFO - Sync 1 DAGs
[2025-10-05T19:46:25.849+0000] {logging_mixin.py:188} INFO - [2025-10-05T19:46:25.849+0000] {dag.py:3954} INFO - Setting next_dagrun for supplychain_pipeline_dag to 2025-10-05 19:00:00+00:00, run_after=2025-10-05 19:30:00+00:00
[2025-10-05T19:46:25.879+0000] {processor.py:183} INFO - Processing /opt/airflow/dags/supplychain_pipeline_dag.py took 2.149 seconds
[2025-10-05T19:46:57.430+0000] {processor.py:161} INFO - Started process (PID=2339) to work on /opt/airflow/dags/supplychain_pipeline_dag.py
[2025-10-05T19:46:57.431+0000] {processor.py:830} INFO - Processing file /opt/airflow/dags/supplychain_pipeline_dag.py for tasks to queue
[2025-10-05T19:46:57.434+0000] {logging_mixin.py:188} INFO - [2025-10-05T19:46:57.434+0000] {dagbag.py:545} INFO - Filling up the DagBag from /opt/airflow/dags/supplychain_pipeline_dag.py
[2025-10-05T19:46:59.306+0000] {logging_mixin.py:188} INFO - [2025-10-05T19:46:59.305+0000] {config.py:75} INFO - Settings loaded (env=default)
[2025-10-05T19:46:59.395+0000] {processor.py:840} INFO - DAG(s) 'supplychain_pipeline_dag' retrieved from /opt/airflow/dags/supplychain_pipeline_dag.py
[2025-10-05T19:46:59.441+0000] {logging_mixin.py:188} INFO - [2025-10-05T19:46:59.441+0000] {dag.py:3096} INFO - Sync 1 DAGs
[2025-10-05T19:46:59.465+0000] {logging_mixin.py:188} INFO - [2025-10-05T19:46:59.465+0000] {dag.py:3954} INFO - Setting next_dagrun for supplychain_pipeline_dag to 2025-10-05 19:00:00+00:00, run_after=2025-10-05 19:30:00+00:00
[2025-10-05T19:46:59.502+0000] {processor.py:183} INFO - Processing /opt/airflow/dags/supplychain_pipeline_dag.py took 2.077 seconds
[2025-10-05T19:47:30.098+0000] {processor.py:161} INFO - Started process (PID=2361) to work on /opt/airflow/dags/supplychain_pipeline_dag.py
[2025-10-05T19:47:30.100+0000] {processor.py:830} INFO - Processing file /opt/airflow/dags/supplychain_pipeline_dag.py for tasks to queue
[2025-10-05T19:47:30.103+0000] {logging_mixin.py:188} INFO - [2025-10-05T19:47:30.103+0000] {dagbag.py:545} INFO - Filling up the DagBag from /opt/airflow/dags/supplychain_pipeline_dag.py
[2025-10-05T19:47:32.116+0000] {logging_mixin.py:188} INFO - [2025-10-05T19:47:32.116+0000] {config.py:75} INFO - Settings loaded (env=default)
[2025-10-05T19:47:32.210+0000] {processor.py:840} INFO - DAG(s) 'supplychain_pipeline_dag' retrieved from /opt/airflow/dags/supplychain_pipeline_dag.py
[2025-10-05T19:47:32.259+0000] {logging_mixin.py:188} INFO - [2025-10-05T19:47:32.258+0000] {dag.py:3096} INFO - Sync 1 DAGs
[2025-10-05T19:47:32.282+0000] {logging_mixin.py:188} INFO - [2025-10-05T19:47:32.282+0000] {dag.py:3954} INFO - Setting next_dagrun for supplychain_pipeline_dag to 2025-10-05 19:00:00+00:00, run_after=2025-10-05 19:30:00+00:00
[2025-10-05T19:47:32.314+0000] {processor.py:183} INFO - Processing /opt/airflow/dags/supplychain_pipeline_dag.py took 2.223 seconds
[2025-10-05T19:48:03.632+0000] {processor.py:161} INFO - Started process (PID=2383) to work on /opt/airflow/dags/supplychain_pipeline_dag.py
[2025-10-05T19:48:03.633+0000] {processor.py:830} INFO - Processing file /opt/airflow/dags/supplychain_pipeline_dag.py for tasks to queue
[2025-10-05T19:48:03.637+0000] {logging_mixin.py:188} INFO - [2025-10-05T19:48:03.637+0000] {dagbag.py:545} INFO - Filling up the DagBag from /opt/airflow/dags/supplychain_pipeline_dag.py
[2025-10-05T19:48:05.573+0000] {logging_mixin.py:188} INFO - [2025-10-05T19:48:05.573+0000] {config.py:75} INFO - Settings loaded (env=default)
[2025-10-05T19:48:05.669+0000] {processor.py:840} INFO - DAG(s) 'supplychain_pipeline_dag' retrieved from /opt/airflow/dags/supplychain_pipeline_dag.py
[2025-10-05T19:48:05.714+0000] {logging_mixin.py:188} INFO - [2025-10-05T19:48:05.714+0000] {dag.py:3096} INFO - Sync 1 DAGs
[2025-10-05T19:48:05.738+0000] {logging_mixin.py:188} INFO - [2025-10-05T19:48:05.738+0000] {dag.py:3954} INFO - Setting next_dagrun for supplychain_pipeline_dag to 2025-10-05 19:00:00+00:00, run_after=2025-10-05 19:30:00+00:00
[2025-10-05T19:48:05.769+0000] {processor.py:183} INFO - Processing /opt/airflow/dags/supplychain_pipeline_dag.py took 2.143 seconds
[2025-10-05T19:48:37.183+0000] {processor.py:161} INFO - Started process (PID=2405) to work on /opt/airflow/dags/supplychain_pipeline_dag.py
[2025-10-05T19:48:37.185+0000] {processor.py:830} INFO - Processing file /opt/airflow/dags/supplychain_pipeline_dag.py for tasks to queue
[2025-10-05T19:48:37.188+0000] {logging_mixin.py:188} INFO - [2025-10-05T19:48:37.187+0000] {dagbag.py:545} INFO - Filling up the DagBag from /opt/airflow/dags/supplychain_pipeline_dag.py
[2025-10-05T19:48:39.164+0000] {logging_mixin.py:188} INFO - [2025-10-05T19:48:39.164+0000] {config.py:75} INFO - Settings loaded (env=default)
[2025-10-05T19:48:39.259+0000] {processor.py:840} INFO - DAG(s) 'supplychain_pipeline_dag' retrieved from /opt/airflow/dags/supplychain_pipeline_dag.py
[2025-10-05T19:48:39.312+0000] {logging_mixin.py:188} INFO - [2025-10-05T19:48:39.312+0000] {dag.py:3096} INFO - Sync 1 DAGs
[2025-10-05T19:48:39.336+0000] {logging_mixin.py:188} INFO - [2025-10-05T19:48:39.336+0000] {dag.py:3954} INFO - Setting next_dagrun for supplychain_pipeline_dag to 2025-10-05 19:00:00+00:00, run_after=2025-10-05 19:30:00+00:00
[2025-10-05T19:48:39.365+0000] {processor.py:183} INFO - Processing /opt/airflow/dags/supplychain_pipeline_dag.py took 2.189 seconds
[2025-10-05T19:49:10.898+0000] {processor.py:161} INFO - Started process (PID=2427) to work on /opt/airflow/dags/supplychain_pipeline_dag.py
[2025-10-05T19:49:10.900+0000] {processor.py:830} INFO - Processing file /opt/airflow/dags/supplychain_pipeline_dag.py for tasks to queue
[2025-10-05T19:49:10.903+0000] {logging_mixin.py:188} INFO - [2025-10-05T19:49:10.903+0000] {dagbag.py:545} INFO - Filling up the DagBag from /opt/airflow/dags/supplychain_pipeline_dag.py
[2025-10-05T19:49:12.841+0000] {logging_mixin.py:188} INFO - [2025-10-05T19:49:12.840+0000] {config.py:75} INFO - Settings loaded (env=default)
[2025-10-05T19:49:12.930+0000] {processor.py:840} INFO - DAG(s) 'supplychain_pipeline_dag' retrieved from /opt/airflow/dags/supplychain_pipeline_dag.py
[2025-10-05T19:49:12.976+0000] {logging_mixin.py:188} INFO - [2025-10-05T19:49:12.976+0000] {dag.py:3096} INFO - Sync 1 DAGs
[2025-10-05T19:49:13.001+0000] {logging_mixin.py:188} INFO - [2025-10-05T19:49:13.001+0000] {dag.py:3954} INFO - Setting next_dagrun for supplychain_pipeline_dag to 2025-10-05 19:00:00+00:00, run_after=2025-10-05 19:30:00+00:00
[2025-10-05T19:49:13.026+0000] {processor.py:183} INFO - Processing /opt/airflow/dags/supplychain_pipeline_dag.py took 2.136 seconds
[2025-10-05T19:49:43.492+0000] {processor.py:161} INFO - Started process (PID=2449) to work on /opt/airflow/dags/supplychain_pipeline_dag.py
[2025-10-05T19:49:43.494+0000] {processor.py:830} INFO - Processing file /opt/airflow/dags/supplychain_pipeline_dag.py for tasks to queue
[2025-10-05T19:49:43.496+0000] {logging_mixin.py:188} INFO - [2025-10-05T19:49:43.496+0000] {dagbag.py:545} INFO - Filling up the DagBag from /opt/airflow/dags/supplychain_pipeline_dag.py
[2025-10-05T19:49:45.510+0000] {logging_mixin.py:188} INFO - [2025-10-05T19:49:45.510+0000] {config.py:75} INFO - Settings loaded (env=default)
[2025-10-05T19:49:45.609+0000] {processor.py:840} INFO - DAG(s) 'supplychain_pipeline_dag' retrieved from /opt/airflow/dags/supplychain_pipeline_dag.py
[2025-10-05T19:49:45.651+0000] {logging_mixin.py:188} INFO - [2025-10-05T19:49:45.650+0000] {dag.py:3096} INFO - Sync 1 DAGs
[2025-10-05T19:49:45.675+0000] {logging_mixin.py:188} INFO - [2025-10-05T19:49:45.675+0000] {dag.py:3954} INFO - Setting next_dagrun for supplychain_pipeline_dag to 2025-10-05 19:00:00+00:00, run_after=2025-10-05 19:30:00+00:00
[2025-10-05T19:49:45.708+0000] {processor.py:183} INFO - Processing /opt/airflow/dags/supplychain_pipeline_dag.py took 2.223 seconds
[2025-10-05T19:50:17.172+0000] {processor.py:161} INFO - Started process (PID=2471) to work on /opt/airflow/dags/supplychain_pipeline_dag.py
[2025-10-05T19:50:17.173+0000] {processor.py:830} INFO - Processing file /opt/airflow/dags/supplychain_pipeline_dag.py for tasks to queue
[2025-10-05T19:50:17.175+0000] {logging_mixin.py:188} INFO - [2025-10-05T19:50:17.175+0000] {dagbag.py:545} INFO - Filling up the DagBag from /opt/airflow/dags/supplychain_pipeline_dag.py
[2025-10-05T19:50:19.192+0000] {logging_mixin.py:188} INFO - [2025-10-05T19:50:19.192+0000] {config.py:75} INFO - Settings loaded (env=default)
[2025-10-05T19:50:19.293+0000] {processor.py:840} INFO - DAG(s) 'supplychain_pipeline_dag' retrieved from /opt/airflow/dags/supplychain_pipeline_dag.py
[2025-10-05T19:50:19.360+0000] {logging_mixin.py:188} INFO - [2025-10-05T19:50:19.360+0000] {dag.py:3096} INFO - Sync 1 DAGs
[2025-10-05T19:50:19.396+0000] {logging_mixin.py:188} INFO - [2025-10-05T19:50:19.396+0000] {dag.py:3954} INFO - Setting next_dagrun for supplychain_pipeline_dag to 2025-10-05 19:00:00+00:00, run_after=2025-10-05 19:30:00+00:00
[2025-10-05T19:50:19.431+0000] {processor.py:183} INFO - Processing /opt/airflow/dags/supplychain_pipeline_dag.py took 2.267 seconds
[2025-10-05T19:50:50.921+0000] {processor.py:161} INFO - Started process (PID=2493) to work on /opt/airflow/dags/supplychain_pipeline_dag.py
[2025-10-05T19:50:50.922+0000] {processor.py:830} INFO - Processing file /opt/airflow/dags/supplychain_pipeline_dag.py for tasks to queue
[2025-10-05T19:50:50.926+0000] {logging_mixin.py:188} INFO - [2025-10-05T19:50:50.926+0000] {dagbag.py:545} INFO - Filling up the DagBag from /opt/airflow/dags/supplychain_pipeline_dag.py
[2025-10-05T19:50:52.917+0000] {logging_mixin.py:188} INFO - [2025-10-05T19:50:52.916+0000] {config.py:75} INFO - Settings loaded (env=default)
[2025-10-05T19:50:53.011+0000] {processor.py:840} INFO - DAG(s) 'supplychain_pipeline_dag' retrieved from /opt/airflow/dags/supplychain_pipeline_dag.py
[2025-10-05T19:50:53.060+0000] {logging_mixin.py:188} INFO - [2025-10-05T19:50:53.060+0000] {dag.py:3096} INFO - Sync 1 DAGs
[2025-10-05T19:50:53.082+0000] {logging_mixin.py:188} INFO - [2025-10-05T19:50:53.082+0000] {dag.py:3954} INFO - Setting next_dagrun for supplychain_pipeline_dag to 2025-10-05 19:00:00+00:00, run_after=2025-10-05 19:30:00+00:00
[2025-10-05T19:50:53.108+0000] {processor.py:183} INFO - Processing /opt/airflow/dags/supplychain_pipeline_dag.py took 2.194 seconds
[2025-10-05T19:51:23.558+0000] {processor.py:161} INFO - Started process (PID=2515) to work on /opt/airflow/dags/supplychain_pipeline_dag.py
[2025-10-05T19:51:23.560+0000] {processor.py:830} INFO - Processing file /opt/airflow/dags/supplychain_pipeline_dag.py for tasks to queue
[2025-10-05T19:51:23.564+0000] {logging_mixin.py:188} INFO - [2025-10-05T19:51:23.563+0000] {dagbag.py:545} INFO - Filling up the DagBag from /opt/airflow/dags/supplychain_pipeline_dag.py
[2025-10-05T19:51:25.881+0000] {logging_mixin.py:188} INFO - [2025-10-05T19:51:25.881+0000] {config.py:75} INFO - Settings loaded (env=default)
[2025-10-05T19:51:25.978+0000] {processor.py:840} INFO - DAG(s) 'supplychain_pipeline_dag' retrieved from /opt/airflow/dags/supplychain_pipeline_dag.py
[2025-10-05T19:51:26.028+0000] {logging_mixin.py:188} INFO - [2025-10-05T19:51:26.027+0000] {dag.py:3096} INFO - Sync 1 DAGs
[2025-10-05T19:51:26.052+0000] {logging_mixin.py:188} INFO - [2025-10-05T19:51:26.052+0000] {dag.py:3954} INFO - Setting next_dagrun for supplychain_pipeline_dag to 2025-10-05 19:00:00+00:00, run_after=2025-10-05 19:30:00+00:00
[2025-10-05T19:51:26.088+0000] {processor.py:183} INFO - Processing /opt/airflow/dags/supplychain_pipeline_dag.py took 2.538 seconds
[2025-10-05T19:51:57.223+0000] {processor.py:161} INFO - Started process (PID=2537) to work on /opt/airflow/dags/supplychain_pipeline_dag.py
[2025-10-05T19:51:57.225+0000] {processor.py:830} INFO - Processing file /opt/airflow/dags/supplychain_pipeline_dag.py for tasks to queue
[2025-10-05T19:51:57.228+0000] {logging_mixin.py:188} INFO - [2025-10-05T19:51:57.227+0000] {dagbag.py:545} INFO - Filling up the DagBag from /opt/airflow/dags/supplychain_pipeline_dag.py
[2025-10-05T19:51:59.342+0000] {logging_mixin.py:188} INFO - [2025-10-05T19:51:59.341+0000] {config.py:75} INFO - Settings loaded (env=default)
[2025-10-05T19:51:59.433+0000] {processor.py:840} INFO - DAG(s) 'supplychain_pipeline_dag' retrieved from /opt/airflow/dags/supplychain_pipeline_dag.py
[2025-10-05T19:51:59.477+0000] {logging_mixin.py:188} INFO - [2025-10-05T19:51:59.476+0000] {dag.py:3096} INFO - Sync 1 DAGs
[2025-10-05T19:51:59.501+0000] {logging_mixin.py:188} INFO - [2025-10-05T19:51:59.500+0000] {dag.py:3954} INFO - Setting next_dagrun for supplychain_pipeline_dag to 2025-10-05 19:00:00+00:00, run_after=2025-10-05 19:30:00+00:00
[2025-10-05T19:51:59.542+0000] {processor.py:183} INFO - Processing /opt/airflow/dags/supplychain_pipeline_dag.py took 2.325 seconds
[2025-10-05T19:52:30.146+0000] {processor.py:161} INFO - Started process (PID=2559) to work on /opt/airflow/dags/supplychain_pipeline_dag.py
[2025-10-05T19:52:30.148+0000] {processor.py:830} INFO - Processing file /opt/airflow/dags/supplychain_pipeline_dag.py for tasks to queue
[2025-10-05T19:52:30.151+0000] {logging_mixin.py:188} INFO - [2025-10-05T19:52:30.150+0000] {dagbag.py:545} INFO - Filling up the DagBag from /opt/airflow/dags/supplychain_pipeline_dag.py
[2025-10-05T19:52:32.331+0000] {logging_mixin.py:188} INFO - [2025-10-05T19:52:32.331+0000] {config.py:75} INFO - Settings loaded (env=default)
[2025-10-05T19:52:32.427+0000] {processor.py:840} INFO - DAG(s) 'supplychain_pipeline_dag' retrieved from /opt/airflow/dags/supplychain_pipeline_dag.py
[2025-10-05T19:52:32.470+0000] {logging_mixin.py:188} INFO - [2025-10-05T19:52:32.469+0000] {dag.py:3096} INFO - Sync 1 DAGs
[2025-10-05T19:52:32.495+0000] {logging_mixin.py:188} INFO - [2025-10-05T19:52:32.495+0000] {dag.py:3954} INFO - Setting next_dagrun for supplychain_pipeline_dag to 2025-10-05 19:00:00+00:00, run_after=2025-10-05 19:30:00+00:00
[2025-10-05T19:52:32.530+0000] {processor.py:183} INFO - Processing /opt/airflow/dags/supplychain_pipeline_dag.py took 2.391 seconds
[2025-10-05T19:53:03.666+0000] {processor.py:161} INFO - Started process (PID=2581) to work on /opt/airflow/dags/supplychain_pipeline_dag.py
[2025-10-05T19:53:03.668+0000] {processor.py:830} INFO - Processing file /opt/airflow/dags/supplychain_pipeline_dag.py for tasks to queue
[2025-10-05T19:53:03.671+0000] {logging_mixin.py:188} INFO - [2025-10-05T19:53:03.671+0000] {dagbag.py:545} INFO - Filling up the DagBag from /opt/airflow/dags/supplychain_pipeline_dag.py
[2025-10-05T19:53:05.882+0000] {logging_mixin.py:188} INFO - [2025-10-05T19:53:05.881+0000] {config.py:75} INFO - Settings loaded (env=default)
[2025-10-05T19:53:05.977+0000] {processor.py:840} INFO - DAG(s) 'supplychain_pipeline_dag' retrieved from /opt/airflow/dags/supplychain_pipeline_dag.py
[2025-10-05T19:53:06.026+0000] {logging_mixin.py:188} INFO - [2025-10-05T19:53:06.025+0000] {dag.py:3096} INFO - Sync 1 DAGs
[2025-10-05T19:53:06.053+0000] {logging_mixin.py:188} INFO - [2025-10-05T19:53:06.053+0000] {dag.py:3954} INFO - Setting next_dagrun for supplychain_pipeline_dag to 2025-10-05 19:00:00+00:00, run_after=2025-10-05 19:30:00+00:00
[2025-10-05T19:53:06.086+0000] {processor.py:183} INFO - Processing /opt/airflow/dags/supplychain_pipeline_dag.py took 2.426 seconds
[2025-10-05T19:53:37.710+0000] {processor.py:161} INFO - Started process (PID=2603) to work on /opt/airflow/dags/supplychain_pipeline_dag.py
[2025-10-05T19:53:37.712+0000] {processor.py:830} INFO - Processing file /opt/airflow/dags/supplychain_pipeline_dag.py for tasks to queue
[2025-10-05T19:53:37.715+0000] {logging_mixin.py:188} INFO - [2025-10-05T19:53:37.714+0000] {dagbag.py:545} INFO - Filling up the DagBag from /opt/airflow/dags/supplychain_pipeline_dag.py
[2025-10-05T19:53:40.312+0000] {logging_mixin.py:188} INFO - [2025-10-05T19:53:40.311+0000] {config.py:75} INFO - Settings loaded (env=default)
[2025-10-05T19:53:40.441+0000] {processor.py:840} INFO - DAG(s) 'supplychain_pipeline_dag' retrieved from /opt/airflow/dags/supplychain_pipeline_dag.py
[2025-10-05T19:53:40.499+0000] {logging_mixin.py:188} INFO - [2025-10-05T19:53:40.498+0000] {dag.py:3096} INFO - Sync 1 DAGs
[2025-10-05T19:53:40.531+0000] {logging_mixin.py:188} INFO - [2025-10-05T19:53:40.531+0000] {dag.py:3954} INFO - Setting next_dagrun for supplychain_pipeline_dag to 2025-10-05 19:00:00+00:00, run_after=2025-10-05 19:30:00+00:00
[2025-10-05T19:53:40.572+0000] {processor.py:183} INFO - Processing /opt/airflow/dags/supplychain_pipeline_dag.py took 2.869 seconds
[2025-10-05T19:54:11.195+0000] {processor.py:161} INFO - Started process (PID=2625) to work on /opt/airflow/dags/supplychain_pipeline_dag.py
[2025-10-05T19:54:11.197+0000] {processor.py:830} INFO - Processing file /opt/airflow/dags/supplychain_pipeline_dag.py for tasks to queue
[2025-10-05T19:54:11.199+0000] {logging_mixin.py:188} INFO - [2025-10-05T19:54:11.199+0000] {dagbag.py:545} INFO - Filling up the DagBag from /opt/airflow/dags/supplychain_pipeline_dag.py
[2025-10-05T19:54:13.149+0000] {logging_mixin.py:188} INFO - [2025-10-05T19:54:13.149+0000] {config.py:75} INFO - Settings loaded (env=default)
[2025-10-05T19:54:13.247+0000] {processor.py:840} INFO - DAG(s) 'supplychain_pipeline_dag' retrieved from /opt/airflow/dags/supplychain_pipeline_dag.py
[2025-10-05T19:54:13.296+0000] {logging_mixin.py:188} INFO - [2025-10-05T19:54:13.295+0000] {dag.py:3096} INFO - Sync 1 DAGs
[2025-10-05T19:54:13.320+0000] {logging_mixin.py:188} INFO - [2025-10-05T19:54:13.320+0000] {dag.py:3954} INFO - Setting next_dagrun for supplychain_pipeline_dag to 2025-10-05 19:00:00+00:00, run_after=2025-10-05 19:30:00+00:00
[2025-10-05T19:54:13.349+0000] {processor.py:183} INFO - Processing /opt/airflow/dags/supplychain_pipeline_dag.py took 2.160 seconds
[2025-10-05T19:54:43.767+0000] {processor.py:161} INFO - Started process (PID=2647) to work on /opt/airflow/dags/supplychain_pipeline_dag.py
[2025-10-05T19:54:43.769+0000] {processor.py:830} INFO - Processing file /opt/airflow/dags/supplychain_pipeline_dag.py for tasks to queue
[2025-10-05T19:54:43.774+0000] {logging_mixin.py:188} INFO - [2025-10-05T19:54:43.773+0000] {dagbag.py:545} INFO - Filling up the DagBag from /opt/airflow/dags/supplychain_pipeline_dag.py
[2025-10-05T19:54:45.764+0000] {logging_mixin.py:188} INFO - [2025-10-05T19:54:45.764+0000] {config.py:75} INFO - Settings loaded (env=default)
[2025-10-05T19:54:45.854+0000] {processor.py:840} INFO - DAG(s) 'supplychain_pipeline_dag' retrieved from /opt/airflow/dags/supplychain_pipeline_dag.py
[2025-10-05T19:54:45.911+0000] {logging_mixin.py:188} INFO - [2025-10-05T19:54:45.911+0000] {dag.py:3096} INFO - Sync 1 DAGs
[2025-10-05T19:54:45.933+0000] {logging_mixin.py:188} INFO - [2025-10-05T19:54:45.932+0000] {dag.py:3954} INFO - Setting next_dagrun for supplychain_pipeline_dag to 2025-10-05 19:00:00+00:00, run_after=2025-10-05 19:30:00+00:00
[2025-10-05T19:54:45.959+0000] {processor.py:183} INFO - Processing /opt/airflow/dags/supplychain_pipeline_dag.py took 2.201 seconds
[2025-10-05T19:55:17.483+0000] {processor.py:161} INFO - Started process (PID=2669) to work on /opt/airflow/dags/supplychain_pipeline_dag.py
[2025-10-05T19:55:17.485+0000] {processor.py:830} INFO - Processing file /opt/airflow/dags/supplychain_pipeline_dag.py for tasks to queue
[2025-10-05T19:55:17.487+0000] {logging_mixin.py:188} INFO - [2025-10-05T19:55:17.487+0000] {dagbag.py:545} INFO - Filling up the DagBag from /opt/airflow/dags/supplychain_pipeline_dag.py
[2025-10-05T19:55:19.520+0000] {logging_mixin.py:188} INFO - [2025-10-05T19:55:19.520+0000] {config.py:75} INFO - Settings loaded (env=default)
[2025-10-05T19:55:19.615+0000] {processor.py:840} INFO - DAG(s) 'supplychain_pipeline_dag' retrieved from /opt/airflow/dags/supplychain_pipeline_dag.py
[2025-10-05T19:55:19.664+0000] {logging_mixin.py:188} INFO - [2025-10-05T19:55:19.664+0000] {dag.py:3096} INFO - Sync 1 DAGs
[2025-10-05T19:55:19.686+0000] {logging_mixin.py:188} INFO - [2025-10-05T19:55:19.686+0000] {dag.py:3954} INFO - Setting next_dagrun for supplychain_pipeline_dag to 2025-10-05 19:00:00+00:00, run_after=2025-10-05 19:30:00+00:00
[2025-10-05T19:55:19.716+0000] {processor.py:183} INFO - Processing /opt/airflow/dags/supplychain_pipeline_dag.py took 2.240 seconds
[2025-10-05T19:55:50.150+0000] {processor.py:161} INFO - Started process (PID=2691) to work on /opt/airflow/dags/supplychain_pipeline_dag.py
[2025-10-05T19:55:50.152+0000] {processor.py:830} INFO - Processing file /opt/airflow/dags/supplychain_pipeline_dag.py for tasks to queue
[2025-10-05T19:55:50.155+0000] {logging_mixin.py:188} INFO - [2025-10-05T19:55:50.154+0000] {dagbag.py:545} INFO - Filling up the DagBag from /opt/airflow/dags/supplychain_pipeline_dag.py
[2025-10-05T19:55:52.132+0000] {logging_mixin.py:188} INFO - [2025-10-05T19:55:52.131+0000] {config.py:75} INFO - Settings loaded (env=default)
[2025-10-05T19:55:52.221+0000] {processor.py:840} INFO - DAG(s) 'supplychain_pipeline_dag' retrieved from /opt/airflow/dags/supplychain_pipeline_dag.py
[2025-10-05T19:55:52.266+0000] {logging_mixin.py:188} INFO - [2025-10-05T19:55:52.266+0000] {dag.py:3096} INFO - Sync 1 DAGs
[2025-10-05T19:55:52.291+0000] {logging_mixin.py:188} INFO - [2025-10-05T19:55:52.290+0000] {dag.py:3954} INFO - Setting next_dagrun for supplychain_pipeline_dag to 2025-10-05 19:00:00+00:00, run_after=2025-10-05 19:30:00+00:00
[2025-10-05T19:55:52.320+0000] {processor.py:183} INFO - Processing /opt/airflow/dags/supplychain_pipeline_dag.py took 2.175 seconds
[2025-10-05T19:56:23.851+0000] {processor.py:161} INFO - Started process (PID=2713) to work on /opt/airflow/dags/supplychain_pipeline_dag.py
[2025-10-05T19:56:23.853+0000] {processor.py:830} INFO - Processing file /opt/airflow/dags/supplychain_pipeline_dag.py for tasks to queue
[2025-10-05T19:56:23.856+0000] {logging_mixin.py:188} INFO - [2025-10-05T19:56:23.855+0000] {dagbag.py:545} INFO - Filling up the DagBag from /opt/airflow/dags/supplychain_pipeline_dag.py
[2025-10-05T19:56:25.740+0000] {logging_mixin.py:188} INFO - [2025-10-05T19:56:25.740+0000] {config.py:75} INFO - Settings loaded (env=default)
[2025-10-05T19:56:25.835+0000] {processor.py:840} INFO - DAG(s) 'supplychain_pipeline_dag' retrieved from /opt/airflow/dags/supplychain_pipeline_dag.py
[2025-10-05T19:56:25.880+0000] {logging_mixin.py:188} INFO - [2025-10-05T19:56:25.880+0000] {dag.py:3096} INFO - Sync 1 DAGs
[2025-10-05T19:56:25.905+0000] {logging_mixin.py:188} INFO - [2025-10-05T19:56:25.904+0000] {dag.py:3954} INFO - Setting next_dagrun for supplychain_pipeline_dag to 2025-10-05 19:00:00+00:00, run_after=2025-10-05 19:30:00+00:00
[2025-10-05T19:56:25.931+0000] {processor.py:183} INFO - Processing /opt/airflow/dags/supplychain_pipeline_dag.py took 2.086 seconds
[2025-10-05T19:56:57.452+0000] {processor.py:161} INFO - Started process (PID=2735) to work on /opt/airflow/dags/supplychain_pipeline_dag.py
[2025-10-05T19:56:57.453+0000] {processor.py:830} INFO - Processing file /opt/airflow/dags/supplychain_pipeline_dag.py for tasks to queue
[2025-10-05T19:56:57.457+0000] {logging_mixin.py:188} INFO - [2025-10-05T19:56:57.456+0000] {dagbag.py:545} INFO - Filling up the DagBag from /opt/airflow/dags/supplychain_pipeline_dag.py
[2025-10-05T19:56:59.676+0000] {logging_mixin.py:188} INFO - [2025-10-05T19:56:59.675+0000] {config.py:75} INFO - Settings loaded (env=default)
[2025-10-05T19:56:59.777+0000] {processor.py:840} INFO - DAG(s) 'supplychain_pipeline_dag' retrieved from /opt/airflow/dags/supplychain_pipeline_dag.py
[2025-10-05T19:56:59.827+0000] {logging_mixin.py:188} INFO - [2025-10-05T19:56:59.827+0000] {dag.py:3096} INFO - Sync 1 DAGs
[2025-10-05T19:56:59.851+0000] {logging_mixin.py:188} INFO - [2025-10-05T19:56:59.851+0000] {dag.py:3954} INFO - Setting next_dagrun for supplychain_pipeline_dag to 2025-10-05 19:00:00+00:00, run_after=2025-10-05 19:30:00+00:00
[2025-10-05T19:56:59.881+0000] {processor.py:183} INFO - Processing /opt/airflow/dags/supplychain_pipeline_dag.py took 2.436 seconds
[2025-10-05T19:57:30.498+0000] {processor.py:161} INFO - Started process (PID=2757) to work on /opt/airflow/dags/supplychain_pipeline_dag.py
[2025-10-05T19:57:30.500+0000] {processor.py:830} INFO - Processing file /opt/airflow/dags/supplychain_pipeline_dag.py for tasks to queue
[2025-10-05T19:57:30.504+0000] {logging_mixin.py:188} INFO - [2025-10-05T19:57:30.504+0000] {dagbag.py:545} INFO - Filling up the DagBag from /opt/airflow/dags/supplychain_pipeline_dag.py
[2025-10-05T19:57:32.622+0000] {logging_mixin.py:188} INFO - [2025-10-05T19:57:32.622+0000] {config.py:75} INFO - Settings loaded (env=default)
[2025-10-05T19:57:32.714+0000] {processor.py:840} INFO - DAG(s) 'supplychain_pipeline_dag' retrieved from /opt/airflow/dags/supplychain_pipeline_dag.py
[2025-10-05T19:57:32.758+0000] {logging_mixin.py:188} INFO - [2025-10-05T19:57:32.758+0000] {dag.py:3096} INFO - Sync 1 DAGs
[2025-10-05T19:57:32.779+0000] {logging_mixin.py:188} INFO - [2025-10-05T19:57:32.779+0000] {dag.py:3954} INFO - Setting next_dagrun for supplychain_pipeline_dag to 2025-10-05 19:00:00+00:00, run_after=2025-10-05 19:30:00+00:00
[2025-10-05T19:57:32.804+0000] {processor.py:183} INFO - Processing /opt/airflow/dags/supplychain_pipeline_dag.py took 2.314 seconds
[2025-10-05T19:58:04.035+0000] {processor.py:161} INFO - Started process (PID=2779) to work on /opt/airflow/dags/supplychain_pipeline_dag.py
[2025-10-05T19:58:04.037+0000] {processor.py:830} INFO - Processing file /opt/airflow/dags/supplychain_pipeline_dag.py for tasks to queue
[2025-10-05T19:58:04.041+0000] {logging_mixin.py:188} INFO - [2025-10-05T19:58:04.040+0000] {dagbag.py:545} INFO - Filling up the DagBag from /opt/airflow/dags/supplychain_pipeline_dag.py
[2025-10-05T19:58:05.957+0000] {logging_mixin.py:188} INFO - [2025-10-05T19:58:05.957+0000] {config.py:75} INFO - Settings loaded (env=default)
[2025-10-05T19:58:06.050+0000] {processor.py:840} INFO - DAG(s) 'supplychain_pipeline_dag' retrieved from /opt/airflow/dags/supplychain_pipeline_dag.py
[2025-10-05T19:58:06.095+0000] {logging_mixin.py:188} INFO - [2025-10-05T19:58:06.094+0000] {dag.py:3096} INFO - Sync 1 DAGs
[2025-10-05T19:58:06.119+0000] {logging_mixin.py:188} INFO - [2025-10-05T19:58:06.119+0000] {dag.py:3954} INFO - Setting next_dagrun for supplychain_pipeline_dag to 2025-10-05 19:00:00+00:00, run_after=2025-10-05 19:30:00+00:00
[2025-10-05T19:58:06.147+0000] {processor.py:183} INFO - Processing /opt/airflow/dags/supplychain_pipeline_dag.py took 2.119 seconds
[2025-10-05T19:58:37.566+0000] {processor.py:161} INFO - Started process (PID=2801) to work on /opt/airflow/dags/supplychain_pipeline_dag.py
[2025-10-05T19:58:37.567+0000] {processor.py:830} INFO - Processing file /opt/airflow/dags/supplychain_pipeline_dag.py for tasks to queue
[2025-10-05T19:58:37.571+0000] {logging_mixin.py:188} INFO - [2025-10-05T19:58:37.570+0000] {dagbag.py:545} INFO - Filling up the DagBag from /opt/airflow/dags/supplychain_pipeline_dag.py
[2025-10-05T19:58:39.433+0000] {logging_mixin.py:188} INFO - [2025-10-05T19:58:39.433+0000] {config.py:75} INFO - Settings loaded (env=default)
[2025-10-05T19:58:39.520+0000] {processor.py:840} INFO - DAG(s) 'supplychain_pipeline_dag' retrieved from /opt/airflow/dags/supplychain_pipeline_dag.py
[2025-10-05T19:58:39.565+0000] {logging_mixin.py:188} INFO - [2025-10-05T19:58:39.565+0000] {dag.py:3096} INFO - Sync 1 DAGs
[2025-10-05T19:58:39.588+0000] {logging_mixin.py:188} INFO - [2025-10-05T19:58:39.587+0000] {dag.py:3954} INFO - Setting next_dagrun for supplychain_pipeline_dag to 2025-10-05 19:00:00+00:00, run_after=2025-10-05 19:30:00+00:00
[2025-10-05T19:58:39.616+0000] {processor.py:183} INFO - Processing /opt/airflow/dags/supplychain_pipeline_dag.py took 2.057 seconds
[2025-10-05T19:59:10.215+0000] {processor.py:161} INFO - Started process (PID=2823) to work on /opt/airflow/dags/supplychain_pipeline_dag.py
[2025-10-05T19:59:10.216+0000] {processor.py:830} INFO - Processing file /opt/airflow/dags/supplychain_pipeline_dag.py for tasks to queue
[2025-10-05T19:59:10.219+0000] {logging_mixin.py:188} INFO - [2025-10-05T19:59:10.218+0000] {dagbag.py:545} INFO - Filling up the DagBag from /opt/airflow/dags/supplychain_pipeline_dag.py
[2025-10-05T19:59:12.180+0000] {logging_mixin.py:188} INFO - [2025-10-05T19:59:12.180+0000] {config.py:75} INFO - Settings loaded (env=default)
[2025-10-05T19:59:12.280+0000] {processor.py:840} INFO - DAG(s) 'supplychain_pipeline_dag' retrieved from /opt/airflow/dags/supplychain_pipeline_dag.py
[2025-10-05T19:59:12.326+0000] {logging_mixin.py:188} INFO - [2025-10-05T19:59:12.325+0000] {dag.py:3096} INFO - Sync 1 DAGs
[2025-10-05T19:59:12.350+0000] {logging_mixin.py:188} INFO - [2025-10-05T19:59:12.350+0000] {dag.py:3954} INFO - Setting next_dagrun for supplychain_pipeline_dag to 2025-10-05 19:00:00+00:00, run_after=2025-10-05 19:30:00+00:00
[2025-10-05T19:59:12.377+0000] {processor.py:183} INFO - Processing /opt/airflow/dags/supplychain_pipeline_dag.py took 2.168 seconds
[2025-10-05T19:59:43.737+0000] {processor.py:161} INFO - Started process (PID=2845) to work on /opt/airflow/dags/supplychain_pipeline_dag.py
[2025-10-05T19:59:43.739+0000] {processor.py:830} INFO - Processing file /opt/airflow/dags/supplychain_pipeline_dag.py for tasks to queue
[2025-10-05T19:59:43.741+0000] {logging_mixin.py:188} INFO - [2025-10-05T19:59:43.741+0000] {dagbag.py:545} INFO - Filling up the DagBag from /opt/airflow/dags/supplychain_pipeline_dag.py
[2025-10-05T19:59:45.826+0000] {logging_mixin.py:188} INFO - [2025-10-05T19:59:45.825+0000] {config.py:75} INFO - Settings loaded (env=default)
[2025-10-05T19:59:45.919+0000] {processor.py:840} INFO - DAG(s) 'supplychain_pipeline_dag' retrieved from /opt/airflow/dags/supplychain_pipeline_dag.py
[2025-10-05T19:59:45.966+0000] {logging_mixin.py:188} INFO - [2025-10-05T19:59:45.964+0000] {dag.py:3096} INFO - Sync 1 DAGs
[2025-10-05T19:59:45.990+0000] {logging_mixin.py:188} INFO - [2025-10-05T19:59:45.989+0000] {dag.py:3954} INFO - Setting next_dagrun for supplychain_pipeline_dag to 2025-10-05 19:00:00+00:00, run_after=2025-10-05 19:30:00+00:00
[2025-10-05T19:59:46.013+0000] {processor.py:183} INFO - Processing /opt/airflow/dags/supplychain_pipeline_dag.py took 2.282 seconds
[2025-10-05T20:00:17.495+0000] {processor.py:161} INFO - Started process (PID=2867) to work on /opt/airflow/dags/supplychain_pipeline_dag.py
[2025-10-05T20:00:17.497+0000] {processor.py:830} INFO - Processing file /opt/airflow/dags/supplychain_pipeline_dag.py for tasks to queue
[2025-10-05T20:00:17.499+0000] {logging_mixin.py:188} INFO - [2025-10-05T20:00:17.499+0000] {dagbag.py:545} INFO - Filling up the DagBag from /opt/airflow/dags/supplychain_pipeline_dag.py
[2025-10-05T20:00:19.528+0000] {logging_mixin.py:188} INFO - [2025-10-05T20:00:19.528+0000] {config.py:75} INFO - Settings loaded (env=default)
[2025-10-05T20:00:19.631+0000] {processor.py:840} INFO - DAG(s) 'supplychain_pipeline_dag' retrieved from /opt/airflow/dags/supplychain_pipeline_dag.py
[2025-10-05T20:00:19.676+0000] {logging_mixin.py:188} INFO - [2025-10-05T20:00:19.676+0000] {dag.py:3096} INFO - Sync 1 DAGs
[2025-10-05T20:00:19.700+0000] {logging_mixin.py:188} INFO - [2025-10-05T20:00:19.700+0000] {dag.py:3954} INFO - Setting next_dagrun for supplychain_pipeline_dag to 2025-10-05 19:30:00+00:00, run_after=2025-10-05 20:00:00+00:00
[2025-10-05T20:00:19.726+0000] {processor.py:183} INFO - Processing /opt/airflow/dags/supplychain_pipeline_dag.py took 2.237 seconds
[2025-10-05T20:00:50.201+0000] {processor.py:161} INFO - Started process (PID=2889) to work on /opt/airflow/dags/supplychain_pipeline_dag.py
[2025-10-05T20:00:50.202+0000] {processor.py:830} INFO - Processing file /opt/airflow/dags/supplychain_pipeline_dag.py for tasks to queue
[2025-10-05T20:00:50.206+0000] {logging_mixin.py:188} INFO - [2025-10-05T20:00:50.206+0000] {dagbag.py:545} INFO - Filling up the DagBag from /opt/airflow/dags/supplychain_pipeline_dag.py
[2025-10-05T20:00:52.353+0000] {logging_mixin.py:188} INFO - [2025-10-05T20:00:52.352+0000] {config.py:75} INFO - Settings loaded (env=default)
[2025-10-05T20:00:52.456+0000] {processor.py:840} INFO - DAG(s) 'supplychain_pipeline_dag' retrieved from /opt/airflow/dags/supplychain_pipeline_dag.py
[2025-10-05T20:00:52.502+0000] {logging_mixin.py:188} INFO - [2025-10-05T20:00:52.502+0000] {dag.py:3096} INFO - Sync 1 DAGs
[2025-10-05T20:00:52.524+0000] {logging_mixin.py:188} INFO - [2025-10-05T20:00:52.524+0000] {dag.py:3954} INFO - Setting next_dagrun for supplychain_pipeline_dag to 2025-10-05 19:30:00+00:00, run_after=2025-10-05 20:00:00+00:00
[2025-10-05T20:00:52.558+0000] {processor.py:183} INFO - Processing /opt/airflow/dags/supplychain_pipeline_dag.py took 2.364 seconds
[2025-10-05T20:01:23.855+0000] {processor.py:161} INFO - Started process (PID=2911) to work on /opt/airflow/dags/supplychain_pipeline_dag.py
[2025-10-05T20:01:23.856+0000] {processor.py:830} INFO - Processing file /opt/airflow/dags/supplychain_pipeline_dag.py for tasks to queue
[2025-10-05T20:01:23.859+0000] {logging_mixin.py:188} INFO - [2025-10-05T20:01:23.859+0000] {dagbag.py:545} INFO - Filling up the DagBag from /opt/airflow/dags/supplychain_pipeline_dag.py
[2025-10-05T20:01:25.829+0000] {logging_mixin.py:188} INFO - [2025-10-05T20:01:25.829+0000] {config.py:75} INFO - Settings loaded (env=default)
[2025-10-05T20:01:25.918+0000] {processor.py:840} INFO - DAG(s) 'supplychain_pipeline_dag' retrieved from /opt/airflow/dags/supplychain_pipeline_dag.py
[2025-10-05T20:01:25.964+0000] {logging_mixin.py:188} INFO - [2025-10-05T20:01:25.964+0000] {dag.py:3096} INFO - Sync 1 DAGs
[2025-10-05T20:01:25.987+0000] {logging_mixin.py:188} INFO - [2025-10-05T20:01:25.987+0000] {dag.py:3954} INFO - Setting next_dagrun for supplychain_pipeline_dag to 2025-10-05 19:30:00+00:00, run_after=2025-10-05 20:00:00+00:00
[2025-10-05T20:01:26.017+0000] {processor.py:183} INFO - Processing /opt/airflow/dags/supplychain_pipeline_dag.py took 2.169 seconds
[2025-10-05T20:01:57.410+0000] {processor.py:161} INFO - Started process (PID=2933) to work on /opt/airflow/dags/supplychain_pipeline_dag.py
[2025-10-05T20:01:57.412+0000] {processor.py:830} INFO - Processing file /opt/airflow/dags/supplychain_pipeline_dag.py for tasks to queue
[2025-10-05T20:01:57.415+0000] {logging_mixin.py:188} INFO - [2025-10-05T20:01:57.415+0000] {dagbag.py:545} INFO - Filling up the DagBag from /opt/airflow/dags/supplychain_pipeline_dag.py
[2025-10-05T20:01:59.573+0000] {logging_mixin.py:188} INFO - [2025-10-05T20:01:59.573+0000] {config.py:75} INFO - Settings loaded (env=default)
[2025-10-05T20:01:59.664+0000] {processor.py:840} INFO - DAG(s) 'supplychain_pipeline_dag' retrieved from /opt/airflow/dags/supplychain_pipeline_dag.py
[2025-10-05T20:01:59.709+0000] {logging_mixin.py:188} INFO - [2025-10-05T20:01:59.709+0000] {dag.py:3096} INFO - Sync 1 DAGs
[2025-10-05T20:01:59.733+0000] {logging_mixin.py:188} INFO - [2025-10-05T20:01:59.733+0000] {dag.py:3954} INFO - Setting next_dagrun for supplychain_pipeline_dag to 2025-10-05 19:30:00+00:00, run_after=2025-10-05 20:00:00+00:00
[2025-10-05T20:01:59.768+0000] {processor.py:183} INFO - Processing /opt/airflow/dags/supplychain_pipeline_dag.py took 2.363 seconds
[2025-10-05T20:02:30.141+0000] {processor.py:161} INFO - Started process (PID=2955) to work on /opt/airflow/dags/supplychain_pipeline_dag.py
[2025-10-05T20:02:30.142+0000] {processor.py:830} INFO - Processing file /opt/airflow/dags/supplychain_pipeline_dag.py for tasks to queue
[2025-10-05T20:02:30.147+0000] {logging_mixin.py:188} INFO - [2025-10-05T20:02:30.146+0000] {dagbag.py:545} INFO - Filling up the DagBag from /opt/airflow/dags/supplychain_pipeline_dag.py
[2025-10-05T20:02:32.333+0000] {logging_mixin.py:188} INFO - [2025-10-05T20:02:32.332+0000] {config.py:75} INFO - Settings loaded (env=default)
[2025-10-05T20:02:32.477+0000] {processor.py:840} INFO - DAG(s) 'supplychain_pipeline_dag' retrieved from /opt/airflow/dags/supplychain_pipeline_dag.py
[2025-10-05T20:02:32.522+0000] {logging_mixin.py:188} INFO - [2025-10-05T20:02:32.522+0000] {dag.py:3096} INFO - Sync 1 DAGs
[2025-10-05T20:02:32.550+0000] {logging_mixin.py:188} INFO - [2025-10-05T20:02:32.550+0000] {dag.py:3954} INFO - Setting next_dagrun for supplychain_pipeline_dag to 2025-10-05 19:30:00+00:00, run_after=2025-10-05 20:00:00+00:00
[2025-10-05T20:02:32.586+0000] {processor.py:183} INFO - Processing /opt/airflow/dags/supplychain_pipeline_dag.py took 2.452 seconds
[2025-10-05T20:03:03.861+0000] {processor.py:161} INFO - Started process (PID=2977) to work on /opt/airflow/dags/supplychain_pipeline_dag.py
[2025-10-05T20:03:03.862+0000] {processor.py:830} INFO - Processing file /opt/airflow/dags/supplychain_pipeline_dag.py for tasks to queue
[2025-10-05T20:03:03.865+0000] {logging_mixin.py:188} INFO - [2025-10-05T20:03:03.865+0000] {dagbag.py:545} INFO - Filling up the DagBag from /opt/airflow/dags/supplychain_pipeline_dag.py
[2025-10-05T20:03:05.793+0000] {logging_mixin.py:188} INFO - [2025-10-05T20:03:05.793+0000] {config.py:75} INFO - Settings loaded (env=default)
[2025-10-05T20:03:05.891+0000] {processor.py:840} INFO - DAG(s) 'supplychain_pipeline_dag' retrieved from /opt/airflow/dags/supplychain_pipeline_dag.py
[2025-10-05T20:03:05.940+0000] {logging_mixin.py:188} INFO - [2025-10-05T20:03:05.939+0000] {dag.py:3096} INFO - Sync 1 DAGs
[2025-10-05T20:03:05.964+0000] {logging_mixin.py:188} INFO - [2025-10-05T20:03:05.964+0000] {dag.py:3954} INFO - Setting next_dagrun for supplychain_pipeline_dag to 2025-10-05 19:30:00+00:00, run_after=2025-10-05 20:00:00+00:00
[2025-10-05T20:03:06.000+0000] {processor.py:183} INFO - Processing /opt/airflow/dags/supplychain_pipeline_dag.py took 2.145 seconds
[2025-10-05T20:03:37.416+0000] {processor.py:161} INFO - Started process (PID=2999) to work on /opt/airflow/dags/supplychain_pipeline_dag.py
[2025-10-05T20:03:37.418+0000] {processor.py:830} INFO - Processing file /opt/airflow/dags/supplychain_pipeline_dag.py for tasks to queue
[2025-10-05T20:03:37.421+0000] {logging_mixin.py:188} INFO - [2025-10-05T20:03:37.421+0000] {dagbag.py:545} INFO - Filling up the DagBag from /opt/airflow/dags/supplychain_pipeline_dag.py
[2025-10-05T20:03:39.471+0000] {logging_mixin.py:188} INFO - [2025-10-05T20:03:39.471+0000] {config.py:75} INFO - Settings loaded (env=default)
[2025-10-05T20:03:39.564+0000] {processor.py:840} INFO - DAG(s) 'supplychain_pipeline_dag' retrieved from /opt/airflow/dags/supplychain_pipeline_dag.py
[2025-10-05T20:03:39.612+0000] {logging_mixin.py:188} INFO - [2025-10-05T20:03:39.612+0000] {dag.py:3096} INFO - Sync 1 DAGs
[2025-10-05T20:03:39.634+0000] {logging_mixin.py:188} INFO - [2025-10-05T20:03:39.634+0000] {dag.py:3954} INFO - Setting next_dagrun for supplychain_pipeline_dag to 2025-10-05 19:30:00+00:00, run_after=2025-10-05 20:00:00+00:00
[2025-10-05T20:03:39.661+0000] {processor.py:183} INFO - Processing /opt/airflow/dags/supplychain_pipeline_dag.py took 2.252 seconds
[2025-10-05T20:04:10.263+0000] {processor.py:161} INFO - Started process (PID=3021) to work on /opt/airflow/dags/supplychain_pipeline_dag.py
[2025-10-05T20:04:10.265+0000] {processor.py:830} INFO - Processing file /opt/airflow/dags/supplychain_pipeline_dag.py for tasks to queue
[2025-10-05T20:04:10.268+0000] {logging_mixin.py:188} INFO - [2025-10-05T20:04:10.268+0000] {dagbag.py:545} INFO - Filling up the DagBag from /opt/airflow/dags/supplychain_pipeline_dag.py
[2025-10-05T20:04:12.244+0000] {logging_mixin.py:188} INFO - [2025-10-05T20:04:12.244+0000] {config.py:75} INFO - Settings loaded (env=default)
[2025-10-05T20:04:12.350+0000] {processor.py:840} INFO - DAG(s) 'supplychain_pipeline_dag' retrieved from /opt/airflow/dags/supplychain_pipeline_dag.py
[2025-10-05T20:04:12.408+0000] {logging_mixin.py:188} INFO - [2025-10-05T20:04:12.408+0000] {dag.py:3096} INFO - Sync 1 DAGs
[2025-10-05T20:04:12.433+0000] {logging_mixin.py:188} INFO - [2025-10-05T20:04:12.433+0000] {dag.py:3954} INFO - Setting next_dagrun for supplychain_pipeline_dag to 2025-10-05 19:30:00+00:00, run_after=2025-10-05 20:00:00+00:00
[2025-10-05T20:04:12.472+0000] {processor.py:183} INFO - Processing /opt/airflow/dags/supplychain_pipeline_dag.py took 2.214 seconds
[2025-10-05T20:04:43.808+0000] {processor.py:161} INFO - Started process (PID=3043) to work on /opt/airflow/dags/supplychain_pipeline_dag.py
[2025-10-05T20:04:43.810+0000] {processor.py:830} INFO - Processing file /opt/airflow/dags/supplychain_pipeline_dag.py for tasks to queue
[2025-10-05T20:04:43.813+0000] {logging_mixin.py:188} INFO - [2025-10-05T20:04:43.813+0000] {dagbag.py:545} INFO - Filling up the DagBag from /opt/airflow/dags/supplychain_pipeline_dag.py
[2025-10-05T20:04:45.763+0000] {logging_mixin.py:188} INFO - [2025-10-05T20:04:45.763+0000] {config.py:75} INFO - Settings loaded (env=default)
[2025-10-05T20:04:45.852+0000] {processor.py:840} INFO - DAG(s) 'supplychain_pipeline_dag' retrieved from /opt/airflow/dags/supplychain_pipeline_dag.py
[2025-10-05T20:04:45.902+0000] {logging_mixin.py:188} INFO - [2025-10-05T20:04:45.901+0000] {dag.py:3096} INFO - Sync 1 DAGs
[2025-10-05T20:04:45.926+0000] {logging_mixin.py:188} INFO - [2025-10-05T20:04:45.926+0000] {dag.py:3954} INFO - Setting next_dagrun for supplychain_pipeline_dag to 2025-10-05 19:30:00+00:00, run_after=2025-10-05 20:00:00+00:00
[2025-10-05T20:04:45.964+0000] {processor.py:183} INFO - Processing /opt/airflow/dags/supplychain_pipeline_dag.py took 2.161 seconds
[2025-10-05T20:05:17.351+0000] {processor.py:161} INFO - Started process (PID=3065) to work on /opt/airflow/dags/supplychain_pipeline_dag.py
[2025-10-05T20:05:17.352+0000] {processor.py:830} INFO - Processing file /opt/airflow/dags/supplychain_pipeline_dag.py for tasks to queue
[2025-10-05T20:05:17.356+0000] {logging_mixin.py:188} INFO - [2025-10-05T20:05:17.355+0000] {dagbag.py:545} INFO - Filling up the DagBag from /opt/airflow/dags/supplychain_pipeline_dag.py
[2025-10-05T20:05:19.414+0000] {logging_mixin.py:188} INFO - [2025-10-05T20:05:19.413+0000] {config.py:75} INFO - Settings loaded (env=default)
[2025-10-05T20:05:19.607+0000] {processor.py:840} INFO - DAG(s) 'supplychain_pipeline_dag' retrieved from /opt/airflow/dags/supplychain_pipeline_dag.py
[2025-10-05T20:05:19.657+0000] {logging_mixin.py:188} INFO - [2025-10-05T20:05:19.657+0000] {dag.py:3096} INFO - Sync 1 DAGs
[2025-10-05T20:05:19.680+0000] {logging_mixin.py:188} INFO - [2025-10-05T20:05:19.680+0000] {dag.py:3954} INFO - Setting next_dagrun for supplychain_pipeline_dag to 2025-10-05 19:30:00+00:00, run_after=2025-10-05 20:00:00+00:00
[2025-10-05T20:05:19.711+0000] {processor.py:183} INFO - Processing /opt/airflow/dags/supplychain_pipeline_dag.py took 2.366 seconds
[2025-10-05T20:05:50.373+0000] {processor.py:161} INFO - Started process (PID=3087) to work on /opt/airflow/dags/supplychain_pipeline_dag.py
[2025-10-05T20:05:50.374+0000] {processor.py:830} INFO - Processing file /opt/airflow/dags/supplychain_pipeline_dag.py for tasks to queue
[2025-10-05T20:05:50.376+0000] {logging_mixin.py:188} INFO - [2025-10-05T20:05:50.376+0000] {dagbag.py:545} INFO - Filling up the DagBag from /opt/airflow/dags/supplychain_pipeline_dag.py
[2025-10-05T20:05:52.280+0000] {logging_mixin.py:188} INFO - [2025-10-05T20:05:52.280+0000] {config.py:75} INFO - Settings loaded (env=default)
[2025-10-05T20:05:52.371+0000] {processor.py:840} INFO - DAG(s) 'supplychain_pipeline_dag' retrieved from /opt/airflow/dags/supplychain_pipeline_dag.py
[2025-10-05T20:05:52.419+0000] {logging_mixin.py:188} INFO - [2025-10-05T20:05:52.418+0000] {dag.py:3096} INFO - Sync 1 DAGs
[2025-10-05T20:05:52.446+0000] {logging_mixin.py:188} INFO - [2025-10-05T20:05:52.446+0000] {dag.py:3954} INFO - Setting next_dagrun for supplychain_pipeline_dag to 2025-10-05 19:30:00+00:00, run_after=2025-10-05 20:00:00+00:00
[2025-10-05T20:05:52.478+0000] {processor.py:183} INFO - Processing /opt/airflow/dags/supplychain_pipeline_dag.py took 2.113 seconds
[2025-10-05T20:06:23.905+0000] {processor.py:161} INFO - Started process (PID=3109) to work on /opt/airflow/dags/supplychain_pipeline_dag.py
[2025-10-05T20:06:23.906+0000] {processor.py:830} INFO - Processing file /opt/airflow/dags/supplychain_pipeline_dag.py for tasks to queue
[2025-10-05T20:06:23.909+0000] {logging_mixin.py:188} INFO - [2025-10-05T20:06:23.908+0000] {dagbag.py:545} INFO - Filling up the DagBag from /opt/airflow/dags/supplychain_pipeline_dag.py
[2025-10-05T20:06:25.809+0000] {logging_mixin.py:188} INFO - [2025-10-05T20:06:25.808+0000] {config.py:75} INFO - Settings loaded (env=default)
[2025-10-05T20:06:25.897+0000] {processor.py:840} INFO - DAG(s) 'supplychain_pipeline_dag' retrieved from /opt/airflow/dags/supplychain_pipeline_dag.py
[2025-10-05T20:06:25.941+0000] {logging_mixin.py:188} INFO - [2025-10-05T20:06:25.940+0000] {dag.py:3096} INFO - Sync 1 DAGs
[2025-10-05T20:06:25.964+0000] {logging_mixin.py:188} INFO - [2025-10-05T20:06:25.964+0000] {dag.py:3954} INFO - Setting next_dagrun for supplychain_pipeline_dag to 2025-10-05 19:30:00+00:00, run_after=2025-10-05 20:00:00+00:00
[2025-10-05T20:06:25.991+0000] {processor.py:183} INFO - Processing /opt/airflow/dags/supplychain_pipeline_dag.py took 2.092 seconds
[2025-10-05T20:06:57.612+0000] {processor.py:161} INFO - Started process (PID=3131) to work on /opt/airflow/dags/supplychain_pipeline_dag.py
[2025-10-05T20:06:57.614+0000] {processor.py:830} INFO - Processing file /opt/airflow/dags/supplychain_pipeline_dag.py for tasks to queue
[2025-10-05T20:06:57.617+0000] {logging_mixin.py:188} INFO - [2025-10-05T20:06:57.616+0000] {dagbag.py:545} INFO - Filling up the DagBag from /opt/airflow/dags/supplychain_pipeline_dag.py
[2025-10-05T20:06:59.567+0000] {logging_mixin.py:188} INFO - [2025-10-05T20:06:59.567+0000] {config.py:75} INFO - Settings loaded (env=default)
[2025-10-05T20:06:59.655+0000] {processor.py:840} INFO - DAG(s) 'supplychain_pipeline_dag' retrieved from /opt/airflow/dags/supplychain_pipeline_dag.py
[2025-10-05T20:06:59.700+0000] {logging_mixin.py:188} INFO - [2025-10-05T20:06:59.699+0000] {dag.py:3096} INFO - Sync 1 DAGs
[2025-10-05T20:06:59.721+0000] {logging_mixin.py:188} INFO - [2025-10-05T20:06:59.721+0000] {dag.py:3954} INFO - Setting next_dagrun for supplychain_pipeline_dag to 2025-10-05 19:30:00+00:00, run_after=2025-10-05 20:00:00+00:00
[2025-10-05T20:06:59.748+0000] {processor.py:183} INFO - Processing /opt/airflow/dags/supplychain_pipeline_dag.py took 2.142 seconds
[2025-10-05T20:07:30.349+0000] {processor.py:161} INFO - Started process (PID=3153) to work on /opt/airflow/dags/supplychain_pipeline_dag.py
[2025-10-05T20:07:30.350+0000] {processor.py:830} INFO - Processing file /opt/airflow/dags/supplychain_pipeline_dag.py for tasks to queue
[2025-10-05T20:07:30.353+0000] {logging_mixin.py:188} INFO - [2025-10-05T20:07:30.352+0000] {dagbag.py:545} INFO - Filling up the DagBag from /opt/airflow/dags/supplychain_pipeline_dag.py
[2025-10-05T20:07:32.331+0000] {logging_mixin.py:188} INFO - [2025-10-05T20:07:32.331+0000] {config.py:75} INFO - Settings loaded (env=default)
[2025-10-05T20:07:32.419+0000] {processor.py:840} INFO - DAG(s) 'supplychain_pipeline_dag' retrieved from /opt/airflow/dags/supplychain_pipeline_dag.py
[2025-10-05T20:07:32.466+0000] {logging_mixin.py:188} INFO - [2025-10-05T20:07:32.466+0000] {dag.py:3096} INFO - Sync 1 DAGs
[2025-10-05T20:07:32.488+0000] {logging_mixin.py:188} INFO - [2025-10-05T20:07:32.488+0000] {dag.py:3954} INFO - Setting next_dagrun for supplychain_pipeline_dag to 2025-10-05 19:30:00+00:00, run_after=2025-10-05 20:00:00+00:00
[2025-10-05T20:07:32.513+0000] {processor.py:183} INFO - Processing /opt/airflow/dags/supplychain_pipeline_dag.py took 2.170 seconds
[2025-10-05T20:08:03.886+0000] {processor.py:161} INFO - Started process (PID=3175) to work on /opt/airflow/dags/supplychain_pipeline_dag.py
[2025-10-05T20:08:03.888+0000] {processor.py:830} INFO - Processing file /opt/airflow/dags/supplychain_pipeline_dag.py for tasks to queue
[2025-10-05T20:08:03.891+0000] {logging_mixin.py:188} INFO - [2025-10-05T20:08:03.891+0000] {dagbag.py:545} INFO - Filling up the DagBag from /opt/airflow/dags/supplychain_pipeline_dag.py
[2025-10-05T20:08:05.946+0000] {logging_mixin.py:188} INFO - [2025-10-05T20:08:05.946+0000] {config.py:75} INFO - Settings loaded (env=default)
[2025-10-05T20:08:06.043+0000] {processor.py:840} INFO - DAG(s) 'supplychain_pipeline_dag' retrieved from /opt/airflow/dags/supplychain_pipeline_dag.py
[2025-10-05T20:08:06.090+0000] {logging_mixin.py:188} INFO - [2025-10-05T20:08:06.090+0000] {dag.py:3096} INFO - Sync 1 DAGs
[2025-10-05T20:08:06.112+0000] {logging_mixin.py:188} INFO - [2025-10-05T20:08:06.112+0000] {dag.py:3954} INFO - Setting next_dagrun for supplychain_pipeline_dag to 2025-10-05 19:30:00+00:00, run_after=2025-10-05 20:00:00+00:00
[2025-10-05T20:08:06.139+0000] {processor.py:183} INFO - Processing /opt/airflow/dags/supplychain_pipeline_dag.py took 2.259 seconds
[2025-10-05T20:08:37.636+0000] {processor.py:161} INFO - Started process (PID=3197) to work on /opt/airflow/dags/supplychain_pipeline_dag.py
[2025-10-05T20:08:37.638+0000] {processor.py:830} INFO - Processing file /opt/airflow/dags/supplychain_pipeline_dag.py for tasks to queue
[2025-10-05T20:08:37.640+0000] {logging_mixin.py:188} INFO - [2025-10-05T20:08:37.640+0000] {dagbag.py:545} INFO - Filling up the DagBag from /opt/airflow/dags/supplychain_pipeline_dag.py
[2025-10-05T20:08:39.564+0000] {logging_mixin.py:188} INFO - [2025-10-05T20:08:39.564+0000] {config.py:75} INFO - Settings loaded (env=default)
[2025-10-05T20:08:39.651+0000] {processor.py:840} INFO - DAG(s) 'supplychain_pipeline_dag' retrieved from /opt/airflow/dags/supplychain_pipeline_dag.py
[2025-10-05T20:08:39.695+0000] {logging_mixin.py:188} INFO - [2025-10-05T20:08:39.694+0000] {dag.py:3096} INFO - Sync 1 DAGs
[2025-10-05T20:08:39.719+0000] {logging_mixin.py:188} INFO - [2025-10-05T20:08:39.718+0000] {dag.py:3954} INFO - Setting next_dagrun for supplychain_pipeline_dag to 2025-10-05 19:30:00+00:00, run_after=2025-10-05 20:00:00+00:00
[2025-10-05T20:08:39.749+0000] {processor.py:183} INFO - Processing /opt/airflow/dags/supplychain_pipeline_dag.py took 2.120 seconds
[2025-10-05T20:09:10.255+0000] {processor.py:161} INFO - Started process (PID=3219) to work on /opt/airflow/dags/supplychain_pipeline_dag.py
[2025-10-05T20:09:10.257+0000] {processor.py:830} INFO - Processing file /opt/airflow/dags/supplychain_pipeline_dag.py for tasks to queue
[2025-10-05T20:09:10.260+0000] {logging_mixin.py:188} INFO - [2025-10-05T20:09:10.260+0000] {dagbag.py:545} INFO - Filling up the DagBag from /opt/airflow/dags/supplychain_pipeline_dag.py
[2025-10-05T20:09:12.261+0000] {logging_mixin.py:188} INFO - [2025-10-05T20:09:12.261+0000] {config.py:75} INFO - Settings loaded (env=default)
[2025-10-05T20:09:12.354+0000] {processor.py:840} INFO - DAG(s) 'supplychain_pipeline_dag' retrieved from /opt/airflow/dags/supplychain_pipeline_dag.py
[2025-10-05T20:09:12.394+0000] {logging_mixin.py:188} INFO - [2025-10-05T20:09:12.394+0000] {dag.py:3096} INFO - Sync 1 DAGs
[2025-10-05T20:09:12.418+0000] {logging_mixin.py:188} INFO - [2025-10-05T20:09:12.418+0000] {dag.py:3954} INFO - Setting next_dagrun for supplychain_pipeline_dag to 2025-10-05 19:30:00+00:00, run_after=2025-10-05 20:00:00+00:00
[2025-10-05T20:09:12.445+0000] {processor.py:183} INFO - Processing /opt/airflow/dags/supplychain_pipeline_dag.py took 2.195 seconds
[2025-10-05T20:09:43.878+0000] {processor.py:161} INFO - Started process (PID=3241) to work on /opt/airflow/dags/supplychain_pipeline_dag.py
[2025-10-05T20:09:43.880+0000] {processor.py:830} INFO - Processing file /opt/airflow/dags/supplychain_pipeline_dag.py for tasks to queue
[2025-10-05T20:09:43.883+0000] {logging_mixin.py:188} INFO - [2025-10-05T20:09:43.883+0000] {dagbag.py:545} INFO - Filling up the DagBag from /opt/airflow/dags/supplychain_pipeline_dag.py
[2025-10-05T20:09:45.965+0000] {logging_mixin.py:188} INFO - [2025-10-05T20:09:45.965+0000] {config.py:75} INFO - Settings loaded (env=default)
[2025-10-05T20:09:46.073+0000] {processor.py:840} INFO - DAG(s) 'supplychain_pipeline_dag' retrieved from /opt/airflow/dags/supplychain_pipeline_dag.py
[2025-10-05T20:09:46.120+0000] {logging_mixin.py:188} INFO - [2025-10-05T20:09:46.119+0000] {dag.py:3096} INFO - Sync 1 DAGs
[2025-10-05T20:09:46.145+0000] {logging_mixin.py:188} INFO - [2025-10-05T20:09:46.145+0000] {dag.py:3954} INFO - Setting next_dagrun for supplychain_pipeline_dag to 2025-10-05 19:30:00+00:00, run_after=2025-10-05 20:00:00+00:00
[2025-10-05T20:09:46.175+0000] {processor.py:183} INFO - Processing /opt/airflow/dags/supplychain_pipeline_dag.py took 2.304 seconds
[2025-10-05T20:10:17.576+0000] {processor.py:161} INFO - Started process (PID=3263) to work on /opt/airflow/dags/supplychain_pipeline_dag.py
[2025-10-05T20:10:17.577+0000] {processor.py:830} INFO - Processing file /opt/airflow/dags/supplychain_pipeline_dag.py for tasks to queue
[2025-10-05T20:10:17.580+0000] {logging_mixin.py:188} INFO - [2025-10-05T20:10:17.580+0000] {dagbag.py:545} INFO - Filling up the DagBag from /opt/airflow/dags/supplychain_pipeline_dag.py
[2025-10-05T20:10:19.544+0000] {logging_mixin.py:188} INFO - [2025-10-05T20:10:19.543+0000] {config.py:75} INFO - Settings loaded (env=default)
[2025-10-05T20:10:19.656+0000] {processor.py:840} INFO - DAG(s) 'supplychain_pipeline_dag' retrieved from /opt/airflow/dags/supplychain_pipeline_dag.py
[2025-10-05T20:10:19.702+0000] {logging_mixin.py:188} INFO - [2025-10-05T20:10:19.702+0000] {dag.py:3096} INFO - Sync 1 DAGs
[2025-10-05T20:10:19.726+0000] {logging_mixin.py:188} INFO - [2025-10-05T20:10:19.726+0000] {dag.py:3954} INFO - Setting next_dagrun for supplychain_pipeline_dag to 2025-10-05 19:30:00+00:00, run_after=2025-10-05 20:00:00+00:00
[2025-10-05T20:10:19.759+0000] {processor.py:183} INFO - Processing /opt/airflow/dags/supplychain_pipeline_dag.py took 2.190 seconds
[2025-10-05T20:10:50.390+0000] {processor.py:161} INFO - Started process (PID=3285) to work on /opt/airflow/dags/supplychain_pipeline_dag.py
[2025-10-05T20:10:50.392+0000] {processor.py:830} INFO - Processing file /opt/airflow/dags/supplychain_pipeline_dag.py for tasks to queue
[2025-10-05T20:10:50.395+0000] {logging_mixin.py:188} INFO - [2025-10-05T20:10:50.394+0000] {dagbag.py:545} INFO - Filling up the DagBag from /opt/airflow/dags/supplychain_pipeline_dag.py
[2025-10-05T20:10:52.858+0000] {logging_mixin.py:188} INFO - [2025-10-05T20:10:52.858+0000] {config.py:75} INFO - Settings loaded (env=default)
[2025-10-05T20:10:52.965+0000] {processor.py:840} INFO - DAG(s) 'supplychain_pipeline_dag' retrieved from /opt/airflow/dags/supplychain_pipeline_dag.py
[2025-10-05T20:10:53.014+0000] {logging_mixin.py:188} INFO - [2025-10-05T20:10:53.013+0000] {dag.py:3096} INFO - Sync 1 DAGs
[2025-10-05T20:10:53.038+0000] {logging_mixin.py:188} INFO - [2025-10-05T20:10:53.038+0000] {dag.py:3954} INFO - Setting next_dagrun for supplychain_pipeline_dag to 2025-10-05 19:30:00+00:00, run_after=2025-10-05 20:00:00+00:00
[2025-10-05T20:10:53.068+0000] {processor.py:183} INFO - Processing /opt/airflow/dags/supplychain_pipeline_dag.py took 2.684 seconds
[2025-10-05T20:11:23.683+0000] {processor.py:161} INFO - Started process (PID=3307) to work on /opt/airflow/dags/supplychain_pipeline_dag.py
[2025-10-05T20:11:23.685+0000] {processor.py:830} INFO - Processing file /opt/airflow/dags/supplychain_pipeline_dag.py for tasks to queue
[2025-10-05T20:11:23.687+0000] {logging_mixin.py:188} INFO - [2025-10-05T20:11:23.687+0000] {dagbag.py:545} INFO - Filling up the DagBag from /opt/airflow/dags/supplychain_pipeline_dag.py
[2025-10-05T20:11:25.543+0000] {logging_mixin.py:188} INFO - [2025-10-05T20:11:25.543+0000] {config.py:75} INFO - Settings loaded (env=default)
[2025-10-05T20:11:25.634+0000] {processor.py:840} INFO - DAG(s) 'supplychain_pipeline_dag' retrieved from /opt/airflow/dags/supplychain_pipeline_dag.py
[2025-10-05T20:11:25.679+0000] {logging_mixin.py:188} INFO - [2025-10-05T20:11:25.678+0000] {dag.py:3096} INFO - Sync 1 DAGs
[2025-10-05T20:11:25.701+0000] {logging_mixin.py:188} INFO - [2025-10-05T20:11:25.701+0000] {dag.py:3954} INFO - Setting next_dagrun for supplychain_pipeline_dag to 2025-10-05 19:30:00+00:00, run_after=2025-10-05 20:00:00+00:00
[2025-10-05T20:11:25.726+0000] {processor.py:183} INFO - Processing /opt/airflow/dags/supplychain_pipeline_dag.py took 2.050 seconds
[2025-10-05T20:11:57.226+0000] {processor.py:161} INFO - Started process (PID=3329) to work on /opt/airflow/dags/supplychain_pipeline_dag.py
[2025-10-05T20:11:57.228+0000] {processor.py:830} INFO - Processing file /opt/airflow/dags/supplychain_pipeline_dag.py for tasks to queue
[2025-10-05T20:11:57.231+0000] {logging_mixin.py:188} INFO - [2025-10-05T20:11:57.230+0000] {dagbag.py:545} INFO - Filling up the DagBag from /opt/airflow/dags/supplychain_pipeline_dag.py
[2025-10-05T20:11:59.120+0000] {logging_mixin.py:188} INFO - [2025-10-05T20:11:59.120+0000] {config.py:75} INFO - Settings loaded (env=default)
[2025-10-05T20:11:59.208+0000] {processor.py:840} INFO - DAG(s) 'supplychain_pipeline_dag' retrieved from /opt/airflow/dags/supplychain_pipeline_dag.py
[2025-10-05T20:11:59.253+0000] {logging_mixin.py:188} INFO - [2025-10-05T20:11:59.253+0000] {dag.py:3096} INFO - Sync 1 DAGs
[2025-10-05T20:11:59.276+0000] {logging_mixin.py:188} INFO - [2025-10-05T20:11:59.276+0000] {dag.py:3954} INFO - Setting next_dagrun for supplychain_pipeline_dag to 2025-10-05 19:30:00+00:00, run_after=2025-10-05 20:00:00+00:00
[2025-10-05T20:11:59.309+0000] {processor.py:183} INFO - Processing /opt/airflow/dags/supplychain_pipeline_dag.py took 2.089 seconds
[2025-10-05T20:12:30.863+0000] {processor.py:161} INFO - Started process (PID=3351) to work on /opt/airflow/dags/supplychain_pipeline_dag.py
[2025-10-05T20:12:30.864+0000] {processor.py:830} INFO - Processing file /opt/airflow/dags/supplychain_pipeline_dag.py for tasks to queue
[2025-10-05T20:12:30.868+0000] {logging_mixin.py:188} INFO - [2025-10-05T20:12:30.867+0000] {dagbag.py:545} INFO - Filling up the DagBag from /opt/airflow/dags/supplychain_pipeline_dag.py
[2025-10-05T20:12:32.847+0000] {logging_mixin.py:188} INFO - [2025-10-05T20:12:32.847+0000] {config.py:75} INFO - Settings loaded (env=default)
[2025-10-05T20:12:32.942+0000] {processor.py:840} INFO - DAG(s) 'supplychain_pipeline_dag' retrieved from /opt/airflow/dags/supplychain_pipeline_dag.py
[2025-10-05T20:12:32.987+0000] {logging_mixin.py:188} INFO - [2025-10-05T20:12:32.986+0000] {dag.py:3096} INFO - Sync 1 DAGs
[2025-10-05T20:12:33.011+0000] {logging_mixin.py:188} INFO - [2025-10-05T20:12:33.011+0000] {dag.py:3954} INFO - Setting next_dagrun for supplychain_pipeline_dag to 2025-10-05 19:30:00+00:00, run_after=2025-10-05 20:00:00+00:00
[2025-10-05T20:12:33.037+0000] {processor.py:183} INFO - Processing /opt/airflow/dags/supplychain_pipeline_dag.py took 2.182 seconds
[2025-10-05T20:13:03.621+0000] {processor.py:161} INFO - Started process (PID=3373) to work on /opt/airflow/dags/supplychain_pipeline_dag.py
[2025-10-05T20:13:03.623+0000] {processor.py:830} INFO - Processing file /opt/airflow/dags/supplychain_pipeline_dag.py for tasks to queue
[2025-10-05T20:13:03.626+0000] {logging_mixin.py:188} INFO - [2025-10-05T20:13:03.625+0000] {dagbag.py:545} INFO - Filling up the DagBag from /opt/airflow/dags/supplychain_pipeline_dag.py
[2025-10-05T20:13:05.683+0000] {logging_mixin.py:188} INFO - [2025-10-05T20:13:05.683+0000] {config.py:75} INFO - Settings loaded (env=default)
[2025-10-05T20:13:05.777+0000] {processor.py:840} INFO - DAG(s) 'supplychain_pipeline_dag' retrieved from /opt/airflow/dags/supplychain_pipeline_dag.py
[2025-10-05T20:13:05.826+0000] {logging_mixin.py:188} INFO - [2025-10-05T20:13:05.825+0000] {dag.py:3096} INFO - Sync 1 DAGs
[2025-10-05T20:13:05.852+0000] {logging_mixin.py:188} INFO - [2025-10-05T20:13:05.851+0000] {dag.py:3954} INFO - Setting next_dagrun for supplychain_pipeline_dag to 2025-10-05 19:30:00+00:00, run_after=2025-10-05 20:00:00+00:00
[2025-10-05T20:13:05.884+0000] {processor.py:183} INFO - Processing /opt/airflow/dags/supplychain_pipeline_dag.py took 2.270 seconds
[2025-10-05T20:13:37.152+0000] {processor.py:161} INFO - Started process (PID=3395) to work on /opt/airflow/dags/supplychain_pipeline_dag.py
[2025-10-05T20:13:37.153+0000] {processor.py:830} INFO - Processing file /opt/airflow/dags/supplychain_pipeline_dag.py for tasks to queue
[2025-10-05T20:13:37.156+0000] {logging_mixin.py:188} INFO - [2025-10-05T20:13:37.156+0000] {dagbag.py:545} INFO - Filling up the DagBag from /opt/airflow/dags/supplychain_pipeline_dag.py
[2025-10-05T20:13:39.022+0000] {logging_mixin.py:188} INFO - [2025-10-05T20:13:39.022+0000] {config.py:75} INFO - Settings loaded (env=default)
[2025-10-05T20:13:39.114+0000] {processor.py:840} INFO - DAG(s) 'supplychain_pipeline_dag' retrieved from /opt/airflow/dags/supplychain_pipeline_dag.py
[2025-10-05T20:13:39.159+0000] {logging_mixin.py:188} INFO - [2025-10-05T20:13:39.158+0000] {dag.py:3096} INFO - Sync 1 DAGs
[2025-10-05T20:13:39.182+0000] {logging_mixin.py:188} INFO - [2025-10-05T20:13:39.181+0000] {dag.py:3954} INFO - Setting next_dagrun for supplychain_pipeline_dag to 2025-10-05 19:30:00+00:00, run_after=2025-10-05 20:00:00+00:00
[2025-10-05T20:13:39.215+0000] {processor.py:183} INFO - Processing /opt/airflow/dags/supplychain_pipeline_dag.py took 2.070 seconds
[2025-10-05T20:14:10.679+0000] {processor.py:161} INFO - Started process (PID=3417) to work on /opt/airflow/dags/supplychain_pipeline_dag.py
[2025-10-05T20:14:10.681+0000] {processor.py:830} INFO - Processing file /opt/airflow/dags/supplychain_pipeline_dag.py for tasks to queue
[2025-10-05T20:14:10.683+0000] {logging_mixin.py:188} INFO - [2025-10-05T20:14:10.683+0000] {dagbag.py:545} INFO - Filling up the DagBag from /opt/airflow/dags/supplychain_pipeline_dag.py
[2025-10-05T20:14:12.668+0000] {logging_mixin.py:188} INFO - [2025-10-05T20:14:12.668+0000] {config.py:75} INFO - Settings loaded (env=default)
[2025-10-05T20:14:12.759+0000] {processor.py:840} INFO - DAG(s) 'supplychain_pipeline_dag' retrieved from /opt/airflow/dags/supplychain_pipeline_dag.py
[2025-10-05T20:14:12.803+0000] {logging_mixin.py:188} INFO - [2025-10-05T20:14:12.803+0000] {dag.py:3096} INFO - Sync 1 DAGs
[2025-10-05T20:14:12.823+0000] {logging_mixin.py:188} INFO - [2025-10-05T20:14:12.823+0000] {dag.py:3954} INFO - Setting next_dagrun for supplychain_pipeline_dag to 2025-10-05 19:30:00+00:00, run_after=2025-10-05 20:00:00+00:00
[2025-10-05T20:14:12.849+0000] {processor.py:183} INFO - Processing /opt/airflow/dags/supplychain_pipeline_dag.py took 2.176 seconds
[2025-10-05T20:14:44.309+0000] {processor.py:161} INFO - Started process (PID=3439) to work on /opt/airflow/dags/supplychain_pipeline_dag.py
[2025-10-05T20:14:44.310+0000] {processor.py:830} INFO - Processing file /opt/airflow/dags/supplychain_pipeline_dag.py for tasks to queue
[2025-10-05T20:14:44.313+0000] {logging_mixin.py:188} INFO - [2025-10-05T20:14:44.312+0000] {dagbag.py:545} INFO - Filling up the DagBag from /opt/airflow/dags/supplychain_pipeline_dag.py
[2025-10-05T20:14:46.175+0000] {logging_mixin.py:188} INFO - [2025-10-05T20:14:46.175+0000] {config.py:75} INFO - Settings loaded (env=default)
[2025-10-05T20:14:46.265+0000] {processor.py:840} INFO - DAG(s) 'supplychain_pipeline_dag' retrieved from /opt/airflow/dags/supplychain_pipeline_dag.py
[2025-10-05T20:14:46.310+0000] {logging_mixin.py:188} INFO - [2025-10-05T20:14:46.309+0000] {dag.py:3096} INFO - Sync 1 DAGs
[2025-10-05T20:14:46.333+0000] {logging_mixin.py:188} INFO - [2025-10-05T20:14:46.333+0000] {dag.py:3954} INFO - Setting next_dagrun for supplychain_pipeline_dag to 2025-10-05 19:30:00+00:00, run_after=2025-10-05 20:00:00+00:00
[2025-10-05T20:14:46.365+0000] {processor.py:183} INFO - Processing /opt/airflow/dags/supplychain_pipeline_dag.py took 2.064 seconds
[2025-10-05T20:15:16.947+0000] {processor.py:161} INFO - Started process (PID=3461) to work on /opt/airflow/dags/supplychain_pipeline_dag.py
[2025-10-05T20:15:16.949+0000] {processor.py:830} INFO - Processing file /opt/airflow/dags/supplychain_pipeline_dag.py for tasks to queue
[2025-10-05T20:15:16.952+0000] {logging_mixin.py:188} INFO - [2025-10-05T20:15:16.951+0000] {dagbag.py:545} INFO - Filling up the DagBag from /opt/airflow/dags/supplychain_pipeline_dag.py
[2025-10-05T20:15:18.802+0000] {logging_mixin.py:188} INFO - [2025-10-05T20:15:18.802+0000] {config.py:75} INFO - Settings loaded (env=default)
[2025-10-05T20:15:18.886+0000] {processor.py:840} INFO - DAG(s) 'supplychain_pipeline_dag' retrieved from /opt/airflow/dags/supplychain_pipeline_dag.py
[2025-10-05T20:15:18.928+0000] {logging_mixin.py:188} INFO - [2025-10-05T20:15:18.927+0000] {dag.py:3096} INFO - Sync 1 DAGs
[2025-10-05T20:15:18.951+0000] {logging_mixin.py:188} INFO - [2025-10-05T20:15:18.951+0000] {dag.py:3954} INFO - Setting next_dagrun for supplychain_pipeline_dag to 2025-10-05 19:30:00+00:00, run_after=2025-10-05 20:00:00+00:00
[2025-10-05T20:15:18.978+0000] {processor.py:183} INFO - Processing /opt/airflow/dags/supplychain_pipeline_dag.py took 2.036 seconds
[2025-10-05T20:15:50.540+0000] {processor.py:161} INFO - Started process (PID=3483) to work on /opt/airflow/dags/supplychain_pipeline_dag.py
[2025-10-05T20:15:50.542+0000] {processor.py:830} INFO - Processing file /opt/airflow/dags/supplychain_pipeline_dag.py for tasks to queue
[2025-10-05T20:15:50.545+0000] {logging_mixin.py:188} INFO - [2025-10-05T20:15:50.544+0000] {dagbag.py:545} INFO - Filling up the DagBag from /opt/airflow/dags/supplychain_pipeline_dag.py
[2025-10-05T20:15:52.455+0000] {logging_mixin.py:188} INFO - [2025-10-05T20:15:52.455+0000] {config.py:75} INFO - Settings loaded (env=default)
[2025-10-05T20:15:52.547+0000] {processor.py:840} INFO - DAG(s) 'supplychain_pipeline_dag' retrieved from /opt/airflow/dags/supplychain_pipeline_dag.py
[2025-10-05T20:15:52.594+0000] {logging_mixin.py:188} INFO - [2025-10-05T20:15:52.593+0000] {dag.py:3096} INFO - Sync 1 DAGs
[2025-10-05T20:15:52.619+0000] {logging_mixin.py:188} INFO - [2025-10-05T20:15:52.619+0000] {dag.py:3954} INFO - Setting next_dagrun for supplychain_pipeline_dag to 2025-10-05 19:30:00+00:00, run_after=2025-10-05 20:00:00+00:00
[2025-10-05T20:15:52.640+0000] {processor.py:183} INFO - Processing /opt/airflow/dags/supplychain_pipeline_dag.py took 2.105 seconds
[2025-10-05T20:16:24.078+0000] {processor.py:161} INFO - Started process (PID=3505) to work on /opt/airflow/dags/supplychain_pipeline_dag.py
[2025-10-05T20:16:24.080+0000] {processor.py:830} INFO - Processing file /opt/airflow/dags/supplychain_pipeline_dag.py for tasks to queue
[2025-10-05T20:16:24.084+0000] {logging_mixin.py:188} INFO - [2025-10-05T20:16:24.083+0000] {dagbag.py:545} INFO - Filling up the DagBag from /opt/airflow/dags/supplychain_pipeline_dag.py
[2025-10-05T20:16:25.952+0000] {logging_mixin.py:188} INFO - [2025-10-05T20:16:25.952+0000] {config.py:75} INFO - Settings loaded (env=default)
[2025-10-05T20:16:26.045+0000] {processor.py:840} INFO - DAG(s) 'supplychain_pipeline_dag' retrieved from /opt/airflow/dags/supplychain_pipeline_dag.py
[2025-10-05T20:16:26.089+0000] {logging_mixin.py:188} INFO - [2025-10-05T20:16:26.089+0000] {dag.py:3096} INFO - Sync 1 DAGs
[2025-10-05T20:16:26.115+0000] {logging_mixin.py:188} INFO - [2025-10-05T20:16:26.115+0000] {dag.py:3954} INFO - Setting next_dagrun for supplychain_pipeline_dag to 2025-10-05 19:30:00+00:00, run_after=2025-10-05 20:00:00+00:00
[2025-10-05T20:16:26.142+0000] {processor.py:183} INFO - Processing /opt/airflow/dags/supplychain_pipeline_dag.py took 2.070 seconds
[2025-10-05T20:16:57.756+0000] {processor.py:161} INFO - Started process (PID=3527) to work on /opt/airflow/dags/supplychain_pipeline_dag.py
[2025-10-05T20:16:57.758+0000] {processor.py:830} INFO - Processing file /opt/airflow/dags/supplychain_pipeline_dag.py for tasks to queue
[2025-10-05T20:16:57.760+0000] {logging_mixin.py:188} INFO - [2025-10-05T20:16:57.760+0000] {dagbag.py:545} INFO - Filling up the DagBag from /opt/airflow/dags/supplychain_pipeline_dag.py
[2025-10-05T20:16:59.662+0000] {logging_mixin.py:188} INFO - [2025-10-05T20:16:59.661+0000] {config.py:75} INFO - Settings loaded (env=default)
[2025-10-05T20:16:59.752+0000] {processor.py:840} INFO - DAG(s) 'supplychain_pipeline_dag' retrieved from /opt/airflow/dags/supplychain_pipeline_dag.py
[2025-10-05T20:16:59.795+0000] {logging_mixin.py:188} INFO - [2025-10-05T20:16:59.794+0000] {dag.py:3096} INFO - Sync 1 DAGs
[2025-10-05T20:16:59.816+0000] {logging_mixin.py:188} INFO - [2025-10-05T20:16:59.816+0000] {dag.py:3954} INFO - Setting next_dagrun for supplychain_pipeline_dag to 2025-10-05 19:30:00+00:00, run_after=2025-10-05 20:00:00+00:00
[2025-10-05T20:16:59.840+0000] {processor.py:183} INFO - Processing /opt/airflow/dags/supplychain_pipeline_dag.py took 2.089 seconds
[2025-10-05T20:17:30.275+0000] {processor.py:161} INFO - Started process (PID=3549) to work on /opt/airflow/dags/supplychain_pipeline_dag.py
[2025-10-05T20:17:30.278+0000] {processor.py:830} INFO - Processing file /opt/airflow/dags/supplychain_pipeline_dag.py for tasks to queue
[2025-10-05T20:17:30.281+0000] {logging_mixin.py:188} INFO - [2025-10-05T20:17:30.280+0000] {dagbag.py:545} INFO - Filling up the DagBag from /opt/airflow/dags/supplychain_pipeline_dag.py
[2025-10-05T20:17:32.140+0000] {logging_mixin.py:188} INFO - [2025-10-05T20:17:32.140+0000] {config.py:75} INFO - Settings loaded (env=default)
[2025-10-05T20:17:32.234+0000] {processor.py:840} INFO - DAG(s) 'supplychain_pipeline_dag' retrieved from /opt/airflow/dags/supplychain_pipeline_dag.py
[2025-10-05T20:17:32.278+0000] {logging_mixin.py:188} INFO - [2025-10-05T20:17:32.277+0000] {dag.py:3096} INFO - Sync 1 DAGs
[2025-10-05T20:17:32.300+0000] {logging_mixin.py:188} INFO - [2025-10-05T20:17:32.300+0000] {dag.py:3954} INFO - Setting next_dagrun for supplychain_pipeline_dag to 2025-10-05 19:30:00+00:00, run_after=2025-10-05 20:00:00+00:00
[2025-10-05T20:17:32.330+0000] {processor.py:183} INFO - Processing /opt/airflow/dags/supplychain_pipeline_dag.py took 2.062 seconds
[2025-10-05T20:18:03.946+0000] {processor.py:161} INFO - Started process (PID=3571) to work on /opt/airflow/dags/supplychain_pipeline_dag.py
[2025-10-05T20:18:03.948+0000] {processor.py:830} INFO - Processing file /opt/airflow/dags/supplychain_pipeline_dag.py for tasks to queue
[2025-10-05T20:18:03.951+0000] {logging_mixin.py:188} INFO - [2025-10-05T20:18:03.950+0000] {dagbag.py:545} INFO - Filling up the DagBag from /opt/airflow/dags/supplychain_pipeline_dag.py
[2025-10-05T20:18:06.067+0000] {logging_mixin.py:188} INFO - [2025-10-05T20:18:06.067+0000] {config.py:75} INFO - Settings loaded (env=default)
[2025-10-05T20:18:06.173+0000] {processor.py:840} INFO - DAG(s) 'supplychain_pipeline_dag' retrieved from /opt/airflow/dags/supplychain_pipeline_dag.py
[2025-10-05T20:18:06.220+0000] {logging_mixin.py:188} INFO - [2025-10-05T20:18:06.219+0000] {dag.py:3096} INFO - Sync 1 DAGs
[2025-10-05T20:18:06.246+0000] {logging_mixin.py:188} INFO - [2025-10-05T20:18:06.246+0000] {dag.py:3954} INFO - Setting next_dagrun for supplychain_pipeline_dag to 2025-10-05 19:30:00+00:00, run_after=2025-10-05 20:00:00+00:00
[2025-10-05T20:18:06.278+0000] {processor.py:183} INFO - Processing /opt/airflow/dags/supplychain_pipeline_dag.py took 2.339 seconds
[2025-10-05T20:18:37.482+0000] {processor.py:161} INFO - Started process (PID=3593) to work on /opt/airflow/dags/supplychain_pipeline_dag.py
[2025-10-05T20:18:37.484+0000] {processor.py:830} INFO - Processing file /opt/airflow/dags/supplychain_pipeline_dag.py for tasks to queue
[2025-10-05T20:18:37.488+0000] {logging_mixin.py:188} INFO - [2025-10-05T20:18:37.487+0000] {dagbag.py:545} INFO - Filling up the DagBag from /opt/airflow/dags/supplychain_pipeline_dag.py
[2025-10-05T20:18:39.374+0000] {logging_mixin.py:188} INFO - [2025-10-05T20:18:39.373+0000] {config.py:75} INFO - Settings loaded (env=default)
[2025-10-05T20:18:39.462+0000] {processor.py:840} INFO - DAG(s) 'supplychain_pipeline_dag' retrieved from /opt/airflow/dags/supplychain_pipeline_dag.py
[2025-10-05T20:18:39.510+0000] {logging_mixin.py:188} INFO - [2025-10-05T20:18:39.510+0000] {dag.py:3096} INFO - Sync 1 DAGs
[2025-10-05T20:18:39.534+0000] {logging_mixin.py:188} INFO - [2025-10-05T20:18:39.533+0000] {dag.py:3954} INFO - Setting next_dagrun for supplychain_pipeline_dag to 2025-10-05 19:30:00+00:00, run_after=2025-10-05 20:00:00+00:00
[2025-10-05T20:18:39.562+0000] {processor.py:183} INFO - Processing /opt/airflow/dags/supplychain_pipeline_dag.py took 2.086 seconds
